[{"Node_id":14,"weight":0.21134},
{"Node_id":22,"weight":0.19652},
{"Node_id":29,"weight":0.28711},
{"Node_id":31,"weight":0.15659},
{"Node_id":32,"weight":0.14782},
{"Node_id":34,"weight":0.24796},
{"Node_id":36,"weight":0.54927003},
{"Node_id":38,"weight":0.14862},
{"Node_id":41,"weight":0.21621999},
{"Node_id":42,"weight":0.18253},
{"Node_id":43,"weight":0.21928},
{"Node_id":78,"weight":0.1656},
{"Node_id":79,"weight":0.24684},
{"Node_id":82,"weight":0.16027},
{"Node_id":84,"weight":0.18609},
{"Node_id":85,"weight":0.18617001},
{"Node_id":89,"weight":0.26928002},
{"Node_id":90,"weight":0.33903},
{"Node_id":95,"weight":0.21375999},
{"Node_id":96,"weight":0.26147002},
{"Node_id":100,"weight":0.41513},
{"Node_id":102,"weight":0.15197},
{"Node_id":104,"weight":0.44538003},
{"Node_id":105,"weight":0.32507},
{"Node_id":106,"weight":0.14774999},
{"Node_id":107,"weight":0.36595},
{"Node_id":108,"weight":0.14769},
{"Node_id":109,"weight":0.47831997},
{"Node_id":110,"weight":0.18354},
{"Node_id":111,"weight":0.27857},
{"Node_id":114,"weight":0.18643},
{"Node_id":115,"weight":0.25882},
{"Node_id":122,"weight":0.3562},
{"Node_id":126,"weight":0.26022},
{"Node_id":128,"weight":0.22716},
{"Node_id":130,"weight":0.17543},
{"Node_id":132,"weight":0.19098},
{"Node_id":134,"weight":0.24519},
{"Node_id":136,"weight":0.26433998},
{"Node_id":139,"weight":0.17711},
{"Node_id":141,"weight":0.15484999},
{"Node_id":143,"weight":0.31222},
{"Node_id":144,"weight":0.21752},
{"Node_id":145,"weight":0.26321},
{"Node_id":146,"weight":0.27183002},
{"Node_id":148,"weight":0.31026},
{"Node_id":152,"weight":0.22576001},
{"Node_id":153,"weight":0.31625},
{"Node_id":154,"weight":0.23814002},
{"Node_id":169,"weight":0.18992},
{"Node_id":173,"weight":0.23827},
{"Node_id":179,"weight":0.15899},
{"Node_id":180,"weight":0.14941},
{"Node_id":182,"weight":0.29984},
{"Node_id":183,"weight":0.22084},
{"Node_id":185,"weight":0.3105},
{"Node_id":186,"weight":0.21145001},
{"Node_id":206,"weight":0.14461},
{"Node_id":207,"weight":0.16627},
{"Node_id":212,"weight":0.17105},
{"Node_id":213,"weight":0.21238999},
{"Node_id":215,"weight":0.27115},
{"Node_id":217,"weight":0.16383},
{"Node_id":218,"weight":0.14624},
{"Node_id":219,"weight":0.36392},
{"Node_id":220,"weight":0.17338},
{"Node_id":225,"weight":0.33871},
{"Node_id":226,"weight":0.29277},
{"Node_id":227,"weight":0.45653},
{"Node_id":231,"weight":0.15779},
{"Node_id":232,"weight":0.38085002},
{"Node_id":235,"weight":0.16179},
{"Node_id":237,"weight":0.24588001},
{"Node_id":238,"weight":0.16477999},
{"Node_id":240,"weight":0.2342},
{"Node_id":242,"weight":0.20594999},
{"Node_id":243,"weight":0.22681001},
{"Node_id":245,"weight":0.27586},
{"Node_id":247,"weight":0.33683},
{"Node_id":250,"weight":0.18261},
{"Node_id":254,"weight":0.14120999},
{"Node_id":255,"weight":0.22061},
{"Node_id":256,"weight":0.17136},
{"Node_id":258,"weight":0.17182},
{"Node_id":259,"weight":0.16486},
{"Node_id":260,"weight":0.35435},
{"Node_id":267,"weight":0.15402},
{"Node_id":268,"weight":0.32591},
{"Node_id":269,"weight":0.16754},
{"Node_id":271,"weight":0.20096},
{"Node_id":272,"weight":0.28381},
{"Node_id":273,"weight":0.15687},
{"Node_id":274,"weight":0.14014},
{"Node_id":275,"weight":0.17417},
{"Node_id":278,"weight":0.14962},
{"Node_id":282,"weight":0.28633},
{"Node_id":286,"weight":0.40163},
{"Node_id":288,"weight":0.17051001},
{"Node_id":290,"weight":0.18913},
{"Node_id":292,"weight":0.15999},
{"Node_id":295,"weight":0.30117},
{"Node_id":296,"weight":0.22907},
{"Node_id":298,"weight":0.14396},
{"Node_id":299,"weight":0.24437001},
{"Node_id":302,"weight":0.18379},
{"Node_id":307,"weight":0.24965999},
{"Node_id":308,"weight":0.49126},
{"Node_id":309,"weight":0.3562},
{"Node_id":310,"weight":0.49548},
{"Node_id":311,"weight":0.47592002},
{"Node_id":312,"weight":0.21873},
{"Node_id":335,"weight":0.1886},
{"Node_id":378,"weight":0.21796},
{"Node_id":418,"weight":0.20594999},
{"Node_id":422,"weight":0.17988},
{"Node_id":424,"weight":0.14802},
{"Node_id":426,"weight":0.40633997},
{"Node_id":428,"weight":0.33347002},
{"Node_id":429,"weight":0.16508},
{"Node_id":430,"weight":0.33777002},
{"Node_id":432,"weight":0.14177999},
{"Node_id":434,"weight":0.23787999},
{"Node_id":436,"weight":0.16664},
{"Node_id":437,"weight":0.17963001},
{"Node_id":438,"weight":0.19143},
{"Node_id":439,"weight":0.16523},
{"Node_id":440,"weight":0.16538},
{"Node_id":444,"weight":0.23584001},
{"Node_id":446,"weight":0.25224},
{"Node_id":449,"weight":0.18834},
{"Node_id":450,"weight":0.18921},
{"Node_id":451,"weight":0.139},
{"Node_id":454,"weight":0.16627},
{"Node_id":456,"weight":0.20605},
{"Node_id":457,"weight":0.22895},
{"Node_id":458,"weight":0.14299999},
{"Node_id":462,"weight":0.17825},
{"Node_id":473,"weight":0.14842},
{"Node_id":482,"weight":0.24315},
{"Node_id":500,"weight":0.14229},
{"Node_id":503,"weight":0.18746999},
{"Node_id":509,"weight":0.15708},
{"Node_id":515,"weight":0.18395999},
{"Node_id":520,"weight":0.19152},
{"Node_id":529,"weight":0.20269999},
{"Node_id":531,"weight":0.17816},
{"Node_id":532,"weight":0.22811},
{"Node_id":538,"weight":0.17679},
{"Node_id":539,"weight":0.19505},
{"Node_id":577,"weight":0.17472},
{"Node_id":603,"weight":0.16186},
{"Node_id":625,"weight":0.16295001},
{"Node_id":660,"weight":0.16687},
{"Node_id":661,"weight":0.20866999},
{"Node_id":669,"weight":0.13869},
{"Node_id":672,"weight":0.18404},
{"Node_id":675,"weight":0.15659},
{"Node_id":678,"weight":0.15361},
{"Node_id":680,"weight":0.17988},
{"Node_id":682,"weight":0.43534002},
{"Node_id":686,"weight":0.30667},
{"Node_id":687,"weight":0.25445002},
{"Node_id":689,"weight":0.23198},
{"Node_id":691,"weight":0.16845},
{"Node_id":693,"weight":0.17299},
{"Node_id":697,"weight":0.50141},
{"Node_id":699,"weight":0.18128},
{"Node_id":700,"weight":0.18566},
{"Node_id":702,"weight":0.18643},
{"Node_id":704,"weight":0.32124},
{"Node_id":706,"weight":0.34127},
{"Node_id":707,"weight":0.15708},
{"Node_id":708,"weight":0.19868},
{"Node_id":712,"weight":0.23787999},
{"Node_id":714,"weight":0.16121},
{"Node_id":715,"weight":0.21577999},
{"Node_id":717,"weight":0.39335},
{"Node_id":718,"weight":0.18236001},
{"Node_id":721,"weight":0.14306},
{"Node_id":723,"weight":0.28574},
{"Node_id":724,"weight":0.47241998},
{"Node_id":726,"weight":0.16891},
{"Node_id":731,"weight":0.26466},
{"Node_id":733,"weight":0.22704999},
{"Node_id":734,"weight":0.3776},
{"Node_id":736,"weight":0.15279},
{"Node_id":737,"weight":0.27748},
{"Node_id":738,"weight":0.22716},
{"Node_id":739,"weight":0.19849},
{"Node_id":742,"weight":0.18965},
{"Node_id":744,"weight":0.32071},
{"Node_id":745,"weight":0.41579},
{"Node_id":747,"weight":0.21851},
{"Node_id":748,"weight":0.24923},
{"Node_id":749,"weight":0.1452},
{"Node_id":750,"weight":0.21145001},
{"Node_id":754,"weight":0.51616},
{"Node_id":756,"weight":0.15665999},
{"Node_id":757,"weight":0.19332},
{"Node_id":759,"weight":0.18711999},
{"Node_id":760,"weight":0.42619},
{"Node_id":761,"weight":0.2145},
{"Node_id":762,"weight":0.29549998},
{"Node_id":763,"weight":0.43940002},
{"Node_id":767,"weight":0.21535},
{"Node_id":769,"weight":0.20076999},
{"Node_id":770,"weight":0.48988},
{"Node_id":772,"weight":0.27339},
{"Node_id":773,"weight":0.23087999},
{"Node_id":774,"weight":0.18029},
{"Node_id":775,"weight":0.23160999},
{"Node_id":777,"weight":0.14474},
{"Node_id":781,"weight":0.37579},
{"Node_id":783,"weight":0.26417},
{"Node_id":784,"weight":0.35472},
{"Node_id":786,"weight":0.16042},
{"Node_id":787,"weight":0.16179},
{"Node_id":788,"weight":0.16411999},
{"Node_id":789,"weight":0.17276},
{"Node_id":791,"weight":0.15729001},
{"Node_id":792,"weight":0.19532},
{"Node_id":795,"weight":0.17752},
{"Node_id":797,"weight":0.15042},
{"Node_id":798,"weight":0.19179},
{"Node_id":800,"weight":0.52159},
{"Node_id":801,"weight":0.43066},
{"Node_id":802,"weight":0.26194},
{"Node_id":804,"weight":0.35999},
{"Node_id":805,"weight":0.16092},
{"Node_id":806,"weight":0.18808},
{"Node_id":809,"weight":0.21333},
{"Node_id":810,"weight":0.19886},
{"Node_id":811,"weight":0.27949},
{"Node_id":815,"weight":0.22622001},
{"Node_id":816,"weight":0.3356},
{"Node_id":817,"weight":0.32761},
{"Node_id":822,"weight":0.19098},
{"Node_id":823,"weight":0.60299003},
{"Node_id":824,"weight":0.17354},
{"Node_id":830,"weight":0.25137},
{"Node_id":831,"weight":0.18404},
{"Node_id":832,"weight":0.23853},
{"Node_id":839,"weight":0.21071999},
{"Node_id":840,"weight":0.44896},
{"Node_id":841,"weight":0.15575},
{"Node_id":847,"weight":0.23371},
{"Node_id":849,"weight":0.21545999},
{"Node_id":850,"weight":0.22493999},
{"Node_id":851,"weight":0.14795001},
{"Node_id":855,"weight":0.20585},
{"Node_id":857,"weight":0.14461},
{"Node_id":860,"weight":0.21092999},
{"Node_id":861,"weight":0.39388},
{"Node_id":862,"weight":0.15292999},
{"Node_id":865,"weight":0.17447999},
{"Node_id":868,"weight":0.15471},
{"Node_id":872,"weight":0.15225},
{"Node_id":873,"weight":0.14448},
{"Node_id":884,"weight":0.23063},
{"Node_id":885,"weight":0.16868},
{"Node_id":887,"weight":0.17825},
{"Node_id":889,"weight":0.15736},
{"Node_id":890,"weight":0.14921},
{"Node_id":892,"weight":0.29277},
{"Node_id":893,"weight":0.23710999},
{"Node_id":894,"weight":0.47128},
{"Node_id":895,"weight":0.16545},
{"Node_id":896,"weight":0.17315},
{"Node_id":897,"weight":0.16056},
{"Node_id":898,"weight":0.22704999},
{"Node_id":899,"weight":0.19125},
{"Node_id":901,"weight":0.22990999},
{"Node_id":902,"weight":0.1452},
{"Node_id":903,"weight":0.20029},
{"Node_id":904,"weight":0.21503},
{"Node_id":905,"weight":0.37011},
{"Node_id":907,"weight":0.17947},
{"Node_id":908,"weight":0.21439},
{"Node_id":909,"weight":0.31833},
{"Node_id":910,"weight":0.15771},
{"Node_id":912,"weight":0.19026999},
{"Node_id":914,"weight":0.54685},
{"Node_id":915,"weight":0.1789},
{"Node_id":916,"weight":0.30072},
{"Node_id":917,"weight":0.26911},
{"Node_id":920,"weight":0.32071},
{"Node_id":921,"weight":0.17988},
{"Node_id":922,"weight":0.15116},
{"Node_id":923,"weight":0.17043},
{"Node_id":924,"weight":0.51100004},
{"Node_id":925,"weight":0.15463999},
{"Node_id":926,"weight":0.38567},
{"Node_id":927,"weight":0.48853},
{"Node_id":928,"weight":0.14507},
{"Node_id":929,"weight":0.20989001},
{"Node_id":930,"weight":0.25944},
{"Node_id":932,"weight":0.41448003},
{"Node_id":933,"weight":0.1893},
{"Node_id":934,"weight":0.18286},
{"Node_id":936,"weight":0.15313},
{"Node_id":937,"weight":0.14006999},
{"Node_id":938,"weight":0.18652001},
{"Node_id":939,"weight":0.28731},
{"Node_id":941,"weight":0.17647001},
{"Node_id":943,"weight":0.35362},
{"Node_id":944,"weight":0.14598},
{"Node_id":945,"weight":0.15913},
{"Node_id":947,"weight":0.14756},
{"Node_id":949,"weight":0.22309999},
{"Node_id":950,"weight":0.15603},
{"Node_id":951,"weight":0.33999},
{"Node_id":952,"weight":0.30275},
{"Node_id":954,"weight":0.23931},
{"Node_id":956,"weight":0.23346},
{"Node_id":957,"weight":0.20436001},
{"Node_id":958,"weight":0.33683},
{"Node_id":959,"weight":0.17276},
{"Node_id":961,"weight":0.24505},
{"Node_id":963,"weight":0.49126},
{"Node_id":964,"weight":0.33777002},
{"Node_id":965,"weight":0.19868},
{"Node_id":966,"weight":0.15382001},
{"Node_id":967,"weight":0.19905},
{"Node_id":968,"weight":0.21829},
{"Node_id":969,"weight":0.50141},
{"Node_id":971,"weight":0.3511},
{"Node_id":974,"weight":0.44364},
{"Node_id":975,"weight":0.18549},
{"Node_id":976,"weight":0.21302},
{"Node_id":978,"weight":0.27427},
{"Node_id":980,"weight":0.29593},
{"Node_id":982,"weight":0.22907},
{"Node_id":983,"weight":0.25944},
{"Node_id":984,"weight":0.15638},
{"Node_id":985,"weight":0.21643},
{"Node_id":986,"weight":0.32648},
{"Node_id":988,"weight":0.22265},
{"Node_id":990,"weight":0.21092999},
{"Node_id":993,"weight":0.16679},
{"Node_id":994,"weight":0.23787999},
{"Node_id":995,"weight":0.14591},
{"Node_id":996,"weight":0.26777},
{"Node_id":997,"weight":0.14928},
{"Node_id":999,"weight":0.22811},
{"Node_id":1001,"weight":0.42619},
{"Node_id":1004,"weight":0.20887001},
{"Node_id":1005,"weight":0.15499},
{"Node_id":1007,"weight":0.46155},
{"Node_id":1008,"weight":0.21082},
{"Node_id":1009,"weight":0.17914},
{"Node_id":1011,"weight":0.36312002},
{"Node_id":1013,"weight":0.18328},
{"Node_id":1016,"weight":0.19459},
{"Node_id":1017,"weight":0.30715},
{"Node_id":1018,"weight":0.15123},
{"Node_id":1019,"weight":0.28324002},
{"Node_id":1020,"weight":0.33529},
{"Node_id":1041,"weight":0.16361001},
{"Node_id":1047,"weight":0.20114999},
{"Node_id":1048,"weight":0.18764},
{"Node_id":1054,"weight":0.15326999},
{"Node_id":1062,"weight":0.33652002},
{"Node_id":1065,"weight":0.23918},
{"Node_id":1066,"weight":0.2658},
{"Node_id":1067,"weight":0.22657001},
{"Node_id":1068,"weight":0.16921},
{"Node_id":1069,"weight":0.41778},
{"Node_id":1070,"weight":0.17711},
{"Node_id":1071,"weight":0.2401},
{"Node_id":1072,"weight":0.25066},
{"Node_id":1073,"weight":0.32098},
{"Node_id":1074,"weight":0.18974},
{"Node_id":1075,"weight":0.37011},
{"Node_id":1076,"weight":0.15042},
{"Node_id":1077,"weight":0.20134},
{"Node_id":1078,"weight":0.21386},
{"Node_id":1079,"weight":0.28248},
{"Node_id":1080,"weight":0.16582},
{"Node_id":1081,"weight":0.25371},
{"Node_id":1082,"weight":0.59496003},
{"Node_id":1083,"weight":0.20407},
{"Node_id":1084,"weight":0.30343002},
{"Node_id":1085,"weight":0.17447999},
{"Node_id":1086,"weight":0.15603},
{"Node_id":1089,"weight":0.22163},
{"Node_id":1093,"weight":0.14862},
{"Node_id":1098,"weight":0.17784},
{"Node_id":1103,"weight":0.14338},
{"Node_id":1104,"weight":0.22095},
{"Node_id":1111,"weight":0.14908001},
{"Node_id":1112,"weight":0.24881001},
{"Node_id":1115,"weight":0.1789},
{"Node_id":1118,"weight":0.20535},
{"Node_id":1119,"weight":0.15589},
{"Node_id":1120,"weight":0.27098},
{"Node_id":1123,"weight":0.34795},
{"Node_id":1125,"weight":0.16523},
{"Node_id":1126,"weight":0.26162},
{"Node_id":1127,"weight":0.18421},
{"Node_id":1128,"weight":0.20076999},
{"Node_id":1129,"weight":0.39936},
{"Node_id":1132,"weight":0.14063999},
{"Node_id":1133,"weight":0.15049},
{"Node_id":1137,"weight":0.15218},
{"Node_id":1138,"weight":0.13918999},
{"Node_id":1143,"weight":0.14928},
{"Node_id":1144,"weight":0.25415},
{"Node_id":1150,"weight":0.21322998},
{"Node_id":1151,"weight":0.20076999},
{"Node_id":1156,"weight":0.17447999},
{"Node_id":1158,"weight":0.48853},
{"Node_id":1159,"weight":0.29852},
{"Node_id":1164,"weight":0.44896},
{"Node_id":1165,"weight":0.14558999},
{"Node_id":1167,"weight":0.8},
{"Node_id":1174,"weight":0.20775001},
{"Node_id":1175,"weight":0.18808},
{"Node_id":1177,"weight":0.14223},
{"Node_id":1178,"weight":0.24142},
{"Node_id":1183,"weight":0.19953},
{"Node_id":1185,"weight":0.50609004},
{"Node_id":1188,"weight":0.20855999},
{"Node_id":1200,"weight":0.92102003},
{"Node_id":1213,"weight":0.42692},
{"Node_id":1227,"weight":0.22586998},
{"Node_id":1228,"weight":0.19188},
{"Node_id":1233,"weight":0.21861999},
{"Node_id":1240,"weight":0.28191},
{"Node_id":1242,"weight":0.17543},
{"Node_id":1243,"weight":0.19746},
{"Node_id":1252,"weight":0.17283},
{"Node_id":1253,"weight":0.19532},
{"Node_id":1257,"weight":0.32151002},
{"Node_id":1262,"weight":0.18886},
{"Node_id":1264,"weight":0.17615},
{"Node_id":1268,"weight":0.16959},
{"Node_id":1271,"weight":0.22174},
{"Node_id":1275,"weight":0.24342},
{"Node_id":1278,"weight":0.16973999},
{"Node_id":1282,"weight":0.24629},
{"Node_id":1283,"weight":0.24248},
{"Node_id":1284,"weight":0.22402},
{"Node_id":1286,"weight":0.25897998},
{"Node_id":1292,"weight":0.16427},
{"Node_id":1295,"weight":0.21103},
{"Node_id":1298,"weight":0.27931002},
{"Node_id":1302,"weight":0.17736},
{"Node_id":1305,"weight":0.2887},
{"Node_id":1308,"weight":0.27029},
{"Node_id":1311,"weight":0.26305002},
{"Node_id":1312,"weight":0.26911},
{"Node_id":1313,"weight":0.29529},
{"Node_id":1314,"weight":0.23635001},
{"Node_id":1316,"weight":0.18755999},
{"Node_id":1318,"weight":0.17849},
{"Node_id":1320,"weight":0.23608999},
{"Node_id":1321,"weight":0.20289},
{"Node_id":1322,"weight":0.14729},
{"Node_id":1323,"weight":0.17575},
{"Node_id":1324,"weight":0.29360002},
{"Node_id":1326,"weight":0.14749},
{"Node_id":1328,"weight":0.15334001},
{"Node_id":1330,"weight":0.21429},
{"Node_id":1331,"weight":0.24396},
{"Node_id":1333,"weight":0.22811},
{"Node_id":1334,"weight":0.16208},
{"Node_id":1335,"weight":0.17906},
{"Node_id":1337,"weight":0.6264},
{"Node_id":1338,"weight":0.18029},
{"Node_id":1340,"weight":0.13982001},
{"Node_id":1342,"weight":0.25594002},
{"Node_id":1345,"weight":0.17354},
{"Node_id":1346,"weight":0.24754},
{"Node_id":1347,"weight":0.24302001},
{"Node_id":1348,"weight":0.14140001},
{"Node_id":1350,"weight":0.25283},
{"Node_id":1353,"weight":0.47473997},
{"Node_id":1357,"weight":0.35884},
{"Node_id":1362,"weight":0.23635001},
{"Node_id":1365,"weight":0.18808},
{"Node_id":1368,"weight":0.18447},
{"Node_id":1375,"weight":0.15548},
{"Node_id":1383,"weight":0.17377},
{"Node_id":1384,"weight":0.15484999},
{"Node_id":1392,"weight":0.25975},
{"Node_id":1396,"weight":0.16822},
{"Node_id":1403,"weight":0.17898001},
{"Node_id":1404,"weight":0.17043},
{"Node_id":1405,"weight":0.16612001},
{"Node_id":1406,"weight":0.18669},
{"Node_id":1407,"weight":0.16762},
{"Node_id":1408,"weight":0.22207999},
{"Node_id":1409,"weight":0.30297},
{"Node_id":1410,"weight":0.24261999},
{"Node_id":1411,"weight":0.24155},
{"Node_id":1412,"weight":0.32017},
{"Node_id":1413,"weight":0.24866},
{"Node_id":1414,"weight":0.29939002},
{"Node_id":1415,"weight":0.44538003},
{"Node_id":1416,"weight":0.21796},
{"Node_id":1417,"weight":0.18523},
{"Node_id":1418,"weight":0.20038},
{"Node_id":1419,"weight":0.19934},
{"Node_id":1420,"weight":0.15652},
{"Node_id":1421,"weight":0.1561},
{"Node_id":1422,"weight":0.15892},
{"Node_id":1423,"weight":0.16006},
{"Node_id":1424,"weight":0.17377},
{"Node_id":1425,"weight":0.23321},
{"Node_id":1426,"weight":0.20202},
{"Node_id":1427,"weight":0.42839998},
{"Node_id":1428,"weight":0.34969002},
{"Node_id":1429,"weight":0.15736},
{"Node_id":1430,"weight":0.17857},
{"Node_id":1431,"weight":0.23271},
{"Node_id":1432,"weight":0.1873},
{"Node_id":1433,"weight":0.20685},
{"Node_id":1434,"weight":0.18506},
{"Node_id":1435,"weight":0.25609},
{"Node_id":1436,"weight":0.16034},
{"Node_id":1437,"weight":0.20357999},
{"Node_id":1438,"weight":0.22599001},
{"Node_id":1439,"weight":0.36800998},
{"Node_id":1440,"weight":0.51441},
{"Node_id":1441,"weight":0.40396},
{"Node_id":1442,"weight":0.21610999},
{"Node_id":1443,"weight":0.47831997},
{"Node_id":1444,"weight":0.34258002},
{"Node_id":1445,"weight":0.26661998},
{"Node_id":1446,"weight":0.24208},
{"Node_id":1447,"weight":0.15687},
{"Node_id":1448,"weight":0.28191},
{"Node_id":1449,"weight":0.14935},
{"Node_id":1450,"weight":0.17362},
{"Node_id":1451,"weight":0.17807999},
{"Node_id":1452,"weight":0.21503},
{"Node_id":1453,"weight":0.61637},
{"Node_id":1454,"weight":0.19359},
{"Node_id":1455,"weight":0.33287},
{"Node_id":1456,"weight":0.30458},
{"Node_id":1457,"weight":0.21164998},
{"Node_id":1458,"weight":0.15022},
{"Node_id":1459,"weight":0.25066},
{"Node_id":1462,"weight":0.14281},
{"Node_id":1463,"weight":0.24089},
{"Node_id":1464,"weight":0.17615},
{"Node_id":1465,"weight":0.14995},
{"Node_id":1466,"weight":0.19597},
{"Node_id":1467,"weight":0.29549998},
{"Node_id":1468,"weight":0.24235001},
{"Node_id":1469,"weight":0.16634001},
{"Node_id":1475,"weight":0.19915},
{"Node_id":1478,"weight":0.16273001},
{"Node_id":1482,"weight":0.27986},
{"Node_id":1487,"weight":0.60725003},
{"Node_id":1493,"weight":0.38275},
{"Node_id":1500,"weight":0.21302},
{"Node_id":1505,"weight":0.22128999},
{"Node_id":1506,"weight":0.1683},
{"Node_id":1507,"weight":0.33620998},
{"Node_id":1508,"weight":0.34691998},
{"Node_id":1512,"weight":0.29635},
{"Node_id":1513,"weight":0.18965},
{"Node_id":1515,"weight":0.16883},
{"Node_id":1516,"weight":0.42330998},
{"Node_id":1517,"weight":0.25474},
{"Node_id":1518,"weight":0.29113},
{"Node_id":1519,"weight":0.41711003},
{"Node_id":1520,"weight":0.28362},
{"Node_id":1521,"weight":0.14128},
{"Node_id":1522,"weight":0.16950999},
{"Node_id":1523,"weight":0.49404997},
{"Node_id":1524,"weight":0.29133},
{"Node_id":1525,"weight":0.18228},
{"Node_id":1526,"weight":0.27712},
{"Node_id":1527,"weight":0.19404},
{"Node_id":1528,"weight":0.15184},
{"Node_id":1529,"weight":0.24477999},
{"Node_id":1531,"weight":0.20397},
{"Node_id":1532,"weight":0.33871},
{"Node_id":1533,"weight":0.44278002},
{"Node_id":1534,"weight":0.29072002},
{"Node_id":1536,"weight":0.32676},
{"Node_id":1538,"weight":0.21062},
{"Node_id":1539,"weight":0.15949},
{"Node_id":1540,"weight":0.20705},
{"Node_id":1541,"weight":0.51441},
{"Node_id":1542,"weight":0.19018},
{"Node_id":1543,"weight":0.15582},
{"Node_id":1544,"weight":0.19477001},
{"Node_id":1545,"weight":0.34094998},
{"Node_id":1546,"weight":0.1798},
{"Node_id":1547,"weight":0.38132},
{"Node_id":1548,"weight":0.51794},
{"Node_id":1549,"weight":0.81113994},
{"Node_id":1550,"weight":0.35732},
{"Node_id":1551,"weight":0.65699},
{"Node_id":1552,"weight":0.18506},
{"Node_id":1553,"weight":0.32098},
{"Node_id":1554,"weight":0.21665001},
{"Node_id":1555,"weight":0.16056},
{"Node_id":1556,"weight":0.45653},
{"Node_id":1557,"weight":0.20959},
{"Node_id":1558,"weight":0.31099},
{"Node_id":1559,"weight":0.22907},
{"Node_id":1560,"weight":0.52734},
{"Node_id":1561,"weight":0.38371998},
{"Node_id":1562,"weight":0.16648999},
{"Node_id":1563,"weight":0.25775},
{"Node_id":1564,"weight":0.30929},
{"Node_id":1565,"weight":0.17036},
{"Node_id":1566,"weight":0.25297},
{"Node_id":1567,"weight":0.19170001},
{"Node_id":1568,"weight":0.15416},
{"Node_id":1569,"weight":0.25913},
{"Node_id":1570,"weight":0.22005999},
{"Node_id":1571,"weight":0.22072999},
{"Node_id":1572,"weight":0.17345999},
{"Node_id":1573,"weight":0.17252001},
{"Node_id":1574,"weight":0.22871001},
{"Node_id":1575,"weight":0.2375},
{"Node_id":1576,"weight":0.19487},
{"Node_id":1577,"weight":0.25684},
{"Node_id":1578,"weight":0.24221},
{"Node_id":1579,"weight":0.16523},
{"Node_id":1580,"weight":0.21031001},
{"Node_id":1581,"weight":0.17607},
{"Node_id":1582,"weight":0.14045},
{"Node_id":1583,"weight":0.23321},
{"Node_id":1584,"weight":0.35146},
{"Node_id":1585,"weight":0.37991},
{"Node_id":1586,"weight":0.25534},
{"Node_id":1587,"weight":0.22028},
{"Node_id":1588,"weight":0.19895999},
{"Node_id":1589,"weight":0.18843},
{"Node_id":1590,"weight":0.28381},
{"Node_id":1591,"weight":0.15076},
{"Node_id":1592,"weight":0.2184},
{"Node_id":1593,"weight":0.20416},
{"Node_id":1594,"weight":0.37579},
{"Node_id":1595,"weight":0.19296},
{"Node_id":1596,"weight":0.21092999},
{"Node_id":1597,"weight":0.27876002},
{"Node_id":1598,"weight":0.22657001},
{"Node_id":1599,"weight":0.31651002},
{"Node_id":1600,"weight":0.40163},
{"Node_id":1601,"weight":0.20192},
{"Node_id":1602,"weight":0.26678},
{"Node_id":1603,"weight":0.24768},
{"Node_id":1604,"weight":0.15245},
{"Node_id":1605,"weight":0.47954002},
{"Node_id":1606,"weight":0.19895999},
{"Node_id":1607,"weight":0.23075},
{"Node_id":1608,"weight":0.25023},
{"Node_id":1609,"weight":0.1421},
{"Node_id":1610,"weight":0.17151001},
{"Node_id":1611,"weight":0.15575},
{"Node_id":1612,"weight":0.19634},
{"Node_id":1613,"weight":0.14177999},
{"Node_id":1614,"weight":0.46469003},
{"Node_id":1615,"weight":0.19232},
{"Node_id":1616,"weight":0.18635},
{"Node_id":1617,"weight":0.27676},
{"Node_id":1618,"weight":0.51975},
{"Node_id":1619,"weight":0.23099999},
{"Node_id":1620,"weight":0.22967},
{"Node_id":1621,"weight":0.17198},
{"Node_id":1622,"weight":0.37669},
{"Node_id":1623,"weight":0.21185999},
{"Node_id":1624,"weight":0.18974},
{"Node_id":1625,"weight":0.14533},
{"Node_id":1626,"weight":0.23931},
{"Node_id":1628,"weight":0.20134},
{"Node_id":1629,"weight":0.19934},
{"Node_id":1630,"weight":0.19542},
{"Node_id":1631,"weight":0.41711003},
{"Node_id":1633,"weight":0.25312},
{"Node_id":1634,"weight":0.41002002},
{"Node_id":1635,"weight":0.52159},
{"Node_id":1636,"weight":0.28613},
{"Node_id":1637,"weight":0.15842},
{"Node_id":1639,"weight":0.17575},
{"Node_id":1640,"weight":0.14448},
{"Node_id":1641,"weight":0.29092},
{"Node_id":1642,"weight":0.21577999},
{"Node_id":1643,"weight":0.39072},
{"Node_id":1644,"weight":0.21861999},
{"Node_id":1646,"weight":0.45458},
{"Node_id":1647,"weight":0.17097},
{"Node_id":1648,"weight":0.13913},
{"Node_id":1649,"weight":0.54447997},
{"Node_id":1650,"weight":0.21071999},
{"Node_id":1651,"weight":0.17464},
{"Node_id":1652,"weight":0.27235},
{"Node_id":1653,"weight":0.3483},
{"Node_id":1654,"weight":0.36843},
{"Node_id":1655,"weight":0.23699},
{"Node_id":1658,"weight":0.31651002},
{"Node_id":1661,"weight":0.19624999},
{"Node_id":1663,"weight":0.28023},
{"Node_id":1666,"weight":0.3776},
{"Node_id":1668,"weight":0.20515001},
{"Node_id":1670,"weight":0.15561},
{"Node_id":1672,"weight":0.17841001},
{"Node_id":1673,"weight":0.14578},
{"Node_id":1674,"weight":0.20231},
{"Node_id":1675,"weight":0.15779},
{"Node_id":1676,"weight":0.37715},
{"Node_id":1677,"weight":0.15035},
{"Node_id":1678,"weight":0.1597},
{"Node_id":1679,"weight":0.17881},
{"Node_id":1680,"weight":0.2474},
{"Node_id":1681,"weight":0.5077},
{"Node_id":1682,"weight":0.20887001},
{"Node_id":1683,"weight":0.27765998},
{"Node_id":1684,"weight":0.25929},
{"Node_id":1685,"weight":0.20816},
{"Node_id":1686,"weight":0.21905999},
{"Node_id":1687,"weight":0.18609},
{"Node_id":1688,"weight":0.16694},
{"Node_id":1689,"weight":0.26945},
{"Node_id":1690,"weight":0.36843},
{"Node_id":1691,"weight":0.26037},
{"Node_id":1694,"weight":0.34356},
{"Node_id":1696,"weight":0.35999},
{"Node_id":1697,"weight":0.47831997},
{"Node_id":1699,"weight":0.19441},
{"Node_id":1700,"weight":0.21396999},
{"Node_id":1701,"weight":0.43857998},
{"Node_id":1702,"weight":0.15863},
{"Node_id":1703,"weight":0.17873},
{"Node_id":1704,"weight":0.14448},
{"Node_id":1705,"weight":0.29742998},
{"Node_id":1707,"weight":0.36233002},
{"Node_id":1708,"weight":0.25341},
{"Node_id":1709,"weight":0.26482},
{"Node_id":1710,"weight":0.22095},
{"Node_id":1711,"weight":0.22634001},
{"Node_id":1712,"weight":0.1653},
{"Node_id":1713,"weight":0.1397},
{"Node_id":1714,"weight":0.25166},
{"Node_id":1715,"weight":0.19468},
{"Node_id":1716,"weight":0.20337999},
{"Node_id":1717,"weight":0.17528},
{"Node_id":1718,"weight":0.153},
{"Node_id":1721,"weight":0.25699002},
{"Node_id":1723,"weight":0.38968998},
{"Node_id":1724,"weight":0.18087},
{"Node_id":1726,"weight":0.25023},
{"Node_id":1727,"weight":0.26498002},
{"Node_id":1728,"weight":0.19514},
{"Node_id":1730,"weight":0.28516},
{"Node_id":1731,"weight":0.24023},
{"Node_id":1732,"weight":0.14204},
{"Node_id":1733,"weight":0.19634},
{"Node_id":1735,"weight":0.3356},
{"Node_id":1737,"weight":0.2366},
{"Node_id":1738,"weight":0.21557},
{"Node_id":1739,"weight":0.31912},
{"Node_id":1741,"weight":0.1561},
{"Node_id":1742,"weight":0.17488},
{"Node_id":1743,"weight":0.15786001},
{"Node_id":1744,"weight":0.20585},
{"Node_id":1745,"weight":0.29808},
{"Node_id":1746,"weight":0.34899002},
{"Node_id":1748,"weight":0.20918},
{"Node_id":1749,"weight":0.26242},
{"Node_id":1750,"weight":0.26979},
{"Node_id":1751,"weight":0.2366},
{"Node_id":1752,"weight":0.1893},
{"Node_id":1753,"weight":0.35362},
{"Node_id":1756,"weight":0.20625},
{"Node_id":1757,"weight":0.15055},
{"Node_id":1758,"weight":0.25137},
{"Node_id":1759,"weight":0.27392},
{"Node_id":1760,"weight":0.15136},
{"Node_id":1761,"weight":0.30715},
{"Node_id":1764,"weight":0.24342},
{"Node_id":1765,"weight":0.14140001},
{"Node_id":1766,"weight":0.24574001},
{"Node_id":1767,"weight":0.53992},
{"Node_id":1768,"weight":0.14995},
{"Node_id":1769,"weight":0.2748},
{"Node_id":1773,"weight":0.19905},
{"Node_id":1774,"weight":0.17323},
{"Node_id":1775,"weight":0.66441},
{"Node_id":1776,"weight":0.42259997},
{"Node_id":1777,"weight":0.22506002},
{"Node_id":1778,"weight":0.15506001},
{"Node_id":1781,"weight":0.15942},
{"Node_id":1783,"weight":0.14975},
{"Node_id":1785,"weight":0.17315},
{"Node_id":1786,"weight":0.40574002},
{"Node_id":1787,"weight":0.29215},
{"Node_id":1788,"weight":0.29808},
{"Node_id":1791,"weight":0.18652001},
{"Node_id":1792,"weight":0.37991},
{"Node_id":1793,"weight":0.18128},
{"Node_id":1794,"weight":0.29808},
{"Node_id":1795,"weight":0.42402},
{"Node_id":1796,"weight":0.1935},
{"Node_id":1797,"weight":0.32591},
{"Node_id":1798,"weight":0.16538},
{"Node_id":1799,"weight":0.21568},
{"Node_id":1800,"weight":0.31781},
{"Node_id":1801,"weight":0.2881},
{"Node_id":1802,"weight":0.14848},
{"Node_id":1803,"weight":0.15793},
{"Node_id":1804,"weight":0.31833},
{"Node_id":1805,"weight":0.27857},
{"Node_id":1806,"weight":0.16754},
{"Node_id":1807,"weight":0.17575},
{"Node_id":1808,"weight":0.22955},
{"Node_id":1809,"weight":0.20202},
{"Node_id":1810,"weight":0.27235},
{"Node_id":1811,"weight":0.21796},
{"Node_id":1812,"weight":0.27339},
{"Node_id":1813,"weight":0.33967},
{"Node_id":1814,"weight":0.24208},
{"Node_id":1815,"weight":0.15652},
{"Node_id":1816,"weight":0.41064},
{"Node_id":1817,"weight":0.15715},
{"Node_id":1818,"weight":0.14723},
{"Node_id":1819,"weight":0.30435},
{"Node_id":1820,"weight":0.15259},
{"Node_id":1821,"weight":0.21312001},
{"Node_id":1822,"weight":0.15002},
{"Node_id":1823,"weight":0.63182},
{"Node_id":1824,"weight":0.20745},
{"Node_id":1825,"weight":0.14822},
{"Node_id":1826,"weight":0.14848},
{"Node_id":1827,"weight":0.20436001},
{"Node_id":1828,"weight":0.19905},
{"Node_id":1829,"weight":0.24851999},
{"Node_id":1830,"weight":0.18643},
{"Node_id":1831,"weight":0.31651002},
{"Node_id":1832,"weight":0.37357},
{"Node_id":1833,"weight":0.13932},
{"Node_id":1834,"weight":0.14975},
{"Node_id":1835,"weight":0.18037},
{"Node_id":1836,"weight":0.15963},
{"Node_id":1837,"weight":0.25224},
{"Node_id":1838,"weight":0.3842},
{"Node_id":1839,"weight":0.21621999},
{"Node_id":1840,"weight":0.18515},
{"Node_id":1841,"weight":0.58401},
{"Node_id":1842,"weight":0.16906},
{"Node_id":1843,"weight":0.17736},
{"Node_id":1844,"weight":0.19296},
{"Node_id":1845,"weight":0.27857},
{"Node_id":1846,"weight":0.23546},
{"Node_id":1847,"weight":0.3776},
{"Node_id":1848,"weight":0.40693998},
{"Node_id":1849,"weight":0.24670999},
{"Node_id":1850,"weight":0.21730001},
{"Node_id":1851,"weight":0.1752},
{"Node_id":1852,"weight":0.20038},
{"Node_id":1853,"weight":0.14371},
{"Node_id":1854,"weight":0.27081},
{"Node_id":1855,"weight":0.14835},
{"Node_id":1856,"weight":0.19962},
{"Node_id":1857,"weight":0.2727},
{"Node_id":1858,"weight":0.22516999},
{"Node_id":1859,"weight":0.23648},
{"Node_id":1860,"weight":0.3596},
{"Node_id":1861,"weight":0.26257},
{"Node_id":1862,"weight":0.24275},
{"Node_id":1863,"weight":0.19277},
{"Node_id":1864,"weight":0.23866001},
{"Node_id":1865,"weight":0.53992},
{"Node_id":1866,"weight":0.14624},
{"Node_id":1867,"weight":0.15484999},
{"Node_id":1868,"weight":0.18895},
{"Node_id":1869,"weight":0.24588001},
{"Node_id":1870,"weight":0.22799},
{"Node_id":1871,"weight":0.28652},
{"Node_id":1872,"weight":0.15062},
{"Node_id":1873,"weight":0.14881},
{"Node_id":1874,"weight":0.15842},
{"Node_id":1875,"weight":0.14921},
{"Node_id":1876,"weight":0.18078001},
{"Node_id":1877,"weight":0.1776},
{"Node_id":1878,"weight":0.3305},
{"Node_id":1879,"weight":0.25959},
{"Node_id":1880,"weight":0.16973999},
{"Node_id":1881,"weight":0.22196},
{"Node_id":1882,"weight":0.14848},
{"Node_id":1883,"weight":0.2881},
{"Node_id":1884,"weight":0.17401001},
{"Node_id":1885,"weight":0.23234001},
{"Node_id":1886,"weight":0.16208},
{"Node_id":1887,"weight":0.26563},
{"Node_id":1888,"weight":0.16486},
{"Node_id":1889,"weight":0.19332},
{"Node_id":1890,"weight":0.18523},
{"Node_id":1891,"weight":0.26401},
{"Node_id":1894,"weight":0.48077998},
{"Node_id":1895,"weight":0.19868},
{"Node_id":1897,"weight":0.19286999},
{"Node_id":1898,"weight":0.15049},
{"Node_id":1900,"weight":0.15977},
{"Node_id":1904,"weight":0.23775999},
{"Node_id":1905,"weight":0.22799},
{"Node_id":1906,"weight":0.24368998},
{"Node_id":1907,"weight":0.30881},
{"Node_id":1908,"weight":0.14565},
{"Node_id":1909,"weight":0.20816},
{"Node_id":1910,"weight":0.27784},
{"Node_id":1912,"weight":0.20907},
{"Node_id":1913,"weight":0.60725003},
{"Node_id":1914,"weight":0.28574},
{"Node_id":1915,"weight":0.14177999},
{"Node_id":1916,"weight":0.15992},
{"Node_id":1917,"weight":0.21719},
{"Node_id":1918,"weight":0.15035},
{"Node_id":1919,"weight":0.13882},
{"Node_id":1920,"weight":0.22576001},
{"Node_id":1921,"weight":0.33652002},
{"Node_id":1922,"weight":0.25254},
{"Node_id":1923,"weight":0.17105},
{"Node_id":1924,"weight":0.48457998},
{"Node_id":1925,"weight":0.22551998},
{"Node_id":1926,"weight":0.13988},
{"Node_id":1927,"weight":0.14172},
{"Node_id":1928,"weight":0.16523},
{"Node_id":1929,"weight":0.17963001},
{"Node_id":1930,"weight":0.41002002},
{"Node_id":1931,"weight":0.25066},
{"Node_id":1932,"weight":0.25385},
{"Node_id":1933,"weight":0.2877},
{"Node_id":1934,"weight":0.19522999},
{"Node_id":1935,"weight":0.25713998},
{"Node_id":1936,"weight":0.14565},
{"Node_id":1937,"weight":0.1744},
{"Node_id":1938,"weight":0.16732},
{"Node_id":1939,"weight":0.1798},
{"Node_id":1940,"weight":0.19305},
{"Node_id":1941,"weight":0.14229},
{"Node_id":1942,"weight":0.1543},
{"Node_id":1943,"weight":0.41711003},
{"Node_id":1944,"weight":0.26711},
{"Node_id":1945,"weight":0.22049999},
{"Node_id":1946,"weight":0.31347},
{"Node_id":1947,"weight":0.14815},
{"Node_id":1948,"weight":0.1752},
{"Node_id":1949,"weight":0.30251998},
{"Node_id":1950,"weight":0.16368},
{"Node_id":1951,"weight":0.31963998},
{"Node_id":1952,"weight":0.20565},
{"Node_id":1953,"weight":0.19296},
{"Node_id":1954,"weight":0.18135999},
{"Node_id":1955,"weight":0.22242},
{"Node_id":1956,"weight":0.23571},
{"Node_id":1957,"weight":0.38038},
{"Node_id":1958,"weight":0.20938},
{"Node_id":1959,"weight":0.20745},
{"Node_id":1960,"weight":0.25123},
{"Node_id":1961,"weight":0.15786001},
{"Node_id":1962,"weight":0.1726},
{"Node_id":1963,"weight":0.14663},
{"Node_id":1964,"weight":0.26563},
{"Node_id":1965,"weight":0.14147},
{"Node_id":1966,"weight":0.29011},
{"Node_id":1967,"weight":0.52347004},
{"Node_id":1968,"weight":0.34094998},
{"Node_id":1969,"weight":0.34225},
{"Node_id":1970,"weight":0.18557},
{"Node_id":1971,"weight":0.26498002},
{"Node_id":1972,"weight":0.21134},
{"Node_id":1973,"weight":0.2366},
{"Node_id":1974,"weight":0.19395},
{"Node_id":1975,"weight":0.31859},
{"Node_id":1976,"weight":0.22907},
{"Node_id":1977,"weight":0.18337},
{"Node_id":1978,"weight":0.15652},
{"Node_id":1979,"weight":0.2543},
{"Node_id":1980,"weight":0.58061},
{"Node_id":1981,"weight":0.36969},
{"Node_id":1982,"weight":0.21774001},
{"Node_id":1983,"weight":0.14795001},
{"Node_id":1984,"weight":0.13944},
{"Node_id":1985,"weight":0.23222001},
{"Node_id":1986,"weight":0.18012},
{"Node_id":1987,"weight":0.52933},
{"Node_id":1988,"weight":0.33078998},
{"Node_id":1989,"weight":0.44278002},
{"Node_id":1990,"weight":0.15652},
{"Node_id":1991,"weight":0.25944},
{"Node_id":1992,"weight":0.20855999},
{"Node_id":1993,"weight":0.15029},
{"Node_id":1994,"weight":0.28750998},
{"Node_id":1995,"weight":0.15361},
{"Node_id":1996,"weight":0.32342},
{"Node_id":1997,"weight":0.19432},
{"Node_id":1998,"weight":0.1639},
{"Node_id":1999,"weight":0.22196},
{"Node_id":2000,"weight":0.16106},
{"Node_id":2001,"weight":0.57105},
{"Node_id":2004,"weight":0.20019},
{"Node_id":2006,"weight":0.39124},
{"Node_id":2009,"weight":0.17841001},
{"Node_id":2013,"weight":0.25975},
{"Node_id":2014,"weight":0.16523},
{"Node_id":2016,"weight":0.21418},
{"Node_id":2018,"weight":0.19098},
{"Node_id":2021,"weight":0.14242001},
{"Node_id":2023,"weight":0.23533002},
{"Node_id":2024,"weight":0.25913},
{"Node_id":2027,"weight":0.16822},
{"Node_id":2031,"weight":0.35004002},
{"Node_id":2034,"weight":0.14096001},
{"Node_id":2038,"weight":0.18834},
{"Node_id":2039,"weight":0.16657},
{"Node_id":2040,"weight":0.20918},
{"Node_id":2041,"weight":0.29257},
{"Node_id":2042,"weight":0.34323},
{"Node_id":2048,"weight":0.16258},
{"Node_id":2051,"weight":0.25913},
{"Node_id":2052,"weight":0.20154},
{"Node_id":2053,"weight":0.18755999},
{"Node_id":2059,"weight":0.23533002},
{"Node_id":2063,"weight":0.21312001},
{"Node_id":2073,"weight":0.20959},
{"Node_id":2081,"weight":0.15423},
{"Node_id":2088,"weight":0.25254},
{"Node_id":2089,"weight":0.18808},
{"Node_id":2096,"weight":0.28496},
{"Node_id":2097,"weight":0.18178001},
{"Node_id":2105,"weight":0.18153},
{"Node_id":2106,"weight":0.24302001},
{"Node_id":2108,"weight":0.22611001},
{"Node_id":2109,"weight":0.41982},
{"Node_id":2110,"weight":0.36392},
{"Node_id":2111,"weight":0.19727},
{"Node_id":2112,"weight":0.57413995},
{"Node_id":2113,"weight":0.30929},
{"Node_id":2114,"weight":0.23608999},
{"Node_id":2115,"weight":0.17113},
{"Node_id":2116,"weight":0.14268},
{"Node_id":2117,"weight":0.29896},
{"Node_id":2118,"weight":0.20938},
{"Node_id":2119,"weight":0.36718},
{"Node_id":2120,"weight":0.21124001},
{"Node_id":2121,"weight":0.25518999},
{"Node_id":2122,"weight":0.23445001},
{"Node_id":2123,"weight":0.15527001},
{"Node_id":2124,"weight":0.1752},
{"Node_id":2125,"weight":0.27658},
{"Node_id":2126,"weight":0.19241},
{"Node_id":2127,"weight":0.18506},
{"Node_id":2128,"weight":0.24951},
{"Node_id":2129,"weight":0.33168},
{"Node_id":2130,"weight":0.19368},
{"Node_id":2131,"weight":0.22599001},
{"Node_id":2132,"weight":0.18531999},
{"Node_id":2133,"weight":0.22379},
{"Node_id":2134,"weight":0.18379},
{"Node_id":2135,"weight":0.36718},
{"Node_id":2136,"weight":0.16317001},
{"Node_id":2137,"weight":0.37624},
{"Node_id":2138,"weight":0.15617},
{"Node_id":2139,"weight":0.18566},
{"Node_id":2140,"weight":0.18575},
{"Node_id":2141,"weight":0.16013},
{"Node_id":2143,"weight":0.32648},
{"Node_id":2145,"weight":0.25079998},
{"Node_id":2146,"weight":0.14198},
{"Node_id":2147,"weight":0.14474},
{"Node_id":2148,"weight":0.30229002},
{"Node_id":2149,"weight":0.29529},
{"Node_id":2150,"weight":0.20377},
{"Node_id":2151,"weight":0.15218},
{"Node_id":2154,"weight":0.20555},
{"Node_id":2156,"weight":0.18261},
{"Node_id":2157,"weight":0.2887},
{"Node_id":2159,"weight":0.17898001},
{"Node_id":2160,"weight":0.33999},
{"Node_id":2161,"weight":0.20545001},
{"Node_id":2162,"weight":0.16013},
{"Node_id":2163,"weight":0.20927998},
{"Node_id":2164,"weight":0.20105},
{"Node_id":2165,"weight":0.15582},
{"Node_id":2168,"weight":0.26466},
{"Node_id":2169,"weight":0.14134},
{"Node_id":2170,"weight":0.18186},
{"Node_id":2172,"weight":0.17105},
{"Node_id":2174,"weight":0.35922},
{"Node_id":2175,"weight":0.18371001},
{"Node_id":2176,"weight":0.25564},
{"Node_id":2179,"weight":0.14293},
{"Node_id":2181,"weight":0.22028},
{"Node_id":2182,"weight":0.32905},
{"Node_id":2183,"weight":0.37357},
{"Node_id":2184,"weight":0.23996},
{"Node_id":2186,"weight":0.16368},
{"Node_id":2187,"weight":0.19188},
{"Node_id":2189,"weight":0.50450003},
{"Node_id":2190,"weight":0.33168},
{"Node_id":2191,"weight":0.25356},
{"Node_id":2194,"weight":0.38817},
{"Node_id":2195,"weight":0.27839},
{"Node_id":2197,"weight":0.15863},
{"Node_id":2198,"weight":0.19395},
{"Node_id":2199,"weight":0.14915},
{"Node_id":2200,"weight":0.16936001},
{"Node_id":2203,"weight":0.33745998},
{"Node_id":2204,"weight":0.33871},
{"Node_id":2208,"weight":0.18843},
{"Node_id":2209,"weight":0.14500001},
{"Node_id":2210,"weight":0.22847},
{"Node_id":2213,"weight":0.14442},
{"Node_id":2214,"weight":0.29381},
{"Node_id":2219,"weight":0.19662},
{"Node_id":2220,"weight":0.16324},
{"Node_id":2221,"weight":0.17456},
{"Node_id":2224,"weight":0.16717},
{"Node_id":2225,"weight":0.15927},
{"Node_id":2231,"weight":0.31963998},
{"Node_id":2232,"weight":0.15068999},
{"Node_id":2233,"weight":0.22219},
{"Node_id":2234,"weight":0.13913},
{"Node_id":2236,"weight":0.23027},
{"Node_id":2237,"weight":0.34063},
{"Node_id":2249,"weight":0.24895},
{"Node_id":2252,"weight":0.22118},
{"Node_id":2254,"weight":0.18738},
{"Node_id":2256,"weight":0.14500001},
{"Node_id":2261,"weight":0.1656},
{"Node_id":2264,"weight":0.21503},
{"Node_id":2267,"weight":0.14703},
{"Node_id":2270,"weight":0.31148},
{"Node_id":2274,"weight":0.15715},
{"Node_id":2277,"weight":0.15771},
{"Node_id":2279,"weight":0.21092999},
{"Node_id":2282,"weight":0.32847},
{"Node_id":2283,"weight":0.15055},
{"Node_id":2285,"weight":0.18211},
{"Node_id":2287,"weight":0.18992},
{"Node_id":2288,"weight":0.15949},
{"Node_id":2291,"weight":0.15863},
{"Node_id":2294,"weight":0.14789},
{"Node_id":2296,"weight":0.15541},
{"Node_id":2301,"weight":0.23905},
{"Node_id":2304,"weight":0.22859001},
{"Node_id":2306,"weight":0.41002002},
{"Node_id":2312,"weight":0.16739},
{"Node_id":2315,"weight":0.14591},
{"Node_id":2317,"weight":0.22344},
{"Node_id":2320,"weight":0.20525},
{"Node_id":2324,"weight":0.1854},
{"Node_id":2327,"weight":0.23027},
{"Node_id":2329,"weight":0.18617001},
{"Node_id":2334,"weight":0.25094},
{"Node_id":2336,"weight":0.21071999},
{"Node_id":2337,"weight":0.28535},
{"Node_id":2340,"weight":0.15382001},
{"Node_id":2342,"weight":0.1812},
{"Node_id":2347,"weight":0.2401},
{"Node_id":2348,"weight":0.68113},
{"Node_id":2351,"weight":0.22265},
{"Node_id":2354,"weight":0.25474},
{"Node_id":2356,"weight":0.14948},
{"Node_id":2361,"weight":0.43857998},
{"Node_id":2362,"weight":0.43614},
{"Node_id":2363,"weight":0.31807},
{"Node_id":2366,"weight":0.17988},
{"Node_id":2369,"weight":0.18128},
{"Node_id":2371,"weight":0.29174},
{"Node_id":2372,"weight":0.21461001},
{"Node_id":2376,"weight":0.36352},
{"Node_id":2378,"weight":0.19395},
{"Node_id":2382,"weight":0.23710999},
{"Node_id":2383,"weight":0.40221},
{"Node_id":2385,"weight":0.41127},
{"Node_id":2387,"weight":0.20615001},
{"Node_id":2388,"weight":0.22895},
{"Node_id":2392,"weight":0.39549},
{"Node_id":2397,"weight":0.14299999},
{"Node_id":2398,"weight":0.48330003},
{"Node_id":2399,"weight":0.15484999},
{"Node_id":2400,"weight":0.23063},
{"Node_id":2401,"weight":0.18957},
{"Node_id":2402,"weight":0.18044999},
{"Node_id":2403,"weight":0.31422},
{"Node_id":2404,"weight":0.41914},
{"Node_id":2405,"weight":0.43534002},
{"Node_id":2406,"weight":0.16302},
{"Node_id":2407,"weight":0.18738},
{"Node_id":2408,"weight":0.15245},
{"Node_id":2409,"weight":0.50294},
{"Node_id":2410,"weight":0.15807},
{"Node_id":2411,"weight":0.38716},
{"Node_id":2412,"weight":0.22907},
{"Node_id":2413,"weight":0.26612002},
{"Node_id":2414,"weight":0.22061},
{"Node_id":2415,"weight":0.15218},
{"Node_id":2416,"weight":0.22016999},
{"Node_id":2417,"weight":0.53771},
{"Node_id":2418,"weight":0.23918},
{"Node_id":2419,"weight":0.15326999},
{"Node_id":2420,"weight":0.15527001},
{"Node_id":2421,"weight":0.22448},
{"Node_id":2422,"weight":0.21752},
{"Node_id":2423,"weight":0.30953},
{"Node_id":2425,"weight":0.31651002},
{"Node_id":2426,"weight":0.168},
{"Node_id":2428,"weight":0.18103},
{"Node_id":2432,"weight":0.23458},
{"Node_id":2436,"weight":0.41778},
{"Node_id":2437,"weight":0.21155},
{"Node_id":2442,"weight":0.48457998},
{"Node_id":2443,"weight":0.27218002},
{"Node_id":2447,"weight":0.15828},
{"Node_id":2448,"weight":0.20685},
{"Node_id":2449,"weight":0.42051},
{"Node_id":2450,"weight":0.27218002},
{"Node_id":2454,"weight":0.29742998},
{"Node_id":2455,"weight":0.24155},
{"Node_id":2456,"weight":0.53343},
{"Node_id":2457,"weight":0.15416},
{"Node_id":2458,"weight":0.26861},
{"Node_id":2462,"weight":0.8517},
{"Node_id":2463,"weight":0.30095},
{"Node_id":2464,"weight":0.20416},
{"Node_id":2465,"weight":0.19838999},
{"Node_id":2466,"weight":0.15561},
{"Node_id":2467,"weight":0.17971},
{"Node_id":2471,"weight":0.2474},
{"Node_id":2472,"weight":0.17662999},
{"Node_id":2473,"weight":0.30857},
{"Node_id":2474,"weight":0.14921},
{"Node_id":2475,"weight":0.17671},
{"Node_id":2476,"weight":0.44024},
{"Node_id":2477,"weight":0.19652},
{"Node_id":2480,"weight":0.22576001},
{"Node_id":2481,"weight":0.17097},
{"Node_id":2482,"weight":0.16142},
{"Node_id":2483,"weight":0.21972},
{"Node_id":2484,"weight":0.26678},
{"Node_id":2485,"weight":0.14026001},
{"Node_id":2486,"weight":0.22764},
{"Node_id":2487,"weight":0.2342},
{"Node_id":2491,"weight":0.21197},
{"Node_id":2492,"weight":0.15347001},
{"Node_id":2493,"weight":0.3279},
{"Node_id":2494,"weight":0.18515},
{"Node_id":2495,"weight":0.15177},
{"Node_id":2496,"weight":0.2401},
{"Node_id":2497,"weight":0.32205},
{"Node_id":2498,"weight":0.41254002},
{"Node_id":2503,"weight":0.15197},
{"Node_id":2504,"weight":0.17825},
{"Node_id":2505,"weight":0.32818002},
{"Node_id":2506,"weight":0.23853},
{"Node_id":2507,"weight":0.17074},
{"Node_id":2508,"weight":0.14299999},
{"Node_id":2510,"weight":0.31912},
{"Node_id":2512,"weight":0.19036},
{"Node_id":2514,"weight":0.17841001},
{"Node_id":2515,"weight":0.14422},
{"Node_id":2516,"weight":0.28191},
{"Node_id":2517,"weight":0.31833},
{"Node_id":2518,"weight":0.33168},
{"Node_id":2519,"weight":0.25066},
{"Node_id":2520,"weight":0.24881001},
{"Node_id":2522,"weight":0.16244},
{"Node_id":2523,"weight":0.19532},
{"Node_id":2527,"weight":0.13894},
{"Node_id":2528,"weight":0.15444},
{"Node_id":2529,"weight":0.22230001},
{"Node_id":2530,"weight":0.23222001},
{"Node_id":2531,"weight":0.33197},
{"Node_id":2532,"weight":0.22739999},
{"Node_id":2533,"weight":0.24356},
{"Node_id":2535,"weight":0.1822},
{"Node_id":2536,"weight":0.18583},
{"Node_id":2537,"weight":0.24221},
{"Node_id":2541,"weight":0.32314},
{"Node_id":2542,"weight":0.17151001},
{"Node_id":2543,"weight":0.27063},
{"Node_id":2544,"weight":0.39282},
{"Node_id":2545,"weight":0.19934},
{"Node_id":2546,"weight":0.14377001},
{"Node_id":2547,"weight":0.20836},
{"Node_id":2549,"weight":0.17089},
{"Node_id":2550,"weight":0.17276},
{"Node_id":2551,"weight":0.55429},
{"Node_id":2552,"weight":0.14371},
{"Node_id":2556,"weight":0.52159},
{"Node_id":2557,"weight":0.49989},
{"Node_id":2558,"weight":0.46052998},
{"Node_id":2559,"weight":0.1712},
{"Node_id":2560,"weight":0.15389},
{"Node_id":2561,"weight":0.54217},
{"Node_id":2562,"weight":0.17906},
{"Node_id":2564,"weight":0.17198},
{"Node_id":2565,"weight":0.15326999},
{"Node_id":2566,"weight":0.32619},
{"Node_id":2568,"weight":0.52347004},
{"Node_id":2569,"weight":0.19606},
{"Node_id":2570,"weight":0.17719},
{"Node_id":2571,"weight":0.14474},
{"Node_id":2572,"weight":0.24768},
{"Node_id":2577,"weight":0.15169999},
{"Node_id":2582,"weight":0.18395999},
{"Node_id":2583,"weight":0.17417},
{"Node_id":2584,"weight":0.29808},
{"Node_id":2585,"weight":0.43534002},
{"Node_id":2586,"weight":0.22528999},
{"Node_id":2587,"weight":0.14128},
{"Node_id":2588,"weight":0.15992},
{"Node_id":2589,"weight":0.16762},
{"Node_id":2590,"weight":0.20211999},
{"Node_id":2591,"weight":0.30389},
{"Node_id":2592,"weight":0.33376998},
{"Node_id":2593,"weight":0.21577999},
{"Node_id":2594,"weight":0.25684},
{"Node_id":2596,"weight":0.40939003},
{"Node_id":2597,"weight":0.25913},
{"Node_id":2599,"weight":0.19792},
{"Node_id":2600,"weight":0.20948},
{"Node_id":2602,"weight":0.29113},
{"Node_id":2603,"weight":0.19699},
{"Node_id":2606,"weight":0.37401},
{"Node_id":2607,"weight":0.17639},
{"Node_id":2608,"weight":0.15265},
{"Node_id":2609,"weight":0.36038},
{"Node_id":2611,"weight":0.15963},
{"Node_id":2612,"weight":0.23111999},
{"Node_id":2613,"weight":0.31522998},
{"Node_id":2614,"weight":0.26433998},
{"Node_id":2615,"weight":0.23710999},
{"Node_id":2617,"weight":0.26194},
{"Node_id":2618,"weight":0.13995},
{"Node_id":2619,"weight":0.17401001},
{"Node_id":2620,"weight":0.29765},
{"Node_id":2621,"weight":0.20685},
{"Node_id":2622,"weight":0.14644},
{"Node_id":2624,"weight":0.16208},
{"Node_id":2625,"weight":0.139},
{"Node_id":2626,"weight":0.19597},
{"Node_id":2627,"weight":0.25836},
{"Node_id":2628,"weight":0.14019999},
{"Node_id":2629,"weight":0.21082},
{"Node_id":2630,"weight":0.55956995},
{"Node_id":2631,"weight":0.18515},
{"Node_id":2632,"weight":0.14928},
{"Node_id":2633,"weight":0.21343999},
{"Node_id":2634,"weight":0.24181001},
{"Node_id":2635,"weight":0.21884},
{"Node_id":2636,"weight":0.21},
{"Node_id":2638,"weight":0.26336998},
{"Node_id":2639,"weight":0.17447999},
{"Node_id":2640,"weight":0.16331},
{"Node_id":2641,"weight":0.20397},
{"Node_id":2642,"weight":0.17464},
{"Node_id":2643,"weight":0.19802001},
{"Node_id":2644,"weight":0.20269999},
{"Node_id":2645,"weight":0.15828},
{"Node_id":2646,"weight":0.14281},
{"Node_id":2647,"weight":0.21557},
{"Node_id":2648,"weight":0.17881},
{"Node_id":2651,"weight":0.20545001},
{"Node_id":2654,"weight":0.16575},
{"Node_id":2657,"weight":0.32342},
{"Node_id":2658,"weight":0.2645},
{"Node_id":2659,"weight":0.1575},
{"Node_id":2660,"weight":0.21884},
{"Node_id":2661,"weight":0.33317},
{"Node_id":2662,"weight":0.15089001},
{"Node_id":2663,"weight":0.32044},
{"Node_id":2664,"weight":0.17005},
{"Node_id":2665,"weight":0.19505},
{"Node_id":2666,"weight":0.2658},
{"Node_id":2667,"weight":0.17703},
{"Node_id":2668,"weight":0.29257},
{"Node_id":2669,"weight":0.15368},
{"Node_id":2670,"weight":0.27445},
{"Node_id":2671,"weight":0.19962},
{"Node_id":2672,"weight":0.34094998},
{"Node_id":2673,"weight":0.14578},
{"Node_id":2674,"weight":0.23099999},
{"Node_id":2675,"weight":0.24951},
{"Node_id":2676,"weight":0.14468},
{"Node_id":2677,"weight":0.20231},
{"Node_id":2678,"weight":0.23445001},
{"Node_id":2679,"weight":0.49989},
{"Node_id":2680,"weight":0.14631},
{"Node_id":2681,"weight":0.55956995},
{"Node_id":2682,"weight":0.17503999},
{"Node_id":2683,"weight":0.15513},
{"Node_id":2684,"weight":0.15764001},
{"Node_id":2685,"weight":0.24049},
{"Node_id":2686,"weight":0.44896},
{"Node_id":2687,"weight":0.38567},
{"Node_id":2688,"weight":0.15708},
{"Node_id":2689,"weight":0.15582},
{"Node_id":2690,"weight":0.38616},
{"Node_id":2691,"weight":0.1513},
{"Node_id":2692,"weight":0.54447997},
{"Node_id":2693,"weight":0.27322},
{"Node_id":2694,"weight":0.14076999},
{"Node_id":2695,"weight":0.60725003},
{"Node_id":2696,"weight":0.16868},
{"Node_id":2697,"weight":0.14229},
{"Node_id":2698,"weight":0.29423},
{"Node_id":2699,"weight":0.17784},
{"Node_id":2700,"weight":0.20585},
{"Node_id":2701,"weight":0.18506},
{"Node_id":2702,"weight":0.19634},
{"Node_id":2703,"weight":0.1702},
{"Node_id":2704,"weight":0.19588},
{"Node_id":2705,"weight":0.42119998},
{"Node_id":2706,"weight":0.35325998},
{"Node_id":2707,"weight":0.32479998},
{"Node_id":2708,"weight":0.14526},
{"Node_id":2711,"weight":0.49840003},
{"Node_id":2712,"weight":0.31075},
{"Node_id":2713,"weight":0.19071999},
{"Node_id":2714,"weight":0.61637},
{"Node_id":2715,"weight":0.20241001},
{"Node_id":2716,"weight":0.19143},
{"Node_id":2717,"weight":0.23271},
{"Node_id":2718,"weight":0.29678},
{"Node_id":2719,"weight":0.22692999},
{"Node_id":2720,"weight":0.36352},
{"Node_id":2721,"weight":0.35253},
{"Node_id":2722,"weight":0.14901},
{"Node_id":2723,"weight":0.31549},
{"Node_id":2724,"weight":0.34623998},
{"Node_id":2725,"weight":0.21493001},
{"Node_id":2726,"weight":0.3305},
{"Node_id":2727,"weight":0.29917},
{"Node_id":2728,"weight":0.15779},
{"Node_id":2729,"weight":0.21503},
{"Node_id":2730,"weight":0.1465},
{"Node_id":2731,"weight":0.19811},
{"Node_id":2732,"weight":0.14526},
{"Node_id":2733,"weight":0.15771},
{"Node_id":2734,"weight":0.18062},
{"Node_id":2735,"weight":0.20125},
{"Node_id":2736,"weight":0.57413995},
{"Node_id":2737,"weight":0.41318002},
{"Node_id":2738,"weight":0.25371},
{"Node_id":2739,"weight":0.21322998},
{"Node_id":2740,"weight":0.14223},
{"Node_id":2741,"weight":0.43857998},
{"Node_id":2742,"weight":0.44364},
{"Node_id":2743,"weight":0.14063999},
{"Node_id":2744,"weight":0.14533},
{"Node_id":2745,"weight":0.1513},
{"Node_id":2746,"weight":0.17036},
{"Node_id":2747,"weight":0.21217999},
{"Node_id":2748,"weight":0.44450998},
{"Node_id":2749,"weight":0.16538},
{"Node_id":2750,"weight":0.22185},
{"Node_id":2751,"weight":0.17535},
{"Node_id":2752,"weight":0.2102},
{"Node_id":2753,"weight":0.1397},
{"Node_id":2754,"weight":0.18851},
{"Node_id":2755,"weight":0.18379},
{"Node_id":2756,"weight":0.56515},
{"Node_id":2757,"weight":0.18992},
{"Node_id":2758,"weight":0.17939},
{"Node_id":2759,"weight":0.20125},
{"Node_id":2760,"weight":0.25594002},
{"Node_id":2761,"weight":0.17244},
{"Node_id":2762,"weight":0.36969},
{"Node_id":2763,"weight":0.31703},
{"Node_id":2764,"weight":0.15184},
{"Node_id":2765,"weight":0.13869},
{"Node_id":2766,"weight":0.21829},
{"Node_id":2767,"weight":0.28477},
{"Node_id":2768,"weight":0.16694},
{"Node_id":2769,"weight":0.3577},
{"Node_id":2770,"weight":0.2889},
{"Node_id":2771,"weight":0.2885},
{"Node_id":2772,"weight":0.15259},
{"Node_id":2773,"weight":0.38567},
{"Node_id":2774,"weight":0.33078998},
{"Node_id":2775,"weight":0.18354},
{"Node_id":2776,"weight":0.17736},
{"Node_id":2777,"weight":0.3714},
{"Node_id":2778,"weight":0.18371001},
{"Node_id":2779,"weight":0.29808},
{"Node_id":2780,"weight":0.29614002},
{"Node_id":2781,"weight":0.34934002},
{"Node_id":2782,"weight":0.13882},
{"Node_id":2783,"weight":0.17623},
{"Node_id":2784,"weight":0.23710999},
{"Node_id":2785,"weight":0.14313},
{"Node_id":2786,"weight":0.15527001},
{"Node_id":2787,"weight":0.22599001},
{"Node_id":2788,"weight":0.20029},
{"Node_id":2789,"weight":0.26596},
{"Node_id":2790,"weight":0.19359},
{"Node_id":2791,"weight":0.29381},
{"Node_id":2792,"weight":0.29174},
{"Node_id":2793,"weight":0.16171},
{"Node_id":2794,"weight":0.18103},
{"Node_id":2795,"weight":0.15334001},
{"Node_id":2796,"weight":0.2887},
{"Node_id":2797,"weight":0.18186},
{"Node_id":2798,"weight":0.19542},
{"Node_id":2802,"weight":0.19532},
{"Node_id":2808,"weight":0.23584001},
{"Node_id":2809,"weight":0.16785},
{"Node_id":2810,"weight":0.30006},
{"Node_id":2811,"weight":0.21785},
{"Node_id":2812,"weight":0.30786},
{"Node_id":2813,"weight":0.38275},
{"Node_id":2814,"weight":0.17881},
{"Node_id":2815,"weight":0.3055},
{"Node_id":2816,"weight":0.19662},
{"Node_id":2817,"weight":0.24670999},
{"Node_id":2818,"weight":0.32905},
{"Node_id":2819,"weight":0.1901},
{"Node_id":2820,"weight":0.19802001},
{"Node_id":2821,"weight":0.19802001},
{"Node_id":2822,"weight":0.78235996},
{"Node_id":2823,"weight":0.52734},
{"Node_id":2824,"weight":0.18021},
{"Node_id":2825,"weight":0.16913},
{"Node_id":2826,"weight":0.2645},
{"Node_id":2827,"weight":0.40163},
{"Node_id":2828,"weight":0.14915},
{"Node_id":2829,"weight":0.15347001},
{"Node_id":2830,"weight":0.26531},
{"Node_id":2831,"weight":0.22611001},
{"Node_id":2837,"weight":0.29508},
{"Node_id":2840,"weight":0.19624999},
{"Node_id":2841,"weight":0.34456},
{"Node_id":2844,"weight":0.14120999},
{"Node_id":2845,"weight":0.27569002},
{"Node_id":2846,"weight":0.51100004},
{"Node_id":2849,"weight":0.23309},
{"Node_id":2850,"weight":0.14468},
{"Node_id":2851,"weight":0.48588},
{"Node_id":2852,"weight":0.21217999},
{"Node_id":2855,"weight":0.25327},
{"Node_id":2857,"weight":0.21708},
{"Node_id":2858,"weight":0.17792},
{"Node_id":2859,"weight":0.15835},
{"Node_id":2862,"weight":0.20574999},
{"Node_id":2863,"weight":0.19662},
{"Node_id":2864,"weight":0.14249},
{"Node_id":2865,"weight":0.19071999},
{"Node_id":2866,"weight":0.18635},
{"Node_id":2867,"weight":0.27183002},
{"Node_id":2870,"weight":0.21665001},
{"Node_id":2871,"weight":0.23944},
{"Node_id":2872,"weight":0.18447},
{"Node_id":2873,"weight":0.61170995},
{"Node_id":2874,"weight":0.25564},
{"Node_id":2875,"weight":0.17662999},
{"Node_id":2876,"weight":0.19962},
{"Node_id":2878,"weight":0.17128},
{"Node_id":2879,"weight":0.16317001},
{"Node_id":2880,"weight":0.20989001},
{"Node_id":2881,"weight":0.31222},
{"Node_id":2882,"weight":0.23736998},
{"Node_id":2883,"weight":0.20125},
{"Node_id":2884,"weight":0.36352},
{"Node_id":2885,"weight":0.52539},
{"Node_id":2886,"weight":0.28613},
{"Node_id":2887,"weight":0.20826001},
{"Node_id":2889,"weight":0.26894},
{"Node_id":2890,"weight":0.16215},
{"Node_id":2891,"weight":0.21796},
{"Node_id":2892,"weight":0.26962},
{"Node_id":2893,"weight":0.22611001},
{"Node_id":2894,"weight":0.15368},
{"Node_id":2895,"weight":0.15211001},
{"Node_id":2896,"weight":0.1789},
{"Node_id":2897,"weight":0.22185},
{"Node_id":2900,"weight":0.16157},
{"Node_id":2902,"weight":0.29174},
{"Node_id":2903,"weight":0.24519},
{"Node_id":2904,"weight":0.35075},
{"Node_id":2907,"weight":0.2214},
{"Node_id":2908,"weight":0.21312001},
{"Node_id":2909,"weight":0.21568},
{"Node_id":2910,"weight":0.43453997},
{"Node_id":2911,"weight":0.28248},
{"Node_id":2912,"weight":0.24155},
{"Node_id":2913,"weight":0.32397002},
{"Node_id":2914,"weight":0.24994},
{"Node_id":2915,"weight":0.17480001},
{"Node_id":2916,"weight":0.14855},
{"Node_id":2917,"weight":0.2764},
{"Node_id":2918,"weight":0.18721},
{"Node_id":2919,"weight":0.24491999},
{"Node_id":2920,"weight":0.18904},
{"Node_id":2921,"weight":0.19782999},
{"Node_id":2922,"weight":0.16508},
{"Node_id":2923,"weight":0.21302},
{"Node_id":2924,"weight":0.24356},
{"Node_id":2925,"weight":0.20897},
{"Node_id":2926,"weight":0.31322},
{"Node_id":2927,"weight":0.1956},
{"Node_id":2928,"weight":0.45362002},
{"Node_id":2929,"weight":0.28574},
{"Node_id":2930,"weight":0.1925},
{"Node_id":2931,"weight":0.32314},
{"Node_id":2932,"weight":0.46052998},
{"Node_id":2933,"weight":0.27839},
{"Node_id":2934,"weight":0.15177},
{"Node_id":2935,"weight":0.14140001},
{"Node_id":2936,"weight":0.17496},
{"Node_id":2937,"weight":0.20318},
{"Node_id":2938,"weight":0.32424},
{"Node_id":2939,"weight":0.18755999},
{"Node_id":2942,"weight":0.20806},
{"Node_id":2946,"weight":0.18161},
{"Node_id":2947,"weight":0.15589},
{"Node_id":2967,"weight":0.24656999},
{"Node_id":2974,"weight":0.17671},
{"Node_id":2977,"weight":0.16049},
{"Node_id":2982,"weight":0.15068999},
{"Node_id":2991,"weight":0.18455},
{"Node_id":2994,"weight":0.14442},
{"Node_id":2997,"weight":0.25518999},
{"Node_id":3001,"weight":0.8517},
{"Node_id":3004,"weight":0.16508},
{"Node_id":3007,"weight":0.25371},
{"Node_id":3008,"weight":0.14140001},
{"Node_id":3009,"weight":0.24643},
{"Node_id":3010,"weight":0.18278},
{"Node_id":3011,"weight":0.25867},
{"Node_id":3012,"weight":0.32992},
{"Node_id":3013,"weight":0.25137},
{"Node_id":3014,"weight":0.15700999},
{"Node_id":3015,"weight":0.44191998},
{"Node_id":3016,"weight":0.14287},
{"Node_id":3017,"weight":0.25836},
{"Node_id":3018,"weight":0.14422},
{"Node_id":3019,"weight":0.24712},
{"Node_id":3020,"weight":0.36154002},
{"Node_id":3021,"weight":0.14749},
{"Node_id":3022,"weight":0.21545999},
{"Node_id":3023,"weight":0.2727},
{"Node_id":3024,"weight":0.28750998},
{"Node_id":3025,"weight":0.39604002},
{"Node_id":3026,"weight":0.22704999},
{"Node_id":3027,"weight":0.36352},
{"Node_id":3028,"weight":0.17662999},
{"Node_id":3029,"weight":0.17082},
{"Node_id":3030,"weight":0.18515},
{"Node_id":3031,"weight":0.34865},
{"Node_id":3032,"weight":0.16027},
{"Node_id":3033,"weight":0.34865},
{"Node_id":3034,"weight":0.19026999},
{"Node_id":3035,"weight":0.30620998},
{"Node_id":3036,"weight":0.16092},
{"Node_id":3037,"weight":0.20897},
{"Node_id":3038,"weight":0.18128},
{"Node_id":3039,"weight":0.14461},
{"Node_id":3040,"weight":0.20446},
{"Node_id":3041,"weight":0.25821},
{"Node_id":3042,"weight":0.34761},
{"Node_id":3043,"weight":0.15062},
{"Node_id":3044,"weight":0.20989001},
{"Node_id":3045,"weight":0.23787999},
{"Node_id":3046,"weight":0.15484999},
{"Node_id":3047,"weight":0.44108},
{"Node_id":3048,"weight":0.16950999},
{"Node_id":3049,"weight":0.18270001},
{"Node_id":3050,"weight":0.14384},
{"Node_id":3051,"weight":0.27551},
{"Node_id":3052,"weight":0.17409},
{"Node_id":3053,"weight":0.21333},
{"Node_id":3054,"weight":0.19634},
{"Node_id":3055,"weight":0.27604002},
{"Node_id":3056,"weight":0.15779},
{"Node_id":3057,"weight":0.41382998},
{"Node_id":3058,"weight":0.14565},
{"Node_id":3059,"weight":0.36233002},
{"Node_id":3060,"weight":0.17599},
{"Node_id":3061,"weight":0.25806},
{"Node_id":3062,"weight":0.14096001},
{"Node_id":3063,"weight":0.39072},
{"Node_id":3064,"weight":0.18211},
{"Node_id":3065,"weight":0.25312},
{"Node_id":3066,"weight":0.29657},
{"Node_id":3067,"weight":0.26514},
{"Node_id":3068,"weight":0.14229},
{"Node_id":3069,"weight":0.27132002},
{"Node_id":3070,"weight":0.18404},
{"Node_id":3071,"weight":0.19332},
{"Node_id":3072,"weight":0.41189998},
{"Node_id":3073,"weight":0.24937001},
{"Node_id":3074,"weight":0.39992002},
{"Node_id":3075,"weight":0.19268},
{"Node_id":3076,"weight":0.14351},
{"Node_id":3077,"weight":0.15361},
{"Node_id":3078,"weight":0.16501},
{"Node_id":3079,"weight":0.19001},
{"Node_id":3080,"weight":0.37401},
{"Node_id":3081,"weight":0.14293},
{"Node_id":3082,"weight":0.21961},
{"Node_id":3083,"weight":0.27876002},
{"Node_id":3086,"weight":0.13995},
{"Node_id":3090,"weight":0.25283},
{"Node_id":3092,"weight":0.17784},
{"Node_id":3095,"weight":0.18161},
{"Node_id":3096,"weight":0.1662},
{"Node_id":3102,"weight":0.12720999},
{"Node_id":3103,"weight":0.32676},
{"Node_id":3105,"weight":0.28691},
{"Node_id":3110,"weight":0.27046},
{"Node_id":3112,"weight":0.049000002},
{"Node_id":3113,"weight":0.162},
{"Node_id":3115,"weight":0.06955},
{"Node_id":3116,"weight":0.25166},
{"Node_id":3117,"weight":0.54447997},
{"Node_id":3119,"weight":0.06239},
{"Node_id":3123,"weight":0.19569},
{"Node_id":3124,"weight":0.16822},
{"Node_id":3127,"weight":0.12111},
{"Node_id":3128,"weight":0.12855999},
{"Node_id":3129,"weight":0.20755},
{"Node_id":3131,"weight":0.04084},
{"Node_id":3132,"weight":0.23185},
{"Node_id":3137,"weight":0.24712},
{"Node_id":3138,"weight":0.06353},
{"Node_id":3141,"weight":0.124479994},
{"Node_id":3142,"weight":0.00853},
{"Node_id":3143,"weight":0.07598},
{"Node_id":3146,"weight":0.18270001},
{"Node_id":3153,"weight":0.40878},
{"Node_id":3156,"weight":0.21741},
{"Node_id":3157,"weight":0.06803},
{"Node_id":3159,"weight":0.07755},
{"Node_id":3160,"weight":0.37011},
{"Node_id":3166,"weight":0.48588},
{"Node_id":3167,"weight":0.27857},
{"Node_id":3168,"weight":0.25459},
{"Node_id":3170,"weight":0.17089},
{"Node_id":3172,"weight":0.02302},
{"Node_id":3173,"weight":0.34289998},
{"Node_id":3175,"weight":0.034369998},
{"Node_id":3176,"weight":0.022939999},
{"Node_id":3181,"weight":0.03602},
{"Node_id":3183,"weight":0.16128},
{"Node_id":3184,"weight":0.21763},
{"Node_id":3185,"weight":0.48988},
{"Node_id":3187,"weight":0.06678},
{"Node_id":3188,"weight":0.10465},
{"Node_id":3192,"weight":0.09967},
{"Node_id":3193,"weight":0.16449},
{"Node_id":3196,"weight":0.1304},
{"Node_id":3209,"weight":0.11859},
{"Node_id":3210,"weight":0.16973999},
{"Node_id":3212,"weight":0.031740002},
{"Node_id":3216,"weight":0.09346},
{"Node_id":3217,"weight":0.25195},
{"Node_id":3218,"weight":0.109969996},
{"Node_id":3219,"weight":0.108},
{"Node_id":3220,"weight":0.032929998},
{"Node_id":3224,"weight":0.11698},
{"Node_id":3225,"weight":0.03756},
{"Node_id":3227,"weight":0.05849},
{"Node_id":3229,"weight":0.00532},
{"Node_id":3231,"weight":0.024079999},
{"Node_id":3233,"weight":0.09982},
{"Node_id":3234,"weight":0.04608},
{"Node_id":3235,"weight":0.02884},
{"Node_id":3243,"weight":0.09095},
{"Node_id":3244,"weight":0.01141},
{"Node_id":3246,"weight":0.04879},
{"Node_id":3249,"weight":0.01322},
{"Node_id":3250,"weight":0.05155},
{"Node_id":3253,"weight":0.18686},
{"Node_id":3268,"weight":0.03722},
{"Node_id":3272,"weight":0.14935},
{"Node_id":3287,"weight":0.109060004},
{"Node_id":3297,"weight":0.10901},
{"Node_id":3303,"weight":0.00861},
{"Node_id":3321,"weight":0.03602},
{"Node_id":3329,"weight":0.11013},
{"Node_id":3330,"weight":0.00412},
{"Node_id":3352,"weight":0.18379},
{"Node_id":3353,"weight":0.123959996},
{"Node_id":3359,"weight":0.033880003},
{"Node_id":3364,"weight":0.18974},
{"Node_id":3381,"weight":0.10816},
{"Node_id":3383,"weight":0.12639001},
{"Node_id":3395,"weight":0.15279},
{"Node_id":3404,"weight":0.02096},
{"Node_id":3444,"weight":0.035690002},
{"Node_id":3459,"weight":0.0010800001},
{"Node_id":3468,"weight":0.10595},
{"Node_id":3471,"weight":0.105270006},
{"Node_id":3487,"weight":0.20048001},
{"Node_id":3494,"weight":0.03689},
{"Node_id":3499,"weight":0.17221001},
{"Node_id":3504,"weight":0.01527},
{"Node_id":3505,"weight":0.17074},
{"Node_id":3509,"weight":0.22028},
{"Node_id":3528,"weight":0.053570002},
{"Node_id":3531,"weight":0.14274},
{"Node_id":3532,"weight":0.0259},
{"Node_id":3551,"weight":0.12844},
{"Node_id":3586,"weight":0.00981},
{"Node_id":3590,"weight":0.06024},
{"Node_id":3598,"weight":0.15555},
{"Node_id":3613,"weight":0.24754},
{"Node_id":3631,"weight":0.096990004},
{"Node_id":3632,"weight":0.04393},
{"Node_id":3640,"weight":0.00152},
{"Node_id":3645,"weight":0.04654},
{"Node_id":3652,"weight":0.01278},
{"Node_id":3655,"weight":0.17744},
{"Node_id":9532,"weight":0.19214},
{"Node_id":9537,"weight":0.3483},
{"Node_id":9538,"weight":0.22799},
{"Node_id":9540,"weight":0.19802001},
{"Node_id":9541,"weight":0.25051},
{"Node_id":9545,"weight":0.24994},
{"Node_id":9547,"weight":0.36636},
{"Node_id":9548,"weight":0.16493},
{"Node_id":9550,"weight":0.20367},
{"Node_id":9551,"weight":0.14319},
{"Node_id":9552,"weight":0.38918},
{"Node_id":9554,"weight":0.18825},
{"Node_id":9558,"weight":0.23210001},
{"Node_id":9559,"weight":0.16936001},
{"Node_id":9562,"weight":0.24195},
{"Node_id":9563,"weight":0.14063999},
{"Node_id":9564,"weight":0.18202999},
{"Node_id":9566,"weight":0.2184},
{"Node_id":9567,"weight":0.17036},
{"Node_id":9572,"weight":0.27912},
{"Node_id":9576,"weight":0.37945002},
{"Node_id":9578,"weight":0.15736},
{"Node_id":9579,"weight":0.19597},
{"Node_id":9581,"weight":0.14474},
{"Node_id":9583,"weight":0.20241001},
{"Node_id":9588,"weight":0.24866},
{"Node_id":9591,"weight":0.32124},
{"Node_id":9592,"weight":0.25123},
{"Node_id":9594,"weight":0.47357002},
{"Node_id":9595,"weight":0.1744},
{"Node_id":9599,"weight":0.18643},
{"Node_id":9601,"weight":0.17036},
{"Node_id":9602,"weight":0.25852},
{"Node_id":9603,"weight":0.19001},
{"Node_id":9605,"weight":0.39712998},
{"Node_id":9607,"weight":0.20211999},
{"Node_id":9608,"weight":0.13976},
{"Node_id":9610,"weight":0.15492001},
{"Node_id":9611,"weight":0.20456},
{"Node_id":9613,"weight":0.20594999},
{"Node_id":9616,"weight":0.18421},
{"Node_id":9618,"weight":0.34289998},
{"Node_id":9619,"weight":0.2764},
{"Node_id":9620,"weight":0.20009999},
{"Node_id":9622,"weight":0.14539},
{"Node_id":9623,"weight":0.42189997},
{"Node_id":9641,"weight":0.15638},
{"Node_id":9645,"weight":0.24102001},
{"Node_id":9646,"weight":0.28574},
{"Node_id":9648,"weight":0.16034},
{"Node_id":9652,"weight":0.19532},
{"Node_id":9653,"weight":0.21928},
{"Node_id":9654,"weight":0.16493},
{"Node_id":9655,"weight":0.19395},
{"Node_id":9656,"weight":0.23982999},
{"Node_id":9658,"weight":0.22253},
{"Node_id":9660,"weight":0.24368998},
{"Node_id":9661,"weight":0.23271},
{"Node_id":9663,"weight":0.15764001},
{"Node_id":9665,"weight":0.27115},
{"Node_id":9667,"weight":0.42766},
{"Node_id":9669,"weight":0.32397002},
{"Node_id":9670,"weight":0.23763001},
{"Node_id":9671,"weight":0.52159},
{"Node_id":9679,"weight":0.15326999},
{"Node_id":9680,"weight":0.21217999},
{"Node_id":9682,"weight":0.3596},
{"Node_id":9685,"weight":0.2887},
{"Node_id":9686,"weight":0.22286999},
{"Node_id":9716,"weight":0.14988},
{"Node_id":9720,"weight":0.15568},
{"Node_id":9762,"weight":0.20416},
{"Node_id":9765,"weight":0.14448},
{"Node_id":9774,"weight":0.15382001},
{"Node_id":9789,"weight":0.33227},
{"Node_id":9790,"weight":0.32733},
{"Node_id":9796,"weight":0.14377001},
{"Node_id":9800,"weight":0.21429},
{"Node_id":9836,"weight":0.14558999},
{"Node_id":9843,"weight":0.13918999},
{"Node_id":9848,"weight":0.18738},
{"Node_id":9854,"weight":0.22028},
{"Node_id":9873,"weight":0.15513},
{"Node_id":9880,"weight":0.19522999},
{"Node_id":9901,"weight":0.22990999},
{"Node_id":9921,"weight":0.15652},
{"Node_id":9928,"weight":0.1726},
{"Node_id":9941,"weight":0.16944},
{"Node_id":9977,"weight":0.22095},
{"Node_id":10011,"weight":0.14422},
{"Node_id":10017,"weight":0.14422},
{"Node_id":10028,"weight":0.14147},
{"Node_id":10093,"weight":0.14895001},
{"Node_id":10094,"weight":0.23087999},
{"Node_id":10119,"weight":0.18044999},
{"Node_id":10134,"weight":0.19895999},
{"Node_id":10146,"weight":0.16477999},
{"Node_id":10153,"weight":0.24491999},
{"Node_id":10160,"weight":0.1532},
{"Node_id":10162,"weight":0.14703},
{"Node_id":10168,"weight":0.18789999},
{"Node_id":10169,"weight":0.16405},
{"Node_id":10171,"weight":0.1439},
{"Node_id":10173,"weight":0.19821},
{"Node_id":10182,"weight":0.13869},
{"Node_id":10200,"weight":0.15977},
{"Node_id":10205,"weight":0.16634001},
{"Node_id":10225,"weight":0.22943},
{"Node_id":10239,"weight":0.16694},
{"Node_id":10245,"weight":0.12134},
{"Node_id":10249,"weight":0.0125},
{"Node_id":10252,"weight":0.15478},
{"Node_id":10254,"weight":0.01117},
{"Node_id":10256,"weight":0.01025},
{"Node_id":10258,"weight":0.049000002},
{"Node_id":10265,"weight":0.01527},
{"Node_id":10266,"weight":0.05078},
{"Node_id":10277,"weight":0.16875},
{"Node_id":10286,"weight":0.22823},
{"Node_id":10293,"weight":0.22835},
{"Node_id":10301,"weight":0.0011199999},
{"Node_id":10306,"weight":0.06722},
{"Node_id":10308,"weight":0.03191},
{"Node_id":10309,"weight":0.07524},
{"Node_id":10319,"weight":0.1854},
{"Node_id":10324,"weight":0.12213},
{"Node_id":10330,"weight":0.0678},
{"Node_id":10336,"weight":0.16545},
{"Node_id":10342,"weight":0.09815},
{"Node_id":10362,"weight":0.0052},
{"Node_id":10365,"weight":0.13627},
{"Node_id":10367,"weight":5.5999996E-4},
{"Node_id":10379,"weight":0.07141},
{"Node_id":10384,"weight":0.11747},
{"Node_id":10432,"weight":0.03996},
{"Node_id":10472,"weight":0.19259},
{"Node_id":10492,"weight":0.16936001},
{"Node_id":10499,"weight":0.13988},
{"Node_id":10507,"weight":0.09619},
{"Node_id":10508,"weight":0.080290005},
{"Node_id":10511,"weight":0.05172},
{"Node_id":10526,"weight":0.16657},
{"Node_id":10532,"weight":0.08354},
{"Node_id":10545,"weight":0.20907},
{"Node_id":10547,"weight":0.06415},
{"Node_id":10550,"weight":0.08274},
{"Node_id":10552,"weight":0.02513},
{"Node_id":10556,"weight":0.03619},
{"Node_id":10558,"weight":0.1439},
{"Node_id":10567,"weight":0.2026},
{"Node_id":10569,"weight":0.088709995},
{"Node_id":10576,"weight":0.13376},
{"Node_id":10580,"weight":0.08006},
{"Node_id":10584,"weight":0.07478},
{"Node_id":10598,"weight":0.053439997},
{"Node_id":10602,"weight":0.17059},
{"Node_id":10610,"weight":0.05083},
{"Node_id":10611,"weight":0.1752},
{"Node_id":10616,"weight":0.03926},
{"Node_id":10617,"weight":0.18904},
{"Node_id":10621,"weight":0.09494},
{"Node_id":10623,"weight":0.29896},
{"Node_id":10625,"weight":0.43694},
{"Node_id":10626,"weight":0.18878},
{"Node_id":10627,"weight":0.1033},
{"Node_id":10628,"weight":0.21333},
{"Node_id":10629,"weight":0.06682},
{"Node_id":10632,"weight":0.04134},
{"Node_id":10633,"weight":0.10470001},
{"Node_id":10635,"weight":0.07773},
{"Node_id":10644,"weight":0.24356},
{"Node_id":10648,"weight":0.12727},
{"Node_id":10649,"weight":0.09997},
{"Node_id":10650,"weight":0.082169995},
{"Node_id":10651,"weight":0.113900006},
{"Node_id":10653,"weight":0.02152},
{"Node_id":10655,"weight":0.12790999},
{"Node_id":10656,"weight":0.01197},
{"Node_id":10657,"weight":0.01987},
{"Node_id":10660,"weight":0.54927003},
{"Node_id":10661,"weight":0.27586},
{"Node_id":10662,"weight":0.01463},
{"Node_id":10666,"weight":0.11521},
{"Node_id":10668,"weight":0.26547},
{"Node_id":10676,"weight":0.36677},
{"Node_id":10684,"weight":0.122080006},
{"Node_id":10685,"weight":0.1901},
{"Node_id":10686,"weight":0.14507},
{"Node_id":10687,"weight":0.13291},
{"Node_id":10689,"weight":0.077130005},
{"Node_id":10690,"weight":0.03789},
{"Node_id":10695,"weight":0.15561},
{"Node_id":10697,"weight":0.07662},
{"Node_id":10705,"weight":0.14249},
{"Node_id":10731,"weight":0.17409},
{"Node_id":10738,"weight":0.109060004},
{"Node_id":10739,"weight":0.04583},
{"Node_id":10741,"weight":0.06745},
{"Node_id":10745,"weight":0.02189},
{"Node_id":10746,"weight":0.074870005},
{"Node_id":10747,"weight":0.13004},
{"Node_id":10750,"weight":0.17503999},
{"Node_id":10751,"weight":0.16501},
{"Node_id":10752,"weight":0.1268},
{"Node_id":10754,"weight":0.05147},
{"Node_id":10756,"weight":0.079500005},
{"Node_id":10761,"weight":0.15265},
{"Node_id":10764,"weight":0.15008},
{"Node_id":10765,"weight":0.05177},
{"Node_id":10775,"weight":0.17996},
{"Node_id":10779,"weight":0.12488},
{"Node_id":10787,"weight":0.102989994},
{"Node_id":10788,"weight":0.25079998},
{"Node_id":10790,"weight":0.19972},
{"Node_id":10791,"weight":0.1014},
{"Node_id":10792,"weight":0.21418},
{"Node_id":10794,"weight":0.32619},
{"Node_id":10796,"weight":0.07286},
{"Node_id":10800,"weight":0.064459994},
{"Node_id":10805,"weight":0.18103},
{"Node_id":10808,"weight":0.069690004},
{"Node_id":10812,"weight":0.21676},
{"Node_id":10814,"weight":0.15645},
{"Node_id":10816,"weight":0.15652},
{"Node_id":10823,"weight":0.13322},
{"Node_id":10831,"weight":0.122930005},
{"Node_id":10836,"weight":0.0333},
{"Node_id":10839,"weight":0.05503},
{"Node_id":10846,"weight":0.068519995},
{"Node_id":10853,"weight":0.14815},
{"Node_id":10858,"weight":0.05945},
{"Node_id":10874,"weight":0.10642},
{"Node_id":10902,"weight":0.00296},
{"Node_id":10909,"weight":0.22084},
{"Node_id":10911,"weight":0.20948},
{"Node_id":10928,"weight":0.12100001},
{"Node_id":10931,"weight":0.17857},
{"Node_id":10945,"weight":0.24505},
{"Node_id":10950,"weight":0.075880006},
{"Node_id":10973,"weight":0.04251},
{"Node_id":11011,"weight":0.23051},
{"Node_id":11017,"weight":0.01418},
{"Node_id":11030,"weight":0.15136},
{"Node_id":11031,"weight":0.00308},
{"Node_id":11033,"weight":0.0513},
{"Node_id":11044,"weight":0.054860003},
{"Node_id":11050,"weight":0.057230003},
{"Node_id":11053,"weight":0.16114},
{"Node_id":11054,"weight":0.20125},
{"Node_id":11057,"weight":0.022130001},
{"Node_id":11058,"weight":0.34969002},
{"Node_id":11063,"weight":0.18643},
{"Node_id":11083,"weight":0.02493},
{"Node_id":11091,"weight":0.08151},
{"Node_id":11097,"weight":0.040009998},
{"Node_id":11099,"weight":0.025330001},
{"Node_id":11122,"weight":0.02945},
{"Node_id":11126,"weight":0.05941},
{"Node_id":11127,"weight":0.17744},
{"Node_id":11129,"weight":0.17307},
{"Node_id":11132,"weight":0.04912},
{"Node_id":11134,"weight":0.10222},
{"Node_id":11135,"weight":0.05117},
{"Node_id":11140,"weight":0.08789},
{"Node_id":11142,"weight":0.08886},
{"Node_id":11144,"weight":0.15687},
{"Node_id":11145,"weight":0.13261},
{"Node_id":11146,"weight":0.40396},
{"Node_id":11147,"weight":0.48330003},
{"Node_id":11148,"weight":0.072909996},
{"Node_id":11153,"weight":0.16013},
{"Node_id":11159,"weight":0.34623998},
{"Node_id":11169,"weight":0.19089},
{"Node_id":11171,"weight":0.013420001},
{"Node_id":11173,"weight":0.3727},
{"Node_id":11175,"weight":0.3577},
{"Node_id":11176,"weight":0.04339},
{"Node_id":11177,"weight":0.086830005},
{"Node_id":11180,"weight":0.22646001},
{"Node_id":11181,"weight":0.065170005},
{"Node_id":11183,"weight":0.29896},
{"Node_id":11185,"weight":0.03232},
{"Node_id":11186,"weight":0.20048001},
{"Node_id":11187,"weight":0.21851},
{"Node_id":11188,"weight":0.03146},
{"Node_id":11190,"weight":0.0911},
{"Node_id":11193,"weight":0.13825001},
{"Node_id":11195,"weight":0.10658},
{"Node_id":11207,"weight":0.02615},
{"Node_id":11211,"weight":0.30458},
{"Node_id":11213,"weight":0.01595},
{"Node_id":11223,"weight":0.21577999},
{"Node_id":11225,"weight":0.059890002},
{"Node_id":11226,"weight":0.09169},
{"Node_id":11227,"weight":0.15136},
{"Node_id":11229,"weight":0.05741},
{"Node_id":11231,"weight":0.15423},
{"Node_id":11233,"weight":0.04176},
{"Node_id":11234,"weight":0.20515001},
{"Node_id":11252,"weight":0.19487},
{"Node_id":11260,"weight":0.00857},
{"Node_id":11264,"weight":0.10038},
{"Node_id":11266,"weight":0.0403},
{"Node_id":11268,"weight":0.0072},
{"Node_id":11269,"weight":0.09139},
{"Node_id":11273,"weight":0.3055},
{"Node_id":11276,"weight":0.1295},
{"Node_id":11277,"weight":0.02007},
{"Node_id":11278,"weight":0.27339},
{"Node_id":11280,"weight":0.03826},
{"Node_id":11281,"weight":0.06504},
{"Node_id":11284,"weight":0.046290003},
{"Node_id":11291,"weight":0.10423},
{"Node_id":11297,"weight":0.14403},
{"Node_id":11302,"weight":0.14908001},
{"Node_id":11304,"weight":0.20775001},
{"Node_id":11306,"weight":0.11072},
{"Node_id":11307,"weight":0.23309},
{"Node_id":11308,"weight":0.09159},
{"Node_id":11309,"weight":0.08132},
{"Node_id":11310,"weight":0.11903},
{"Node_id":11311,"weight":0.16383},
{"Node_id":11312,"weight":0.080010004},
{"Node_id":11316,"weight":0.12809},
{"Node_id":11317,"weight":0.39176},
{"Node_id":11324,"weight":0.12529},
{"Node_id":11326,"weight":0.03805},
{"Node_id":11328,"weight":0.00748},
{"Node_id":11330,"weight":0.30881},
{"Node_id":11332,"weight":0.04184},
{"Node_id":11336,"weight":0.32314},
{"Node_id":11338,"weight":0.1172},
{"Node_id":11343,"weight":0.054729998},
{"Node_id":11346,"weight":0.02088},
{"Node_id":11348,"weight":0.2401},
{"Node_id":11350,"weight":0.06081},
{"Node_id":11351,"weight":0.21665001},
{"Node_id":11355,"weight":0.07213},
{"Node_id":11356,"weight":0.56515},
{"Node_id":11359,"weight":0.1631},
{"Node_id":11367,"weight":0.10869},
{"Node_id":11381,"weight":0.03289},
{"Node_id":11382,"weight":0.100940004},
{"Node_id":11384,"weight":0.03611},
{"Node_id":11385,"weight":0.12345},
{"Node_id":11387,"weight":0.45751},
{"Node_id":11398,"weight":0.122360006},
{"Node_id":11399,"weight":0.028549999},
{"Node_id":11404,"weight":0.07524},
{"Node_id":11411,"weight":0.02493},
{"Node_id":11412,"weight":0.20565},
{"Node_id":11413,"weight":0.19413},
{"Node_id":11417,"weight":0.12832001},
{"Node_id":11419,"weight":0.12962},
{"Node_id":11420,"weight":0.34323},
{"Node_id":11421,"weight":0.075559996},
{"Node_id":11422,"weight":0.03068},
{"Node_id":11427,"weight":0.07773},
{"Node_id":11428,"weight":0.05262},
{"Node_id":11429,"weight":0.17105},
{"Node_id":11431,"weight":0.13334},
{"Node_id":11433,"weight":0.25297},
{"Node_id":11434,"weight":0.33138},
{"Node_id":11437,"weight":0.06857},
{"Node_id":11439,"weight":0.0130199995},
{"Node_id":11440,"weight":0.0049199997},
{"Node_id":11442,"weight":0.20515001},
{"Node_id":11444,"weight":0.026800001},
{"Node_id":11445,"weight":0.04811},
{"Node_id":11446,"weight":0.03917},
{"Node_id":11448,"weight":0.04819},
{"Node_id":11451,"weight":0.05138},
{"Node_id":11455,"weight":0.08383},
{"Node_id":11456,"weight":0.029},
{"Node_id":11457,"weight":0.7418},
{"Node_id":11461,"weight":0.10283999},
{"Node_id":11468,"weight":0.07657},
{"Node_id":11469,"weight":0.21503},
{"Node_id":11470,"weight":0.12174},
{"Node_id":11472,"weight":0.01386},
{"Node_id":11473,"weight":0.19597},
{"Node_id":11474,"weight":0.11271},
{"Node_id":11475,"weight":0.04301},
{"Node_id":11476,"weight":0.13153},
{"Node_id":11479,"weight":0.01117},
{"Node_id":11481,"weight":0.23787999},
{"Node_id":11483,"weight":0.10099},
{"Node_id":11491,"weight":0.037720002},
{"Node_id":11493,"weight":0.02908},
{"Node_id":11496,"weight":0.10038},
{"Node_id":11497,"weight":0.25079998},
{"Node_id":11498,"weight":0.01571},
{"Node_id":11503,"weight":0.08449},
{"Node_id":11508,"weight":0.18128},
{"Node_id":11509,"weight":0.04075},
{"Node_id":11510,"weight":0.03314},
{"Node_id":11511,"weight":0.15589},
{"Node_id":11512,"weight":0.05906},
{"Node_id":11513,"weight":0.30162},
{"Node_id":11519,"weight":0.23124},
{"Node_id":11526,"weight":0.10114},
{"Node_id":11532,"weight":0.11287},
{"Node_id":11544,"weight":0.07681},
{"Node_id":11554,"weight":0.10806},
{"Node_id":11555,"weight":0.19718},
{"Node_id":11561,"weight":0.14338},
{"Node_id":11566,"weight":0.076069996},
{"Node_id":11573,"weight":0.04642},
{"Node_id":11591,"weight":0.04553},
{"Node_id":11593,"weight":0.0383},
{"Node_id":11595,"weight":0.02286},
{"Node_id":11608,"weight":0.02092},
{"Node_id":11615,"weight":0.17671},
{"Node_id":11618,"weight":0.09795},
{"Node_id":11620,"weight":0.16244},
{"Node_id":11623,"weight":0.02128},
{"Node_id":11625,"weight":0.11488},
{"Node_id":11627,"weight":0.21396999},
{"Node_id":11629,"weight":0.06177},
{"Node_id":11630,"weight":0.04255},
{"Node_id":11631,"weight":0.07446},
{"Node_id":11633,"weight":0.30207},
{"Node_id":11635,"weight":0.20806},
{"Node_id":11637,"weight":0.17591},
{"Node_id":11638,"weight":0.08359},
{"Node_id":11639,"weight":0.01523},
{"Node_id":11640,"weight":0.35884},
{"Node_id":11641,"weight":0.36885},
{"Node_id":11645,"weight":0.096090004},
{"Node_id":11647,"weight":0.17051001},
{"Node_id":11650,"weight":0.045950003},
{"Node_id":11651,"weight":0.27802998},
{"Node_id":11652,"weight":0.02221},
{"Node_id":11655,"weight":0.47473997},
{"Node_id":11657,"weight":0.1793},
{"Node_id":11658,"weight":0.16078},
{"Node_id":11659,"weight":0.15715},
{"Node_id":11663,"weight":0.33620998},
{"Node_id":11665,"weight":0.041589998},
{"Node_id":11667,"weight":0.05078},
{"Node_id":11671,"weight":0.04188},
{"Node_id":11679,"weight":0.18886},
{"Node_id":11681,"weight":0.10991},
{"Node_id":11685,"weight":0.22716},
{"Node_id":11687,"weight":0.080620006},
{"Node_id":11695,"weight":0.007},
{"Node_id":11714,"weight":0.05266},
{"Node_id":11760,"weight":0.13725999},
{"Node_id":11767,"weight":0.14967999},
{"Node_id":11768,"weight":0.21708},
{"Node_id":11782,"weight":0.107949995},
{"Node_id":11804,"weight":0.66441},
{"Node_id":11826,"weight":0.07313},
{"Node_id":11834,"weight":0.00973},
{"Node_id":11836,"weight":0.14546},
{"Node_id":11846,"weight":0.0146699995},
{"Node_id":11852,"weight":0.092470005},
{"Node_id":18351,"weight":0.14293},
{"Node_id":18366,"weight":0.16672},
{"Node_id":18375,"weight":0.21113},
{"Node_id":18389,"weight":0.20887001},
{"Node_id":18410,"weight":0.23533002},
{"Node_id":18413,"weight":0.14611},
{"Node_id":18415,"weight":0.16973999},
{"Node_id":18419,"weight":0.14552},
{"Node_id":18430,"weight":0.16099},
{"Node_id":18444,"weight":0.14657},
{"Node_id":18457,"weight":0.16339001},
{"Node_id":18470,"weight":0.15603},
{"Node_id":18491,"weight":0.18799},
{"Node_id":18508,"weight":0.18447},
{"Node_id":18540,"weight":0.16324},
{"Node_id":18554,"weight":0.18635},
{"Node_id":18570,"weight":0.20695},
{"Node_id":18571,"weight":0.16085},
{"Node_id":18572,"weight":0.22196},
{"Node_id":18575,"weight":0.29635},
{"Node_id":18577,"weight":0.14474},
{"Node_id":18579,"weight":0.23996},
{"Node_id":18580,"weight":0.17433},
{"Node_id":18581,"weight":0.21807},
{"Node_id":18582,"weight":0.23866001},
{"Node_id":18583,"weight":0.13918999},
{"Node_id":18589,"weight":0.20938},
{"Node_id":18595,"weight":0.25504},
{"Node_id":18598,"weight":0.23648},
{"Node_id":18602,"weight":0.14480999},
{"Node_id":18603,"weight":0.14384},
{"Node_id":18604,"weight":0.52933},
{"Node_id":18605,"weight":0.14313},
{"Node_id":18607,"weight":0.19305},
{"Node_id":18609,"weight":0.25195},
{"Node_id":18610,"weight":0.13882},
{"Node_id":18611,"weight":0.32151002},
{"Node_id":18612,"weight":0.23271},
{"Node_id":18614,"weight":0.46469003},
{"Node_id":18615,"weight":0.22943},
{"Node_id":18616,"weight":0.34523},
{"Node_id":18620,"weight":0.16142},
{"Node_id":18622,"weight":0.30006},
{"Node_id":18625,"weight":0.13982001},
{"Node_id":18626,"weight":0.18868999},
{"Node_id":18630,"weight":0.34225},
{"Node_id":18636,"weight":0.18704},
{"Node_id":18638,"weight":0.1452},
{"Node_id":18639,"weight":0.36677},
{"Node_id":18640,"weight":0.29722},
{"Node_id":18641,"weight":0.16405},
{"Node_id":18643,"weight":0.16627},
{"Node_id":18644,"weight":0.31173},
{"Node_id":18649,"weight":0.17151001},
{"Node_id":18651,"weight":0.17447999},
{"Node_id":18665,"weight":0.24049},
{"Node_id":18672,"weight":0.14153},
{"Node_id":18692,"weight":0.14822},
{"Node_id":18693,"weight":0.37852},
{"Node_id":18695,"weight":0.21217999},
{"Node_id":18696,"weight":0.22242},
{"Node_id":18699,"weight":0.21961},
{"Node_id":18700,"weight":0.29298002},
{"Node_id":18701,"weight":0.41711003},
{"Node_id":18704,"weight":0.46258998},
{"Node_id":18705,"weight":0.45555001},
{"Node_id":18706,"weight":0.17864999},
{"Node_id":18708,"weight":0.18921},
{"Node_id":18710,"weight":0.14261},
{"Node_id":18715,"weight":0.15450999},
{"Node_id":18718,"weight":0.2579},
{"Node_id":18719,"weight":0.15885},
{"Node_id":18721,"weight":0.15361},
{"Node_id":18722,"weight":0.18371001},
{"Node_id":18724,"weight":0.25654},
{"Node_id":18741,"weight":0.22493999},
{"Node_id":18742,"weight":0.25669},
{"Node_id":18744,"weight":0.28439},
{"Node_id":18745,"weight":0.23371},
{"Node_id":18746,"weight":0.13913},
{"Node_id":18748,"weight":0.27712},
{"Node_id":18750,"weight":0.19386},
{"Node_id":18759,"weight":0.14364001},
{"Node_id":18763,"weight":0.14338},
{"Node_id":18765,"weight":0.22967},
{"Node_id":18766,"weight":0.14855},
{"Node_id":18768,"weight":0.1421},
{"Node_id":18770,"weight":0.26433998},
{"Node_id":18771,"weight":0.16777},
{"Node_id":18774,"weight":0.24168},
{"Node_id":18788,"weight":0.14468},
{"Node_id":18799,"weight":0.23185},
{"Node_id":18803,"weight":0.16883},
{"Node_id":18806,"weight":0.1752},
{"Node_id":18807,"weight":0.18566},
{"Node_id":18832,"weight":0.21429},
{"Node_id":18849,"weight":0.19432},
{"Node_id":18855,"weight":0.17267999},
{"Node_id":18869,"weight":0.14172},
{"Node_id":18908,"weight":0.14001},
{"Node_id":18918,"weight":0.1602},
{"Node_id":18925,"weight":0.16724},
{"Node_id":18930,"weight":0.1901},
{"Node_id":18931,"weight":0.14338},
{"Node_id":18933,"weight":0.18472001},
{"Node_id":18936,"weight":0.2481},
{"Node_id":18945,"weight":0.17807999},
{"Node_id":18950,"weight":0.23571},
{"Node_id":18963,"weight":0.22692999},
{"Node_id":18979,"weight":0.23075},
{"Node_id":19007,"weight":0.54217},
{"Node_id":19008,"weight":0.55429},
{"Node_id":19011,"weight":0.22727999},
{"Node_id":19012,"weight":0.33376998},
{"Node_id":19015,"weight":0.14153},
{"Node_id":19017,"weight":0.21514001},
{"Node_id":19030,"weight":0.23546},
{"Node_id":19058,"weight":0.14268},
{"Node_id":19080,"weight":0.50450003},
{"Node_id":19081,"weight":0.17354},
{"Node_id":19083,"weight":0.17198},
{"Node_id":19086,"weight":0.36076},
{"Node_id":19088,"weight":0.36273},
{"Node_id":19089,"weight":0.37401},
{"Node_id":19094,"weight":0.16419},
{"Node_id":19096,"weight":0.20211999},
{"Node_id":19098,"weight":0.38469},
{"Node_id":19099,"weight":0.3305},
{"Node_id":19100,"weight":0.14742},
{"Node_id":19101,"weight":0.20574999},
{"Node_id":19102,"weight":0.17921999},
{"Node_id":19107,"weight":0.54927003},
{"Node_id":19110,"weight":0.37446},
{"Node_id":19112,"weight":0.35075},
{"Node_id":19113,"weight":0.17472},
{"Node_id":19116,"weight":0.25518999},
{"Node_id":19118,"weight":0.38371998},
{"Node_id":19119,"weight":0.20615001},
{"Node_id":19123,"weight":0.1812},
{"Node_id":19125,"weight":0.17567},
{"Node_id":19127,"weight":0.21905999},
{"Node_id":19129,"weight":0.29465002},
{"Node_id":19130,"weight":0.21249},
{"Node_id":19131,"weight":0.36431998},
{"Node_id":19132,"weight":0.51441},
{"Node_id":19134,"weight":0.30978},
{"Node_id":19135,"weight":0.38132},
{"Node_id":19137,"weight":0.2401},
{"Node_id":19139,"weight":0.1515},
{"Node_id":19140,"weight":0.29072002},
{"Node_id":19141,"weight":0.18575},
{"Node_id":19142,"weight":0.30644},
{"Node_id":19144,"weight":0.23039},
{"Node_id":19149,"weight":0.20250002},
{"Node_id":19155,"weight":0.14313},
{"Node_id":19161,"weight":0.39658},
{"Node_id":19165,"weight":0.28381},
{"Node_id":19167,"weight":0.20337999},
{"Node_id":19169,"weight":0.19323},
{"Node_id":19177,"weight":0.26336998},
{"Node_id":19179,"weight":0.25297},
{"Node_id":19180,"weight":0.15326999},
{"Node_id":19181,"weight":0.17662999},
{"Node_id":19183,"weight":0.14422},
{"Node_id":19185,"weight":0.15729001},
{"Node_id":19187,"weight":0.27409},
{"Node_id":19188,"weight":0.18012}]