[{"Node_id":160,"weight":4.833},
{"Node_id":161,"weight":1.5485},
{"Node_id":162,"weight":2.3063},
{"Node_id":163,"weight":1.8957},
{"Node_id":166,"weight":4.1914},
{"Node_id":167,"weight":4.3534},
{"Node_id":168,"weight":1.6302},
{"Node_id":169,"weight":1.8738},
{"Node_id":170,"weight":1.5245},
{"Node_id":171,"weight":5.0294},
{"Node_id":172,"weight":1.5807},
{"Node_id":173,"weight":3.8716},
{"Node_id":174,"weight":2.2907},
{"Node_id":175,"weight":2.6612},
{"Node_id":176,"weight":2.2061},
{"Node_id":177,"weight":1.5218},
{"Node_id":178,"weight":2.2017},
{"Node_id":179,"weight":5.3771},
{"Node_id":180,"weight":2.3918},
{"Node_id":181,"weight":1.5327},
{"Node_id":182,"weight":1.5527},
{"Node_id":183,"weight":2.2448},
{"Node_id":327,"weight":5.2347},
{"Node_id":328,"weight":1.9606},
{"Node_id":329,"weight":1.7719},
{"Node_id":330,"weight":1.4474},
{"Node_id":331,"weight":2.4768},
{"Node_id":342,"weight":1.7417},
{"Node_id":343,"weight":2.9808},
{"Node_id":346,"weight":1.4128},
{"Node_id":347,"weight":1.5992},
{"Node_id":348,"weight":1.6762},
{"Node_id":349,"weight":2.0212},
{"Node_id":350,"weight":3.0389},
{"Node_id":351,"weight":3.3377},
{"Node_id":396,"weight":2.6337},
{"Node_id":397,"weight":1.7448},
{"Node_id":398,"weight":1.6331},
{"Node_id":399,"weight":2.0397},
{"Node_id":400,"weight":1.7464},
{"Node_id":401,"weight":1.9802},
{"Node_id":402,"weight":2.027},
{"Node_id":403,"weight":1.5828},
{"Node_id":404,"weight":3.0504},
{"Node_id":405,"weight":1.4281},
{"Node_id":406,"weight":2.1557},
{"Node_id":407,"weight":1.7881},
{"Node_id":416,"weight":2.645},
{"Node_id":417,"weight":1.575},
{"Node_id":463,"weight":4.212},
{"Node_id":464,"weight":3.5326},
{"Node_id":465,"weight":3.248},
{"Node_id":466,"weight":1.4526},
{"Node_id":506,"weight":2.9917},
{"Node_id":507,"weight":1.5779},
{"Node_id":508,"weight":2.1503},
{"Node_id":509,"weight":1.465},
{"Node_id":510,"weight":1.9811},
{"Node_id":511,"weight":1.4526},
{"Node_id":512,"weight":1.5771},
{"Node_id":513,"weight":1.8062},
{"Node_id":514,"weight":2.0125},
{"Node_id":515,"weight":5.7414},
{"Node_id":516,"weight":4.1318},
{"Node_id":517,"weight":2.5371},
{"Node_id":518,"weight":2.1323},
{"Node_id":519,"weight":1.4223},
{"Node_id":520,"weight":4.3858},
{"Node_id":521,"weight":4.4364},
{"Node_id":522,"weight":1.4064},
{"Node_id":523,"weight":1.4533},
{"Node_id":524,"weight":1.513},
{"Node_id":525,"weight":1.7036},
{"Node_id":526,"weight":2.1218},
{"Node_id":527,"weight":4.4451},
{"Node_id":528,"weight":1.6538},
{"Node_id":529,"weight":2.2185},
{"Node_id":530,"weight":1.7535},
{"Node_id":531,"weight":2.102},
{"Node_id":532,"weight":1.397},
{"Node_id":533,"weight":2.0685},
{"Node_id":534,"weight":1.8851},
{"Node_id":535,"weight":1.8379},
{"Node_id":536,"weight":5.6515},
{"Node_id":537,"weight":1.8992},
{"Node_id":538,"weight":1.7939},
{"Node_id":539,"weight":2.0125},
{"Node_id":540,"weight":2.5594},
{"Node_id":541,"weight":1.7244},
{"Node_id":542,"weight":3.6969},
{"Node_id":543,"weight":3.1703},
{"Node_id":544,"weight":1.5184},
{"Node_id":545,"weight":1.3869},
{"Node_id":546,"weight":2.1829},
{"Node_id":547,"weight":2.2196},
{"Node_id":548,"weight":1.9597},
{"Node_id":549,"weight":2.8477},
{"Node_id":550,"weight":1.6694},
{"Node_id":551,"weight":3.577},
{"Node_id":552,"weight":2.889},
{"Node_id":553,"weight":2.885},
{"Node_id":554,"weight":1.5259},
{"Node_id":555,"weight":3.8567},
{"Node_id":556,"weight":3.3079},
{"Node_id":557,"weight":1.8354},
{"Node_id":558,"weight":1.7736},
{"Node_id":559,"weight":3.714},
{"Node_id":560,"weight":1.8371},
{"Node_id":561,"weight":2.9808},
{"Node_id":562,"weight":2.9614},
{"Node_id":563,"weight":3.4934},
{"Node_id":564,"weight":1.3882},
{"Node_id":565,"weight":1.7623},
{"Node_id":566,"weight":2.3711},
{"Node_id":567,"weight":1.4313},
{"Node_id":568,"weight":1.5527},
{"Node_id":569,"weight":2.2599},
{"Node_id":570,"weight":2.0029},
{"Node_id":571,"weight":2.6596},
{"Node_id":572,"weight":1.9359},
{"Node_id":573,"weight":2.9381},
{"Node_id":574,"weight":2.9174},
{"Node_id":575,"weight":1.6171},
{"Node_id":576,"weight":1.8103},
{"Node_id":577,"weight":1.5334},
{"Node_id":578,"weight":2.887},
{"Node_id":579,"weight":1.8186},
{"Node_id":580,"weight":1.9542},
{"Node_id":591,"weight":1.6785},
{"Node_id":592,"weight":3.0006},
{"Node_id":593,"weight":2.1785},
{"Node_id":594,"weight":3.0786},
{"Node_id":595,"weight":3.8275},
{"Node_id":596,"weight":1.7881},
{"Node_id":597,"weight":3.055},
{"Node_id":598,"weight":1.9662},
{"Node_id":599,"weight":2.4671},
{"Node_id":600,"weight":3.2905},
{"Node_id":601,"weight":1.901},
{"Node_id":602,"weight":1.9802},
{"Node_id":603,"weight":1.9802},
{"Node_id":604,"weight":7.8236},
{"Node_id":608,"weight":1.6913},
{"Node_id":609,"weight":2.645},
{"Node_id":610,"weight":4.0163},
{"Node_id":611,"weight":1.4915},
{"Node_id":612,"weight":1.5347},
{"Node_id":613,"weight":2.6531},
{"Node_id":614,"weight":2.2611},
{"Node_id":693,"weight":4.3454},
{"Node_id":694,"weight":2.8248},
{"Node_id":697,"weight":2.4994},
{"Node_id":698,"weight":1.748},
{"Node_id":699,"weight":1.4855},
{"Node_id":700,"weight":2.764},
{"Node_id":701,"weight":1.8721},
{"Node_id":702,"weight":2.4492},
{"Node_id":703,"weight":1.8904},
{"Node_id":704,"weight":1.9783},
{"Node_id":705,"weight":1.6508},
{"Node_id":706,"weight":2.1302},
{"Node_id":707,"weight":2.4356},
{"Node_id":708,"weight":2.0897},
{"Node_id":709,"weight":3.1322},
{"Node_id":710,"weight":1.956},
{"Node_id":711,"weight":4.5362},
{"Node_id":712,"weight":2.8574},
{"Node_id":715,"weight":4.6053},
{"Node_id":716,"weight":2.7839},
{"Node_id":717,"weight":1.5177},
{"Node_id":718,"weight":1.414},
{"Node_id":719,"weight":1.7496},
{"Node_id":720,"weight":2.0318},
{"Node_id":721,"weight":3.2424},
{"Node_id":722,"weight":1.8756},
{"Node_id":786,"weight":2.5371},
{"Node_id":787,"weight":1.414},
{"Node_id":788,"weight":2.4643},
{"Node_id":817,"weight":1.8128},
{"Node_id":818,"weight":1.4461},
{"Node_id":819,"weight":2.0446},
{"Node_id":820,"weight":2.5821},
{"Node_id":821,"weight":3.4761},
{"Node_id":822,"weight":1.5062},
{"Node_id":823,"weight":2.0989},
{"Node_id":824,"weight":2.3788},
{"Node_id":825,"weight":1.5485},
{"Node_id":826,"weight":4.4108},
{"Node_id":829,"weight":1.4384},
{"Node_id":830,"weight":2.7551},
{"Node_id":831,"weight":1.7409},
{"Node_id":832,"weight":2.1333},
{"Node_id":833,"weight":1.9634},
{"Node_id":834,"weight":1.8111},
{"Node_id":835,"weight":2.7604},
{"Node_id":836,"weight":1.5779},
{"Node_id":837,"weight":4.1383},
{"Node_id":838,"weight":1.4565},
{"Node_id":839,"weight":3.6233},
{"Node_id":840,"weight":1.7599},
{"Node_id":841,"weight":2.5806},
{"Node_id":842,"weight":1.4096},
{"Node_id":843,"weight":3.9072},
{"Node_id":844,"weight":1.8211},
{"Node_id":845,"weight":2.5312},
{"Node_id":846,"weight":1.8037},
{"Node_id":847,"weight":2.9657},
{"Node_id":848,"weight":2.6514},
{"Node_id":849,"weight":1.4229},
{"Node_id":850,"weight":2.7132},
{"Node_id":851,"weight":1.8404},
{"Node_id":852,"weight":1.9332},
{"Node_id":853,"weight":2.5867},
{"Node_id":854,"weight":1.6694},
{"Node_id":855,"weight":4.119},
{"Node_id":856,"weight":2.4937},
{"Node_id":857,"weight":3.9992},
{"Node_id":858,"weight":1.9268},
{"Node_id":859,"weight":1.4351},
{"Node_id":860,"weight":1.5361},
{"Node_id":861,"weight":1.6501},
{"Node_id":862,"weight":1.9001},
{"Node_id":888,"weight":1.5396},
{"Node_id":889,"weight":1.4409},
{"Node_id":890,"weight":6.0299},
{"Node_id":891,"weight":1.8037},
{"Node_id":892,"weight":2.1939},
{"Node_id":893,"weight":1.5143},
{"Node_id":894,"weight":1.8203},
{"Node_id":895,"weight":1.5055},
{"Node_id":896,"weight":1.8575},
{"Node_id":897,"weight":2.2402},
{"Node_id":898,"weight":4.8588},
{"Node_id":899,"weight":1.4274},
{"Node_id":900,"weight":2.0948},
{"Node_id":901,"weight":2.1503},
{"Node_id":902,"weight":2.1051},
{"Node_id":903,"weight":1.726},
{"Node_id":904,"weight":1.9395},
{"Node_id":905,"weight":1.3982},
{"Node_id":906,"weight":3.248},
{"Node_id":907,"weight":1.5687},
{"Node_id":908,"weight":2.3395},
{"Node_id":909,"weight":1.6128},
{"Node_id":910,"weight":1.3919},
{"Node_id":911,"weight":1.5568},
{"Node_id":912,"weight":1.6361},
{"Node_id":913,"weight":2.6928},
{"Node_id":914,"weight":2.891},
{"Node_id":915,"weight":2.6844},
{"Node_id":916,"weight":7.1301},
{"Node_id":917,"weight":1.9597},
{"Node_id":923,"weight":1.893},
{"Node_id":924,"weight":3.9176},
{"Node_id":925,"weight":2.3198},
{"Node_id":926,"weight":2.6678},
{"Node_id":927,"weight":2.0948},
{"Node_id":928,"weight":1.8592},
{"Node_id":929,"weight":4.7357},
{"Node_id":930,"weight":2.3309},
{"Node_id":931,"weight":1.4185},
{"Node_id":932,"weight":1.7615},
{"Node_id":933,"weight":1.4644},
{"Node_id":934,"weight":3.1729},
{"Node_id":935,"weight":2.6794},
{"Node_id":936,"weight":2.97},
{"Node_id":937,"weight":1.4611},
{"Node_id":943,"weight":2.2344},
{"Node_id":944,"weight":2.6777},
{"Node_id":945,"weight":1.7043},
{"Node_id":946,"weight":2.0877},
{"Node_id":947,"weight":1.822},
{"Node_id":948,"weight":3.1755},
{"Node_id":949,"weight":1.6244},
{"Node_id":950,"weight":1.5389},
{"Node_id":951,"weight":2.0907},
{"Node_id":952,"weight":1.843},
{"Node_id":953,"weight":3.5732},
{"Node_id":954,"weight":1.7971},
{"Node_id":955,"weight":2.9962},
{"Node_id":956,"weight":2.3198},
{"Node_id":957,"weight":2.4275},
{"Node_id":958,"weight":1.4835},
{"Node_id":959,"weight":1.6501},
{"Node_id":960,"weight":1.832},
{"Node_id":961,"weight":1.39},
{"Node_id":962,"weight":2.3358},
{"Node_id":963,"weight":1.9662},
{"Node_id":964,"weight":1.6815},
{"Node_id":965,"weight":1.9802},
{"Node_id":966,"weight":3.5253},
{"Node_id":967,"weight":2.7986},
{"Node_id":968,"weight":2.6744},
{"Node_id":969,"weight":2.5224},
{"Node_id":979,"weight":3.8372},
{"Node_id":980,"weight":2.5975},
{"Node_id":981,"weight":2.3546},
{"Node_id":984,"weight":1.6471},
{"Node_id":985,"weight":2.2529},
{"Node_id":986,"weight":4.2546},
{"Node_id":987,"weight":3.3777},
{"Node_id":988,"weight":2.6289},
{"Node_id":989,"weight":1.7719},
{"Node_id":990,"weight":2.8324},
{"Node_id":991,"weight":1.8843},
{"Node_id":992,"weight":2.0877},
{"Node_id":993,"weight":2.5929},
{"Node_id":994,"weight":1.6777},
{"Node_id":995,"weight":4.2915},
{"Node_id":996,"weight":1.4409},
{"Node_id":997,"weight":1.4644},
{"Node_id":998,"weight":3.3591},
{"Node_id":999,"weight":2.1884},
{"Node_id":1000,"weight":2.9298},
{"Node_id":1001,"weight":3.4761},
{"Node_id":1002,"weight":4.4988},
{"Node_id":1003,"weight":3.7669},
{"Node_id":1080,"weight":2.7676},
{"Node_id":1081,"weight":1.8878},
{"Node_id":1082,"weight":3.7313},
{"Node_id":1083,"weight":2.2599},
{"Node_id":1084,"weight":4.0514},
{"Node_id":1085,"weight":2.9195},
{"Node_id":1086,"weight":1.7728},
{"Node_id":1087,"weight":1.3976},
{"Node_id":1088,"weight":1.7504},
{"Node_id":1089,"weight":1.6853},
{"Node_id":1090,"weight":1.9868},
{"Node_id":1091,"weight":2.1589},
{"Node_id":1092,"weight":2.3149},
{"Node_id":1093,"weight":2.3879},
{"Node_id":1094,"weight":4.8458},
{"Node_id":1095,"weight":1.4915},
{"Node_id":1096,"weight":2.239},
{"Node_id":1097,"weight":2.1643},
{"Node_id":1098,"weight":2.5489},
{"Node_id":1099,"weight":1.6649},
{"Node_id":1100,"weight":1.6702},
{"Node_id":1101,"weight":3.5657},
{"Node_id":1102,"weight":1.9783},
{"Node_id":1103,"weight":1.7939},
{"Node_id":1104,"weight":5.3771},
{"Node_id":1105,"weight":2.0456},
{"Node_id":1106,"weight":3.4969},
{"Node_id":1107,"weight":2.0456},
{"Node_id":1119,"weight":2.0948},
{"Node_id":1120,"weight":2.0525},
{"Node_id":1121,"weight":5.0609},
{"Node_id":1122,"weight":4.3066},
{"Node_id":1123,"weight":3.1099},
{"Node_id":1124,"weight":2.6131},
{"Node_id":1125,"weight":1.8245},
{"Node_id":1126,"weight":1.8245},
{"Node_id":1127,"weight":1.4455},
{"Node_id":1154,"weight":2.145},
{"Node_id":1155,"weight":3.055},
{"Node_id":1225,"weight":2.3088},
{"Node_id":1226,"weight":1.5252},
{"Node_id":1227,"weight":1.9487},
{"Node_id":1228,"weight":1.513},
{"Node_id":1229,"weight":1.6597},
{"Node_id":1230,"weight":2.2402},
{"Node_id":1231,"weight":3.2342},
{"Node_id":1232,"weight":2.2787},
{"Node_id":1233,"weight":2.173},
{"Node_id":1234,"weight":4.3297},
{"Node_id":1235,"weight":2.7586},
{"Node_id":1236,"weight":1.8295},
{"Node_id":1237,"weight":2.6596},
{"Node_id":1238,"weight":2.3508},
{"Node_id":1239,"weight":5.2734},
{"Node_id":1240,"weight":3.9072},
{"Node_id":1241,"weight":5.7732},
{"Node_id":1242,"weight":1.3951},
{"Node_id":1268,"weight":3.2205},
{"Node_id":1269,"weight":1.5779},
{"Node_id":1270,"weight":3.9495},
{"Node_id":1271,"weight":2.0918},
{"Node_id":1272,"weight":1.7833},
{"Node_id":1273,"weight":1.4795},
{"Node_id":1274,"weight":1.3907},
{"Node_id":1275,"weight":1.5694},
{"Node_id":1276,"weight":1.6762},
{"Node_id":1277,"weight":2.8267},
{"Node_id":1278,"weight":2.1785},
{"Node_id":1279,"weight":1.6171},
{"Node_id":1280,"weight":1.3882},
{"Node_id":1281,"weight":4.7242},
{"Node_id":1282,"weight":2.5415},
{"Node_id":1283,"weight":2.0397},
{"Node_id":1284,"weight":1.58},
{"Node_id":1285,"weight":1.5437},
{"Node_id":1286,"weight":1.8295},
{"Node_id":1287,"weight":2.4698},
{"Node_id":1288,"weight":1.9305},
{"Node_id":1289,"weight":3.8132},
{"Node_id":1290,"weight":1.9036},
{"Node_id":1291,"weight":1.8054},
{"Node_id":1292,"weight":1.6244},
{"Node_id":1293,"weight":1.5506},
{"Node_id":1294,"weight":1.8851},
{"Node_id":1295,"weight":1.6471},
{"Node_id":1296,"weight":3.1912},
{"Node_id":1297,"weight":1.5687},
{"Node_id":1298,"weight":1.4598},
{"Node_id":1299,"weight":2.2344},
{"Node_id":1300,"weight":2.0048},
{"Node_id":1301,"weight":2.5094},
{"Node_id":1302,"weight":2.1796},
{"Node_id":1319,"weight":6.1171},
{"Node_id":1320,"weight":1.7623},
{"Node_id":1321,"weight":1.4481},
{"Node_id":1324,"weight":4.7592},
{"Node_id":1325,"weight":2.2129},
{"Node_id":1409,"weight":3.1651},
{"Node_id":1410,"weight":2.3284},
{"Node_id":1476,"weight":3.7313},
{"Node_id":1513,"weight":1.3932},
{"Node_id":1567,"weight":1.822},
{"Node_id":1568,"weight":1.7464},
{"Node_id":1595,"weight":1.3913},
{"Node_id":1617,"weight":1.5779},
{"Node_id":1682,"weight":2.8458},
{"Node_id":1835,"weight":1.6936},
{"Node_id":1946,"weight":1.8379},
{"Node_id":1947,"weight":1.9802},
{"Node_id":1973,"weight":1.3894},
{"Node_id":1974,"weight":1.9746},
{"Node_id":1986,"weight":1.8834},
{"Node_id":2021,"weight":2.5268},
{"Node_id":2022,"weight":1.469},
{"Node_id":2023,"weight":2.8229},
{"Node_id":2024,"weight":3.3197},
{"Node_id":2025,"weight":3.5289},
{"Node_id":2026,"weight":1.6013},
{"Node_id":2027,"weight":1.5204},
{"Node_id":2028,"weight":3.5807},
{"Node_id":2029,"weight":2.0605},
{"Node_id":2030,"weight":1.7036},
{"Node_id":2031,"weight":1.7206},
{"Node_id":2032,"weight":2.1302},
{"Node_id":2033,"weight":1.7881},
{"Node_id":2034,"weight":1.7159},
{"Node_id":2035,"weight":4.3297},
{"Node_id":2036,"weight":1.6493},
{"Node_id":2037,"weight":1.7206},
{"Node_id":2040,"weight":1.5624},
{"Node_id":2041,"weight":1.6013},
{"Node_id":2042,"weight":4.6363},
{"Node_id":2049,"weight":2.7029},
{"Node_id":2050,"weight":3.504},
{"Node_id":2051,"weight":1.6553},
{"Node_id":2052,"weight":1.5715},
{"Node_id":2053,"weight":1.9423},
{"Node_id":2054,"weight":1.4481},
{"Node_id":2055,"weight":1.4494},
{"Node_id":2056,"weight":1.5575},
{"Node_id":2057,"weight":5.045},
{"Node_id":2058,"weight":2.1687},
{"Node_id":2059,"weight":1.9915},
{"Node_id":2060,"weight":2.7132},
{"Node_id":2061,"weight":1.9296},
{"Node_id":2062,"weight":2.1072},
{"Node_id":2063,"weight":3.842},
{"Node_id":2064,"weight":1.9259},
{"Node_id":2065,"weight":2.2344},
{"Node_id":2066,"weight":1.5757},
{"Node_id":2067,"weight":2.9852},
{"Node_id":2068,"weight":2.102},
{"Node_id":2069,"weight":1.9423},
{"Node_id":2070,"weight":1.8557},
{"Node_id":2071,"weight":2.2517},
{"Node_id":2072,"weight":2.6911},
{"Node_id":2073,"weight":4.1513},
{"Node_id":2074,"weight":2.9786},
{"Node_id":2075,"weight":5.5957},
{"Node_id":2076,"weight":1.8362},
{"Node_id":2077,"weight":2.7201},
{"Node_id":2078,"weight":2.1796},
{"Node_id":2079,"weight":1.8904},
{"Node_id":2080,"weight":3.2992},
{"Node_id":2081,"weight":1.9764},
{"Node_id":2082,"weight":1.7963},
{"Node_id":2083,"weight":2.1},
{"Node_id":2084,"weight":2.3321},
{"Node_id":2085,"weight":2.3584},
{"Node_id":2086,"weight":3.0574},
{"Node_id":2087,"weight":2.3866},
{"Node_id":2088,"weight":1.5245},
{"Node_id":2089,"weight":1.8387},
{"Node_id":2090,"weight":3.4095},
{"Node_id":2091,"weight":1.9943},
{"Node_id":2170,"weight":2.0416},
{"Node_id":2171,"weight":2.127},
{"Node_id":2172,"weight":2.6811},
{"Node_id":2173,"weight":1.8695},
{"Node_id":2174,"weight":2.0309},
{"Node_id":2175,"weight":2.1124},
{"Node_id":2176,"weight":4.5653},
{"Node_id":2177,"weight":2.3996},
{"Node_id":2178,"weight":1.4881},
{"Node_id":2179,"weight":2.7287},
{"Node_id":2180,"weight":3.0905},
{"Node_id":2181,"weight":2.0887},
{"Node_id":2182,"weight":1.4513},
{"Node_id":2218,"weight":3.4624},
{"Node_id":2219,"weight":1.4147},
{"Node_id":2220,"weight":1.552},
{"Node_id":2221,"weight":3.0139},
{"Node_id":2222,"weight":4.1064},
{"Node_id":2223,"weight":3.6595},
{"Node_id":2224,"weight":1.7276},
{"Node_id":2255,"weight":2.4533},
{"Node_id":2256,"weight":2.4221},
{"Node_id":2257,"weight":2.9011},
{"Node_id":2258,"weight":2.274},
{"Node_id":2259,"weight":2.8691},
{"Node_id":2260,"weight":1.397},
{"Node_id":2261,"weight":1.8992},
{"Node_id":2262,"weight":1.5157},
{"Node_id":2263,"weight":2.8496},
{"Node_id":2264,"weight":1.8295},
{"Node_id":2265,"weight":1.6273},
{"Node_id":2310,"weight":1.3982},
{"Node_id":2331,"weight":1.699},
{"Node_id":2332,"weight":2.1176},
{"Node_id":2339,"weight":2.7462},
{"Node_id":2340,"weight":2.1796},
{"Node_id":2341,"weight":2.1218},
{"Node_id":2342,"weight":1.532},
{"Node_id":2343,"weight":2.8496},
{"Node_id":2344,"weight":3.8038},
{"Node_id":2345,"weight":1.9241},
{"Node_id":2346,"weight":3.5004},
{"Node_id":2347,"weight":2.3635},
{"Node_id":2348,"weight":1.4513},
{"Node_id":2349,"weight":1.5218},
{"Node_id":2350,"weight":1.6951},
{"Node_id":2351,"weight":1.9089},
{"Node_id":2354,"weight":2.1557},
{"Node_id":2355,"weight":3.0857},
{"Node_id":2356,"weight":2.5852},
{"Node_id":2357,"weight":4.7242},
{"Node_id":2358,"weight":1.956},
{"Node_id":2359,"weight":2.8535},
{"Node_id":2360,"weight":2.1972},
{"Node_id":2361,"weight":2.3609},
{"Node_id":2362,"weight":3.1347},
{"Node_id":2363,"weight":1.9981},
{"Node_id":2364,"weight":4.9264},
{"Node_id":2365,"weight":2.2979},
{"Node_id":2366,"weight":3.5217},
{"Node_id":2367,"weight":2.4909},
{"Node_id":2368,"weight":1.5191},
{"Node_id":2369,"weight":2.1302},
{"Node_id":2370,"weight":1.6967},
{"Node_id":2371,"weight":2.61},
{"Node_id":2372,"weight":2.1493},
{"Node_id":2373,"weight":2.2895},
{"Node_id":2374,"weight":3.1075},
{"Node_id":2375,"weight":1.5444},
{"Node_id":2376,"weight":1.5177},
{"Node_id":2377,"weight":1.4683},
{"Node_id":2380,"weight":1.587},
{"Node_id":2381,"weight":2.5714},
{"Node_id":2382,"weight":1.5527},
{"Node_id":2383,"weight":2.7894},
{"Node_id":2384,"weight":1.4147},
{"Node_id":2385,"weight":1.6739},
{"Node_id":2386,"weight":1.7906},
{"Node_id":2387,"weight":6.264},
{"Node_id":2388,"weight":2.4075},
{"Node_id":2393,"weight":6.2126},
{"Node_id":2394,"weight":3.0072},
{"Node_id":2395,"weight":3.8275},
{"Node_id":2396,"weight":3.5362},
{"Node_id":2397,"weight":1.9287},
{"Node_id":2398,"weight":2.5836},
{"Node_id":2399,"weight":2.0202},
{"Node_id":2400,"weight":1.9305},
{"Node_id":2401,"weight":1.4749},
{"Node_id":2402,"weight":2.2967},
{"Node_id":2403,"weight":2.9195},
{"Node_id":2495,"weight":2.3271},
{"Node_id":2496,"weight":1.7535},
{"Node_id":2506,"weight":3.0343},
{"Node_id":2510,"weight":2.2835},
{"Node_id":2511,"weight":6.9068},
{"Node_id":2512,"weight":1.8678},
{"Node_id":2516,"weight":2.7218},
{"Node_id":2517,"weight":1.8404},
{"Node_id":2518,"weight":1.3944},
{"Node_id":2519,"weight":2.2587},
{"Node_id":2520,"weight":1.7074},
{"Node_id":2521,"weight":3.776},
{"Node_id":2522,"weight":4.6363},
{"Node_id":2523,"weight":3.9936},
{"Node_id":2524,"weight":2.231},
{"Node_id":2525,"weight":1.7028},
{"Node_id":2526,"weight":1.9386},
{"Node_id":2527,"weight":1.7144},
{"Node_id":2528,"weight":1.6442},
{"Node_id":2533,"weight":1.4191},
{"Node_id":2534,"weight":1.6229},
{"Node_id":2535,"weight":1.7417},
{"Node_id":2536,"weight":3.6636},
{"Node_id":2537,"weight":1.6853},
{"Node_id":2538,"weight":2.2402},
{"Node_id":2539,"weight":5.4217},
{"Node_id":2561,"weight":2.3234},
{"Node_id":2580,"weight":5.3555},
{"Node_id":2581,"weight":2.441},
{"Node_id":2582,"weight":1.5506},
{"Node_id":2583,"weight":2.9874},
{"Node_id":2593,"weight":1.7971},
{"Node_id":2594,"weight":1.6442},
{"Node_id":2595,"weight":1.3869},
{"Node_id":2599,"weight":2.2253},
{"Node_id":2600,"weight":3.2619},
{"Node_id":2601,"weight":3.0252},
{"Node_id":2617,"weight":1.886},
{"Node_id":2618,"weight":2.0887},
{"Node_id":2625,"weight":1.6545},
{"Node_id":2626,"weight":1.9905},
{"Node_id":2627,"weight":2.1312},
{"Node_id":2640,"weight":1.6013},
{"Node_id":2641,"weight":2.2705},
{"Node_id":2642,"weight":2.3259},
{"Node_id":2643,"weight":1.5015},
{"Node_id":2644,"weight":1.6339},
{"Node_id":2645,"weight":4.4716},
{"Node_id":2646,"weight":2.0897},
{"Node_id":2647,"weight":2.1665},
{"Node_id":2648,"weight":2.5836},
{"Node_id":2649,"weight":1.9578},
{"Node_id":2650,"weight":3.7991},
{"Node_id":2651,"weight":2.3559},
{"Node_id":2652,"weight":2.3996},
{"Node_id":2653,"weight":1.4982},
{"Node_id":2654,"weight":1.6605},
{"Node_id":2655,"weight":1.9802},
{"Node_id":2656,"weight":2.2129},
{"Node_id":2657,"weight":2.9215},
{"Node_id":2658,"weight":2.5944},
{"Node_id":2661,"weight":2.9614},
{"Node_id":2662,"weight":2.1072},
{"Node_id":2666,"weight":1.8021},
{"Node_id":2730,"weight":2.9133},
{"Node_id":2731,"weight":1.5076},
{"Node_id":2732,"weight":2.3622},
{"Node_id":2733,"weight":2.9423},
{"Node_id":2734,"weight":2.9874},
{"Node_id":2735,"weight":2.0826},
{"Node_id":2736,"weight":1.726},
{"Node_id":2737,"weight":1.7433},
{"Node_id":2738,"weight":2.223},
{"Node_id":2739,"weight":2.7081},
{"Node_id":2740,"weight":2.936},
{"Node_id":2744,"weight":1.9905},
{"Node_id":2745,"weight":1.9018},
{"Node_id":2746,"weight":4.1711},
{"Node_id":2747,"weight":1.4683},
{"Node_id":2748,"weight":2.0695},
{"Node_id":2770,"weight":3.8085},
{"Node_id":2771,"weight":1.3894},
{"Node_id":2772,"weight":4.6053},
{"Node_id":2773,"weight":4.4896},
{"Node_id":2774,"weight":3.4591},
{"Node_id":2775,"weight":2.2859},
{"Node_id":2776,"weight":1.5076},
{"Node_id":2777,"weight":1.6085},
{"Node_id":2778,"weight":1.4134},
{"Node_id":2779,"weight":2.0555},
{"Node_id":2783,"weight":1.9615},
{"Node_id":2784,"weight":2.1397},
{"Node_id":2785,"weight":2.885},
{"Node_id":2786,"weight":2.3673},
{"Node_id":2787,"weight":1.9359},
{"Node_id":2790,"weight":1.812},
{"Node_id":2791,"weight":2.3471},
{"Node_id":2792,"weight":2.1525},
{"Node_id":2793,"weight":2.2979},
{"Node_id":2794,"weight":4.9264},
{"Node_id":2795,"weight":3.4591},
{"Node_id":2796,"weight":3.4865},
{"Node_id":2797,"weight":2.2716},
{"Node_id":2798,"weight":1.5878},
{"Node_id":2799,"weight":4.9126},
{"Node_id":2800,"weight":1.3951},
{"Node_id":2801,"weight":2.2599},
{"Node_id":2802,"weight":2.1983},
{"Node_id":2803,"weight":1.6694},
{"Node_id":2804,"weight":2.0836},
{"Node_id":2805,"weight":1.8532},
{"Node_id":2806,"weight":2.5564},
{"Node_id":2807,"weight":2.4089},
{"Node_id":2808,"weight":2.1514},
{"Node_id":2811,"weight":1.4565},
{"Node_id":2813,"weight":3.1247},
{"Node_id":2815,"weight":2.4221},
{"Node_id":2816,"weight":1.7639},
{"Node_id":2817,"weight":2.6962},
{"Node_id":2827,"weight":3.8666},
{"Node_id":2828,"weight":1.5471},
{"Node_id":2829,"weight":1.6898},
{"Node_id":2830,"weight":1.3951},
{"Node_id":2831,"weight":1.6449},
{"Node_id":2832,"weight":2.0705},
{"Node_id":2833,"weight":1.8575},
{"Node_id":2834,"weight":3.2178},
{"Node_id":2835,"weight":2.6337},
{"Node_id":2836,"weight":2.5489},
{"Node_id":2837,"weight":2.0635},
{"Node_id":2838,"weight":2.6194},
{"Node_id":2839,"weight":1.656},
{"Node_id":2840,"weight":2.1939},
{"Node_id":2841,"weight":1.5694},
{"Node_id":2842,"weight":1.7631},
{"Node_id":2843,"weight":1.4255},
{"Node_id":2844,"weight":3.9441},
{"Node_id":2845,"weight":1.4268},
{"Node_id":2846,"weight":1.4403},
{"Node_id":2847,"weight":2.7081},
{"Node_id":2848,"weight":1.6383},
{"Node_id":2849,"weight":1.4808},
{"Node_id":2850,"weight":1.7496},
{"Node_id":2853,"weight":2.7115},
{"Node_id":2856,"weight":2.0655},
{"Node_id":2857,"weight":1.6694},
{"Node_id":2858,"weight":1.5771},
{"Node_id":2859,"weight":1.86},
{"Node_id":2860,"weight":5.7732},
{"Node_id":2861,"weight":4.2402},
{"Node_id":2862,"weight":2.5594},
{"Node_id":2899,"weight":2.2196},
{"Node_id":2900,"weight":2.6178},
{"Node_id":2901,"weight":4.5951},
{"Node_id":2902,"weight":3.7898},
{"Node_id":2903,"weight":2.9678},
{"Node_id":2939,"weight":3.4934},
{"Node_id":2940,"weight":1.7315},
{"Node_id":2941,"weight":1.8103},
{"Node_id":2942,"weight":2.6695},
{"Node_id":2943,"weight":1.5673},
{"Node_id":2944,"weight":3.5732},
{"Node_id":2945,"weight":2.0338},
{"Node_id":2946,"weight":2.8652},
{"Node_id":2947,"weight":2.3395},
{"Node_id":2948,"weight":2.4574},
{"Node_id":2949,"weight":3.1099},
{"Node_id":2950,"weight":2.5944},
{"Node_id":2951,"weight":2.1557},
{"Node_id":2952,"weight":3.449},
{"Node_id":2953,"weight":3.7991},
{"Node_id":2954,"weight":1.8712},
{"Node_id":2955,"weight":5.3992},
{"Node_id":2956,"weight":1.8913},
{"Node_id":2959,"weight":2.0231},
{"Node_id":2960,"weight":1.9359},
{"Node_id":2961,"weight":1.4306},
{"Node_id":2962,"weight":3.3438},
{"Node_id":2963,"weight":3.1807},
{"Node_id":2964,"weight":1.467},
{"Node_id":2965,"weight":3.0095},
{"Node_id":2968,"weight":2.5224},
{"Node_id":2969,"weight":2.0645},
{"Node_id":2970,"weight":1.5513},
{"Node_id":2971,"weight":2.5745},
{"Node_id":2972,"weight":1.4756},
{"Node_id":3001,"weight":2.4451},
{"Node_id":3002,"weight":2.239},
{"Node_id":3003,"weight":2.879},
{"Node_id":3004,"weight":1.879},
{"Node_id":3005,"weight":3.8469},
{"Node_id":3006,"weight":1.9662},
{"Node_id":3007,"weight":1.5849},
{"Node_id":3010,"weight":2.401},
{"Node_id":3020,"weight":1.7159},
{"Node_id":3021,"weight":1.5062},
{"Node_id":3022,"weight":2.3609},
{"Node_id":3023,"weight":1.7752},
{"Node_id":3024,"weight":2.0115},
{"Node_id":3025,"weight":1.8087},
{"Node_id":3026,"weight":1.4396},
{"Node_id":3027,"weight":2.1862},
{"Node_id":3028,"weight":2.0846},
{"Node_id":3029,"weight":3.1148},
{"Node_id":3030,"weight":1.5252},
{"Node_id":3031,"weight":4.2546},
{"Node_id":3032,"weight":4.0514},
{"Node_id":3033,"weight":2.6482},
{"Node_id":3034,"weight":1.983},
{"Node_id":3035,"weight":1.712},
{"Node_id":3036,"weight":6.6441},
{"Node_id":3115,"weight":3.7898},
{"Node_id":3116,"weight":1.9736},
{"Node_id":3119,"weight":1.4941},
{"Node_id":3120,"weight":3.504},
{"Node_id":3121,"weight":1.5715},
{"Node_id":3122,"weight":3.3652},
{"Node_id":3123,"weight":2.6645},
{"Node_id":3124,"weight":4.0634},
{"Node_id":3125,"weight":3.2178},
{"Node_id":3126,"weight":2.3003},
{"Node_id":3127,"weight":2.6695},
{"Node_id":3128,"weight":4.3614},
{"Node_id":3129,"weight":6.1171},
{"Node_id":3130,"weight":2.3699},
{"Node_id":3131,"weight":3.7806},
{"Node_id":3132,"weight":2.2219},
{"Node_id":3133,"weight":3.6352},
{"Node_id":3134,"weight":1.6171},
{"Node_id":3135,"weight":3.9713},
{"Node_id":3136,"weight":1.983},
{"Node_id":3137,"weight":2.4866},
{"Node_id":3138,"weight":1.5603},
{"Node_id":3139,"weight":5.6232},
{"Node_id":3140,"weight":3.5075},
{"Node_id":3143,"weight":2.5283},
{"Node_id":3144,"weight":1.4435},
{"Node_id":3145,"weight":1.9708},
{"Node_id":3146,"weight":1.7385},
{"Node_id":3147,"weight":2.1546},
{"Node_id":3153,"weight":2.7081},
{"Node_id":3154,"weight":2.0545},
{"Node_id":3155,"weight":3.3591},
{"Node_id":3156,"weight":2.0318},
{"Node_id":3157,"weight":3.7624},
{"Node_id":3158,"weight":2.0918},
{"Node_id":3159,"weight":3.4624},
{"Node_id":3160,"weight":2.6353},
{"Node_id":3161,"weight":2.0755},
{"Node_id":3162,"weight":2.6353},
{"Node_id":3163,"weight":1.4795},
{"Node_id":3164,"weight":1.7599},
{"Node_id":3165,"weight":1.4306},
{"Node_id":3166,"weight":1.78},
{"Node_id":3167,"weight":2.0221},
{"Node_id":3168,"weight":1.4332},
{"Node_id":3169,"weight":2.8248},
{"Node_id":3170,"weight":3.2452},
{"Node_id":3174,"weight":2.0595},
{"Node_id":3175,"weight":3.1912},
{"Node_id":3178,"weight":1.6288},
{"Node_id":3179,"weight":1.5743},
{"Node_id":3180,"weight":3.9713},
{"Node_id":3211,"weight":1.5828},
{"Node_id":3212,"weight":2.0309},
{"Node_id":3213,"weight":1.4663},
{"Node_id":3214,"weight":1.7082},
{"Node_id":3215,"weight":1.4928},
{"Node_id":3218,"weight":2.9113},
{"Node_id":3219,"weight":1.5231},
{"Node_id":3220,"weight":2.8116},
{"Node_id":3221,"weight":1.5062},
{"Node_id":3222,"weight":2.7166},
{"Node_id":3223,"weight":2.3458},
{"Node_id":3224,"weight":2.5181},
{"Node_id":3225,"weight":2.7857},
{"Node_id":3226,"weight":1.6739},
{"Node_id":3227,"weight":2.2646},
{"Node_id":3228,"weight":4.9548},
{"Node_id":3229,"weight":3.4456},
{"Node_id":3230,"weight":1.7028},
{"Node_id":3231,"weight":2.0348},
{"Node_id":3232,"weight":2.5066},
{"Node_id":3233,"weight":1.68},
{"Node_id":3234,"weight":1.9802},
{"Node_id":3235,"weight":4.2331},
{"Node_id":3236,"weight":2.2106},
{"Node_id":3237,"weight":2.3699},
{"Node_id":3238,"weight":4.2619},
{"Node_id":3239,"weight":2.2017},
{"Node_id":3240,"weight":2.441},
{"Node_id":3241,"weight":1.602},
{"Node_id":3242,"weight":2.1939},
{"Node_id":3249,"weight":2.0625},
{"Node_id":3250,"weight":2.4712},
{"Node_id":3251,"weight":2.4698},
{"Node_id":3252,"weight":2.645},
{"Node_id":3253,"weight":2.0348},
{"Node_id":3257,"weight":1.6739},
{"Node_id":3258,"weight":2.0735},
{"Node_id":3259,"weight":1.5506},
{"Node_id":3260,"weight":3.0343},
{"Node_id":3261,"weight":2.5474},
{"Node_id":3262,"weight":1.5701},
{"Node_id":3263,"weight":2.0358},
{"Node_id":3264,"weight":3.9441},
{"Node_id":3265,"weight":2.5385},
{"Node_id":3266,"weight":1.866},
{"Node_id":3267,"weight":1.8506},
{"Node_id":3268,"weight":2.877},
{"Node_id":3269,"weight":1.5204},
{"Node_id":3348,"weight":1.7776},
{"Node_id":3349,"weight":2.8613},
{"Node_id":3350,"weight":1.5934},
{"Node_id":3375,"weight":2.6563},
{"Node_id":3376,"weight":1.8261},
{"Node_id":3455,"weight":1.8286},
{"Node_id":3456,"weight":2.1407},
{"Node_id":3457,"weight":2.4115},
{"Node_id":3458,"weight":2.5297},
{"Node_id":3459,"weight":1.7639},
{"Node_id":3491,"weight":1.3982},
{"Node_id":3492,"weight":2.5699},
{"Node_id":3493,"weight":1.7005},
{"Node_id":3550,"weight":3.005},
{"Node_id":3551,"weight":1.5035},
{"Node_id":3596,"weight":6.3182},
{"Node_id":3597,"weight":1.7512},
{"Node_id":3598,"weight":5.5957},
{"Node_id":3599,"weight":1.4749},
{"Node_id":3600,"weight":4.1846},
{"Node_id":3601,"weight":2.9571},
{"Node_id":3602,"weight":1.4507},
{"Node_id":3603,"weight":4.4988},
{"Node_id":3604,"weight":2.0715},
{"Node_id":3605,"weight":1.7528},
{"Node_id":3606,"weight":1.6747},
{"Node_id":3607,"weight":1.6295},
{"Node_id":3608,"weight":3.3871},
{"Node_id":3609,"weight":1.9551},
{"Node_id":3610,"weight":2.6006},
{"Node_id":3613,"weight":1.6936},
{"Node_id":3614,"weight":2.1103},
{"Node_id":3615,"weight":2.1376},
{"Node_id":3616,"weight":1.6405},
{"Node_id":3617,"weight":2.4671},
{"Node_id":3618,"weight":1.5423},
{"Node_id":3619,"weight":1.4624},
{"Node_id":3620,"weight":6.3182},
{"Node_id":3646,"weight":2.2529},
{"Node_id":3671,"weight":3.6352},
{"Node_id":3686,"weight":4.3297},
{"Node_id":3687,"weight":2.0585},
{"Node_id":3690,"weight":2.1643},
{"Node_id":3691,"weight":3.6115},
{"Node_id":3692,"weight":1.854},
{"Node_id":3693,"weight":2.7515},
{"Node_id":3694,"weight":1.8738},
{"Node_id":3695,"weight":2.0846},
{"Node_id":3698,"weight":2.1983},
{"Node_id":3699,"weight":1.5666},
{"Node_id":3700,"weight":3.9658},
{"Node_id":3701,"weight":1.886},
{"Node_id":3702,"weight":1.7955},
{"Node_id":3703,"weight":2.3173},
{"Node_id":3704,"weight":1.9441},
{"Node_id":3705,"weight":1.5279},
{"Node_id":3706,"weight":2.2017},
{"Node_id":3707,"weight":1.5204},
{"Node_id":3708,"weight":2.6596},
{"Node_id":3709,"weight":2.9939},
{"Node_id":3710,"weight":1.5764},
{"Node_id":3711,"weight":1.5123},
{"Node_id":3712,"weight":2.5729},
{"Node_id":3713,"weight":2.1578},
{"Node_id":3714,"weight":2.1407},
{"Node_id":3715,"weight":1.6353},
{"Node_id":3716,"weight":2.3892},
{"Node_id":3717,"weight":2.3039},
{"Node_id":3718,"weight":2.7046},
{"Node_id":3719,"weight":1.6164},
{"Node_id":3720,"weight":1.8295},
{"Node_id":3721,"weight":3.6273},
{"Node_id":3722,"weight":2.9195},
{"Node_id":3727,"weight":1.8566},
{"Node_id":3728,"weight":2.2483},
{"Node_id":3729,"weight":2.2174},
{"Node_id":3730,"weight":2.3533},
{"Node_id":3731,"weight":3.0028},
{"Node_id":3732,"weight":1.5471},
{"Node_id":3733,"weight":3.2017},
{"Node_id":3734,"weight":2.366},
{"Node_id":3735,"weight":2.9195},
{"Node_id":3736,"weight":2.6466},
{"Node_id":3737,"weight":3.416},
{"Node_id":3738,"weight":1.4236},
{"Node_id":3739,"weight":4.0455},
{"Node_id":3740,"weight":2.1687},
{"Node_id":3743,"weight":1.4968},
{"Node_id":3744,"weight":1.5631},
{"Node_id":3745,"weight":2.6482},
{"Node_id":3746,"weight":2.2811},
{"Node_id":3747,"weight":3.5884},
{"Node_id":3748,"weight":1.9746},
{"Node_id":3749,"weight":3.449},
{"Node_id":3750,"weight":1.9332},
{"Node_id":3751,"weight":2.223},
{"Node_id":3752,"weight":2.7931},
{"Node_id":3758,"weight":3.1651},
{"Node_id":3759,"weight":1.4928},
{"Node_id":3763,"weight":3.1124},
{"Node_id":3764,"weight":3.1002},
{"Node_id":3765,"weight":2.2028},
{"Node_id":3766,"weight":3.9124},
{"Node_id":3767,"weight":3.8372},
{"Node_id":3768,"weight":2.7694},
{"Node_id":3769,"weight":4.0574},
{"Node_id":3770,"weight":7.418},
{"Node_id":3773,"weight":2.4288},
{"Node_id":3774,"weight":4.0514},
{"Node_id":3775,"weight":1.5293},
{"Node_id":3776,"weight":1.5396},
{"Node_id":3779,"weight":1.7939},
{"Node_id":3780,"weight":2.4329},
{"Node_id":3795,"weight":1.4598},
{"Node_id":3796,"weight":2.4155},
{"Node_id":3799,"weight":8.1114},
{"Node_id":3800,"weight":1.6434},
{"Node_id":3803,"weight":2.0067},
{"Node_id":3804,"weight":2.0019},
{"Node_id":3805,"weight":3.6432},
{"Node_id":3806,"weight":2.1884},
{"Node_id":3807,"weight":2.2174},
{"Node_id":3808,"weight":2.0836},
{"Node_id":3809,"weight":2.0289},
{"Node_id":3810,"weight":2.6777},
{"Node_id":3811,"weight":2.9465},
{"Node_id":3832,"weight":1.7028},
{"Node_id":3833,"weight":1.7013},
{"Node_id":3834,"weight":2.4356},
{"Node_id":3835,"weight":1.6747},
{"Node_id":3836,"weight":1.4736},
{"Node_id":3837,"weight":2.1145},
{"Node_id":3838,"weight":1.5029},
{"Node_id":3839,"weight":1.5409},
{"Node_id":3840,"weight":1.8669},
{"Node_id":3841,"weight":3.8227},
{"Node_id":3842,"weight":1.7409},
{"Node_id":3843,"weight":2.6037},
{"Node_id":3844,"weight":2.7912},
{"Node_id":3845,"weight":1.9468},
{"Node_id":3846,"weight":4.9989},
{"Node_id":3847,"weight":1.4855},
{"Node_id":3848,"weight":1.843},
{"Node_id":3849,"weight":1.8773},
{"Node_id":3850,"weight":2.8633},
{"Node_id":3851,"weight":6.3182},
{"Node_id":3852,"weight":2.2196},
{"Node_id":3853,"weight":3.1002},
{"Node_id":3854,"weight":1.5306},
{"Node_id":3855,"weight":3.3591},
{"Node_id":3856,"weight":1.5347},
{"Node_id":3857,"weight":1.4468},
{"Node_id":3858,"weight":1.6649},
{"Node_id":3859,"weight":1.7599},
{"Node_id":3860,"weight":2.2425},
{"Node_id":3861,"weight":2.0615},
{"Node_id":3862,"weight":1.3875},
{"Node_id":3863,"weight":2.321},
{"Node_id":3864,"weight":4.4538},
{"Node_id":3865,"weight":1.4789},
{"Node_id":3866,"weight":1.4572},
{"Node_id":3867,"weight":2.6678},
{"Node_id":3868,"weight":6.5008},
{"Node_id":3869,"weight":5.4685},
{"Node_id":3870,"weight":1.7575},
{"Node_id":3871,"weight":1.9662},
{"Node_id":3872,"weight":1.532},
{"Node_id":3873,"weight":1.5002},
{"Node_id":3874,"weight":1.4578},
{"Node_id":3875,"weight":4.3858},
{"Node_id":3878,"weight":3.2876},
{"Node_id":3879,"weight":3.6885},
{"Node_id":3880,"weight":2.0058},
{"Node_id":3881,"weight":2.0397},
{"Node_id":3882,"weight":1.6523},
{"Node_id":3883,"weight":6.4362},
{"Node_id":3884,"weight":1.86},
{"Node_id":3885,"weight":1.6959},
{"Node_id":3886,"weight":2.1643},
{"Node_id":3887,"weight":1.5736},
{"Node_id":4005,"weight":1.6822},
{"Node_id":4006,"weight":1.9395},
{"Node_id":4007,"weight":1.5245},
{"Node_id":4008,"weight":3.6554},
{"Node_id":4009,"weight":3.3714},
{"Node_id":4012,"weight":1.4585},
{"Node_id":4067,"weight":1.6982},
{"Node_id":4068,"weight":2.1093},
{"Node_id":4069,"weight":2.2669},
{"Node_id":4070,"weight":2.521},
{"Node_id":4071,"weight":1.9839},
{"Node_id":4072,"weight":2.4248},
{"Node_id":4073,"weight":1.752},
{"Node_id":4074,"weight":2.576},
{"Node_id":4130,"weight":2.4383},
{"Node_id":4131,"weight":1.9934},
{"Node_id":4132,"weight":1.8913},
{"Node_id":4133,"weight":4.4108},
{"Node_id":4134,"weight":1.9597},
{"Node_id":4135,"weight":1.659},
{"Node_id":4142,"weight":1.9223},
{"Node_id":4143,"weight":2.0173},
{"Node_id":4144,"weight":3.9604},
{"Node_id":4252,"weight":2.7986},
{"Node_id":4253,"weight":2.579},
{"Node_id":4254,"weight":2.205},
{"Node_id":4255,"weight":3.504},
{"Node_id":4256,"weight":1.4624},
{"Node_id":4262,"weight":3.6554},
{"Node_id":4263,"weight":5.8753},
{"Node_id":4264,"weight":2.7046},
{"Node_id":4265,"weight":1.4422},
{"Node_id":4266,"weight":3.4899},
{"Node_id":4267,"weight":2.6995},
{"Node_id":4268,"weight":3.0833},
{"Node_id":4269,"weight":1.6501},
{"Node_id":4270,"weight":2.5609},
{"Node_id":4271,"weight":2.4049},
{"Node_id":4272,"weight":2.2276},
{"Node_id":4273,"weight":3.248},
{"Node_id":4274,"weight":2.1376},
{"Node_id":4275,"weight":1.5694},
{"Node_id":4276,"weight":1.901},
{"Node_id":4277,"weight":1.9792},
{"Node_id":4278,"weight":1.9487},
{"Node_id":4279,"weight":3.1026},
{"Node_id":4280,"weight":1.4172},
{"Node_id":4287,"weight":3.1807},
{"Node_id":4288,"weight":3.0762},
{"Node_id":4289,"weight":4.1383},
{"Node_id":4290,"weight":1.683},
{"Node_id":4291,"weight":2.4615},
{"Node_id":4292,"weight":1.719},
{"Node_id":4293,"weight":2.214},
{"Node_id":4294,"weight":1.7639},
{"Node_id":4295,"weight":1.4709},
{"Node_id":4296,"weight":2.0725},
{"Node_id":4297,"weight":1.517},
{"Node_id":4298,"weight":1.6747},
{"Node_id":4304,"weight":2.027},
{"Node_id":4305,"weight":3.714},
{"Node_id":4306,"weight":2.3112},
{"Node_id":4307,"weight":1.6605},
{"Node_id":4308,"weight":1.9886},
{"Node_id":4309,"weight":4.7832},
{"Node_id":4310,"weight":1.9377},
{"Node_id":4311,"weight":1.8128},
{"Node_id":4321,"weight":1.4115},
{"Node_id":4322,"weight":3.1938},
{"Node_id":4323,"weight":2.5415},
{"Node_id":4324,"weight":1.5548},
{"Node_id":4325,"weight":1.5807},
{"Node_id":4326,"weight":2.2356},
{"Node_id":4327,"weight":2.3136},
{"Node_id":4328,"weight":1.7607},
{"Node_id":4329,"weight":3.4356},
{"Node_id":4330,"weight":2.6728},
{"Node_id":4331,"weight":1.628},
{"Node_id":4332,"weight":1.5225},
{"Node_id":4354,"weight":3.4865},
{"Node_id":4355,"weight":4.226},
{"Node_id":4392,"weight":1.6875},
{"Node_id":4393,"weight":4.6793},
{"Node_id":4394,"weight":1.6792},
{"Node_id":4395,"weight":2.0775},
{"Node_id":4396,"weight":2.6777},
{"Node_id":4397,"weight":3.2619},
{"Node_id":4398,"weight":1.6288},
{"Node_id":4399,"weight":4.8458},
{"Node_id":4400,"weight":1.822},
{"Node_id":4401,"weight":2.6482},
{"Node_id":4402,"weight":4.9264},
{"Node_id":4403,"weight":1.4115},
{"Node_id":4404,"weight":5.11},
{"Node_id":4405,"weight":3.3777},
{"Node_id":4406,"weight":2.2413},
{"Node_id":4407,"weight":2.5195},
{"Node_id":4408,"weight":3.3347},
{"Node_id":4409,"weight":2.1557},
{"Node_id":4410,"weight":1.4921},
{"Node_id":4411,"weight":3.1447},
{"Node_id":4412,"weight":1.6657},
{"Node_id":4413,"weight":3.9604},
{"Node_id":4414,"weight":2.5254},
{"Node_id":4415,"weight":5.2159},
{"Node_id":4416,"weight":2.1546},
{"Node_id":4417,"weight":2.3124},
{"Node_id":4418,"weight":1.5143},
{"Node_id":4419,"weight":3.6718},
{"Node_id":4420,"weight":2.576},
{"Node_id":4421,"weight":2.3879},
{"Node_id":4422,"weight":3.3903},
{"Node_id":4425,"weight":2.2752},
{"Node_id":4426,"weight":2.342},
{"Node_id":4427,"weight":3.3529},
{"Node_id":4428,"weight":1.5423},
{"Node_id":4429,"weight":2.9593},
{"Node_id":4430,"weight":1.6754},
{"Node_id":4431,"weight":3.3621},
{"Node_id":4432,"weight":1.8396},
{"Node_id":4487,"weight":2.2775},
{"Node_id":4488,"weight":2.2859},
{"Node_id":4489,"weight":2.4574},
{"Node_id":4490,"weight":3.0006},
{"Node_id":4491,"weight":2.3149},
{"Node_id":4492,"weight":2.5181},
{"Node_id":4493,"weight":1.5327},
{"Node_id":4494,"weight":1.5143},
{"Node_id":4495,"weight":2.5729},
{"Node_id":4606,"weight":2.9962},
{"Node_id":4617,"weight":2.173},
{"Node_id":4618,"weight":2.9786},
{"Node_id":4619,"weight":2.7322},
{"Node_id":4620,"weight":1.4185},
{"Node_id":4621,"weight":3.1124},
{"Node_id":4624,"weight":2.1386},
{"Node_id":4835,"weight":3.105},
{"Node_id":4836,"weight":2.3699},
{"Node_id":4837,"weight":3.3317},
{"Node_id":4838,"weight":1.5109},
{"Node_id":4841,"weight":3.4258},
{"Node_id":4842,"weight":1.6777},
{"Node_id":4843,"weight":1.5029},
{"Node_id":4844,"weight":2.6979},
{"Node_id":4845,"weight":3.3347},
{"Node_id":4846,"weight":2.1482},
{"Node_id":4847,"weight":2.397},
{"Node_id":4848,"weight":2.9765},
{"Node_id":4849,"weight":1.9588},
{"Node_id":4893,"weight":2.3763},
{"Node_id":4894,"weight":1.4229},
{"Node_id":4895,"weight":3.3347},
{"Node_id":4896,"weight":2.5867},
{"Node_id":4897,"weight":1.9404},
{"Node_id":4898,"weight":1.8904},
{"Node_id":4899,"weight":2.4089},
{"Node_id":4902,"weight":3.8132},
{"Node_id":4903,"weight":2.5579},
{"Node_id":4904,"weight":1.9107},
{"Node_id":4905,"weight":1.4396},
{"Node_id":4906,"weight":2.1632},
{"Node_id":4907,"weight":2.481},
{"Node_id":4908,"weight":3.0667},
{"Node_id":4909,"weight":2.3711},
{"Node_id":4910,"weight":2.1654},
{"Node_id":4911,"weight":1.7213},
{"Node_id":4912,"weight":2.274},
{"Node_id":4913,"weight":1.8387},
{"Node_id":4914,"weight":2.2657},
{"Node_id":4915,"weight":2.3259},
{"Node_id":4954,"weight":1.532},
{"Node_id":4955,"weight":3.5845},
{"Node_id":4956,"weight":1.9551},
{"Node_id":4957,"weight":2.1752},
{"Node_id":4958,"weight":1.8816},
{"Node_id":4959,"weight":2.7374},
{"Node_id":4960,"weight":1.4026},
{"Node_id":4963,"weight":1.3888},
{"Node_id":4964,"weight":4.5951},
{"Node_id":4965,"weight":1.9551},
{"Node_id":4966,"weight":3.8918},
{"Node_id":4967,"weight":1.4611},
{"Node_id":4968,"weight":1.7151},
{"Node_id":4969,"weight":1.4166},
{"Node_id":4970,"weight":3.9992},
{"Node_id":4981,"weight":4.226},
{"Node_id":4982,"weight":1.5527},
{"Node_id":4983,"weight":2.0555},
{"Node_id":5020,"weight":3.416},
{"Node_id":5021,"weight":2.8516},
{"Node_id":5022,"weight":2.0856},
{"Node_id":5023,"weight":2.0745},
{"Node_id":5024,"weight":2.0959},
{"Node_id":5025,"weight":2.1482},
{"Node_id":5026,"weight":1.568},
{"Node_id":5027,"weight":3.0435},
{"Node_id":5028,"weight":1.5701},
{"Node_id":5029,"weight":2.0755},
{"Node_id":5030,"weight":1.5589},
{"Node_id":5031,"weight":1.4261},
{"Node_id":5032,"weight":2.9444},
{"Node_id":5033,"weight":2.474},
{"Node_id":5034,"weight":2.4615},
{"Node_id":5041,"weight":2.5564},
{"Node_id":5042,"weight":1.3982},
{"Node_id":5043,"weight":2.1249},
{"Node_id":5044,"weight":2.61},
{"Node_id":5045,"weight":4.9126},
{"Node_id":5046,"weight":2.599},
{"Node_id":5047,"weight":1.532},
{"Node_id":5048,"weight":1.7268},
{"Node_id":5049,"weight":1.465},
{"Node_id":5050,"weight":2.5239},
{"Node_id":5067,"weight":3.1885},
{"Node_id":5068,"weight":2.7115},
{"Node_id":5069,"weight":2.9529},
{"Node_id":5070,"weight":3.6115},
{"Node_id":5071,"weight":4.0221},
{"Node_id":5072,"weight":2.7166},
{"Node_id":5073,"weight":1.421},
{"Node_id":5074,"weight":2.8023},
{"Node_id":5075,"weight":2.0407},
{"Node_id":5076,"weight":3.0905},
{"Node_id":5077,"weight":3.3999},
{"Node_id":5078,"weight":2.2775},
{"Node_id":5079,"weight":2.4657},
{"Node_id":5082,"weight":2.5564},
{"Node_id":5083,"weight":1.8878},
{"Node_id":5084,"weight":2.8613},
{"Node_id":5085,"weight":2.0397},
{"Node_id":5086,"weight":2.145},
{"Node_id":5122,"weight":1.6997},
{"Node_id":5123,"weight":1.8965},
{"Node_id":5152,"weight":2.6257},
{"Node_id":5153,"weight":3.9441},
{"Node_id":5154,"weight":1.3988},
{"Node_id":5155,"weight":2.6645},
{"Node_id":5156,"weight":1.6493},
{"Node_id":5157,"weight":4.8203},
{"Node_id":5236,"weight":1.8379},
{"Node_id":5237,"weight":4.0279},
{"Node_id":5257,"weight":1.6442},
{"Node_id":5258,"weight":2.3983},
{"Node_id":5262,"weight":2.3571},
{"Node_id":5263,"weight":2.5283},
{"Node_id":5264,"weight":2.5459},
{"Node_id":5265,"weight":1.656},
{"Node_id":5266,"weight":3.0667},
{"Node_id":5267,"weight":3.1472},
{"Node_id":5277,"weight":1.8128},
{"Node_id":5282,"weight":1.7583},
{"Node_id":5283,"weight":3.1755},
{"Node_id":5298,"weight":1.5506},
{"Node_id":5300,"weight":1.7881},
{"Node_id":5301,"weight":4.4538},
{"Node_id":5302,"weight":1.8128},
{"Node_id":5306,"weight":2.3371},
{"Node_id":5307,"weight":1.9953},
{"Node_id":5308,"weight":3.7226},
{"Node_id":5309,"weight":4.4192},
{"Node_id":5310,"weight":1.8825},
{"Node_id":5311,"weight":1.8421},
{"Node_id":5322,"weight":1.469},
{"Node_id":5323,"weight":2.9657},
{"Node_id":5324,"weight":2.6894},
{"Node_id":5325,"weight":2.7339},
{"Node_id":5328,"weight":2.7115},
{"Node_id":5329,"weight":3.7535},
{"Node_id":5330,"weight":2.4102},
{"Node_id":5331,"weight":1.8337},
{"Node_id":5332,"weight":6.8113},
{"Node_id":5347,"weight":1.5341},
{"Node_id":5348,"weight":2.4181},
{"Node_id":5349,"weight":3.2178},
{"Node_id":5350,"weight":1.4166},
{"Node_id":5351,"weight":2.3483},
{"Node_id":5357,"weight":1.9606},
{"Node_id":5358,"weight":1.6515},
{"Node_id":5359,"weight":1.5002},
{"Node_id":5360,"weight":1.5534},
{"Node_id":5361,"weight":2.5254},
{"Node_id":5362,"weight":2.6353},
{"Node_id":5363,"weight":2.4262},
{"Node_id":5364,"weight":2.4248},
{"Node_id":5365,"weight":2.5519},
{"Node_id":5478,"weight":2.2943},
{"Node_id":5479,"weight":5.7105},
{"Node_id":5480,"weight":2.5609},
{"Node_id":5481,"weight":2.1983},
{"Node_id":5482,"weight":1.7417},
{"Node_id":5483,"weight":2.1113},
{"Node_id":5517,"weight":5.077},
{"Node_id":5518,"weight":2.2764},
{"Node_id":5519,"weight":6.4362},
{"Node_id":5520,"weight":1.3944},
{"Node_id":5521,"weight":2.0525},
{"Node_id":5522,"weight":3.0481},
{"Node_id":5523,"weight":4.5951},
{"Node_id":5524,"weight":2.9444},
{"Node_id":5525,"weight":1.4242},
{"Node_id":5526,"weight":3.0072},
{"Node_id":5527,"weight":2.7287},
{"Node_id":5528,"weight":1.726},
{"Node_id":5529,"weight":2.4505},
{"Node_id":5530,"weight":2.3408},
{"Node_id":5531,"weight":3.449},
{"Node_id":5532,"weight":5.0141},
{"Node_id":5533,"weight":3.2704},
{"Node_id":5534,"weight":1.7151},
{"Node_id":5535,"weight":2.0565},
{"Node_id":5538,"weight":2.599},
{"Node_id":5539,"weight":1.793},
{"Node_id":5540,"weight":3.3683},
{"Node_id":5541,"weight":1.9699},
{"Node_id":5542,"weight":2.5975},
{"Node_id":5543,"weight":2.1461},
{"Node_id":5544,"weight":1.4565},
{"Node_id":5545,"weight":2.4464},
{"Node_id":5546,"weight":2.4288},
{"Node_id":5547,"weight":1.4198},
{"Node_id":5548,"weight":1.5548},
{"Node_id":5549,"weight":2.5821},
{"Node_id":5550,"weight":1.5002},
{"Node_id":5551,"weight":3.4934},
{"Node_id":5552,"weight":3.1075},
{"Node_id":5553,"weight":1.9089},
{"Node_id":5554,"weight":2.4881},
{"Node_id":5555,"weight":1.4941},
{"Node_id":5558,"weight":7.418},
{"Node_id":5559,"weight":2.145},
{"Node_id":5566,"weight":3.1912},
{"Node_id":5567,"weight":3.3438},
{"Node_id":5568,"weight":4.3143},
{"Node_id":5569,"weight":1.6368},
{"Node_id":5591,"weight":2.1386},
{"Node_id":5592,"weight":1.4915},
{"Node_id":5593,"weight":3.248},
{"Node_id":5594,"weight":2.173},
{"Node_id":5595,"weight":2.7569},
{"Node_id":5596,"weight":1.6085},
{"Node_id":5597,"weight":3.1885},
{"Node_id":5598,"weight":1.6099},
{"Node_id":5599,"weight":4.0514},
{"Node_id":5602,"weight":2.4796},
{"Node_id":5607,"weight":1.7393},
{"Node_id":5608,"weight":3.9936},
{"Node_id":5609,"weight":1.5225},
{"Node_id":5610,"weight":2.0775},
{"Node_id":5611,"weight":1.8228},
{"Node_id":5612,"weight":2.2811},
{"Node_id":5613,"weight":1.8869},
{"Node_id":5614,"weight":1.5942},
{"Node_id":5615,"weight":1.6099},
{"Node_id":5616,"weight":1.5177},
{"Node_id":5617,"weight":1.6027},
{"Node_id":5618,"weight":1.5204},
{"Node_id":5619,"weight":2.2471},
{"Node_id":5620,"weight":1.6523},
{"Node_id":5621,"weight":5.0141},
{"Node_id":5622,"weight":2.7766},
{"Node_id":5623,"weight":4.833},
{"Node_id":5624,"weight":2.2084},
{"Node_id":5625,"weight":3.6392},
{"Node_id":5626,"weight":2.7876},
{"Node_id":5627,"weight":4.7474},
{"Node_id":5630,"weight":0.1294},
{"Node_id":5631,"weight":1.2721},
{"Node_id":5632,"weight":3.2676},
{"Node_id":5633,"weight":0.036},
{"Node_id":5634,"weight":2.8691},
{"Node_id":5639,"weight":2.7046},
{"Node_id":5640,"weight":0.5266},
{"Node_id":5641,"weight":0.49},
{"Node_id":5642,"weight":1.62},
{"Node_id":5643,"weight":2.1763},
{"Node_id":5644,"weight":0.6955},
{"Node_id":5645,"weight":2.5166},
{"Node_id":5646,"weight":5.4448},
{"Node_id":5647,"weight":1.9072},
{"Node_id":5648,"weight":0.6239},
{"Node_id":5649,"weight":0.9529},
{"Node_id":5650,"weight":1.0716},
{"Node_id":5651,"weight":0.944},
{"Node_id":5652,"weight":1.9569},
{"Node_id":5653,"weight":1.6822},
{"Node_id":5654,"weight":0.8274},
{"Node_id":5659,"weight":1.2856},
{"Node_id":5660,"weight":2.0755},
{"Node_id":5661,"weight":0.1519},
{"Node_id":5673,"weight":0.388},
{"Node_id":5674,"weight":1.2448},
{"Node_id":5678,"weight":0.7598},
{"Node_id":5680,"weight":2.498},
{"Node_id":5681,"weight":1.827},
{"Node_id":5704,"weight":4.0878},
{"Node_id":5705,"weight":1.8245},
{"Node_id":5706,"weight":2.173},
{"Node_id":5707,"weight":2.1741},
{"Node_id":5708,"weight":0.6803},
{"Node_id":5709,"weight":3.2876},
{"Node_id":5710,"weight":0.7755},
{"Node_id":5711,"weight":3.7011},
{"Node_id":5712,"weight":0.7829},
{"Node_id":5716,"weight":1.4435},
{"Node_id":5717,"weight":4.8588},
{"Node_id":5719,"weight":2.5459},
{"Node_id":5720,"weight":0.2258},
{"Node_id":5721,"weight":1.7089},
{"Node_id":5722,"weight":2.9153},
{"Node_id":5723,"weight":0.2302},
{"Node_id":5724,"weight":3.429},
{"Node_id":5727,"weight":0.3437},
{"Node_id":20637,"weight":1.9214},
{"Node_id":20641,"weight":2.184},
{"Node_id":20642,"weight":3.483},
{"Node_id":20643,"weight":2.2799},
{"Node_id":20644,"weight":2.0505},
{"Node_id":20645,"weight":1.9802},
{"Node_id":20646,"weight":2.5051},
{"Node_id":20650,"weight":2.4994},
{"Node_id":20651,"weight":2.7218},
{"Node_id":20652,"weight":3.6636},
{"Node_id":20653,"weight":1.6493},
{"Node_id":20654,"weight":4.0396},
{"Node_id":20655,"weight":2.0367},
{"Node_id":20656,"weight":1.4319},
{"Node_id":20657,"weight":3.8918},
{"Node_id":20658,"weight":2.3699},
{"Node_id":20659,"weight":1.8825},
{"Node_id":20660,"weight":1.9924},
{"Node_id":20661,"weight":2.5459},
{"Node_id":20662,"weight":2.6645},
{"Node_id":20663,"weight":2.321},
{"Node_id":20664,"weight":1.6936},
{"Node_id":20665,"weight":4.1254},
{"Node_id":20668,"weight":2.1397},
{"Node_id":20669,"weight":2.4195},
{"Node_id":20670,"weight":1.4064},
{"Node_id":20671,"weight":1.8203},
{"Node_id":20672,"weight":4.1846},
{"Node_id":20679,"weight":2.7912},
{"Node_id":20684,"weight":2.9298},
{"Node_id":20685,"weight":3.7945},
{"Node_id":20689,"weight":1.5736},
{"Node_id":20690,"weight":1.9597},
{"Node_id":20691,"weight":1.9569},
{"Node_id":20692,"weight":1.4474},
{"Node_id":20693,"weight":1.9468},
{"Node_id":20694,"weight":2.0241},
{"Node_id":20715,"weight":1.4371},
{"Node_id":20716,"weight":2.4866},
{"Node_id":20717,"weight":1.7922},
{"Node_id":20718,"weight":1.5259},
{"Node_id":20719,"weight":3.2124},
{"Node_id":20720,"weight":2.5123},
{"Node_id":20721,"weight":1.832},
{"Node_id":20722,"weight":4.7357},
{"Node_id":20723,"weight":1.744},
{"Node_id":20724,"weight":1.748},
{"Node_id":20727,"weight":1.8643},
{"Node_id":20728,"weight":3.4127},
{"Node_id":20729,"weight":1.7036},
{"Node_id":20730,"weight":2.5852},
{"Node_id":20732,"weight":2.0846},
{"Node_id":20733,"weight":3.9713},
{"Node_id":20734,"weight":3.2963},
{"Node_id":20735,"weight":2.0212},
{"Node_id":20736,"weight":1.3976},
{"Node_id":20737,"weight":1.5513},
{"Node_id":20738,"weight":1.8203},
{"Node_id":20739,"weight":1.5492},
{"Node_id":20740,"weight":2.0456},
{"Node_id":20741,"weight":1.7036},
{"Node_id":20742,"weight":2.0595},
{"Node_id":20743,"weight":4.7954},
{"Node_id":20744,"weight":1.4217},
{"Node_id":20745,"weight":1.8421},
{"Node_id":20746,"weight":1.8421},
{"Node_id":20747,"weight":1.4624},
{"Node_id":20748,"weight":3.429},
{"Node_id":20749,"weight":2.764},
{"Node_id":20750,"weight":2.001},
{"Node_id":20751,"weight":1.6353},
{"Node_id":20752,"weight":1.4539},
{"Node_id":20753,"weight":4.219},
{"Node_id":20754,"weight":3.0667},
{"Node_id":20755,"weight":4.226},
{"Node_id":20756,"weight":1.5361},
{"Node_id":20768,"weight":2.7949},
{"Node_id":20769,"weight":1.5638},
{"Node_id":20772,"weight":1.7583},
{"Node_id":20773,"weight":2.4102},
{"Node_id":20778,"weight":7.6004},
{"Node_id":20779,"weight":1.6034},
{"Node_id":20780,"weight":1.9197},
{"Node_id":20781,"weight":1.5259},
{"Node_id":20782,"weight":1.8421},
{"Node_id":20783,"weight":1.9532},
{"Node_id":20784,"weight":2.1928},
{"Node_id":20785,"weight":1.6493},
{"Node_id":20786,"weight":1.9395},
{"Node_id":20787,"weight":2.3983},
{"Node_id":20788,"weight":2.2634},
{"Node_id":20789,"weight":2.2253},
{"Node_id":20790,"weight":3.9176},
{"Node_id":20791,"weight":2.4369},
{"Node_id":20792,"weight":2.3271},
{"Node_id":20793,"weight":3.1026},
{"Node_id":20794,"weight":1.5764},
{"Node_id":20795,"weight":1.7097},
{"Node_id":20796,"weight":2.7115},
{"Node_id":20801,"weight":1.4261},
{"Node_id":20802,"weight":4.2766},
{"Node_id":20803,"weight":6.0725},
{"Node_id":20804,"weight":3.2397},
{"Node_id":20805,"weight":2.3763},
{"Node_id":20806,"weight":5.2159},
{"Node_id":20807,"weight":2.6006},
{"Node_id":20808,"weight":2.7857},
{"Node_id":20809,"weight":3.3714},
{"Node_id":20810,"weight":1.5666},
{"Node_id":20811,"weight":2.6612},
{"Node_id":20812,"weight":1.886},
{"Node_id":20813,"weight":1.866},
{"Node_id":20814,"weight":1.5327},
{"Node_id":20815,"weight":2.1218},
{"Node_id":20816,"weight":1.5123},
{"Node_id":20817,"weight":3.596},
{"Node_id":20818,"weight":1.7013},
{"Node_id":20819,"weight":2.0348},
{"Node_id":20820,"weight":2.887},
{"Node_id":20821,"weight":2.2287},
{"Node_id":20942,"weight":1.7136},
{"Node_id":20943,"weight":1.6875},
{"Node_id":20944,"weight":3.3227},
{"Node_id":20945,"weight":3.2733},
{"Node_id":20997,"weight":1.7833},
{"Node_id":21042,"weight":1.9287},
{"Node_id":21268,"weight":2.8172},
{"Node_id":21458,"weight":2.5654},
{"Node_id":21459,"weight":1.4281},
{"Node_id":21460,"weight":2.0887},
{"Node_id":21693,"weight":2.806},
{"Node_id":21694,"weight":5.077},
{"Node_id":21695,"weight":1.4178},
{"Node_id":21696,"weight":4.1064},
{"Node_id":21697,"weight":2.0695},
{"Node_id":21698,"weight":1.6085},
{"Node_id":21699,"weight":2.2196},
{"Node_id":21700,"weight":1.6027},
{"Node_id":21701,"weight":2.0907},
{"Node_id":21702,"weight":2.9635},
{"Node_id":21703,"weight":3.9549},
{"Node_id":21704,"weight":1.4474},
{"Node_id":21705,"weight":1.7051},
{"Node_id":21706,"weight":2.3996},
{"Node_id":21707,"weight":1.7433},
{"Node_id":21708,"weight":2.1807},
{"Node_id":21709,"weight":2.3866},
{"Node_id":21710,"weight":1.3919},
{"Node_id":21711,"weight":2.0928},
{"Node_id":21714,"weight":4.5751},
{"Node_id":21715,"weight":1.8481},
{"Node_id":21716,"weight":2.0938},
{"Node_id":21717,"weight":1.9615},
{"Node_id":21718,"weight":2.0299},
{"Node_id":21719,"weight":2.3433},
{"Node_id":21720,"weight":1.7159},
{"Node_id":21721,"weight":2.5504},
{"Node_id":21722,"weight":2.9765},
{"Node_id":21723,"weight":2.5519},
{"Node_id":21724,"weight":1.8523},
{"Node_id":21725,"weight":2.3648},
{"Node_id":21728,"weight":1.4868},
{"Node_id":21729,"weight":1.4481},
{"Node_id":21730,"weight":1.4384},
{"Node_id":21731,"weight":5.2933},
{"Node_id":21732,"weight":1.4313},
{"Node_id":21733,"weight":3.3287},
{"Node_id":21734,"weight":1.9305},
{"Node_id":21735,"weight":4.8078},
{"Node_id":21736,"weight":2.5195},
{"Node_id":21737,"weight":1.3882},
{"Node_id":21738,"weight":3.2151},
{"Node_id":21739,"weight":2.3271},
{"Node_id":21740,"weight":1.6208},
{"Node_id":21741,"weight":4.6469},
{"Node_id":21742,"weight":2.2943},
{"Node_id":21743,"weight":3.4523},
{"Node_id":21744,"weight":1.4617},
{"Node_id":21745,"weight":1.4313},
{"Node_id":21746,"weight":3.0978},
{"Node_id":21747,"weight":1.6142},
{"Node_id":21748,"weight":1.3869},
{"Node_id":21749,"weight":3.0006},
{"Node_id":21750,"weight":2.8691},
{"Node_id":21751,"weight":1.7276},
{"Node_id":21752,"weight":1.3982},
{"Node_id":21753,"weight":1.8869},
{"Node_id":21754,"weight":2.0918},
{"Node_id":21759,"weight":2.7604},
{"Node_id":21760,"weight":1.7647},
{"Node_id":21761,"weight":3.4225},
{"Node_id":21762,"weight":3.1651},
{"Node_id":21763,"weight":2.6482},
{"Node_id":21764,"weight":1.6434},
{"Node_id":21765,"weight":2.6662},
{"Node_id":21766,"weight":1.5204},
{"Node_id":21767,"weight":1.8704},
{"Node_id":21768,"weight":1.4455},
{"Node_id":21769,"weight":1.452},
{"Node_id":21770,"weight":3.6677},
{"Node_id":21771,"weight":2.9722},
{"Node_id":21772,"weight":1.6405},
{"Node_id":21775,"weight":3.511},
{"Node_id":21776,"weight":1.6627},
{"Node_id":21777,"weight":3.1173},
{"Node_id":21778,"weight":2.2752},
{"Node_id":21779,"weight":1.6049},
{"Node_id":21780,"weight":1.6612},
{"Node_id":21781,"weight":2.9786},
{"Node_id":21782,"weight":1.9496},
{"Node_id":21783,"weight":1.7151},
{"Node_id":21786,"weight":1.8037},
{"Node_id":21787,"weight":1.7448},
{"Node_id":21788,"weight":1.9197},
{"Node_id":21789,"weight":2.6369},
{"Node_id":21825,"weight":1.4494},
{"Node_id":21826,"weight":4.4024},
{"Node_id":21827,"weight":2.1397},
{"Node_id":21828,"weight":1.4822},
{"Node_id":21829,"weight":3.7852},
{"Node_id":21830,"weight":1.9487},
{"Node_id":21831,"weight":2.1218},
{"Node_id":21832,"weight":2.2242},
{"Node_id":21833,"weight":1.9972},
{"Node_id":21834,"weight":5.9496},
{"Node_id":21837,"weight":2.9298},
{"Node_id":21840,"weight":4.1711},
{"Node_id":21841,"weight":2.4142},
{"Node_id":21842,"weight":2.4838},
{"Node_id":21843,"weight":2.4629},
{"Node_id":21844,"weight":3.2676},
{"Node_id":21845,"weight":4.6259},
{"Node_id":21846,"weight":4.5555},
{"Node_id":21847,"weight":1.7865},
{"Node_id":21848,"weight":1.4862},
{"Node_id":21849,"weight":1.8921},
{"Node_id":21850,"weight":1.5055},
{"Node_id":21851,"weight":1.4261},
{"Node_id":21852,"weight":1.7551},
{"Node_id":21853,"weight":1.8652},
{"Node_id":21854,"weight":5.2539},
{"Node_id":21855,"weight":1.4815},
{"Node_id":21856,"weight":1.4287},
{"Node_id":21857,"weight":1.5451},
{"Node_id":21858,"weight":1.6229},
{"Node_id":21859,"weight":4.2051},
{"Node_id":21860,"weight":2.579},
{"Node_id":21861,"weight":1.5885},
{"Node_id":21862,"weight":2.883},
{"Node_id":21865,"weight":3.4591},
{"Node_id":21866,"weight":2.5654},
{"Node_id":21869,"weight":7.8236},
{"Node_id":21879,"weight":1.5225},
{"Node_id":21880,"weight":2.2494},
{"Node_id":21881,"weight":2.5669},
{"Node_id":21882,"weight":3.2452},
{"Node_id":21883,"weight":2.8439},
{"Node_id":21884,"weight":2.3371},
{"Node_id":21885,"weight":1.3913},
{"Node_id":21886,"weight":4.3066},
{"Node_id":21887,"weight":2.7712},
{"Node_id":21888,"weight":5.077},
{"Node_id":21889,"weight":1.9386},
{"Node_id":21893,"weight":2.2425},
{"Node_id":21894,"weight":2.0144},
{"Node_id":21895,"weight":1.4955},
{"Node_id":21896,"weight":1.4364},
{"Node_id":21897,"weight":1.7639},
{"Node_id":21898,"weight":4.872},
{"Node_id":21902,"weight":2.2967},
{"Node_id":21903,"weight":1.4855},
{"Node_id":21904,"weight":3.0297},
{"Node_id":21905,"weight":1.421},
{"Node_id":21906,"weight":1.9487},
{"Node_id":21907,"weight":2.6434},
{"Node_id":21908,"weight":1.6777},
{"Node_id":21909,"weight":1.5008},
{"Node_id":21910,"weight":2.9765},
{"Node_id":21911,"weight":1.7082},
{"Node_id":21912,"weight":2.4168},
{"Node_id":22145,"weight":5.4217},
{"Node_id":22146,"weight":5.5429},
{"Node_id":22147,"weight":2.5534},
{"Node_id":22148,"weight":1.4223},
{"Node_id":22149,"weight":2.2728},
{"Node_id":22150,"weight":3.3377},
{"Node_id":22209,"weight":5.045},
{"Node_id":22210,"weight":3.8766},
{"Node_id":22211,"weight":1.719},
{"Node_id":22212,"weight":1.7354},
{"Node_id":22213,"weight":2.4768},
{"Node_id":22214,"weight":1.7198},
{"Node_id":22217,"weight":3.6076},
{"Node_id":22218,"weight":3.4523},
{"Node_id":22219,"weight":3.6273},
{"Node_id":22220,"weight":3.7401},
{"Node_id":22221,"weight":2.0338},
{"Node_id":22222,"weight":1.6906},
{"Node_id":22223,"weight":3.6718},
{"Node_id":22224,"weight":2.1418},
{"Node_id":22225,"weight":1.6419},
{"Node_id":22226,"weight":1.8549},
{"Node_id":22227,"weight":2.0212},
{"Node_id":22228,"weight":3.3808},
{"Node_id":22229,"weight":3.8469},
{"Node_id":22230,"weight":3.305},
{"Node_id":22231,"weight":1.4742},
{"Node_id":22234,"weight":1.5464},
{"Node_id":22235,"weight":2.0575},
{"Node_id":22236,"weight":1.7922},
{"Node_id":22239,"weight":4.1579},
{"Node_id":22240,"weight":1.615},
{"Node_id":22241,"weight":5.4927},
{"Node_id":22244,"weight":3.7446},
{"Node_id":22247,"weight":3.5075},
{"Node_id":22248,"weight":1.7472},
{"Node_id":22249,"weight":1.4001},
{"Node_id":22250,"weight":3.6885},
{"Node_id":22251,"weight":2.5519},
{"Node_id":22252,"weight":1.8145},
{"Node_id":22253,"weight":3.8372},
{"Node_id":22254,"weight":2.0615},
{"Node_id":22255,"weight":2.0785},
{"Node_id":22256,"weight":2.1654},
{"Node_id":22257,"weight":1.6114},
{"Node_id":22258,"weight":1.812},
{"Node_id":22259,"weight":1.9143},
{"Node_id":22260,"weight":1.7567},
{"Node_id":22261,"weight":2.1862},
{"Node_id":22262,"weight":2.1906},
{"Node_id":22263,"weight":2.7357},
{"Node_id":22264,"weight":2.9465},
{"Node_id":22265,"weight":2.1249},
{"Node_id":22266,"weight":3.6432},
{"Node_id":22267,"weight":5.1441},
{"Node_id":22268,"weight":5.2734},
{"Node_id":22269,"weight":3.0978},
{"Node_id":22270,"weight":3.8132},
{"Node_id":22271,"weight":5.045},
{"Node_id":22272,"weight":2.401},
{"Node_id":22273,"weight":2.101},
{"Node_id":22274,"weight":1.515},
{"Node_id":22277,"weight":3.0644},
{"Node_id":22278,"weight":3.0366},
{"Node_id":22279,"weight":2.3039},
{"Node_id":22280,"weight":1.7849},
{"Node_id":22281,"weight":3.0184},
{"Node_id":22282,"weight":1.886},
{"Node_id":22283,"weight":2.0038},
{"Node_id":22284,"weight":2.025},
{"Node_id":22294,"weight":1.9206},
{"Node_id":22295,"weight":2.4329},
{"Node_id":22296,"weight":3.9658},
{"Node_id":22297,"weight":2.5579},
{"Node_id":22298,"weight":2.0192},
{"Node_id":22301,"weight":2.8135},
{"Node_id":22302,"weight":2.8381},
{"Node_id":22303,"weight":2.889},
{"Node_id":22304,"weight":2.0338},
{"Node_id":22305,"weight":3.0667},
{"Node_id":22306,"weight":1.9323},
{"Node_id":22307,"weight":1.7237},
{"Node_id":22308,"weight":1.7599},
{"Node_id":22309,"weight":2.3015},
{"Node_id":22310,"weight":1.4881},
{"Node_id":22311,"weight":1.3988},
{"Node_id":22312,"weight":2.9786},
{"Node_id":22313,"weight":3.3652},
{"Node_id":22314,"weight":2.6337},
{"Node_id":22315,"weight":1.5485},
{"Node_id":22316,"weight":2.5297},
{"Node_id":22317,"weight":1.5327},
{"Node_id":22318,"weight":1.7663},
{"Node_id":22319,"weight":1.9423},
{"Node_id":22320,"weight":1.4422},
{"Node_id":22321,"weight":1.5885},
{"Node_id":22322,"weight":1.5729},
{"Node_id":22323,"weight":1.5306},
{"Node_id":22324,"weight":2.7409},
{"Node_id":22353,"weight":1.6657},
{"Node_id":22354,"weight":1.4052},
{"Node_id":22355,"weight":1.6324},
{"Node_id":22356,"weight":2.8711},
{"Node_id":22357,"weight":5.0933},
{"Node_id":22358,"weight":1.5659},
{"Node_id":22359,"weight":1.4782},
{"Node_id":22360,"weight":2.6761},
{"Node_id":22361,"weight":2.4796},
{"Node_id":22362,"weight":2.6337},
{"Node_id":22363,"weight":5.4927},
{"Node_id":22366,"weight":2.0928},
{"Node_id":22375,"weight":1.4862},
{"Node_id":22376,"weight":1.4435},
{"Node_id":22377,"weight":4.8458},
{"Node_id":22378,"weight":2.1622},
{"Node_id":22379,"weight":1.8253},
{"Node_id":22380,"weight":2.1928},
{"Node_id":22381,"weight":1.587},
{"Node_id":22382,"weight":1.656},
{"Node_id":22383,"weight":2.4684},
{"Node_id":22384,"weight":3.511},
{"Node_id":22385,"weight":1.5368},
{"Node_id":22386,"weight":1.6027},
{"Node_id":22387,"weight":1.733},
{"Node_id":22388,"weight":1.8609},
{"Node_id":22391,"weight":3.6312},
{"Node_id":22392,"weight":2.3699},
{"Node_id":22393,"weight":2.6928},
{"Node_id":22394,"weight":3.3903},
{"Node_id":22395,"weight":2.2943},
{"Node_id":22398,"weight":1.9597},
{"Node_id":22399,"weight":2.1376},
{"Node_id":22400,"weight":2.6147},
{"Node_id":22401,"weight":2.0485},
{"Node_id":22402,"weight":1.8438},
{"Node_id":22403,"weight":2.97},
{"Node_id":22404,"weight":4.1513},
{"Node_id":22405,"weight":2.9031},
{"Node_id":22406,"weight":1.5197},
{"Node_id":22407,"weight":3.4356},
{"Node_id":22408,"weight":4.4538},
{"Node_id":22409,"weight":3.2507},
{"Node_id":22410,"weight":1.4775},
{"Node_id":22411,"weight":3.6595},
{"Node_id":22412,"weight":1.4769},
{"Node_id":22413,"weight":4.7832},
{"Node_id":22414,"weight":1.8354},
{"Node_id":22415,"weight":2.7857},
{"Node_id":22416,"weight":3.3468},
{"Node_id":22417,"weight":4.284},
{"Node_id":22418,"weight":1.8643},
{"Node_id":22419,"weight":2.1354},
{"Node_id":22420,"weight":1.8153},
{"Node_id":22423,"weight":2.5882},
{"Node_id":22424,"weight":2.1774},
{"Node_id":22425,"weight":4.0049},
{"Node_id":22426,"weight":2.9444},
{"Node_id":22427,"weight":2.6466},
{"Node_id":22428,"weight":2.1796},
{"Node_id":22429,"weight":3.3079},
{"Node_id":22430,"weight":3.562},
{"Node_id":22431,"weight":1.6164},
{"Node_id":22432,"weight":1.9915},
{"Node_id":22433,"weight":2.4994},
{"Node_id":22434,"weight":2.6022},
{"Node_id":22435,"weight":1.5603},
{"Node_id":22436,"weight":2.2716},
{"Node_id":22437,"weight":3.3287},
{"Node_id":22438,"weight":1.7543},
{"Node_id":22439,"weight":3.3468},
{"Node_id":22440,"weight":1.9098},
{"Node_id":22441,"weight":1.8078},
{"Node_id":22442,"weight":2.4519},
{"Node_id":22443,"weight":3.3138},
{"Node_id":22444,"weight":2.6434},
{"Node_id":22445,"weight":2.9939},
{"Node_id":22446,"weight":1.8379},
{"Node_id":22447,"weight":1.7711},
{"Node_id":22448,"weight":3.0072},
{"Node_id":22449,"weight":1.5485},
{"Node_id":22450,"weight":1.4585},
{"Node_id":22451,"weight":3.1222},
{"Node_id":22452,"weight":2.1752},
{"Node_id":22453,"weight":2.6321},
{"Node_id":22454,"weight":2.7183},
{"Node_id":22455,"weight":3.5694},
{"Node_id":22456,"weight":3.1026},
{"Node_id":22457,"weight":2.4315},
{"Node_id":22458,"weight":1.4868},
{"Node_id":22459,"weight":1.6785},
{"Node_id":22460,"weight":2.2576},
{"Node_id":22461,"weight":3.1625},
{"Node_id":22462,"weight":1.827},
{"Node_id":22463,"weight":2.3814},
{"Node_id":22464,"weight":2.6761},
{"Node_id":22465,"weight":1.7988},
{"Node_id":22466,"weight":5.9118},
{"Node_id":22467,"weight":2.4342},
{"Node_id":22468,"weight":1.4461},
{"Node_id":22469,"weight":3.4356},
{"Node_id":22485,"weight":1.4982},
{"Node_id":22486,"weight":2.3827},
{"Node_id":22487,"weight":2.1514},
{"Node_id":22488,"weight":1.421},
{"Node_id":22489,"weight":4.2546},
{"Node_id":22490,"weight":2.889},
{"Node_id":22491,"weight":2.6162},
{"Node_id":22494,"weight":4.508},
{"Node_id":22497,"weight":2.6401},
{"Node_id":22500,"weight":2.1197},
{"Node_id":22501,"weight":1.9161},
{"Node_id":22537,"weight":2.4643},
{"Node_id":22538,"weight":2.1145},
{"Node_id":22539,"weight":1.7105},
{"Node_id":22540,"weight":2.1239},
{"Node_id":22541,"weight":1.8834},
{"Node_id":22542,"weight":2.7115},
{"Node_id":22543,"weight":2.3597},
{"Node_id":22544,"weight":1.6383},
{"Node_id":22545,"weight":1.4624},
{"Node_id":22546,"weight":3.6392},
{"Node_id":22547,"weight":1.7338},
{"Node_id":22548,"weight":4.3776},
{"Node_id":22549,"weight":1.7089},
{"Node_id":22550,"weight":1.4789},
{"Node_id":22551,"weight":3.2591},
{"Node_id":22552,"weight":3.3871},
{"Node_id":22553,"weight":2.9277},
{"Node_id":22554,"weight":4.5653},
{"Node_id":22555,"weight":3.2178},
{"Node_id":22556,"weight":2.321},
{"Node_id":22557,"weight":2.2073},
{"Node_id":22558,"weight":1.5779},
{"Node_id":22559,"weight":3.8085},
{"Node_id":22560,"weight":1.6186},
{"Node_id":22561,"weight":6.8113},
{"Node_id":22562,"weight":1.6179},
{"Node_id":22563,"weight":1.7377},
{"Node_id":22564,"weight":2.4588},
{"Node_id":22565,"weight":1.6478},
{"Node_id":22566,"weight":1.5231},
{"Node_id":22567,"weight":2.342},
{"Node_id":22568,"weight":1.4644},
{"Node_id":22569,"weight":2.0595},
{"Node_id":22570,"weight":2.2681},
{"Node_id":22572,"weight":1.5109},
{"Node_id":22573,"weight":2.4519},
{"Node_id":22574,"weight":1.7105},
{"Node_id":22577,"weight":3.3871},
{"Node_id":22578,"weight":1.5807},
{"Node_id":22579,"weight":2.7586},
{"Node_id":22580,"weight":2.885},
{"Node_id":22581,"weight":4.5653},
{"Node_id":22582,"weight":3.3683},
{"Node_id":22583,"weight":2.7374},
{"Node_id":22586,"weight":2.0485},
{"Node_id":22587,"weight":1.8261},
{"Node_id":22588,"weight":2.9593},
{"Node_id":22589,"weight":2.0565},
{"Node_id":22590,"weight":2.5123},
{"Node_id":22591,"weight":1.4121},
{"Node_id":22592,"weight":2.2061},
{"Node_id":22593,"weight":1.7136},
{"Node_id":22594,"weight":2.2799},
{"Node_id":22595,"weight":1.7182},
{"Node_id":22598,"weight":2.0605},
{"Node_id":22599,"weight":3.6233},
{"Node_id":22602,"weight":2.6242},
{"Node_id":22603,"weight":1.5771},
{"Node_id":22604,"weight":1.5402},
{"Node_id":22605,"weight":3.2591},
{"Node_id":22606,"weight":1.6754},
{"Node_id":22607,"weight":1.5238},
{"Node_id":22608,"weight":2.0096},
{"Node_id":22609,"weight":2.8381},
{"Node_id":22610,"weight":2.1155},
{"Node_id":22611,"weight":1.5687},
{"Node_id":22612,"weight":1.4014},
{"Node_id":22613,"weight":1.7417},
{"Node_id":22614,"weight":2.3699},
{"Node_id":22617,"weight":1.6078},
{"Node_id":22618,"weight":1.7857},
{"Node_id":22619,"weight":3.562},
{"Node_id":22620,"weight":2.8633},
{"Node_id":22624,"weight":1.9259},
{"Node_id":22625,"weight":2.6662},
{"Node_id":22626,"weight":3.5326},
{"Node_id":22627,"weight":4.0163},
{"Node_id":22628,"weight":3.226},
{"Node_id":22629,"weight":1.7051},
{"Node_id":22630,"weight":2.9113},
{"Node_id":22631,"weight":1.8913},
{"Node_id":22634,"weight":1.6085},
{"Node_id":22635,"weight":1.5999},
{"Node_id":22636,"weight":3.0738},
{"Node_id":22637,"weight":1.5878},
{"Node_id":22729,"weight":3.0117},
{"Node_id":22730,"weight":2.2907},
{"Node_id":22734,"weight":2.0038},
{"Node_id":22735,"weight":3.5398},
{"Node_id":22736,"weight":1.8379},
{"Node_id":22737,"weight":1.3907},
{"Node_id":22738,"weight":3.0786},
{"Node_id":22739,"weight":4.0049},
{"Node_id":22740,"weight":3.4969},
{"Node_id":22741,"weight":1.7841},
{"Node_id":22742,"weight":2.4966},
{"Node_id":22743,"weight":4.9126},
{"Node_id":22744,"weight":3.562},
{"Node_id":22745,"weight":4.9548},
{"Node_id":22746,"weight":4.7592},
{"Node_id":22747,"weight":2.1873},
{"Node_id":22757,"weight":3.0184},
{"Node_id":22758,"weight":1.4572},
{"Node_id":22862,"weight":2.4994},
{"Node_id":22863,"weight":5.4448},
{"Node_id":22864,"weight":1.7988},
{"Node_id":22865,"weight":1.6412},
{"Node_id":22866,"weight":1.4802},
{"Node_id":22867,"weight":1.4683},
{"Node_id":22868,"weight":4.0634},
{"Node_id":22869,"weight":2.895},
{"Node_id":22870,"weight":3.3347},
{"Node_id":22871,"weight":1.6508},
{"Node_id":22872,"weight":3.3777},
{"Node_id":22873,"weight":2.9072},
{"Node_id":22874,"weight":1.4178},
{"Node_id":22875,"weight":2.4881},
{"Node_id":22876,"weight":2.3788},
{"Node_id":22877,"weight":2.9614},
{"Node_id":22878,"weight":1.6664},
{"Node_id":22879,"weight":1.7963},
{"Node_id":22880,"weight":1.9143},
{"Node_id":22881,"weight":1.6523},
{"Node_id":22882,"weight":1.6538},
{"Node_id":22883,"weight":1.9036},
{"Node_id":22884,"weight":1.7776},
{"Node_id":22885,"weight":3.3999},
{"Node_id":22886,"weight":2.3584},
{"Node_id":22887,"weight":2.1785},
{"Node_id":22888,"weight":2.5224},
{"Node_id":22889,"weight":2.4601},
{"Node_id":22890,"weight":1.7074},
{"Node_id":22891,"weight":1.8834},
{"Node_id":22892,"weight":1.8921},
{"Node_id":22893,"weight":1.39},
{"Node_id":22894,"weight":2.2106},
{"Node_id":22895,"weight":1.9241},
{"Node_id":22896,"weight":1.6627},
{"Node_id":22897,"weight":3.0667},
{"Node_id":22898,"weight":2.0605},
{"Node_id":22899,"weight":2.2895},
{"Node_id":22900,"weight":1.43},
{"Node_id":22901,"weight":2.4698},
{"Node_id":22902,"weight":2.7694},
{"Node_id":22903,"weight":1.6982},
{"Node_id":22904,"weight":2.4505},
{"Node_id":22905,"weight":2.8305},
{"Node_id":22906,"weight":1.7825},
{"Node_id":22959,"weight":1.702},
{"Node_id":23026,"weight":2.9133},
{"Node_id":23042,"weight":1.4546},
{"Node_id":23043,"weight":1.6186},
{"Node_id":23044,"weight":2.4754},
{"Node_id":23045,"weight":1.8756},
{"Node_id":23071,"weight":1.4217},
{"Node_id":23108,"weight":1.5701},
{"Node_id":23226,"weight":1.9532},
{"Node_id":23352,"weight":3.2071},
{"Node_id":23353,"weight":1.7988},
{"Node_id":23448,"weight":3.3529},
{"Node_id":23491,"weight":2.658},
{"Node_id":23506,"weight":2.5371},
{"Node_id":23507,"weight":5.9496},
{"Node_id":23534,"weight":1.5589},
{"Node_id":23535,"weight":2.7098},
{"Node_id":23651,"weight":1.7543},
{"Node_id":23652,"weight":1.9746},
{"Node_id":23725,"weight":1.4729},
{"Node_id":23747,"weight":2.4754},
{"Node_id":23748,"weight":2.4302},
{"Node_id":23788,"weight":1.7898},
{"Node_id":23789,"weight":1.7043},
{"Node_id":23790,"weight":1.6612},
{"Node_id":23791,"weight":1.8669},
{"Node_id":23792,"weight":1.6762},
{"Node_id":23793,"weight":2.2208},
{"Node_id":23794,"weight":3.0297},
{"Node_id":23795,"weight":2.4262},
{"Node_id":23796,"weight":2.4155},
{"Node_id":23797,"weight":3.2017},
{"Node_id":23798,"weight":2.4866},
{"Node_id":23799,"weight":2.9939},
{"Node_id":23800,"weight":4.4538},
{"Node_id":23801,"weight":2.1796},
{"Node_id":23802,"weight":1.8523},
{"Node_id":23803,"weight":2.0038},
{"Node_id":23804,"weight":1.9934},
{"Node_id":23805,"weight":1.5652},
{"Node_id":23806,"weight":1.6792},
{"Node_id":23807,"weight":1.561},
{"Node_id":23808,"weight":1.5892},
{"Node_id":23809,"weight":1.6006},
{"Node_id":23810,"weight":1.7377},
{"Node_id":23811,"weight":2.3321},
{"Node_id":23812,"weight":2.0202},
{"Node_id":23813,"weight":4.284},
{"Node_id":23814,"weight":3.4969},
{"Node_id":23815,"weight":1.5736},
{"Node_id":23816,"weight":1.7857},
{"Node_id":23817,"weight":2.3271},
{"Node_id":23818,"weight":1.873},
{"Node_id":23819,"weight":2.0685},
{"Node_id":23820,"weight":1.8506},
{"Node_id":23821,"weight":2.5609},
{"Node_id":23822,"weight":1.6034},
{"Node_id":23823,"weight":2.0358},
{"Node_id":23824,"weight":3.3808},
{"Node_id":23825,"weight":2.2599},
{"Node_id":23826,"weight":3.6801},
{"Node_id":23827,"weight":5.1441},
{"Node_id":23828,"weight":4.0396},
{"Node_id":23829,"weight":2.1611},
{"Node_id":23830,"weight":4.7832},
{"Node_id":23831,"weight":3.4258},
{"Node_id":23832,"weight":2.6662},
{"Node_id":23833,"weight":2.4208},
{"Node_id":23834,"weight":1.5687},
{"Node_id":23835,"weight":2.8191},
{"Node_id":23836,"weight":1.4935},
{"Node_id":23837,"weight":1.7362},
{"Node_id":23840,"weight":6.1637},
{"Node_id":23841,"weight":1.9359},
{"Node_id":23842,"weight":3.3287},
{"Node_id":23843,"weight":3.0458},
{"Node_id":23844,"weight":2.1165},
{"Node_id":23845,"weight":1.5022},
{"Node_id":23846,"weight":2.5066},
{"Node_id":23849,"weight":1.4281},
{"Node_id":23850,"weight":2.4089},
{"Node_id":23851,"weight":1.7615},
{"Node_id":23852,"weight":1.4995},
{"Node_id":23853,"weight":1.9597},
{"Node_id":23854,"weight":2.955},
{"Node_id":23857,"weight":2.4235},
{"Node_id":23858,"weight":1.6634},
{"Node_id":23904,"weight":1.6883},
{"Node_id":23927,"weight":3.2676},
{"Node_id":23929,"weight":2.1062},
{"Node_id":23930,"weight":1.5949},
{"Node_id":23931,"weight":2.0705},
{"Node_id":23932,"weight":5.1441},
{"Node_id":23933,"weight":1.9018},
{"Node_id":23934,"weight":1.5582},
{"Node_id":23935,"weight":1.9477},
{"Node_id":23936,"weight":3.4095},
{"Node_id":23937,"weight":1.798},
{"Node_id":23938,"weight":3.8132},
{"Node_id":23939,"weight":5.1794},
{"Node_id":23940,"weight":8.1114},
{"Node_id":23941,"weight":3.5732},
{"Node_id":23942,"weight":6.5699},
{"Node_id":23943,"weight":1.8506},
{"Node_id":23944,"weight":3.2098},
{"Node_id":23945,"weight":2.1665},
{"Node_id":23948,"weight":2.0959},
{"Node_id":23949,"weight":3.1099},
{"Node_id":23950,"weight":2.2907},
{"Node_id":23951,"weight":5.2734},
{"Node_id":23952,"weight":3.8372},
{"Node_id":23953,"weight":1.6649},
{"Node_id":23954,"weight":2.5775},
{"Node_id":23955,"weight":3.0929},
{"Node_id":23956,"weight":1.7036},
{"Node_id":23957,"weight":2.5297},
{"Node_id":23958,"weight":1.917},
{"Node_id":23959,"weight":1.5416},
{"Node_id":23960,"weight":2.5913},
{"Node_id":23961,"weight":2.2006},
{"Node_id":23962,"weight":2.2073},
{"Node_id":23963,"weight":1.7346},
{"Node_id":23964,"weight":1.7252},
{"Node_id":23965,"weight":2.2871},
{"Node_id":23966,"weight":2.375},
{"Node_id":23967,"weight":1.9487},
{"Node_id":23968,"weight":2.5684},
{"Node_id":23969,"weight":2.4221},
{"Node_id":23970,"weight":1.6523},
{"Node_id":23971,"weight":2.1031},
{"Node_id":23972,"weight":1.7607},
{"Node_id":23973,"weight":1.4045},
{"Node_id":23974,"weight":2.3321},
{"Node_id":23975,"weight":3.5146},
{"Node_id":23976,"weight":3.7991},
{"Node_id":23977,"weight":2.5534},
{"Node_id":23978,"weight":2.2028},
{"Node_id":23979,"weight":1.9896},
{"Node_id":23980,"weight":1.8843},
{"Node_id":23981,"weight":2.8381},
{"Node_id":23982,"weight":1.5076},
{"Node_id":23983,"weight":2.184},
{"Node_id":23984,"weight":2.0416},
{"Node_id":23985,"weight":3.7579},
{"Node_id":23986,"weight":1.9296},
{"Node_id":23987,"weight":2.1093},
{"Node_id":23988,"weight":2.7876},
{"Node_id":23989,"weight":2.2657},
{"Node_id":23990,"weight":3.1651},
{"Node_id":23991,"weight":4.0163},
{"Node_id":23992,"weight":2.0192},
{"Node_id":23993,"weight":2.6678},
{"Node_id":23994,"weight":2.4768},
{"Node_id":23995,"weight":1.5245},
{"Node_id":23996,"weight":4.7954},
{"Node_id":23997,"weight":1.9896},
{"Node_id":23998,"weight":2.3075},
{"Node_id":23999,"weight":2.5023},
{"Node_id":24000,"weight":1.421},
{"Node_id":24001,"weight":1.7151},
{"Node_id":24002,"weight":1.5575},
{"Node_id":24003,"weight":1.9634},
{"Node_id":24024,"weight":2.5312},
{"Node_id":24046,"weight":3.1651},
{"Node_id":24062,"weight":2.0231},
{"Node_id":24077,"weight":2.6945},
{"Node_id":24078,"weight":3.6843},
{"Node_id":24079,"weight":2.6037},
{"Node_id":24094,"weight":3.6233},
{"Node_id":24095,"weight":2.5341},
{"Node_id":24096,"weight":2.6482},
{"Node_id":24097,"weight":2.2095},
{"Node_id":24098,"weight":2.2634},
{"Node_id":24099,"weight":1.653},
{"Node_id":24100,"weight":1.397},
{"Node_id":24101,"weight":2.5166},
{"Node_id":24102,"weight":1.9468},
{"Node_id":24103,"weight":2.0338},
{"Node_id":24104,"weight":1.7528},
{"Node_id":24105,"weight":1.53},
{"Node_id":24180,"weight":1.8128},
{"Node_id":24181,"weight":2.9808},
{"Node_id":24182,"weight":4.2402},
{"Node_id":24183,"weight":1.935},
{"Node_id":24184,"weight":1.6792},
{"Node_id":24185,"weight":3.2591},
{"Node_id":24186,"weight":1.6538},
{"Node_id":24187,"weight":2.1568},
{"Node_id":24188,"weight":3.1781},
{"Node_id":24189,"weight":2.881},
{"Node_id":24190,"weight":1.4848},
{"Node_id":24191,"weight":1.5793},
{"Node_id":24192,"weight":3.1833},
{"Node_id":24193,"weight":2.7857},
{"Node_id":24194,"weight":1.659},
{"Node_id":24195,"weight":1.6754},
{"Node_id":24196,"weight":1.7575},
{"Node_id":24197,"weight":2.2955},
{"Node_id":24198,"weight":2.0202},
{"Node_id":24199,"weight":2.7235},
{"Node_id":24200,"weight":2.1796},
{"Node_id":24201,"weight":2.7339},
{"Node_id":24202,"weight":3.3967},
{"Node_id":24203,"weight":2.4208},
{"Node_id":24204,"weight":1.5652},
{"Node_id":24205,"weight":2.6945},
{"Node_id":24206,"weight":4.1064},
{"Node_id":24210,"weight":1.5259},
{"Node_id":24211,"weight":2.1312},
{"Node_id":24212,"weight":1.5002},
{"Node_id":24213,"weight":6.3182},
{"Node_id":24214,"weight":2.0745},
{"Node_id":24215,"weight":1.4822},
{"Node_id":24216,"weight":1.4848},
{"Node_id":24217,"weight":2.0436},
{"Node_id":24218,"weight":1.9905},
{"Node_id":24219,"weight":2.4852},
{"Node_id":24220,"weight":1.8643},
{"Node_id":24221,"weight":3.1651},
{"Node_id":24222,"weight":3.7357},
{"Node_id":24223,"weight":1.3932},
{"Node_id":24224,"weight":1.4975},
{"Node_id":24225,"weight":1.8037},
{"Node_id":24226,"weight":1.5963},
{"Node_id":24227,"weight":2.5224},
{"Node_id":24228,"weight":3.842},
{"Node_id":24229,"weight":2.1622},
{"Node_id":24230,"weight":1.8515},
{"Node_id":24231,"weight":5.8401},
{"Node_id":24232,"weight":1.6906},
{"Node_id":24233,"weight":1.7736},
{"Node_id":24234,"weight":1.9296},
{"Node_id":24235,"weight":2.7857},
{"Node_id":24236,"weight":2.3546},
{"Node_id":24237,"weight":3.776},
{"Node_id":24238,"weight":4.0694},
{"Node_id":24239,"weight":2.4671},
{"Node_id":24240,"weight":2.173},
{"Node_id":24241,"weight":1.752},
{"Node_id":24242,"weight":2.0038},
{"Node_id":24243,"weight":1.4371},
{"Node_id":24244,"weight":2.7081},
{"Node_id":24245,"weight":1.4835},
{"Node_id":24246,"weight":1.9962},
{"Node_id":24247,"weight":2.727},
{"Node_id":24248,"weight":2.2517},
{"Node_id":24249,"weight":2.3648},
{"Node_id":24250,"weight":3.596},
{"Node_id":24251,"weight":2.6257},
{"Node_id":24252,"weight":2.4275},
{"Node_id":24253,"weight":1.9277},
{"Node_id":24254,"weight":2.3866},
{"Node_id":24255,"weight":5.3992},
{"Node_id":24256,"weight":1.4624},
{"Node_id":24257,"weight":1.5485},
{"Node_id":24258,"weight":2.3395},
{"Node_id":24259,"weight":1.8895},
{"Node_id":24260,"weight":2.4588},
{"Node_id":24261,"weight":2.2799},
{"Node_id":24262,"weight":2.8652},
{"Node_id":24263,"weight":1.5062},
{"Node_id":24264,"weight":1.4881},
{"Node_id":24265,"weight":1.5842},
{"Node_id":24266,"weight":1.4921},
{"Node_id":24267,"weight":1.8078},
{"Node_id":24268,"weight":1.776},
{"Node_id":24269,"weight":3.305},
{"Node_id":24270,"weight":2.5959},
{"Node_id":24271,"weight":1.6974},
{"Node_id":24272,"weight":2.2196},
{"Node_id":24273,"weight":1.4848},
{"Node_id":24274,"weight":2.881},
{"Node_id":24275,"weight":1.7401},
{"Node_id":24276,"weight":2.3234},
{"Node_id":24277,"weight":1.6208},
{"Node_id":24278,"weight":2.6563},
{"Node_id":24279,"weight":1.6486},
{"Node_id":24280,"weight":1.9332},
{"Node_id":24281,"weight":1.8523},
{"Node_id":24282,"weight":2.8229},
{"Node_id":24283,"weight":2.5579},
{"Node_id":24305,"weight":2.0907},
{"Node_id":24306,"weight":6.0725},
{"Node_id":24307,"weight":2.8574},
{"Node_id":24308,"weight":1.4178},
{"Node_id":24309,"weight":1.5992},
{"Node_id":24310,"weight":2.1719},
{"Node_id":24311,"weight":1.5035},
{"Node_id":24312,"weight":1.3882},
{"Node_id":24313,"weight":2.2576},
{"Node_id":24314,"weight":3.3652},
{"Node_id":24315,"weight":2.5254},
{"Node_id":24316,"weight":1.7105},
{"Node_id":24317,"weight":4.8458},
{"Node_id":24318,"weight":2.2552},
{"Node_id":24319,"weight":1.3988},
{"Node_id":24320,"weight":1.4172},
{"Node_id":24321,"weight":1.6523},
{"Node_id":24322,"weight":1.7963},
{"Node_id":24323,"weight":4.1002},
{"Node_id":24324,"weight":2.5066},
{"Node_id":24325,"weight":2.5385},
{"Node_id":24326,"weight":2.877},
{"Node_id":24327,"weight":1.9523},
{"Node_id":24328,"weight":2.5714},
{"Node_id":24329,"weight":1.4565},
{"Node_id":24330,"weight":1.744},
{"Node_id":24331,"weight":1.6732},
{"Node_id":24332,"weight":1.798},
{"Node_id":24333,"weight":1.9305},
{"Node_id":24334,"weight":1.4229},
{"Node_id":24335,"weight":1.543},
{"Node_id":24336,"weight":4.1711},
{"Node_id":24337,"weight":2.6711},
{"Node_id":24338,"weight":2.205},
{"Node_id":24339,"weight":3.1347},
{"Node_id":24340,"weight":1.4815},
{"Node_id":24341,"weight":1.752},
{"Node_id":24342,"weight":3.0252},
{"Node_id":24343,"weight":1.6368},
{"Node_id":24344,"weight":2.9593},
{"Node_id":24345,"weight":3.1964},
{"Node_id":24346,"weight":2.0565},
{"Node_id":24347,"weight":1.9296},
{"Node_id":24348,"weight":1.8136},
{"Node_id":24349,"weight":2.2242},
{"Node_id":24350,"weight":2.3571},
{"Node_id":24351,"weight":3.8038},
{"Node_id":24352,"weight":2.0938},
{"Node_id":24353,"weight":2.0745},
{"Node_id":24354,"weight":2.5123},
{"Node_id":24355,"weight":1.5786},
{"Node_id":24356,"weight":1.726},
{"Node_id":24357,"weight":1.4663},
{"Node_id":24358,"weight":2.6563},
{"Node_id":24359,"weight":1.4147},
{"Node_id":24360,"weight":2.9011},
{"Node_id":24361,"weight":5.2347},
{"Node_id":24362,"weight":3.4095},
{"Node_id":24363,"weight":3.4225},
{"Node_id":24364,"weight":1.8557},
{"Node_id":24365,"weight":2.6498},
{"Node_id":24366,"weight":2.1134},
{"Node_id":24367,"weight":2.366},
{"Node_id":24368,"weight":1.9395},
{"Node_id":24369,"weight":3.1859},
{"Node_id":24370,"weight":2.2907},
{"Node_id":24371,"weight":1.8337},
{"Node_id":24372,"weight":1.5652},
{"Node_id":24373,"weight":2.543},
{"Node_id":24374,"weight":5.8061},
{"Node_id":24375,"weight":3.6969},
{"Node_id":24376,"weight":2.1774},
{"Node_id":24377,"weight":1.4795},
{"Node_id":24378,"weight":1.3944},
{"Node_id":24379,"weight":2.3222},
{"Node_id":24380,"weight":1.8012},
{"Node_id":24381,"weight":5.2933},
{"Node_id":24384,"weight":1.5652},
{"Node_id":24385,"weight":2.5944},
{"Node_id":24386,"weight":2.0856},
{"Node_id":24387,"weight":1.5029},
{"Node_id":24388,"weight":2.8751},
{"Node_id":24389,"weight":1.5361},
{"Node_id":24390,"weight":3.2342},
{"Node_id":24391,"weight":1.9432},
{"Node_id":24392,"weight":1.639},
{"Node_id":24393,"weight":2.0436},
{"Node_id":24396,"weight":5.7105},
{"Node_id":24433,"weight":1.8834},
{"Node_id":24434,"weight":1.6657},
{"Node_id":24435,"weight":2.0918},
{"Node_id":24436,"weight":4.8588},
{"Node_id":24437,"weight":2.9257},
{"Node_id":24438,"weight":3.4323},
{"Node_id":24448,"weight":1.8756},
{"Node_id":24504,"weight":4.1982},
{"Node_id":24505,"weight":3.6392},
{"Node_id":24506,"weight":1.9727},
{"Node_id":24507,"weight":5.7414},
{"Node_id":24508,"weight":3.0929},
{"Node_id":24509,"weight":2.3609},
{"Node_id":24510,"weight":1.7113},
{"Node_id":24511,"weight":1.4268},
{"Node_id":24514,"weight":2.9896},
{"Node_id":24515,"weight":2.0938},
{"Node_id":24516,"weight":3.6718},
{"Node_id":24517,"weight":2.1124},
{"Node_id":24518,"weight":2.5519},
{"Node_id":24519,"weight":2.3445},
{"Node_id":24520,"weight":1.5527},
{"Node_id":24521,"weight":1.752},
{"Node_id":24522,"weight":2.7658},
{"Node_id":24523,"weight":1.9241},
{"Node_id":24524,"weight":1.8506},
{"Node_id":24525,"weight":2.4951},
{"Node_id":24526,"weight":3.3168},
{"Node_id":24527,"weight":1.9368},
{"Node_id":24528,"weight":2.2599},
{"Node_id":24529,"weight":1.8532},
{"Node_id":24530,"weight":2.2379},
{"Node_id":24531,"weight":1.8379},
{"Node_id":24532,"weight":3.6718},
{"Node_id":24533,"weight":1.6317},
{"Node_id":24534,"weight":3.7624},
{"Node_id":24535,"weight":1.5617},
{"Node_id":24536,"weight":1.8566},
{"Node_id":24537,"weight":1.8575},
{"Node_id":24538,"weight":1.6013},
{"Node_id":24542,"weight":2.508},
{"Node_id":24543,"weight":1.4198},
{"Node_id":24544,"weight":2.4478},
{"Node_id":24545,"weight":1.4474},
{"Node_id":24546,"weight":3.0229},
{"Node_id":24547,"weight":2.0377},
{"Node_id":24548,"weight":1.5218}]