[{"Node_id":20637,"weight":1.9214},
{"Node_id":20641,"weight":2.184},
{"Node_id":20642,"weight":3.483},
{"Node_id":20643,"weight":2.2799},
{"Node_id":20644,"weight":2.0505},
{"Node_id":20645,"weight":1.9802},
{"Node_id":20646,"weight":2.5051},
{"Node_id":20650,"weight":2.4994},
{"Node_id":20651,"weight":2.7218},
{"Node_id":20652,"weight":3.6636},
{"Node_id":20653,"weight":1.6493},
{"Node_id":20654,"weight":4.0396},
{"Node_id":20655,"weight":2.0367},
{"Node_id":20656,"weight":1.4319},
{"Node_id":20657,"weight":3.8918},
{"Node_id":20658,"weight":2.3699},
{"Node_id":20659,"weight":1.8825},
{"Node_id":20660,"weight":1.9924},
{"Node_id":20661,"weight":2.5459},
{"Node_id":20662,"weight":2.6645},
{"Node_id":20663,"weight":2.321},
{"Node_id":20664,"weight":1.6936},
{"Node_id":20665,"weight":4.1254},
{"Node_id":20668,"weight":2.1397},
{"Node_id":20669,"weight":2.4195},
{"Node_id":20670,"weight":1.4064},
{"Node_id":20671,"weight":1.8203},
{"Node_id":20672,"weight":4.1846},
{"Node_id":20679,"weight":2.7912},
{"Node_id":20684,"weight":2.9298},
{"Node_id":20685,"weight":3.7945},
{"Node_id":20689,"weight":1.5736},
{"Node_id":20690,"weight":1.9597},
{"Node_id":20691,"weight":1.9569},
{"Node_id":20692,"weight":1.4474},
{"Node_id":20693,"weight":1.9468},
{"Node_id":20694,"weight":2.0241},
{"Node_id":20715,"weight":1.4371},
{"Node_id":20716,"weight":2.4866},
{"Node_id":20717,"weight":1.7922},
{"Node_id":20718,"weight":1.5259},
{"Node_id":20719,"weight":3.2124},
{"Node_id":20720,"weight":2.5123},
{"Node_id":20721,"weight":1.832},
{"Node_id":20722,"weight":4.7357},
{"Node_id":20723,"weight":1.744},
{"Node_id":20724,"weight":1.748},
{"Node_id":20727,"weight":1.8643},
{"Node_id":20728,"weight":3.4127},
{"Node_id":20729,"weight":1.7036},
{"Node_id":20730,"weight":2.5852},
{"Node_id":20732,"weight":2.0846},
{"Node_id":20733,"weight":3.9713},
{"Node_id":20734,"weight":3.2963},
{"Node_id":20735,"weight":2.0212},
{"Node_id":20736,"weight":1.3976},
{"Node_id":20737,"weight":1.5513},
{"Node_id":20738,"weight":1.8203},
{"Node_id":20739,"weight":1.5492},
{"Node_id":20740,"weight":2.0456},
{"Node_id":20741,"weight":1.7036},
{"Node_id":20742,"weight":2.0595},
{"Node_id":20743,"weight":4.7954},
{"Node_id":20744,"weight":1.4217},
{"Node_id":20745,"weight":1.8421},
{"Node_id":20746,"weight":1.8421},
{"Node_id":20747,"weight":1.4624},
{"Node_id":20748,"weight":3.429},
{"Node_id":20749,"weight":2.764},
{"Node_id":20750,"weight":2.001},
{"Node_id":20751,"weight":1.6353},
{"Node_id":20752,"weight":1.4539},
{"Node_id":20753,"weight":4.219},
{"Node_id":20754,"weight":3.0667},
{"Node_id":20755,"weight":4.226},
{"Node_id":20756,"weight":1.5361},
{"Node_id":20768,"weight":2.7949},
{"Node_id":20769,"weight":1.5638},
{"Node_id":20772,"weight":1.7583},
{"Node_id":20773,"weight":2.4102},
{"Node_id":20778,"weight":7.6004},
{"Node_id":20779,"weight":1.6034},
{"Node_id":20780,"weight":1.9197},
{"Node_id":20781,"weight":1.5259},
{"Node_id":20782,"weight":1.8421},
{"Node_id":20783,"weight":1.9532},
{"Node_id":20784,"weight":2.1928},
{"Node_id":20785,"weight":1.6493},
{"Node_id":20786,"weight":1.9395},
{"Node_id":20787,"weight":2.3983},
{"Node_id":20788,"weight":2.2634},
{"Node_id":20789,"weight":2.2253},
{"Node_id":20790,"weight":3.9176},
{"Node_id":20791,"weight":2.4369},
{"Node_id":20792,"weight":2.3271},
{"Node_id":20793,"weight":3.1026},
{"Node_id":20794,"weight":1.5764},
{"Node_id":20795,"weight":1.7097},
{"Node_id":20796,"weight":2.7115},
{"Node_id":20801,"weight":1.4261},
{"Node_id":20802,"weight":4.2766},
{"Node_id":20803,"weight":6.0725},
{"Node_id":20804,"weight":3.2397},
{"Node_id":20805,"weight":2.3763},
{"Node_id":20806,"weight":5.2159},
{"Node_id":20807,"weight":2.6006},
{"Node_id":20808,"weight":2.7857},
{"Node_id":20809,"weight":3.3714},
{"Node_id":20810,"weight":1.5666},
{"Node_id":20811,"weight":2.6612},
{"Node_id":20812,"weight":1.886},
{"Node_id":20813,"weight":1.866},
{"Node_id":20814,"weight":1.5327},
{"Node_id":20815,"weight":2.1218},
{"Node_id":20816,"weight":1.5123},
{"Node_id":20817,"weight":3.596},
{"Node_id":20818,"weight":1.7013},
{"Node_id":20819,"weight":2.0348},
{"Node_id":20820,"weight":2.887},
{"Node_id":20821,"weight":2.2287},
{"Node_id":20942,"weight":1.7136},
{"Node_id":20943,"weight":1.6875},
{"Node_id":20944,"weight":3.3227},
{"Node_id":20945,"weight":3.2733},
{"Node_id":20997,"weight":1.7833},
{"Node_id":21042,"weight":1.9287},
{"Node_id":21268,"weight":2.8172},
{"Node_id":21458,"weight":2.5654},
{"Node_id":21459,"weight":1.4281},
{"Node_id":21460,"weight":2.0887},
{"Node_id":21693,"weight":2.806},
{"Node_id":21694,"weight":5.077},
{"Node_id":21695,"weight":1.4178},
{"Node_id":21696,"weight":4.1064},
{"Node_id":21697,"weight":2.0695},
{"Node_id":21698,"weight":1.6085},
{"Node_id":21699,"weight":2.2196},
{"Node_id":21700,"weight":1.6027},
{"Node_id":21701,"weight":2.0907},
{"Node_id":21702,"weight":2.9635},
{"Node_id":21703,"weight":3.9549},
{"Node_id":21704,"weight":1.4474},
{"Node_id":21705,"weight":1.7051},
{"Node_id":21706,"weight":2.3996},
{"Node_id":21707,"weight":1.7433},
{"Node_id":21708,"weight":2.1807},
{"Node_id":21709,"weight":2.3866},
{"Node_id":21710,"weight":1.3919},
{"Node_id":21711,"weight":2.0928},
{"Node_id":21714,"weight":4.5751},
{"Node_id":21715,"weight":1.8481},
{"Node_id":21716,"weight":2.0938},
{"Node_id":21717,"weight":1.9615},
{"Node_id":21718,"weight":2.0299},
{"Node_id":21719,"weight":2.3433},
{"Node_id":21720,"weight":1.7159},
{"Node_id":21721,"weight":2.5504},
{"Node_id":21722,"weight":2.9765},
{"Node_id":21723,"weight":2.5519},
{"Node_id":21724,"weight":1.8523},
{"Node_id":21725,"weight":2.3648},
{"Node_id":21728,"weight":1.4868},
{"Node_id":21729,"weight":1.4481},
{"Node_id":21730,"weight":1.4384},
{"Node_id":21731,"weight":5.2933},
{"Node_id":21732,"weight":1.4313},
{"Node_id":21733,"weight":3.3287},
{"Node_id":21734,"weight":1.9305},
{"Node_id":21735,"weight":4.8078},
{"Node_id":21736,"weight":2.5195},
{"Node_id":21737,"weight":1.3882},
{"Node_id":21738,"weight":3.2151},
{"Node_id":21739,"weight":2.3271},
{"Node_id":21740,"weight":1.6208},
{"Node_id":21741,"weight":4.6469},
{"Node_id":21742,"weight":2.2943},
{"Node_id":21743,"weight":3.4523},
{"Node_id":21744,"weight":1.4617},
{"Node_id":21745,"weight":1.4313},
{"Node_id":21746,"weight":3.0978},
{"Node_id":21747,"weight":1.6142},
{"Node_id":21748,"weight":1.3869},
{"Node_id":21749,"weight":3.0006},
{"Node_id":21750,"weight":2.8691},
{"Node_id":21751,"weight":1.7276},
{"Node_id":21752,"weight":1.3982},
{"Node_id":21753,"weight":1.8869},
{"Node_id":21754,"weight":2.0918},
{"Node_id":21759,"weight":2.7604},
{"Node_id":21760,"weight":1.7647},
{"Node_id":21761,"weight":3.4225},
{"Node_id":21762,"weight":3.1651},
{"Node_id":21763,"weight":2.6482},
{"Node_id":21764,"weight":1.6434},
{"Node_id":21765,"weight":2.6662},
{"Node_id":21766,"weight":1.5204},
{"Node_id":21767,"weight":1.8704},
{"Node_id":21768,"weight":1.4455},
{"Node_id":21769,"weight":1.452},
{"Node_id":21770,"weight":3.6677},
{"Node_id":21771,"weight":2.9722},
{"Node_id":21772,"weight":1.6405},
{"Node_id":21775,"weight":3.511},
{"Node_id":21776,"weight":1.6627},
{"Node_id":21777,"weight":3.1173},
{"Node_id":21778,"weight":2.2752},
{"Node_id":21779,"weight":1.6049},
{"Node_id":21780,"weight":1.6612},
{"Node_id":21781,"weight":2.9786},
{"Node_id":21782,"weight":1.9496},
{"Node_id":21783,"weight":1.7151},
{"Node_id":21786,"weight":1.8037},
{"Node_id":21787,"weight":1.7448},
{"Node_id":21788,"weight":1.9197},
{"Node_id":21789,"weight":2.6369},
{"Node_id":21825,"weight":1.4494},
{"Node_id":21826,"weight":4.4024},
{"Node_id":21827,"weight":2.1397},
{"Node_id":21828,"weight":1.4822},
{"Node_id":21829,"weight":3.7852},
{"Node_id":21830,"weight":1.9487},
{"Node_id":21831,"weight":2.1218},
{"Node_id":21832,"weight":2.2242},
{"Node_id":21833,"weight":1.9972},
{"Node_id":21834,"weight":5.9496},
{"Node_id":21837,"weight":2.9298},
{"Node_id":21840,"weight":4.1711},
{"Node_id":21841,"weight":2.4142},
{"Node_id":21842,"weight":2.4838},
{"Node_id":21843,"weight":2.4629},
{"Node_id":21844,"weight":3.2676},
{"Node_id":21845,"weight":4.6259},
{"Node_id":21846,"weight":4.5555},
{"Node_id":21847,"weight":1.7865},
{"Node_id":21848,"weight":1.4862},
{"Node_id":21849,"weight":1.8921},
{"Node_id":21850,"weight":1.5055},
{"Node_id":21851,"weight":1.4261},
{"Node_id":21852,"weight":1.7551},
{"Node_id":21853,"weight":1.8652},
{"Node_id":21854,"weight":5.2539},
{"Node_id":21855,"weight":1.4815},
{"Node_id":21856,"weight":1.4287},
{"Node_id":21857,"weight":1.5451},
{"Node_id":21858,"weight":1.6229},
{"Node_id":21859,"weight":4.2051},
{"Node_id":21860,"weight":2.579},
{"Node_id":21861,"weight":1.5885},
{"Node_id":21862,"weight":2.883},
{"Node_id":21865,"weight":3.4591},
{"Node_id":21866,"weight":2.5654},
{"Node_id":21869,"weight":7.8236},
{"Node_id":21879,"weight":1.5225},
{"Node_id":21880,"weight":2.2494},
{"Node_id":21881,"weight":2.5669},
{"Node_id":21882,"weight":3.2452},
{"Node_id":21883,"weight":2.8439},
{"Node_id":21884,"weight":2.3371},
{"Node_id":21885,"weight":1.3913},
{"Node_id":21886,"weight":4.3066},
{"Node_id":21887,"weight":2.7712},
{"Node_id":21888,"weight":5.077},
{"Node_id":21889,"weight":1.9386},
{"Node_id":21893,"weight":2.2425},
{"Node_id":21894,"weight":2.0144},
{"Node_id":21895,"weight":1.4955},
{"Node_id":21896,"weight":1.4364},
{"Node_id":21897,"weight":1.7639},
{"Node_id":21898,"weight":4.872},
{"Node_id":21902,"weight":2.2967},
{"Node_id":21903,"weight":1.4855},
{"Node_id":21904,"weight":3.0297},
{"Node_id":21905,"weight":1.421},
{"Node_id":21906,"weight":1.9487},
{"Node_id":21907,"weight":2.6434},
{"Node_id":21908,"weight":1.6777},
{"Node_id":21909,"weight":1.5008},
{"Node_id":21910,"weight":2.9765},
{"Node_id":21911,"weight":1.7082},
{"Node_id":21912,"weight":2.4168},
{"Node_id":22145,"weight":5.4217},
{"Node_id":22146,"weight":5.5429},
{"Node_id":22147,"weight":2.5534},
{"Node_id":22148,"weight":1.4223},
{"Node_id":22149,"weight":2.2728},
{"Node_id":22150,"weight":3.3377},
{"Node_id":22209,"weight":5.045},
{"Node_id":22210,"weight":3.8766},
{"Node_id":22211,"weight":1.719},
{"Node_id":22212,"weight":1.7354},
{"Node_id":22213,"weight":2.4768},
{"Node_id":22214,"weight":1.7198},
{"Node_id":22217,"weight":3.6076},
{"Node_id":22218,"weight":3.4523},
{"Node_id":22219,"weight":3.6273},
{"Node_id":22220,"weight":3.7401},
{"Node_id":22221,"weight":2.0338},
{"Node_id":22222,"weight":1.6906},
{"Node_id":22223,"weight":3.6718},
{"Node_id":22224,"weight":2.1418},
{"Node_id":22225,"weight":1.6419},
{"Node_id":22226,"weight":1.8549},
{"Node_id":22227,"weight":2.0212},
{"Node_id":22228,"weight":3.3808},
{"Node_id":22229,"weight":3.8469},
{"Node_id":22230,"weight":3.305},
{"Node_id":22231,"weight":1.4742},
{"Node_id":22234,"weight":1.5464},
{"Node_id":22235,"weight":2.0575},
{"Node_id":22236,"weight":1.7922},
{"Node_id":22239,"weight":4.1579},
{"Node_id":22240,"weight":1.615},
{"Node_id":22241,"weight":5.4927},
{"Node_id":22244,"weight":3.7446},
{"Node_id":22247,"weight":3.5075},
{"Node_id":22248,"weight":1.7472},
{"Node_id":22249,"weight":1.4001},
{"Node_id":22250,"weight":3.6885},
{"Node_id":22251,"weight":2.5519},
{"Node_id":22252,"weight":1.8145},
{"Node_id":22253,"weight":3.8372},
{"Node_id":22254,"weight":2.0615},
{"Node_id":22255,"weight":2.0785},
{"Node_id":22256,"weight":2.1654},
{"Node_id":22257,"weight":1.6114},
{"Node_id":22258,"weight":1.812},
{"Node_id":22259,"weight":1.9143},
{"Node_id":22260,"weight":1.7567},
{"Node_id":22261,"weight":2.1862},
{"Node_id":22262,"weight":2.1906},
{"Node_id":22263,"weight":2.7357},
{"Node_id":22264,"weight":2.9465},
{"Node_id":22265,"weight":2.1249},
{"Node_id":22266,"weight":3.6432},
{"Node_id":22267,"weight":5.1441},
{"Node_id":22268,"weight":5.2734},
{"Node_id":22269,"weight":3.0978},
{"Node_id":22270,"weight":3.8132},
{"Node_id":22271,"weight":5.045},
{"Node_id":22272,"weight":2.401},
{"Node_id":22273,"weight":2.101},
{"Node_id":22274,"weight":1.515},
{"Node_id":22277,"weight":3.0644},
{"Node_id":22278,"weight":3.0366},
{"Node_id":22279,"weight":2.3039},
{"Node_id":22280,"weight":1.7849},
{"Node_id":22281,"weight":3.0184},
{"Node_id":22282,"weight":1.886},
{"Node_id":22283,"weight":2.0038},
{"Node_id":22284,"weight":2.025},
{"Node_id":22294,"weight":1.9206},
{"Node_id":22295,"weight":2.4329},
{"Node_id":22296,"weight":3.9658},
{"Node_id":22297,"weight":2.5579},
{"Node_id":22298,"weight":2.0192},
{"Node_id":22301,"weight":2.8135},
{"Node_id":22302,"weight":2.8381},
{"Node_id":22303,"weight":2.889},
{"Node_id":22304,"weight":2.0338},
{"Node_id":22305,"weight":3.0667},
{"Node_id":22306,"weight":1.9323},
{"Node_id":22307,"weight":1.7237},
{"Node_id":22308,"weight":1.7599},
{"Node_id":22309,"weight":2.3015},
{"Node_id":22310,"weight":1.4881},
{"Node_id":22311,"weight":1.3988},
{"Node_id":22312,"weight":2.9786},
{"Node_id":22313,"weight":3.3652},
{"Node_id":22314,"weight":2.6337},
{"Node_id":22315,"weight":1.5485},
{"Node_id":22316,"weight":2.5297},
{"Node_id":22317,"weight":1.5327},
{"Node_id":22318,"weight":1.7663},
{"Node_id":22319,"weight":1.9423},
{"Node_id":22320,"weight":1.4422},
{"Node_id":22321,"weight":1.5885},
{"Node_id":22322,"weight":1.5729},
{"Node_id":22323,"weight":1.5306},
{"Node_id":22324,"weight":2.7409},
{"Node_id":22353,"weight":1.6657},
{"Node_id":22354,"weight":1.4052},
{"Node_id":22355,"weight":1.6324},
{"Node_id":22356,"weight":2.8711},
{"Node_id":22357,"weight":5.0933},
{"Node_id":22358,"weight":1.5659},
{"Node_id":22359,"weight":1.4782},
{"Node_id":22360,"weight":2.6761},
{"Node_id":22361,"weight":2.4796},
{"Node_id":22362,"weight":2.6337},
{"Node_id":22363,"weight":5.4927},
{"Node_id":22366,"weight":2.0928},
{"Node_id":22375,"weight":1.4862},
{"Node_id":22376,"weight":1.4435},
{"Node_id":22377,"weight":4.8458},
{"Node_id":22378,"weight":2.1622},
{"Node_id":22379,"weight":1.8253},
{"Node_id":22380,"weight":2.1928},
{"Node_id":22381,"weight":1.587},
{"Node_id":22382,"weight":1.656},
{"Node_id":22383,"weight":2.4684},
{"Node_id":22384,"weight":3.511},
{"Node_id":22385,"weight":1.5368},
{"Node_id":22386,"weight":1.6027},
{"Node_id":22387,"weight":1.733},
{"Node_id":22388,"weight":1.8609},
{"Node_id":22391,"weight":3.6312},
{"Node_id":22392,"weight":2.3699},
{"Node_id":22393,"weight":2.6928},
{"Node_id":22394,"weight":3.3903},
{"Node_id":22395,"weight":2.2943},
{"Node_id":22398,"weight":1.9597},
{"Node_id":22399,"weight":2.1376},
{"Node_id":22400,"weight":2.6147},
{"Node_id":22401,"weight":2.0485},
{"Node_id":22402,"weight":1.8438},
{"Node_id":22403,"weight":2.97},
{"Node_id":22404,"weight":4.1513},
{"Node_id":22405,"weight":2.9031},
{"Node_id":22406,"weight":1.5197},
{"Node_id":22407,"weight":3.4356},
{"Node_id":22408,"weight":4.4538},
{"Node_id":22409,"weight":3.2507},
{"Node_id":22410,"weight":1.4775},
{"Node_id":22411,"weight":3.6595},
{"Node_id":22412,"weight":1.4769},
{"Node_id":22413,"weight":4.7832},
{"Node_id":22414,"weight":1.8354},
{"Node_id":22415,"weight":2.7857},
{"Node_id":22416,"weight":3.3468},
{"Node_id":22417,"weight":4.284},
{"Node_id":22418,"weight":1.8643},
{"Node_id":22419,"weight":2.1354},
{"Node_id":22420,"weight":1.8153},
{"Node_id":22423,"weight":2.5882},
{"Node_id":22424,"weight":2.1774},
{"Node_id":22425,"weight":4.0049},
{"Node_id":22426,"weight":2.9444},
{"Node_id":22427,"weight":2.6466},
{"Node_id":22428,"weight":2.1796},
{"Node_id":22429,"weight":3.3079},
{"Node_id":22430,"weight":3.562},
{"Node_id":22431,"weight":1.6164},
{"Node_id":22432,"weight":1.9915},
{"Node_id":22433,"weight":2.4994},
{"Node_id":22434,"weight":2.6022},
{"Node_id":22435,"weight":1.5603},
{"Node_id":22436,"weight":2.2716},
{"Node_id":22437,"weight":3.3287},
{"Node_id":22438,"weight":1.7543},
{"Node_id":22439,"weight":3.3468},
{"Node_id":22440,"weight":1.9098},
{"Node_id":22441,"weight":1.8078},
{"Node_id":22442,"weight":2.4519},
{"Node_id":22443,"weight":3.3138},
{"Node_id":22444,"weight":2.6434},
{"Node_id":22445,"weight":2.9939},
{"Node_id":22446,"weight":1.8379},
{"Node_id":22447,"weight":1.7711},
{"Node_id":22448,"weight":3.0072},
{"Node_id":22449,"weight":1.5485},
{"Node_id":22450,"weight":1.4585},
{"Node_id":22451,"weight":3.1222},
{"Node_id":22452,"weight":2.1752},
{"Node_id":22453,"weight":2.6321},
{"Node_id":22454,"weight":2.7183},
{"Node_id":22455,"weight":3.5694},
{"Node_id":22456,"weight":3.1026},
{"Node_id":22457,"weight":2.4315},
{"Node_id":22458,"weight":1.4868},
{"Node_id":22459,"weight":1.6785},
{"Node_id":22460,"weight":2.2576},
{"Node_id":22461,"weight":3.1625},
{"Node_id":22462,"weight":1.827},
{"Node_id":22463,"weight":2.3814},
{"Node_id":22464,"weight":2.6761},
{"Node_id":22465,"weight":1.7988},
{"Node_id":22466,"weight":5.9118},
{"Node_id":22467,"weight":2.4342},
{"Node_id":22468,"weight":1.4461},
{"Node_id":22469,"weight":3.4356},
{"Node_id":22485,"weight":1.4982},
{"Node_id":22486,"weight":2.3827},
{"Node_id":22487,"weight":2.1514},
{"Node_id":22488,"weight":1.421},
{"Node_id":22489,"weight":4.2546},
{"Node_id":22490,"weight":2.889},
{"Node_id":22491,"weight":2.6162},
{"Node_id":22494,"weight":4.508},
{"Node_id":22497,"weight":2.6401},
{"Node_id":22500,"weight":2.1197},
{"Node_id":22501,"weight":1.9161},
{"Node_id":22537,"weight":2.4643},
{"Node_id":22538,"weight":2.1145},
{"Node_id":22539,"weight":1.7105},
{"Node_id":22540,"weight":2.1239},
{"Node_id":22541,"weight":1.8834},
{"Node_id":22542,"weight":2.7115},
{"Node_id":22543,"weight":2.3597},
{"Node_id":22544,"weight":1.6383},
{"Node_id":22545,"weight":1.4624},
{"Node_id":22546,"weight":3.6392},
{"Node_id":22547,"weight":1.7338},
{"Node_id":22548,"weight":4.3776},
{"Node_id":22549,"weight":1.7089},
{"Node_id":22550,"weight":1.4789},
{"Node_id":22551,"weight":3.2591},
{"Node_id":22552,"weight":3.3871},
{"Node_id":22553,"weight":2.9277},
{"Node_id":22554,"weight":4.5653},
{"Node_id":22555,"weight":3.2178},
{"Node_id":22556,"weight":2.321},
{"Node_id":22557,"weight":2.2073},
{"Node_id":22558,"weight":1.5779},
{"Node_id":22559,"weight":3.8085},
{"Node_id":22560,"weight":1.6186},
{"Node_id":22561,"weight":6.8113},
{"Node_id":22562,"weight":1.6179},
{"Node_id":22563,"weight":1.7377},
{"Node_id":22564,"weight":2.4588},
{"Node_id":22565,"weight":1.6478},
{"Node_id":22566,"weight":1.5231},
{"Node_id":22567,"weight":2.342},
{"Node_id":22568,"weight":1.4644},
{"Node_id":22569,"weight":2.0595},
{"Node_id":22570,"weight":2.2681},
{"Node_id":22577,"weight":3.3871},
{"Node_id":22578,"weight":1.5807},
{"Node_id":22579,"weight":2.7586},
{"Node_id":22580,"weight":2.885},
{"Node_id":22581,"weight":4.5653},
{"Node_id":22582,"weight":3.3683},
{"Node_id":22583,"weight":2.7374},
{"Node_id":22586,"weight":2.0485},
{"Node_id":22587,"weight":1.8261},
{"Node_id":22588,"weight":2.9593},
{"Node_id":22589,"weight":2.0565},
{"Node_id":22590,"weight":2.5123},
{"Node_id":22591,"weight":1.4121},
{"Node_id":22592,"weight":2.2061},
{"Node_id":22593,"weight":1.7136},
{"Node_id":22594,"weight":2.2799},
{"Node_id":22595,"weight":1.7182},
{"Node_id":22598,"weight":2.0605},
{"Node_id":22599,"weight":3.6233},
{"Node_id":22602,"weight":2.6242},
{"Node_id":22603,"weight":1.5771},
{"Node_id":22604,"weight":1.5402},
{"Node_id":22605,"weight":3.2591},
{"Node_id":22606,"weight":1.6754},
{"Node_id":22607,"weight":1.5238},
{"Node_id":22608,"weight":2.0096},
{"Node_id":22609,"weight":2.8381},
{"Node_id":22610,"weight":2.1155},
{"Node_id":22611,"weight":1.5687},
{"Node_id":22612,"weight":1.4014},
{"Node_id":22613,"weight":1.7417},
{"Node_id":22614,"weight":2.3699},
{"Node_id":22617,"weight":1.6078},
{"Node_id":22618,"weight":1.7857},
{"Node_id":22619,"weight":3.562},
{"Node_id":22620,"weight":2.8633},
{"Node_id":22624,"weight":1.9259},
{"Node_id":22625,"weight":2.6662},
{"Node_id":22626,"weight":3.5326},
{"Node_id":22627,"weight":4.0163},
{"Node_id":22628,"weight":3.226},
{"Node_id":22629,"weight":1.7051},
{"Node_id":22630,"weight":2.9113},
{"Node_id":22631,"weight":1.8913},
{"Node_id":22634,"weight":1.6085},
{"Node_id":22635,"weight":1.5999},
{"Node_id":22636,"weight":3.0738},
{"Node_id":22637,"weight":1.5878},
{"Node_id":22729,"weight":3.0117},
{"Node_id":22730,"weight":2.2907},
{"Node_id":22734,"weight":2.0038},
{"Node_id":22735,"weight":3.5398},
{"Node_id":22736,"weight":1.8379},
{"Node_id":22737,"weight":1.3907},
{"Node_id":22738,"weight":3.0786},
{"Node_id":22739,"weight":4.0049},
{"Node_id":22740,"weight":3.4969},
{"Node_id":22741,"weight":1.7841},
{"Node_id":22742,"weight":2.4966},
{"Node_id":22743,"weight":4.9126},
{"Node_id":22744,"weight":3.562},
{"Node_id":22745,"weight":4.9548},
{"Node_id":22746,"weight":4.7592},
{"Node_id":22747,"weight":2.1873},
{"Node_id":22757,"weight":3.0184},
{"Node_id":22758,"weight":1.4572},
{"Node_id":22862,"weight":2.4994},
{"Node_id":22863,"weight":5.4448},
{"Node_id":22864,"weight":1.7988},
{"Node_id":22865,"weight":1.6412},
{"Node_id":22866,"weight":1.4802},
{"Node_id":22867,"weight":1.4683},
{"Node_id":22868,"weight":4.0634},
{"Node_id":22869,"weight":2.895},
{"Node_id":22870,"weight":3.3347},
{"Node_id":22871,"weight":1.6508},
{"Node_id":22872,"weight":3.3777},
{"Node_id":22873,"weight":2.9072},
{"Node_id":22874,"weight":1.4178},
{"Node_id":22875,"weight":2.4881},
{"Node_id":22876,"weight":2.3788},
{"Node_id":22877,"weight":2.9614},
{"Node_id":22878,"weight":1.6664},
{"Node_id":22879,"weight":1.7963},
{"Node_id":22880,"weight":1.9143},
{"Node_id":22881,"weight":1.6523},
{"Node_id":22882,"weight":1.6538},
{"Node_id":22883,"weight":1.9036},
{"Node_id":22884,"weight":1.7776},
{"Node_id":22885,"weight":3.3999},
{"Node_id":22886,"weight":2.3584},
{"Node_id":22887,"weight":2.1785},
{"Node_id":22888,"weight":2.5224},
{"Node_id":22889,"weight":2.4601},
{"Node_id":22890,"weight":1.7074},
{"Node_id":22891,"weight":1.8834},
{"Node_id":22892,"weight":1.8921},
{"Node_id":22893,"weight":1.39},
{"Node_id":22894,"weight":2.2106},
{"Node_id":22895,"weight":1.9241},
{"Node_id":22896,"weight":1.6627},
{"Node_id":22897,"weight":3.0667},
{"Node_id":22898,"weight":2.0605},
{"Node_id":22899,"weight":2.2895},
{"Node_id":22900,"weight":1.43},
{"Node_id":22901,"weight":2.4698},
{"Node_id":22902,"weight":2.7694},
{"Node_id":22905,"weight":2.8305},
{"Node_id":22906,"weight":1.7825},
{"Node_id":22959,"weight":1.702},
{"Node_id":23026,"weight":2.9133},
{"Node_id":23042,"weight":1.4546},
{"Node_id":23043,"weight":1.6186},
{"Node_id":23044,"weight":2.4754},
{"Node_id":23045,"weight":1.8756},
{"Node_id":23071,"weight":1.4217},
{"Node_id":23108,"weight":1.5701},
{"Node_id":23226,"weight":1.9532},
{"Node_id":23352,"weight":3.2071},
{"Node_id":23353,"weight":1.7988},
{"Node_id":23448,"weight":3.3529},
{"Node_id":23491,"weight":2.658},
{"Node_id":23506,"weight":2.5371},
{"Node_id":23507,"weight":5.9496},
{"Node_id":23534,"weight":1.5589},
{"Node_id":23535,"weight":2.7098},
{"Node_id":23651,"weight":1.7543},
{"Node_id":23652,"weight":1.9746},
{"Node_id":23725,"weight":1.4729},
{"Node_id":23747,"weight":2.4754},
{"Node_id":23748,"weight":2.4302},
{"Node_id":23788,"weight":1.7898},
{"Node_id":23789,"weight":1.7043},
{"Node_id":23790,"weight":1.6612},
{"Node_id":23791,"weight":1.8669},
{"Node_id":23792,"weight":1.6762},
{"Node_id":23793,"weight":2.2208},
{"Node_id":23794,"weight":3.0297},
{"Node_id":23795,"weight":2.4262},
{"Node_id":23796,"weight":2.4155},
{"Node_id":23797,"weight":3.2017},
{"Node_id":23798,"weight":2.4866},
{"Node_id":23799,"weight":2.9939},
{"Node_id":23800,"weight":4.4538},
{"Node_id":23801,"weight":2.1796},
{"Node_id":23802,"weight":1.8523},
{"Node_id":23803,"weight":2.0038},
{"Node_id":23804,"weight":1.9934},
{"Node_id":23805,"weight":1.5652},
{"Node_id":23806,"weight":1.6792},
{"Node_id":23807,"weight":1.561},
{"Node_id":23808,"weight":1.5892},
{"Node_id":23809,"weight":1.6006},
{"Node_id":23810,"weight":1.7377},
{"Node_id":23811,"weight":2.3321},
{"Node_id":23812,"weight":2.0202},
{"Node_id":23813,"weight":4.284},
{"Node_id":23814,"weight":3.4969},
{"Node_id":23815,"weight":1.5736},
{"Node_id":23816,"weight":1.7857},
{"Node_id":23817,"weight":2.3271},
{"Node_id":23818,"weight":1.873},
{"Node_id":23819,"weight":2.0685},
{"Node_id":23820,"weight":1.8506},
{"Node_id":23821,"weight":2.5609},
{"Node_id":23822,"weight":1.6034},
{"Node_id":23823,"weight":2.0358},
{"Node_id":23824,"weight":3.3808},
{"Node_id":23825,"weight":2.2599},
{"Node_id":23826,"weight":3.6801},
{"Node_id":23827,"weight":5.1441},
{"Node_id":23828,"weight":4.0396},
{"Node_id":23829,"weight":2.1611},
{"Node_id":23830,"weight":4.7832},
{"Node_id":23831,"weight":3.4258},
{"Node_id":23832,"weight":2.6662},
{"Node_id":23833,"weight":2.4208},
{"Node_id":23834,"weight":1.5687},
{"Node_id":23835,"weight":2.8191},
{"Node_id":23836,"weight":1.4935},
{"Node_id":23837,"weight":1.7362},
{"Node_id":23840,"weight":6.1637},
{"Node_id":23841,"weight":1.9359},
{"Node_id":23842,"weight":3.3287},
{"Node_id":23843,"weight":3.0458},
{"Node_id":23844,"weight":2.1165},
{"Node_id":23845,"weight":1.5022},
{"Node_id":23846,"weight":2.5066},
{"Node_id":23849,"weight":1.4281},
{"Node_id":23850,"weight":2.4089},
{"Node_id":23851,"weight":1.7615},
{"Node_id":23852,"weight":1.4995},
{"Node_id":23853,"weight":1.9597},
{"Node_id":23854,"weight":2.955},
{"Node_id":23857,"weight":2.4235},
{"Node_id":23858,"weight":1.6634},
{"Node_id":23904,"weight":1.6883},
{"Node_id":23927,"weight":3.2676},
{"Node_id":23929,"weight":2.1062},
{"Node_id":23930,"weight":1.5949},
{"Node_id":23931,"weight":2.0705},
{"Node_id":23932,"weight":5.1441},
{"Node_id":23933,"weight":1.9018},
{"Node_id":23934,"weight":1.5582},
{"Node_id":23935,"weight":1.9477},
{"Node_id":23936,"weight":3.4095},
{"Node_id":23937,"weight":1.798},
{"Node_id":23938,"weight":3.8132},
{"Node_id":23939,"weight":5.1794},
{"Node_id":23940,"weight":8.1114},
{"Node_id":23941,"weight":3.5732},
{"Node_id":23942,"weight":6.5699},
{"Node_id":23943,"weight":1.8506},
{"Node_id":23944,"weight":3.2098},
{"Node_id":23945,"weight":2.1665},
{"Node_id":23948,"weight":2.0959},
{"Node_id":23949,"weight":3.1099},
{"Node_id":23950,"weight":2.2907},
{"Node_id":23951,"weight":5.2734},
{"Node_id":23952,"weight":3.8372},
{"Node_id":23953,"weight":1.6649},
{"Node_id":23954,"weight":2.5775},
{"Node_id":23955,"weight":3.0929},
{"Node_id":23956,"weight":1.7036},
{"Node_id":23957,"weight":2.5297},
{"Node_id":23958,"weight":1.917},
{"Node_id":23959,"weight":1.5416},
{"Node_id":23960,"weight":2.5913},
{"Node_id":23961,"weight":2.2006},
{"Node_id":23962,"weight":2.2073},
{"Node_id":23963,"weight":1.7346},
{"Node_id":23964,"weight":1.7252},
{"Node_id":23965,"weight":2.2871},
{"Node_id":23966,"weight":2.375},
{"Node_id":23967,"weight":1.9487},
{"Node_id":23968,"weight":2.5684},
{"Node_id":23969,"weight":2.4221},
{"Node_id":23970,"weight":1.6523},
{"Node_id":23971,"weight":2.1031},
{"Node_id":23972,"weight":1.7607},
{"Node_id":23973,"weight":1.4045},
{"Node_id":23974,"weight":2.3321},
{"Node_id":23975,"weight":3.5146},
{"Node_id":23976,"weight":3.7991},
{"Node_id":23977,"weight":2.5534},
{"Node_id":23978,"weight":2.2028},
{"Node_id":23979,"weight":1.9896},
{"Node_id":23980,"weight":1.8843},
{"Node_id":23981,"weight":2.8381},
{"Node_id":23982,"weight":1.5076},
{"Node_id":23983,"weight":2.184},
{"Node_id":23984,"weight":2.0416},
{"Node_id":23985,"weight":3.7579},
{"Node_id":23986,"weight":1.9296},
{"Node_id":23987,"weight":2.1093},
{"Node_id":23988,"weight":2.7876},
{"Node_id":23989,"weight":2.2657},
{"Node_id":23990,"weight":3.1651},
{"Node_id":23991,"weight":4.0163},
{"Node_id":23992,"weight":2.0192},
{"Node_id":23993,"weight":2.6678},
{"Node_id":23994,"weight":2.4768},
{"Node_id":23995,"weight":1.5245},
{"Node_id":23996,"weight":4.7954},
{"Node_id":23997,"weight":1.9896},
{"Node_id":23998,"weight":2.3075},
{"Node_id":23999,"weight":2.5023},
{"Node_id":24000,"weight":1.421},
{"Node_id":24001,"weight":1.7151},
{"Node_id":24002,"weight":1.5575},
{"Node_id":24003,"weight":1.9634},
{"Node_id":24024,"weight":2.5312},
{"Node_id":24046,"weight":3.1651},
{"Node_id":24062,"weight":2.0231},
{"Node_id":24077,"weight":2.6945},
{"Node_id":24078,"weight":3.6843},
{"Node_id":24079,"weight":2.6037},
{"Node_id":24094,"weight":3.6233},
{"Node_id":24095,"weight":2.5341},
{"Node_id":24096,"weight":2.6482},
{"Node_id":24097,"weight":2.2095},
{"Node_id":24098,"weight":2.2634},
{"Node_id":24099,"weight":1.653},
{"Node_id":24100,"weight":1.397},
{"Node_id":24101,"weight":2.5166},
{"Node_id":24102,"weight":1.9468},
{"Node_id":24103,"weight":2.0338},
{"Node_id":24104,"weight":1.7528},
{"Node_id":24105,"weight":1.53},
{"Node_id":24180,"weight":1.8128},
{"Node_id":24181,"weight":2.9808},
{"Node_id":24182,"weight":4.2402},
{"Node_id":24183,"weight":1.935},
{"Node_id":24184,"weight":1.6792},
{"Node_id":24185,"weight":3.2591},
{"Node_id":24186,"weight":1.6538},
{"Node_id":24187,"weight":2.1568},
{"Node_id":24188,"weight":3.1781},
{"Node_id":24189,"weight":2.881},
{"Node_id":24190,"weight":1.4848},
{"Node_id":24191,"weight":1.5793},
{"Node_id":24192,"weight":3.1833},
{"Node_id":24193,"weight":2.7857},
{"Node_id":24194,"weight":1.659},
{"Node_id":24195,"weight":1.6754},
{"Node_id":24196,"weight":1.7575},
{"Node_id":24197,"weight":2.2955},
{"Node_id":24198,"weight":2.0202},
{"Node_id":24199,"weight":2.7235},
{"Node_id":24200,"weight":2.1796},
{"Node_id":24201,"weight":2.7339},
{"Node_id":24202,"weight":3.3967},
{"Node_id":24203,"weight":2.4208},
{"Node_id":24204,"weight":1.5652},
{"Node_id":24205,"weight":2.6945},
{"Node_id":24206,"weight":4.1064},
{"Node_id":24210,"weight":1.5259},
{"Node_id":24211,"weight":2.1312},
{"Node_id":24212,"weight":1.5002},
{"Node_id":24213,"weight":6.3182},
{"Node_id":24214,"weight":2.0745},
{"Node_id":24215,"weight":1.4822},
{"Node_id":24216,"weight":1.4848},
{"Node_id":24217,"weight":2.0436},
{"Node_id":24218,"weight":1.9905},
{"Node_id":24219,"weight":2.4852},
{"Node_id":24220,"weight":1.8643},
{"Node_id":24221,"weight":3.1651},
{"Node_id":24222,"weight":3.7357},
{"Node_id":24223,"weight":1.3932},
{"Node_id":24224,"weight":1.4975},
{"Node_id":24225,"weight":1.8037},
{"Node_id":24226,"weight":1.5963},
{"Node_id":24227,"weight":2.5224},
{"Node_id":24228,"weight":3.842},
{"Node_id":24229,"weight":2.1622},
{"Node_id":24230,"weight":1.8515},
{"Node_id":24231,"weight":5.8401},
{"Node_id":24232,"weight":1.6906},
{"Node_id":24233,"weight":1.7736},
{"Node_id":24234,"weight":1.9296},
{"Node_id":24235,"weight":2.7857},
{"Node_id":24236,"weight":2.3546},
{"Node_id":24237,"weight":3.776},
{"Node_id":24238,"weight":4.0694},
{"Node_id":24239,"weight":2.4671},
{"Node_id":24240,"weight":2.173},
{"Node_id":24241,"weight":1.752},
{"Node_id":24242,"weight":2.0038},
{"Node_id":24243,"weight":1.4371},
{"Node_id":24244,"weight":2.7081},
{"Node_id":24245,"weight":1.4835},
{"Node_id":24246,"weight":1.9962},
{"Node_id":24247,"weight":2.727},
{"Node_id":24248,"weight":2.2517},
{"Node_id":24249,"weight":2.3648},
{"Node_id":24250,"weight":3.596},
{"Node_id":24251,"weight":2.6257},
{"Node_id":24252,"weight":2.4275},
{"Node_id":24253,"weight":1.9277},
{"Node_id":24254,"weight":2.3866},
{"Node_id":24255,"weight":5.3992},
{"Node_id":24256,"weight":1.4624},
{"Node_id":24257,"weight":1.5485},
{"Node_id":24258,"weight":2.3395},
{"Node_id":24259,"weight":1.8895},
{"Node_id":24260,"weight":2.4588},
{"Node_id":24261,"weight":2.2799},
{"Node_id":24262,"weight":2.8652},
{"Node_id":24263,"weight":1.5062},
{"Node_id":24264,"weight":1.4881},
{"Node_id":24265,"weight":1.5842},
{"Node_id":24266,"weight":1.4921},
{"Node_id":24267,"weight":1.8078},
{"Node_id":24268,"weight":1.776},
{"Node_id":24269,"weight":3.305},
{"Node_id":24270,"weight":2.5959},
{"Node_id":24271,"weight":1.6974},
{"Node_id":24272,"weight":2.2196},
{"Node_id":24273,"weight":1.4848},
{"Node_id":24274,"weight":2.881},
{"Node_id":24275,"weight":1.7401},
{"Node_id":24276,"weight":2.3234},
{"Node_id":24277,"weight":1.6208},
{"Node_id":24278,"weight":2.6563},
{"Node_id":24279,"weight":1.6486},
{"Node_id":24280,"weight":1.9332},
{"Node_id":24281,"weight":1.8523},
{"Node_id":24282,"weight":2.8229},
{"Node_id":24283,"weight":2.5579},
{"Node_id":24305,"weight":2.0907},
{"Node_id":24306,"weight":6.0725},
{"Node_id":24307,"weight":2.8574},
{"Node_id":24308,"weight":1.4178},
{"Node_id":24309,"weight":1.5992},
{"Node_id":24310,"weight":2.1719},
{"Node_id":24311,"weight":1.5035},
{"Node_id":24312,"weight":1.3882},
{"Node_id":24313,"weight":2.2576},
{"Node_id":24314,"weight":3.3652},
{"Node_id":24315,"weight":2.5254},
{"Node_id":24316,"weight":1.7105},
{"Node_id":24317,"weight":4.8458},
{"Node_id":24318,"weight":2.2552},
{"Node_id":24319,"weight":1.3988},
{"Node_id":24320,"weight":1.4172},
{"Node_id":24321,"weight":1.6523},
{"Node_id":24322,"weight":1.7963},
{"Node_id":24323,"weight":4.1002},
{"Node_id":24324,"weight":2.5066},
{"Node_id":24325,"weight":2.5385},
{"Node_id":24326,"weight":2.877},
{"Node_id":24327,"weight":1.9523},
{"Node_id":24328,"weight":2.5714},
{"Node_id":24329,"weight":1.4565},
{"Node_id":24330,"weight":1.744},
{"Node_id":24331,"weight":1.6732},
{"Node_id":24332,"weight":1.798},
{"Node_id":24333,"weight":1.9305},
{"Node_id":24334,"weight":1.4229},
{"Node_id":24335,"weight":1.543},
{"Node_id":24336,"weight":4.1711},
{"Node_id":24337,"weight":2.6711},
{"Node_id":24338,"weight":2.205},
{"Node_id":24339,"weight":3.1347},
{"Node_id":24340,"weight":1.4815},
{"Node_id":24341,"weight":1.752},
{"Node_id":24342,"weight":3.0252},
{"Node_id":24343,"weight":1.6368},
{"Node_id":24344,"weight":2.9593},
{"Node_id":24345,"weight":3.1964},
{"Node_id":24346,"weight":2.0565},
{"Node_id":24347,"weight":1.9296},
{"Node_id":24348,"weight":1.8136},
{"Node_id":24349,"weight":2.2242},
{"Node_id":24350,"weight":2.3571},
{"Node_id":24351,"weight":3.8038},
{"Node_id":24352,"weight":2.0938},
{"Node_id":24353,"weight":2.0745},
{"Node_id":24354,"weight":2.5123},
{"Node_id":24355,"weight":1.5786},
{"Node_id":24356,"weight":1.726},
{"Node_id":24357,"weight":1.4663},
{"Node_id":24358,"weight":2.6563},
{"Node_id":24359,"weight":1.4147},
{"Node_id":24360,"weight":2.9011},
{"Node_id":24361,"weight":5.2347},
{"Node_id":24362,"weight":3.4095},
{"Node_id":24363,"weight":3.4225},
{"Node_id":24364,"weight":1.8557},
{"Node_id":24365,"weight":2.6498},
{"Node_id":24366,"weight":2.1134},
{"Node_id":24367,"weight":2.366},
{"Node_id":24368,"weight":1.9395},
{"Node_id":24369,"weight":3.1859},
{"Node_id":24370,"weight":2.2907},
{"Node_id":24371,"weight":1.8337},
{"Node_id":24372,"weight":1.5652},
{"Node_id":24373,"weight":2.543},
{"Node_id":24374,"weight":5.8061},
{"Node_id":24375,"weight":3.6969},
{"Node_id":24376,"weight":2.1774},
{"Node_id":24377,"weight":1.4795},
{"Node_id":24378,"weight":1.3944},
{"Node_id":24379,"weight":2.3222},
{"Node_id":24380,"weight":1.8012},
{"Node_id":24381,"weight":5.2933},
{"Node_id":24384,"weight":1.5652},
{"Node_id":24385,"weight":2.5944},
{"Node_id":24386,"weight":2.0856},
{"Node_id":24387,"weight":1.5029},
{"Node_id":24388,"weight":2.8751},
{"Node_id":24389,"weight":1.5361},
{"Node_id":24390,"weight":3.2342},
{"Node_id":24391,"weight":1.9432},
{"Node_id":24392,"weight":1.639},
{"Node_id":24393,"weight":2.0436},
{"Node_id":24396,"weight":5.7105},
{"Node_id":24433,"weight":1.8834},
{"Node_id":24434,"weight":1.6657},
{"Node_id":24435,"weight":2.0918},
{"Node_id":24436,"weight":4.8588},
{"Node_id":24437,"weight":2.9257},
{"Node_id":24438,"weight":3.4323},
{"Node_id":24448,"weight":1.8756},
{"Node_id":24504,"weight":4.1982},
{"Node_id":24505,"weight":3.6392},
{"Node_id":24506,"weight":1.9727},
{"Node_id":24507,"weight":5.7414},
{"Node_id":24508,"weight":3.0929},
{"Node_id":24509,"weight":2.3609},
{"Node_id":24510,"weight":1.7113},
{"Node_id":24511,"weight":1.4268},
{"Node_id":24514,"weight":2.9896},
{"Node_id":24515,"weight":2.0938},
{"Node_id":24516,"weight":3.6718},
{"Node_id":24517,"weight":2.1124},
{"Node_id":24518,"weight":2.5519},
{"Node_id":24519,"weight":2.3445},
{"Node_id":24520,"weight":1.5527},
{"Node_id":24521,"weight":1.752},
{"Node_id":24522,"weight":2.7658},
{"Node_id":24523,"weight":1.9241},
{"Node_id":24524,"weight":1.8506},
{"Node_id":24525,"weight":2.4951},
{"Node_id":24526,"weight":3.3168},
{"Node_id":24527,"weight":1.9368},
{"Node_id":24528,"weight":2.2599},
{"Node_id":24529,"weight":1.8532},
{"Node_id":24530,"weight":2.2379},
{"Node_id":24531,"weight":1.8379},
{"Node_id":24532,"weight":3.6718},
{"Node_id":24533,"weight":1.6317},
{"Node_id":24534,"weight":3.7624},
{"Node_id":24535,"weight":1.5617},
{"Node_id":24536,"weight":1.8566},
{"Node_id":24537,"weight":1.8575},
{"Node_id":24538,"weight":1.6013},
{"Node_id":24542,"weight":2.508},
{"Node_id":24543,"weight":1.4198},
{"Node_id":24544,"weight":2.4478},
{"Node_id":24545,"weight":1.4474},
{"Node_id":24546,"weight":3.0229},
{"Node_id":24547,"weight":2.0377},
{"Node_id":24548,"weight":1.5218},
{"Node_id":24781,"weight":4.833},
{"Node_id":24782,"weight":1.5485},
{"Node_id":24783,"weight":2.3063},
{"Node_id":24784,"weight":1.8957},
{"Node_id":24787,"weight":4.1914},
{"Node_id":24788,"weight":4.3534},
{"Node_id":24789,"weight":1.6302},
{"Node_id":24790,"weight":1.8738},
{"Node_id":24791,"weight":1.5245},
{"Node_id":24792,"weight":5.0294},
{"Node_id":24793,"weight":1.5807},
{"Node_id":24794,"weight":3.8716},
{"Node_id":24795,"weight":2.2907},
{"Node_id":24796,"weight":2.6612},
{"Node_id":24797,"weight":2.2061},
{"Node_id":24798,"weight":1.5218},
{"Node_id":24799,"weight":2.2017},
{"Node_id":24800,"weight":5.3771},
{"Node_id":24801,"weight":2.3918},
{"Node_id":24802,"weight":1.5327},
{"Node_id":24803,"weight":1.5527},
{"Node_id":24804,"weight":2.2448},
{"Node_id":24948,"weight":5.2347},
{"Node_id":24949,"weight":1.9606},
{"Node_id":24950,"weight":1.7719},
{"Node_id":24951,"weight":1.4474},
{"Node_id":24952,"weight":2.4768},
{"Node_id":24963,"weight":1.7417},
{"Node_id":24964,"weight":2.9808},
{"Node_id":24967,"weight":1.4128},
{"Node_id":24968,"weight":1.5992},
{"Node_id":24969,"weight":1.6762},
{"Node_id":24970,"weight":2.0212},
{"Node_id":24971,"weight":3.0389},
{"Node_id":24972,"weight":3.3377},
{"Node_id":25017,"weight":2.6337},
{"Node_id":25018,"weight":1.7448},
{"Node_id":25019,"weight":1.6331},
{"Node_id":25020,"weight":2.0397},
{"Node_id":25021,"weight":1.7464},
{"Node_id":25022,"weight":1.9802},
{"Node_id":25023,"weight":2.027},
{"Node_id":25024,"weight":1.5828},
{"Node_id":25025,"weight":3.0504},
{"Node_id":25026,"weight":1.4281},
{"Node_id":25027,"weight":2.1557},
{"Node_id":25028,"weight":1.7881},
{"Node_id":25037,"weight":2.645},
{"Node_id":25038,"weight":1.575},
{"Node_id":25084,"weight":4.212},
{"Node_id":25085,"weight":3.5326},
{"Node_id":25086,"weight":3.248},
{"Node_id":25087,"weight":1.4526},
{"Node_id":25127,"weight":2.9917},
{"Node_id":25128,"weight":1.5779},
{"Node_id":25129,"weight":2.1503},
{"Node_id":25130,"weight":1.465},
{"Node_id":25131,"weight":1.9811},
{"Node_id":25132,"weight":1.4526},
{"Node_id":25133,"weight":1.5771},
{"Node_id":25134,"weight":1.8062},
{"Node_id":25135,"weight":2.0125},
{"Node_id":25136,"weight":5.7414},
{"Node_id":25137,"weight":4.1318},
{"Node_id":25138,"weight":2.5371},
{"Node_id":25139,"weight":2.1323},
{"Node_id":25140,"weight":1.4223},
{"Node_id":25141,"weight":4.3858},
{"Node_id":25142,"weight":4.4364},
{"Node_id":25143,"weight":1.4064},
{"Node_id":25144,"weight":1.4533},
{"Node_id":25145,"weight":1.513},
{"Node_id":25146,"weight":1.7036},
{"Node_id":25147,"weight":2.1218},
{"Node_id":25148,"weight":4.4451},
{"Node_id":25149,"weight":1.6538},
{"Node_id":25150,"weight":2.2185},
{"Node_id":25151,"weight":1.7535},
{"Node_id":25152,"weight":2.102},
{"Node_id":25153,"weight":1.397},
{"Node_id":25154,"weight":2.0685},
{"Node_id":25155,"weight":1.8851},
{"Node_id":25156,"weight":1.8379},
{"Node_id":25157,"weight":5.6515},
{"Node_id":25158,"weight":1.8992},
{"Node_id":25159,"weight":1.7939},
{"Node_id":25160,"weight":2.0125},
{"Node_id":25161,"weight":2.5594},
{"Node_id":25162,"weight":1.7244},
{"Node_id":25163,"weight":3.6969},
{"Node_id":25164,"weight":3.1703},
{"Node_id":25165,"weight":1.5184},
{"Node_id":25166,"weight":1.3869},
{"Node_id":25167,"weight":2.1829},
{"Node_id":25168,"weight":2.2196},
{"Node_id":25169,"weight":1.9597},
{"Node_id":25170,"weight":2.8477},
{"Node_id":25171,"weight":1.6694},
{"Node_id":25172,"weight":3.577},
{"Node_id":25173,"weight":2.889},
{"Node_id":25174,"weight":2.885},
{"Node_id":25175,"weight":1.5259},
{"Node_id":25176,"weight":3.8567},
{"Node_id":25177,"weight":3.3079},
{"Node_id":25178,"weight":1.8354},
{"Node_id":25179,"weight":1.7736},
{"Node_id":25180,"weight":3.714},
{"Node_id":25181,"weight":1.8371},
{"Node_id":25182,"weight":2.9808},
{"Node_id":25183,"weight":2.9614},
{"Node_id":25184,"weight":3.4934},
{"Node_id":25185,"weight":1.3882},
{"Node_id":25186,"weight":1.7623},
{"Node_id":25187,"weight":2.3711},
{"Node_id":25188,"weight":1.4313},
{"Node_id":25189,"weight":1.5527},
{"Node_id":25190,"weight":2.2599},
{"Node_id":25191,"weight":2.0029},
{"Node_id":25192,"weight":2.6596},
{"Node_id":25193,"weight":1.9359},
{"Node_id":25194,"weight":2.9381},
{"Node_id":25195,"weight":2.9174},
{"Node_id":25196,"weight":1.6171},
{"Node_id":25197,"weight":1.8103},
{"Node_id":25198,"weight":1.5334},
{"Node_id":25199,"weight":2.887},
{"Node_id":25200,"weight":1.8186},
{"Node_id":25201,"weight":1.9542},
{"Node_id":25212,"weight":1.6785},
{"Node_id":25213,"weight":3.0006},
{"Node_id":25214,"weight":2.1785},
{"Node_id":25215,"weight":3.0786},
{"Node_id":25216,"weight":3.8275},
{"Node_id":25217,"weight":1.7881},
{"Node_id":25218,"weight":3.055},
{"Node_id":25219,"weight":1.9662},
{"Node_id":25220,"weight":2.4671},
{"Node_id":25221,"weight":3.2905},
{"Node_id":25222,"weight":1.901},
{"Node_id":25223,"weight":1.9802},
{"Node_id":25224,"weight":1.9802},
{"Node_id":25225,"weight":7.8236},
{"Node_id":25229,"weight":1.6913},
{"Node_id":25230,"weight":2.645},
{"Node_id":25231,"weight":4.0163},
{"Node_id":25232,"weight":1.4915},
{"Node_id":25233,"weight":1.5347},
{"Node_id":25234,"weight":2.6531},
{"Node_id":25235,"weight":2.2611},
{"Node_id":25314,"weight":4.3454},
{"Node_id":25315,"weight":2.8248},
{"Node_id":25318,"weight":2.4994},
{"Node_id":25319,"weight":1.748},
{"Node_id":25320,"weight":1.4855},
{"Node_id":25321,"weight":2.764},
{"Node_id":25322,"weight":1.8721},
{"Node_id":25323,"weight":2.4492},
{"Node_id":25324,"weight":1.8904},
{"Node_id":25325,"weight":1.9783},
{"Node_id":25326,"weight":1.6508},
{"Node_id":25327,"weight":2.1302},
{"Node_id":25328,"weight":2.4356},
{"Node_id":25329,"weight":2.0897},
{"Node_id":25330,"weight":3.1322},
{"Node_id":25331,"weight":1.956},
{"Node_id":25332,"weight":4.5362},
{"Node_id":25333,"weight":2.8574},
{"Node_id":25336,"weight":4.6053},
{"Node_id":25337,"weight":2.7839},
{"Node_id":25338,"weight":1.5177},
{"Node_id":25339,"weight":1.414},
{"Node_id":25340,"weight":1.7496},
{"Node_id":25341,"weight":2.0318},
{"Node_id":25342,"weight":3.2424},
{"Node_id":25343,"weight":1.8756},
{"Node_id":25407,"weight":2.5371},
{"Node_id":25408,"weight":1.414},
{"Node_id":25409,"weight":2.4643},
{"Node_id":25438,"weight":1.8128},
{"Node_id":25439,"weight":1.4461},
{"Node_id":25440,"weight":2.0446},
{"Node_id":25441,"weight":2.5821},
{"Node_id":25442,"weight":3.4761},
{"Node_id":25443,"weight":1.5062},
{"Node_id":25444,"weight":2.0989},
{"Node_id":25445,"weight":2.3788},
{"Node_id":25446,"weight":1.5485},
{"Node_id":25447,"weight":4.4108},
{"Node_id":25450,"weight":1.4384},
{"Node_id":25451,"weight":2.7551},
{"Node_id":25452,"weight":1.7409},
{"Node_id":25453,"weight":2.1333},
{"Node_id":25454,"weight":1.9634},
{"Node_id":25455,"weight":1.8111},
{"Node_id":25456,"weight":2.7604},
{"Node_id":25457,"weight":1.5779},
{"Node_id":25458,"weight":4.1383},
{"Node_id":25459,"weight":1.4565},
{"Node_id":25460,"weight":3.6233},
{"Node_id":25461,"weight":1.7599},
{"Node_id":25462,"weight":2.5806},
{"Node_id":25463,"weight":1.4096},
{"Node_id":25464,"weight":3.9072},
{"Node_id":25465,"weight":1.8211},
{"Node_id":25466,"weight":2.5312},
{"Node_id":25467,"weight":1.8037},
{"Node_id":25468,"weight":2.9657},
{"Node_id":25469,"weight":2.6514},
{"Node_id":25470,"weight":1.4229},
{"Node_id":25471,"weight":2.7132},
{"Node_id":25472,"weight":1.8404},
{"Node_id":25473,"weight":1.9332},
{"Node_id":25474,"weight":2.5867},
{"Node_id":25475,"weight":1.6694},
{"Node_id":25476,"weight":4.119},
{"Node_id":25477,"weight":2.4937},
{"Node_id":25478,"weight":3.9992},
{"Node_id":25479,"weight":1.9268},
{"Node_id":25480,"weight":1.4351},
{"Node_id":25481,"weight":1.5361},
{"Node_id":25482,"weight":1.6501},
{"Node_id":25483,"weight":1.9001},
{"Node_id":25509,"weight":1.5396},
{"Node_id":25510,"weight":1.4409},
{"Node_id":25511,"weight":6.0299},
{"Node_id":25512,"weight":1.8037},
{"Node_id":25513,"weight":2.1939},
{"Node_id":25514,"weight":1.5143},
{"Node_id":25515,"weight":1.8203},
{"Node_id":25516,"weight":1.5055},
{"Node_id":25517,"weight":1.8575},
{"Node_id":25518,"weight":2.2402},
{"Node_id":25519,"weight":4.8588},
{"Node_id":25520,"weight":1.4274},
{"Node_id":25521,"weight":2.0948},
{"Node_id":25522,"weight":2.1503},
{"Node_id":25523,"weight":2.1051},
{"Node_id":25524,"weight":1.726},
{"Node_id":25525,"weight":1.9395},
{"Node_id":25526,"weight":1.3982},
{"Node_id":25527,"weight":3.248},
{"Node_id":25528,"weight":1.5687},
{"Node_id":25529,"weight":2.3395},
{"Node_id":25530,"weight":1.6128},
{"Node_id":25531,"weight":1.3919},
{"Node_id":25532,"weight":1.5568},
{"Node_id":25533,"weight":1.6361},
{"Node_id":25534,"weight":2.6928},
{"Node_id":25535,"weight":2.891},
{"Node_id":25536,"weight":2.6844},
{"Node_id":25537,"weight":7.1301},
{"Node_id":25538,"weight":1.9597},
{"Node_id":25544,"weight":1.893},
{"Node_id":25545,"weight":3.9176},
{"Node_id":25546,"weight":2.3198},
{"Node_id":25547,"weight":2.6678},
{"Node_id":25548,"weight":2.0948},
{"Node_id":25549,"weight":1.8592},
{"Node_id":25550,"weight":4.7357},
{"Node_id":25551,"weight":2.3309},
{"Node_id":25552,"weight":1.4185},
{"Node_id":25553,"weight":1.7615},
{"Node_id":25554,"weight":1.4644},
{"Node_id":25555,"weight":3.1729},
{"Node_id":25556,"weight":2.6794},
{"Node_id":25557,"weight":2.97},
{"Node_id":25558,"weight":1.4611},
{"Node_id":25564,"weight":2.2344},
{"Node_id":25565,"weight":2.6777},
{"Node_id":25566,"weight":1.7043},
{"Node_id":25567,"weight":2.0877},
{"Node_id":25568,"weight":1.822},
{"Node_id":25569,"weight":3.1755},
{"Node_id":25570,"weight":1.6244},
{"Node_id":25571,"weight":1.5389},
{"Node_id":25572,"weight":2.0907},
{"Node_id":25573,"weight":1.843},
{"Node_id":25574,"weight":3.5732},
{"Node_id":25575,"weight":1.7971},
{"Node_id":25576,"weight":2.9962},
{"Node_id":25577,"weight":2.3198},
{"Node_id":25578,"weight":2.4275},
{"Node_id":25579,"weight":1.4835},
{"Node_id":25580,"weight":1.6501},
{"Node_id":25581,"weight":1.832},
{"Node_id":25582,"weight":1.39},
{"Node_id":25583,"weight":2.3358},
{"Node_id":25584,"weight":1.9662},
{"Node_id":25585,"weight":1.6815},
{"Node_id":25586,"weight":1.9802},
{"Node_id":25587,"weight":3.5253},
{"Node_id":25588,"weight":2.7986},
{"Node_id":25589,"weight":2.6744},
{"Node_id":25590,"weight":2.5224},
{"Node_id":25600,"weight":3.8372},
{"Node_id":25601,"weight":2.5975},
{"Node_id":25602,"weight":2.3546},
{"Node_id":25605,"weight":1.6471},
{"Node_id":25606,"weight":2.2529},
{"Node_id":25607,"weight":4.2546},
{"Node_id":25608,"weight":3.3777},
{"Node_id":25609,"weight":2.6289},
{"Node_id":25610,"weight":1.7719},
{"Node_id":25611,"weight":2.8324},
{"Node_id":25612,"weight":1.8843},
{"Node_id":25613,"weight":2.0877},
{"Node_id":25614,"weight":2.5929},
{"Node_id":25615,"weight":1.6777},
{"Node_id":25616,"weight":4.2915},
{"Node_id":25617,"weight":1.4409},
{"Node_id":25618,"weight":1.4644},
{"Node_id":25619,"weight":3.3591},
{"Node_id":25620,"weight":2.1884},
{"Node_id":25621,"weight":2.9298},
{"Node_id":25622,"weight":3.4761},
{"Node_id":25623,"weight":4.4988},
{"Node_id":25624,"weight":3.7669},
{"Node_id":25701,"weight":2.7676},
{"Node_id":25702,"weight":1.8878},
{"Node_id":25703,"weight":3.7313},
{"Node_id":25704,"weight":2.2599},
{"Node_id":25705,"weight":4.0514},
{"Node_id":25706,"weight":2.9195},
{"Node_id":25707,"weight":1.7728},
{"Node_id":25708,"weight":1.3976},
{"Node_id":25709,"weight":1.7504},
{"Node_id":25710,"weight":1.6853},
{"Node_id":25711,"weight":1.9868},
{"Node_id":25712,"weight":2.1589},
{"Node_id":25713,"weight":2.3149},
{"Node_id":25714,"weight":2.3879},
{"Node_id":25715,"weight":4.8458},
{"Node_id":25716,"weight":1.4915},
{"Node_id":25717,"weight":2.239},
{"Node_id":25718,"weight":2.1643},
{"Node_id":25719,"weight":2.5489},
{"Node_id":25720,"weight":1.6649},
{"Node_id":25721,"weight":1.6702},
{"Node_id":25722,"weight":3.5657},
{"Node_id":25723,"weight":1.9783},
{"Node_id":25724,"weight":1.7939},
{"Node_id":25725,"weight":5.3771},
{"Node_id":25726,"weight":2.0456},
{"Node_id":25727,"weight":3.4969},
{"Node_id":25728,"weight":2.0456},
{"Node_id":25740,"weight":2.0948},
{"Node_id":25741,"weight":2.0525},
{"Node_id":25742,"weight":5.0609},
{"Node_id":25743,"weight":4.3066},
{"Node_id":25744,"weight":3.1099},
{"Node_id":25745,"weight":2.6131},
{"Node_id":25746,"weight":1.8245},
{"Node_id":25747,"weight":1.8245},
{"Node_id":25748,"weight":1.4455},
{"Node_id":25775,"weight":2.145},
{"Node_id":25776,"weight":3.055},
{"Node_id":25846,"weight":2.3088},
{"Node_id":25847,"weight":1.5252},
{"Node_id":25848,"weight":1.9487},
{"Node_id":25849,"weight":1.513},
{"Node_id":25850,"weight":1.6597},
{"Node_id":25851,"weight":2.2402},
{"Node_id":25852,"weight":3.2342},
{"Node_id":25853,"weight":2.2787},
{"Node_id":25854,"weight":2.173},
{"Node_id":25855,"weight":4.3297},
{"Node_id":25856,"weight":2.7586},
{"Node_id":25857,"weight":1.8295},
{"Node_id":25858,"weight":2.6596},
{"Node_id":25859,"weight":2.3508},
{"Node_id":25860,"weight":5.2734},
{"Node_id":25861,"weight":3.9072},
{"Node_id":25862,"weight":5.7732},
{"Node_id":25863,"weight":1.3951},
{"Node_id":25889,"weight":3.2205},
{"Node_id":25890,"weight":1.5779},
{"Node_id":25891,"weight":3.9495},
{"Node_id":25892,"weight":2.0918},
{"Node_id":25893,"weight":1.7833},
{"Node_id":25894,"weight":1.4795},
{"Node_id":25895,"weight":1.3907},
{"Node_id":25896,"weight":1.5694},
{"Node_id":25897,"weight":1.6762},
{"Node_id":25898,"weight":2.8267},
{"Node_id":25899,"weight":2.1785},
{"Node_id":25900,"weight":1.6171},
{"Node_id":25901,"weight":1.3882},
{"Node_id":25902,"weight":4.7242},
{"Node_id":25903,"weight":2.5415},
{"Node_id":25904,"weight":2.0397},
{"Node_id":25905,"weight":1.58},
{"Node_id":25906,"weight":1.5437},
{"Node_id":25907,"weight":1.8295},
{"Node_id":25908,"weight":2.4698},
{"Node_id":25909,"weight":1.9305},
{"Node_id":25910,"weight":3.8132},
{"Node_id":25911,"weight":1.9036},
{"Node_id":25912,"weight":1.8054},
{"Node_id":25913,"weight":1.6244},
{"Node_id":25914,"weight":1.5506},
{"Node_id":25915,"weight":1.8851},
{"Node_id":25916,"weight":1.6471},
{"Node_id":25917,"weight":3.1912},
{"Node_id":25918,"weight":1.5687},
{"Node_id":25919,"weight":1.4598},
{"Node_id":25920,"weight":2.2344},
{"Node_id":25921,"weight":2.0048},
{"Node_id":25922,"weight":2.5094},
{"Node_id":25923,"weight":2.1796},
{"Node_id":25940,"weight":6.1171},
{"Node_id":25941,"weight":1.7623},
{"Node_id":25942,"weight":1.4481},
{"Node_id":25945,"weight":4.7592},
{"Node_id":25946,"weight":2.2129},
{"Node_id":26030,"weight":3.1651},
{"Node_id":26031,"weight":2.3284},
{"Node_id":26097,"weight":3.7313},
{"Node_id":26134,"weight":1.3932},
{"Node_id":26188,"weight":1.822},
{"Node_id":26189,"weight":1.7464},
{"Node_id":26216,"weight":1.3913},
{"Node_id":26238,"weight":1.5779},
{"Node_id":26303,"weight":2.8458},
{"Node_id":26456,"weight":1.6936},
{"Node_id":26567,"weight":1.8379},
{"Node_id":26568,"weight":1.9802},
{"Node_id":26594,"weight":1.3894},
{"Node_id":26595,"weight":1.9746},
{"Node_id":26607,"weight":1.8834},
{"Node_id":26642,"weight":2.5268},
{"Node_id":26643,"weight":1.469},
{"Node_id":26644,"weight":2.8229},
{"Node_id":26645,"weight":3.3197},
{"Node_id":26646,"weight":3.5289},
{"Node_id":26647,"weight":1.6013},
{"Node_id":26648,"weight":1.5204},
{"Node_id":26649,"weight":3.5807},
{"Node_id":26650,"weight":2.0605},
{"Node_id":26651,"weight":1.7036},
{"Node_id":26652,"weight":1.7206},
{"Node_id":26653,"weight":2.1302},
{"Node_id":26654,"weight":1.7881},
{"Node_id":26655,"weight":1.7159},
{"Node_id":26656,"weight":4.3297},
{"Node_id":26657,"weight":1.6493},
{"Node_id":26658,"weight":1.7206},
{"Node_id":26661,"weight":1.5624},
{"Node_id":26662,"weight":1.6013},
{"Node_id":26663,"weight":4.6363},
{"Node_id":26670,"weight":2.7029},
{"Node_id":26671,"weight":3.504},
{"Node_id":26672,"weight":1.6553},
{"Node_id":26673,"weight":1.5715},
{"Node_id":26674,"weight":1.9423},
{"Node_id":26675,"weight":1.4481},
{"Node_id":26676,"weight":1.4494},
{"Node_id":26677,"weight":1.5575},
{"Node_id":26678,"weight":5.045},
{"Node_id":26679,"weight":2.1687},
{"Node_id":26680,"weight":1.9915},
{"Node_id":26681,"weight":2.7132},
{"Node_id":26682,"weight":1.9296},
{"Node_id":26683,"weight":2.1072},
{"Node_id":26684,"weight":3.842},
{"Node_id":26685,"weight":1.9259},
{"Node_id":26686,"weight":2.2344},
{"Node_id":26687,"weight":1.5757},
{"Node_id":26688,"weight":2.9852},
{"Node_id":26689,"weight":2.102},
{"Node_id":26690,"weight":1.9423},
{"Node_id":26691,"weight":1.8557},
{"Node_id":26692,"weight":2.2517},
{"Node_id":26693,"weight":2.6911},
{"Node_id":26694,"weight":4.1513},
{"Node_id":26695,"weight":2.9786},
{"Node_id":26696,"weight":5.5957},
{"Node_id":26697,"weight":1.8362},
{"Node_id":26698,"weight":2.7201},
{"Node_id":26699,"weight":2.1796},
{"Node_id":26700,"weight":1.8904},
{"Node_id":26701,"weight":3.2992},
{"Node_id":26702,"weight":1.9764},
{"Node_id":26703,"weight":1.7963},
{"Node_id":26704,"weight":2.1},
{"Node_id":26705,"weight":2.3321},
{"Node_id":26706,"weight":2.3584},
{"Node_id":26707,"weight":3.0574},
{"Node_id":26708,"weight":2.3866},
{"Node_id":26709,"weight":1.5245},
{"Node_id":26710,"weight":1.8387},
{"Node_id":26711,"weight":3.4095},
{"Node_id":26712,"weight":1.9943},
{"Node_id":26791,"weight":2.0416},
{"Node_id":26792,"weight":2.127},
{"Node_id":26793,"weight":2.6811},
{"Node_id":26794,"weight":1.8695},
{"Node_id":26795,"weight":2.0309},
{"Node_id":26796,"weight":2.1124},
{"Node_id":26797,"weight":4.5653},
{"Node_id":26798,"weight":2.3996},
{"Node_id":26799,"weight":1.4881},
{"Node_id":26800,"weight":2.7287},
{"Node_id":26801,"weight":3.0905},
{"Node_id":26802,"weight":2.0887},
{"Node_id":26803,"weight":1.4513},
{"Node_id":26839,"weight":3.4624},
{"Node_id":26840,"weight":1.4147},
{"Node_id":26841,"weight":1.552},
{"Node_id":26842,"weight":3.0139},
{"Node_id":26843,"weight":4.1064},
{"Node_id":26844,"weight":3.6595},
{"Node_id":26845,"weight":1.7276},
{"Node_id":26876,"weight":2.4533},
{"Node_id":26877,"weight":2.4221},
{"Node_id":26878,"weight":2.9011},
{"Node_id":26879,"weight":2.274},
{"Node_id":26880,"weight":2.8691},
{"Node_id":26881,"weight":1.397},
{"Node_id":26882,"weight":1.8992},
{"Node_id":26883,"weight":1.5157},
{"Node_id":26884,"weight":2.8496},
{"Node_id":26885,"weight":1.8295},
{"Node_id":26886,"weight":1.6273},
{"Node_id":26931,"weight":1.3982},
{"Node_id":26952,"weight":1.699},
{"Node_id":26953,"weight":2.1176},
{"Node_id":26960,"weight":2.7462},
{"Node_id":26961,"weight":2.1796},
{"Node_id":26962,"weight":2.1218},
{"Node_id":26963,"weight":1.532},
{"Node_id":26964,"weight":2.8496},
{"Node_id":26965,"weight":3.8038},
{"Node_id":26966,"weight":1.9241},
{"Node_id":26967,"weight":3.5004},
{"Node_id":26968,"weight":2.3635},
{"Node_id":26969,"weight":1.4513},
{"Node_id":26970,"weight":1.5218},
{"Node_id":26971,"weight":1.6951},
{"Node_id":26972,"weight":1.9089},
{"Node_id":26975,"weight":2.1557},
{"Node_id":26976,"weight":3.0857},
{"Node_id":26977,"weight":2.5852},
{"Node_id":26978,"weight":4.7242},
{"Node_id":26979,"weight":1.956},
{"Node_id":26980,"weight":2.8535},
{"Node_id":26981,"weight":2.1972},
{"Node_id":26982,"weight":2.3609},
{"Node_id":26983,"weight":3.1347},
{"Node_id":26984,"weight":1.9981},
{"Node_id":26985,"weight":4.9264},
{"Node_id":26986,"weight":2.2979},
{"Node_id":26987,"weight":3.5217},
{"Node_id":26988,"weight":2.4909},
{"Node_id":26989,"weight":1.5191},
{"Node_id":26990,"weight":2.1302},
{"Node_id":26991,"weight":1.6967},
{"Node_id":26992,"weight":2.61},
{"Node_id":26993,"weight":2.1493},
{"Node_id":26994,"weight":2.2895},
{"Node_id":26995,"weight":3.1075},
{"Node_id":26996,"weight":1.5444},
{"Node_id":26997,"weight":1.5177},
{"Node_id":26998,"weight":1.4683},
{"Node_id":27001,"weight":1.587},
{"Node_id":27002,"weight":2.5714},
{"Node_id":27003,"weight":1.5527},
{"Node_id":27004,"weight":2.7894},
{"Node_id":27005,"weight":1.4147},
{"Node_id":27006,"weight":1.6739},
{"Node_id":27007,"weight":1.7906},
{"Node_id":27008,"weight":6.264},
{"Node_id":27009,"weight":2.4075},
{"Node_id":27014,"weight":6.2126},
{"Node_id":27015,"weight":3.0072},
{"Node_id":27016,"weight":3.8275},
{"Node_id":27017,"weight":3.5362},
{"Node_id":27018,"weight":1.9287},
{"Node_id":27019,"weight":2.5836},
{"Node_id":27020,"weight":2.0202},
{"Node_id":27021,"weight":1.9305},
{"Node_id":27022,"weight":1.4749},
{"Node_id":27023,"weight":2.2967},
{"Node_id":27024,"weight":2.9195},
{"Node_id":27116,"weight":2.3271},
{"Node_id":27117,"weight":1.7535},
{"Node_id":27127,"weight":3.0343},
{"Node_id":27131,"weight":2.2835},
{"Node_id":27132,"weight":6.9068},
{"Node_id":27133,"weight":1.8678},
{"Node_id":27137,"weight":2.7218},
{"Node_id":27138,"weight":1.8404},
{"Node_id":27139,"weight":1.3944},
{"Node_id":27140,"weight":2.2587},
{"Node_id":27141,"weight":1.7074},
{"Node_id":27142,"weight":3.776},
{"Node_id":27143,"weight":4.6363},
{"Node_id":27144,"weight":3.9936},
{"Node_id":27145,"weight":2.231},
{"Node_id":27146,"weight":1.7028},
{"Node_id":27147,"weight":1.9386},
{"Node_id":27148,"weight":1.7144},
{"Node_id":27149,"weight":1.6442},
{"Node_id":27154,"weight":1.4191},
{"Node_id":27155,"weight":1.6229},
{"Node_id":27156,"weight":1.7417},
{"Node_id":27157,"weight":3.6636},
{"Node_id":27158,"weight":1.6853},
{"Node_id":27159,"weight":2.2402},
{"Node_id":27160,"weight":5.4217},
{"Node_id":27182,"weight":2.3234},
{"Node_id":27201,"weight":5.3555},
{"Node_id":27202,"weight":2.441},
{"Node_id":27203,"weight":1.5506},
{"Node_id":27204,"weight":2.9874},
{"Node_id":27214,"weight":1.7971},
{"Node_id":27215,"weight":1.6442},
{"Node_id":27216,"weight":1.3869},
{"Node_id":27220,"weight":2.2253},
{"Node_id":27221,"weight":3.2619},
{"Node_id":27222,"weight":3.0252},
{"Node_id":27238,"weight":1.886},
{"Node_id":27239,"weight":2.0887},
{"Node_id":27246,"weight":1.6545},
{"Node_id":27247,"weight":1.9905},
{"Node_id":27248,"weight":2.1312},
{"Node_id":27261,"weight":1.6013},
{"Node_id":27262,"weight":2.2705},
{"Node_id":27263,"weight":2.3259},
{"Node_id":27264,"weight":1.5015},
{"Node_id":27265,"weight":1.6339},
{"Node_id":27266,"weight":4.4716},
{"Node_id":27267,"weight":2.0897},
{"Node_id":27268,"weight":2.1665},
{"Node_id":27269,"weight":2.5836},
{"Node_id":27270,"weight":1.9578},
{"Node_id":27271,"weight":3.7991},
{"Node_id":27272,"weight":2.3559},
{"Node_id":27273,"weight":2.3996},
{"Node_id":27274,"weight":1.4982},
{"Node_id":27275,"weight":1.6605},
{"Node_id":27276,"weight":1.9802},
{"Node_id":27277,"weight":2.2129},
{"Node_id":27278,"weight":2.9215},
{"Node_id":27279,"weight":2.5944},
{"Node_id":27282,"weight":2.9614},
{"Node_id":27283,"weight":2.1072},
{"Node_id":27287,"weight":1.8021},
{"Node_id":27351,"weight":2.9133},
{"Node_id":27352,"weight":1.5076},
{"Node_id":27353,"weight":2.3622},
{"Node_id":27354,"weight":2.9423},
{"Node_id":27355,"weight":2.9874},
{"Node_id":27356,"weight":2.0826},
{"Node_id":27357,"weight":1.726},
{"Node_id":27358,"weight":1.7433},
{"Node_id":27359,"weight":2.223},
{"Node_id":27360,"weight":2.7081},
{"Node_id":27361,"weight":2.936},
{"Node_id":27365,"weight":1.9905},
{"Node_id":27366,"weight":1.9018},
{"Node_id":27367,"weight":4.1711},
{"Node_id":27368,"weight":1.4683},
{"Node_id":27369,"weight":2.0695},
{"Node_id":27391,"weight":3.8085},
{"Node_id":27392,"weight":1.3894},
{"Node_id":27393,"weight":4.6053},
{"Node_id":27394,"weight":4.4896},
{"Node_id":27395,"weight":3.4591},
{"Node_id":27396,"weight":2.2859},
{"Node_id":27397,"weight":1.5076},
{"Node_id":27398,"weight":1.6085},
{"Node_id":27399,"weight":1.4134},
{"Node_id":27400,"weight":2.0555},
{"Node_id":27404,"weight":1.9615},
{"Node_id":27405,"weight":2.1397},
{"Node_id":27406,"weight":2.885},
{"Node_id":27407,"weight":2.3673},
{"Node_id":27408,"weight":1.9359},
{"Node_id":27411,"weight":1.812},
{"Node_id":27412,"weight":2.3471},
{"Node_id":27413,"weight":2.1525},
{"Node_id":27414,"weight":2.2979},
{"Node_id":27415,"weight":4.9264},
{"Node_id":27416,"weight":3.4591},
{"Node_id":27417,"weight":3.4865},
{"Node_id":27418,"weight":2.2716},
{"Node_id":27419,"weight":1.5878},
{"Node_id":27420,"weight":4.9126},
{"Node_id":27421,"weight":1.3951},
{"Node_id":27422,"weight":2.2599},
{"Node_id":27423,"weight":2.1983},
{"Node_id":27424,"weight":1.6694},
{"Node_id":27425,"weight":2.0836},
{"Node_id":27426,"weight":1.8532},
{"Node_id":27427,"weight":2.5564},
{"Node_id":27428,"weight":2.4089},
{"Node_id":27429,"weight":2.1514},
{"Node_id":27432,"weight":1.4565},
{"Node_id":27436,"weight":2.4221},
{"Node_id":27437,"weight":1.7639},
{"Node_id":27438,"weight":2.6962},
{"Node_id":27448,"weight":3.8666},
{"Node_id":27449,"weight":1.5471},
{"Node_id":27450,"weight":1.6898},
{"Node_id":27451,"weight":1.3951},
{"Node_id":27452,"weight":1.6449},
{"Node_id":27453,"weight":2.0705},
{"Node_id":27454,"weight":1.8575},
{"Node_id":27455,"weight":3.2178},
{"Node_id":27456,"weight":2.6337},
{"Node_id":27457,"weight":2.5489},
{"Node_id":27458,"weight":2.0635},
{"Node_id":27459,"weight":2.6194},
{"Node_id":27460,"weight":1.656},
{"Node_id":27461,"weight":2.1939},
{"Node_id":27462,"weight":1.5694},
{"Node_id":27463,"weight":1.7631},
{"Node_id":27464,"weight":1.4255},
{"Node_id":27465,"weight":3.9441},
{"Node_id":27466,"weight":1.4268},
{"Node_id":27467,"weight":1.4403},
{"Node_id":27468,"weight":2.7081},
{"Node_id":27469,"weight":1.6383},
{"Node_id":27470,"weight":1.4808},
{"Node_id":27471,"weight":1.7496},
{"Node_id":27474,"weight":2.7115},
{"Node_id":27477,"weight":2.0655},
{"Node_id":27478,"weight":1.6694},
{"Node_id":27479,"weight":1.5771},
{"Node_id":27480,"weight":1.86},
{"Node_id":27481,"weight":5.7732},
{"Node_id":27482,"weight":4.2402},
{"Node_id":27483,"weight":2.5594},
{"Node_id":27520,"weight":2.2196},
{"Node_id":27521,"weight":2.6178},
{"Node_id":27522,"weight":4.5951},
{"Node_id":27523,"weight":3.7898},
{"Node_id":27524,"weight":2.9678},
{"Node_id":27560,"weight":3.4934},
{"Node_id":27561,"weight":1.7315},
{"Node_id":27562,"weight":1.8103},
{"Node_id":27563,"weight":2.6695},
{"Node_id":27564,"weight":1.5673},
{"Node_id":27565,"weight":3.5732},
{"Node_id":27566,"weight":2.0338},
{"Node_id":27567,"weight":2.8652},
{"Node_id":27568,"weight":2.3395},
{"Node_id":27569,"weight":2.4574},
{"Node_id":27570,"weight":3.1099},
{"Node_id":27571,"weight":2.5944},
{"Node_id":27572,"weight":2.1557},
{"Node_id":27573,"weight":3.449},
{"Node_id":27574,"weight":3.7991},
{"Node_id":27575,"weight":1.8712},
{"Node_id":27576,"weight":5.3992},
{"Node_id":27577,"weight":1.8913},
{"Node_id":27580,"weight":2.0231},
{"Node_id":27581,"weight":1.9359},
{"Node_id":27582,"weight":1.4306},
{"Node_id":27583,"weight":3.3438},
{"Node_id":27584,"weight":3.1807},
{"Node_id":27585,"weight":1.467},
{"Node_id":27586,"weight":3.0095},
{"Node_id":27589,"weight":2.5224},
{"Node_id":27590,"weight":2.0645},
{"Node_id":27591,"weight":1.5513},
{"Node_id":27592,"weight":2.5745},
{"Node_id":27593,"weight":1.4756},
{"Node_id":27622,"weight":2.4451},
{"Node_id":27623,"weight":2.239},
{"Node_id":27624,"weight":2.879},
{"Node_id":27625,"weight":1.879},
{"Node_id":27626,"weight":3.8469},
{"Node_id":27627,"weight":1.9662},
{"Node_id":27628,"weight":1.5849},
{"Node_id":27631,"weight":2.401},
{"Node_id":27641,"weight":1.7159},
{"Node_id":27642,"weight":1.5062},
{"Node_id":27643,"weight":2.3609},
{"Node_id":27644,"weight":1.7752},
{"Node_id":27645,"weight":2.0115},
{"Node_id":27646,"weight":1.8087},
{"Node_id":27647,"weight":1.4396},
{"Node_id":27648,"weight":2.1862},
{"Node_id":27649,"weight":2.0846},
{"Node_id":27650,"weight":3.1148},
{"Node_id":27651,"weight":1.5252},
{"Node_id":27652,"weight":4.2546},
{"Node_id":27653,"weight":4.0514},
{"Node_id":27654,"weight":2.6482},
{"Node_id":27655,"weight":1.983},
{"Node_id":27656,"weight":1.712},
{"Node_id":27657,"weight":6.6441},
{"Node_id":27736,"weight":3.7898},
{"Node_id":27737,"weight":1.9736},
{"Node_id":27740,"weight":1.4941},
{"Node_id":27741,"weight":3.504},
{"Node_id":27742,"weight":1.5715},
{"Node_id":27743,"weight":3.3652},
{"Node_id":27744,"weight":2.6645},
{"Node_id":27745,"weight":4.0634},
{"Node_id":27746,"weight":3.2178},
{"Node_id":27747,"weight":2.3003},
{"Node_id":27748,"weight":2.6695},
{"Node_id":27749,"weight":4.3614},
{"Node_id":27750,"weight":6.1171},
{"Node_id":27751,"weight":2.3699},
{"Node_id":27752,"weight":3.7806},
{"Node_id":27753,"weight":2.2219},
{"Node_id":27754,"weight":3.6352},
{"Node_id":27755,"weight":1.6171},
{"Node_id":27756,"weight":3.9713},
{"Node_id":27757,"weight":1.983},
{"Node_id":27758,"weight":2.4866},
{"Node_id":27759,"weight":1.5603},
{"Node_id":27760,"weight":5.6232},
{"Node_id":27761,"weight":3.5075},
{"Node_id":27764,"weight":2.5283},
{"Node_id":27765,"weight":1.4435},
{"Node_id":27766,"weight":1.9708},
{"Node_id":27767,"weight":1.7385},
{"Node_id":27768,"weight":2.1546},
{"Node_id":27774,"weight":2.7081},
{"Node_id":27775,"weight":2.0545},
{"Node_id":27776,"weight":3.3591},
{"Node_id":27777,"weight":2.0318},
{"Node_id":27778,"weight":3.7624},
{"Node_id":27779,"weight":2.0918},
{"Node_id":27780,"weight":3.4624},
{"Node_id":27781,"weight":2.6353},
{"Node_id":27782,"weight":2.0755},
{"Node_id":27783,"weight":2.6353},
{"Node_id":27784,"weight":1.4795},
{"Node_id":27785,"weight":1.7599},
{"Node_id":27786,"weight":1.4306},
{"Node_id":27787,"weight":1.78},
{"Node_id":27788,"weight":2.0221},
{"Node_id":27789,"weight":1.4332},
{"Node_id":27790,"weight":2.8248},
{"Node_id":27791,"weight":3.2452},
{"Node_id":27795,"weight":2.0595},
{"Node_id":27796,"weight":3.1912},
{"Node_id":27799,"weight":1.6288},
{"Node_id":27800,"weight":1.5743},
{"Node_id":27801,"weight":3.9713},
{"Node_id":27832,"weight":1.5828},
{"Node_id":27833,"weight":2.0309},
{"Node_id":27834,"weight":1.4663},
{"Node_id":27835,"weight":1.7082},
{"Node_id":27836,"weight":1.4928},
{"Node_id":27839,"weight":2.9113},
{"Node_id":27840,"weight":1.5231},
{"Node_id":27841,"weight":2.8116},
{"Node_id":27842,"weight":1.5062},
{"Node_id":27843,"weight":2.7166},
{"Node_id":27844,"weight":2.3458},
{"Node_id":27845,"weight":2.5181},
{"Node_id":27846,"weight":2.7857},
{"Node_id":27847,"weight":1.6739},
{"Node_id":27848,"weight":2.2646},
{"Node_id":27849,"weight":4.9548},
{"Node_id":27850,"weight":3.4456},
{"Node_id":27851,"weight":1.7028},
{"Node_id":27852,"weight":2.0348},
{"Node_id":27853,"weight":2.5066},
{"Node_id":27854,"weight":1.68},
{"Node_id":27855,"weight":1.9802},
{"Node_id":27856,"weight":4.2331},
{"Node_id":27857,"weight":2.2106},
{"Node_id":27858,"weight":2.3699},
{"Node_id":27859,"weight":4.2619},
{"Node_id":27860,"weight":2.2017},
{"Node_id":27861,"weight":2.441},
{"Node_id":27862,"weight":1.602},
{"Node_id":27863,"weight":2.1939},
{"Node_id":27870,"weight":2.0625},
{"Node_id":27871,"weight":2.4712},
{"Node_id":27872,"weight":2.4698},
{"Node_id":27873,"weight":2.645},
{"Node_id":27874,"weight":2.0348},
{"Node_id":27878,"weight":1.6739},
{"Node_id":27879,"weight":2.0735},
{"Node_id":27880,"weight":1.5506},
{"Node_id":27881,"weight":3.0343},
{"Node_id":27882,"weight":2.5474},
{"Node_id":27883,"weight":1.5701},
{"Node_id":27884,"weight":2.0358},
{"Node_id":27885,"weight":3.9441},
{"Node_id":27886,"weight":2.5385},
{"Node_id":27887,"weight":1.866},
{"Node_id":27888,"weight":1.8506},
{"Node_id":27889,"weight":2.877},
{"Node_id":27890,"weight":1.5204},
{"Node_id":27969,"weight":1.7776},
{"Node_id":27970,"weight":2.8613},
{"Node_id":27971,"weight":1.5934},
{"Node_id":27996,"weight":2.6563},
{"Node_id":27997,"weight":1.8261},
{"Node_id":28076,"weight":1.8286},
{"Node_id":28077,"weight":2.1407},
{"Node_id":28078,"weight":2.4115},
{"Node_id":28079,"weight":2.5297},
{"Node_id":28080,"weight":1.7639},
{"Node_id":28112,"weight":1.3982},
{"Node_id":28113,"weight":2.5699},
{"Node_id":28114,"weight":1.7005},
{"Node_id":28171,"weight":3.005},
{"Node_id":28172,"weight":1.5035},
{"Node_id":28217,"weight":6.3182},
{"Node_id":28218,"weight":1.7512},
{"Node_id":28219,"weight":5.5957},
{"Node_id":28220,"weight":1.4749},
{"Node_id":28221,"weight":4.1846},
{"Node_id":28222,"weight":2.9571},
{"Node_id":28223,"weight":1.4507},
{"Node_id":28224,"weight":4.4988},
{"Node_id":28225,"weight":2.0715},
{"Node_id":28226,"weight":1.7528},
{"Node_id":28227,"weight":1.6747},
{"Node_id":28228,"weight":1.6295},
{"Node_id":28229,"weight":3.3871},
{"Node_id":28230,"weight":1.9551},
{"Node_id":28231,"weight":2.6006},
{"Node_id":28234,"weight":1.6936},
{"Node_id":28235,"weight":2.1103},
{"Node_id":28236,"weight":2.1376},
{"Node_id":28237,"weight":1.6405},
{"Node_id":28238,"weight":2.4671},
{"Node_id":28239,"weight":1.5423},
{"Node_id":28240,"weight":1.4624},
{"Node_id":28241,"weight":6.3182},
{"Node_id":28267,"weight":2.2529},
{"Node_id":28292,"weight":3.6352},
{"Node_id":28307,"weight":4.3297},
{"Node_id":28308,"weight":2.0585},
{"Node_id":28311,"weight":2.1643},
{"Node_id":28312,"weight":3.6115},
{"Node_id":28313,"weight":1.854},
{"Node_id":28314,"weight":2.7515},
{"Node_id":28315,"weight":1.8738},
{"Node_id":28316,"weight":2.0846},
{"Node_id":28319,"weight":2.1983},
{"Node_id":28320,"weight":1.5666},
{"Node_id":28321,"weight":3.9658},
{"Node_id":28322,"weight":1.886},
{"Node_id":28323,"weight":1.7955},
{"Node_id":28324,"weight":2.3173},
{"Node_id":28325,"weight":1.9441},
{"Node_id":28326,"weight":1.5279},
{"Node_id":28327,"weight":2.2017},
{"Node_id":28328,"weight":1.5204},
{"Node_id":28329,"weight":2.6596},
{"Node_id":28330,"weight":2.9939},
{"Node_id":28331,"weight":1.5764},
{"Node_id":28332,"weight":1.5123},
{"Node_id":28333,"weight":2.5729},
{"Node_id":28334,"weight":2.1578},
{"Node_id":28335,"weight":2.1407},
{"Node_id":28336,"weight":1.6353},
{"Node_id":28337,"weight":2.3892},
{"Node_id":28338,"weight":2.3039},
{"Node_id":28339,"weight":2.7046},
{"Node_id":28340,"weight":1.6164},
{"Node_id":28341,"weight":1.8295},
{"Node_id":28342,"weight":3.6273},
{"Node_id":28343,"weight":2.9195},
{"Node_id":28348,"weight":1.8566},
{"Node_id":28349,"weight":2.2483},
{"Node_id":28350,"weight":2.2174},
{"Node_id":28351,"weight":2.3533},
{"Node_id":28352,"weight":3.0028},
{"Node_id":28353,"weight":1.5471},
{"Node_id":28354,"weight":3.2017},
{"Node_id":28355,"weight":2.366},
{"Node_id":28356,"weight":2.9195},
{"Node_id":28357,"weight":2.6466},
{"Node_id":28358,"weight":3.416},
{"Node_id":28359,"weight":1.4236},
{"Node_id":28360,"weight":4.0455},
{"Node_id":28361,"weight":2.1687},
{"Node_id":28364,"weight":1.4968},
{"Node_id":28365,"weight":1.5631},
{"Node_id":28366,"weight":2.6482},
{"Node_id":28367,"weight":2.2811},
{"Node_id":28368,"weight":3.5884},
{"Node_id":28369,"weight":1.9746},
{"Node_id":28370,"weight":3.449},
{"Node_id":28371,"weight":1.9332},
{"Node_id":28372,"weight":2.223},
{"Node_id":28373,"weight":2.7931},
{"Node_id":28379,"weight":3.1651},
{"Node_id":28380,"weight":1.4928},
{"Node_id":28384,"weight":3.1124},
{"Node_id":28385,"weight":3.1002},
{"Node_id":28386,"weight":2.2028},
{"Node_id":28387,"weight":3.9124},
{"Node_id":28388,"weight":3.8372},
{"Node_id":28389,"weight":2.7694},
{"Node_id":28390,"weight":4.0574},
{"Node_id":28391,"weight":7.418},
{"Node_id":28394,"weight":2.4288},
{"Node_id":28395,"weight":4.0514},
{"Node_id":28396,"weight":1.5293},
{"Node_id":28397,"weight":1.5396},
{"Node_id":28400,"weight":1.7939},
{"Node_id":28401,"weight":2.4329},
{"Node_id":28416,"weight":1.4598},
{"Node_id":28417,"weight":2.4155},
{"Node_id":28420,"weight":8.1114},
{"Node_id":28421,"weight":1.6434},
{"Node_id":28424,"weight":2.0067},
{"Node_id":28425,"weight":2.0019},
{"Node_id":28426,"weight":3.6432},
{"Node_id":28427,"weight":2.1884},
{"Node_id":28428,"weight":2.2174},
{"Node_id":28429,"weight":2.0836},
{"Node_id":28430,"weight":2.0289},
{"Node_id":28431,"weight":2.6777},
{"Node_id":28432,"weight":2.9465},
{"Node_id":28453,"weight":1.7028},
{"Node_id":28454,"weight":1.7013},
{"Node_id":28455,"weight":2.4356},
{"Node_id":28456,"weight":1.6747},
{"Node_id":28457,"weight":1.4736},
{"Node_id":28458,"weight":2.1145},
{"Node_id":28459,"weight":1.5029},
{"Node_id":28460,"weight":1.5409},
{"Node_id":28461,"weight":1.8669},
{"Node_id":28462,"weight":3.8227},
{"Node_id":28463,"weight":1.7409},
{"Node_id":28464,"weight":2.6037},
{"Node_id":28465,"weight":2.7912},
{"Node_id":28466,"weight":1.9468},
{"Node_id":28467,"weight":4.9989},
{"Node_id":28468,"weight":1.4855},
{"Node_id":28469,"weight":1.843},
{"Node_id":28470,"weight":1.8773},
{"Node_id":28471,"weight":2.8633},
{"Node_id":28472,"weight":6.3182},
{"Node_id":28473,"weight":2.2196},
{"Node_id":28474,"weight":3.1002},
{"Node_id":28475,"weight":1.5306},
{"Node_id":28476,"weight":3.3591},
{"Node_id":28477,"weight":1.5347},
{"Node_id":28478,"weight":1.4468},
{"Node_id":28479,"weight":1.6649},
{"Node_id":28480,"weight":1.7599},
{"Node_id":28481,"weight":2.2425},
{"Node_id":28482,"weight":2.0615},
{"Node_id":28483,"weight":1.3875},
{"Node_id":28484,"weight":2.321},
{"Node_id":28485,"weight":4.4538},
{"Node_id":28486,"weight":1.4789},
{"Node_id":28487,"weight":1.4572},
{"Node_id":28488,"weight":2.6678},
{"Node_id":28489,"weight":6.5008},
{"Node_id":28490,"weight":5.4685},
{"Node_id":28491,"weight":1.7575},
{"Node_id":28492,"weight":1.9662},
{"Node_id":28493,"weight":1.532},
{"Node_id":28494,"weight":1.5002},
{"Node_id":28495,"weight":1.4578},
{"Node_id":28496,"weight":4.3858},
{"Node_id":28499,"weight":3.2876},
{"Node_id":28500,"weight":3.6885},
{"Node_id":28501,"weight":2.0058},
{"Node_id":28502,"weight":2.0397},
{"Node_id":28503,"weight":1.6523},
{"Node_id":28504,"weight":6.4362},
{"Node_id":28505,"weight":1.86},
{"Node_id":28506,"weight":1.6959},
{"Node_id":28507,"weight":2.1643},
{"Node_id":28508,"weight":1.5736},
{"Node_id":28626,"weight":1.6822},
{"Node_id":28627,"weight":1.9395},
{"Node_id":28628,"weight":1.5245},
{"Node_id":28629,"weight":3.6554},
{"Node_id":28630,"weight":3.3714},
{"Node_id":28633,"weight":1.4585},
{"Node_id":28688,"weight":1.6982},
{"Node_id":28689,"weight":2.1093},
{"Node_id":28690,"weight":2.2669},
{"Node_id":28691,"weight":2.521},
{"Node_id":28692,"weight":1.9839},
{"Node_id":28693,"weight":2.4248},
{"Node_id":28694,"weight":1.752},
{"Node_id":28695,"weight":2.576},
{"Node_id":28751,"weight":2.4383},
{"Node_id":28752,"weight":1.9934},
{"Node_id":28753,"weight":1.8913},
{"Node_id":28754,"weight":4.4108},
{"Node_id":28755,"weight":1.9597},
{"Node_id":28756,"weight":1.659},
{"Node_id":28763,"weight":1.9223},
{"Node_id":28764,"weight":2.0173},
{"Node_id":28765,"weight":3.9604},
{"Node_id":28873,"weight":2.7986},
{"Node_id":28874,"weight":2.579},
{"Node_id":28875,"weight":2.205},
{"Node_id":28876,"weight":3.504},
{"Node_id":28877,"weight":1.4624},
{"Node_id":28883,"weight":3.6554},
{"Node_id":28884,"weight":5.8753},
{"Node_id":28885,"weight":2.7046},
{"Node_id":28886,"weight":1.4422},
{"Node_id":28887,"weight":3.4899},
{"Node_id":28888,"weight":2.6995},
{"Node_id":28889,"weight":3.0833},
{"Node_id":28890,"weight":1.6501},
{"Node_id":28891,"weight":2.5609},
{"Node_id":28892,"weight":2.4049},
{"Node_id":28893,"weight":2.2276},
{"Node_id":28894,"weight":3.248},
{"Node_id":28895,"weight":2.1376},
{"Node_id":28896,"weight":1.5694},
{"Node_id":28897,"weight":1.901},
{"Node_id":28898,"weight":1.9792},
{"Node_id":28899,"weight":1.9487},
{"Node_id":28900,"weight":3.1026},
{"Node_id":28901,"weight":1.4172},
{"Node_id":28908,"weight":3.1807},
{"Node_id":28909,"weight":3.0762},
{"Node_id":28910,"weight":4.1383},
{"Node_id":28911,"weight":1.683},
{"Node_id":28912,"weight":2.4615},
{"Node_id":28913,"weight":1.719},
{"Node_id":28914,"weight":2.214},
{"Node_id":28915,"weight":1.7639},
{"Node_id":28916,"weight":1.4709},
{"Node_id":28917,"weight":2.0725},
{"Node_id":28918,"weight":1.517},
{"Node_id":28919,"weight":1.6747},
{"Node_id":28925,"weight":2.027},
{"Node_id":28926,"weight":3.714},
{"Node_id":28927,"weight":2.3112},
{"Node_id":28928,"weight":1.6605},
{"Node_id":28929,"weight":1.9886},
{"Node_id":28930,"weight":4.7832},
{"Node_id":28931,"weight":1.9377},
{"Node_id":28932,"weight":1.8128},
{"Node_id":28942,"weight":1.4115},
{"Node_id":28943,"weight":3.1938},
{"Node_id":28944,"weight":2.5415},
{"Node_id":28945,"weight":1.5548},
{"Node_id":28946,"weight":1.5807},
{"Node_id":28947,"weight":2.2356},
{"Node_id":28948,"weight":2.3136},
{"Node_id":28949,"weight":1.7607},
{"Node_id":28950,"weight":3.4356},
{"Node_id":28951,"weight":2.6728},
{"Node_id":28952,"weight":1.628},
{"Node_id":28953,"weight":1.5225},
{"Node_id":28975,"weight":3.4865},
{"Node_id":28976,"weight":4.226},
{"Node_id":29013,"weight":1.6875},
{"Node_id":29014,"weight":4.6793},
{"Node_id":29015,"weight":1.6792},
{"Node_id":29016,"weight":2.0775},
{"Node_id":29017,"weight":2.6777},
{"Node_id":29018,"weight":3.2619},
{"Node_id":29019,"weight":1.6288},
{"Node_id":29020,"weight":4.8458},
{"Node_id":29021,"weight":1.822},
{"Node_id":29022,"weight":2.6482},
{"Node_id":29023,"weight":4.9264},
{"Node_id":29024,"weight":1.4115},
{"Node_id":29025,"weight":5.11},
{"Node_id":29026,"weight":3.3777},
{"Node_id":29027,"weight":2.2413},
{"Node_id":29028,"weight":2.5195},
{"Node_id":29029,"weight":3.3347},
{"Node_id":29030,"weight":2.1557},
{"Node_id":29031,"weight":1.4921},
{"Node_id":29032,"weight":3.1447},
{"Node_id":29033,"weight":1.6657},
{"Node_id":29034,"weight":3.9604},
{"Node_id":29035,"weight":2.5254},
{"Node_id":29036,"weight":5.2159},
{"Node_id":29037,"weight":2.1546},
{"Node_id":29038,"weight":2.3124},
{"Node_id":29039,"weight":1.5143},
{"Node_id":29040,"weight":3.6718},
{"Node_id":29041,"weight":2.576},
{"Node_id":29042,"weight":2.3879},
{"Node_id":29043,"weight":3.3903},
{"Node_id":29046,"weight":2.2752},
{"Node_id":29047,"weight":2.342},
{"Node_id":29048,"weight":3.3529},
{"Node_id":29049,"weight":1.5423},
{"Node_id":29050,"weight":2.9593},
{"Node_id":29051,"weight":1.6754},
{"Node_id":29052,"weight":3.3621},
{"Node_id":29053,"weight":1.8396},
{"Node_id":29108,"weight":2.2775},
{"Node_id":29109,"weight":2.2859},
{"Node_id":29110,"weight":2.4574},
{"Node_id":29111,"weight":3.0006},
{"Node_id":29112,"weight":2.3149},
{"Node_id":29113,"weight":2.5181},
{"Node_id":29114,"weight":1.5327},
{"Node_id":29115,"weight":1.5143},
{"Node_id":29116,"weight":2.5729},
{"Node_id":29227,"weight":2.9962},
{"Node_id":29238,"weight":2.173},
{"Node_id":29239,"weight":2.9786},
{"Node_id":29240,"weight":2.7322},
{"Node_id":29241,"weight":1.4185},
{"Node_id":29242,"weight":3.1124},
{"Node_id":29245,"weight":2.1386},
{"Node_id":29456,"weight":3.105},
{"Node_id":29457,"weight":2.3699},
{"Node_id":29458,"weight":3.3317},
{"Node_id":29459,"weight":1.5109},
{"Node_id":29462,"weight":3.4258},
{"Node_id":29463,"weight":1.6777},
{"Node_id":29464,"weight":1.5029},
{"Node_id":29465,"weight":2.6979},
{"Node_id":29466,"weight":3.3347},
{"Node_id":29467,"weight":2.1482},
{"Node_id":29468,"weight":2.397},
{"Node_id":29469,"weight":2.9765},
{"Node_id":29470,"weight":1.9588},
{"Node_id":29514,"weight":2.3763},
{"Node_id":29515,"weight":1.4229},
{"Node_id":29516,"weight":3.3347},
{"Node_id":29517,"weight":2.5867},
{"Node_id":29518,"weight":1.9404},
{"Node_id":29519,"weight":1.8904},
{"Node_id":29520,"weight":2.4089},
{"Node_id":29523,"weight":3.8132},
{"Node_id":29524,"weight":2.5579},
{"Node_id":29525,"weight":1.9107},
{"Node_id":29526,"weight":1.4396},
{"Node_id":29527,"weight":2.1632},
{"Node_id":29528,"weight":2.481},
{"Node_id":29529,"weight":3.0667},
{"Node_id":29530,"weight":2.3711},
{"Node_id":29531,"weight":2.1654},
{"Node_id":29532,"weight":1.7213},
{"Node_id":29533,"weight":2.274},
{"Node_id":29534,"weight":1.8387},
{"Node_id":29535,"weight":2.2657},
{"Node_id":29536,"weight":2.3259},
{"Node_id":29575,"weight":1.532},
{"Node_id":29576,"weight":3.5845},
{"Node_id":29577,"weight":1.9551},
{"Node_id":29578,"weight":2.1752},
{"Node_id":29579,"weight":1.8816},
{"Node_id":29580,"weight":2.7374},
{"Node_id":29581,"weight":1.4026},
{"Node_id":29584,"weight":1.3888},
{"Node_id":29585,"weight":4.5951},
{"Node_id":29586,"weight":1.9551},
{"Node_id":29587,"weight":3.8918},
{"Node_id":29588,"weight":1.4611},
{"Node_id":29589,"weight":1.7151},
{"Node_id":29590,"weight":1.4166},
{"Node_id":29591,"weight":3.9992},
{"Node_id":29602,"weight":4.226},
{"Node_id":29603,"weight":1.5527},
{"Node_id":29604,"weight":2.0555},
{"Node_id":29641,"weight":3.416},
{"Node_id":29642,"weight":2.8516},
{"Node_id":29643,"weight":2.0856},
{"Node_id":29644,"weight":2.0745},
{"Node_id":29645,"weight":2.0959},
{"Node_id":29646,"weight":2.1482},
{"Node_id":29647,"weight":1.568},
{"Node_id":29648,"weight":3.0435},
{"Node_id":29649,"weight":1.5701},
{"Node_id":29650,"weight":2.0755},
{"Node_id":29651,"weight":1.5589},
{"Node_id":29652,"weight":1.4261},
{"Node_id":29653,"weight":2.9444},
{"Node_id":29654,"weight":2.474},
{"Node_id":29655,"weight":2.4615},
{"Node_id":29662,"weight":2.5564},
{"Node_id":29663,"weight":1.3982},
{"Node_id":29664,"weight":2.1249},
{"Node_id":29665,"weight":2.61},
{"Node_id":29666,"weight":4.9126},
{"Node_id":29667,"weight":2.599},
{"Node_id":29668,"weight":1.532},
{"Node_id":29669,"weight":1.7268},
{"Node_id":29670,"weight":1.465},
{"Node_id":29671,"weight":2.5239},
{"Node_id":29688,"weight":3.1885},
{"Node_id":29689,"weight":2.7115},
{"Node_id":29690,"weight":2.9529},
{"Node_id":29691,"weight":3.6115},
{"Node_id":29692,"weight":4.0221},
{"Node_id":29693,"weight":2.7166},
{"Node_id":29694,"weight":1.421},
{"Node_id":29695,"weight":2.8023},
{"Node_id":29696,"weight":2.0407},
{"Node_id":29697,"weight":3.0905},
{"Node_id":29698,"weight":3.3999},
{"Node_id":29699,"weight":2.2775},
{"Node_id":29700,"weight":2.4657},
{"Node_id":29703,"weight":2.5564},
{"Node_id":29704,"weight":1.8878},
{"Node_id":29705,"weight":2.8613},
{"Node_id":29706,"weight":2.0397},
{"Node_id":29707,"weight":2.145},
{"Node_id":29743,"weight":1.6997},
{"Node_id":29744,"weight":1.8965},
{"Node_id":29773,"weight":2.6257},
{"Node_id":29774,"weight":3.9441},
{"Node_id":29775,"weight":1.3988},
{"Node_id":29776,"weight":2.6645},
{"Node_id":29777,"weight":1.6493},
{"Node_id":29778,"weight":4.8203},
{"Node_id":29857,"weight":1.8379},
{"Node_id":29858,"weight":4.0279},
{"Node_id":29878,"weight":1.6442},
{"Node_id":29879,"weight":2.3983},
{"Node_id":29883,"weight":2.3571},
{"Node_id":29884,"weight":2.5283},
{"Node_id":29885,"weight":2.5459},
{"Node_id":29886,"weight":1.656},
{"Node_id":29887,"weight":3.0667},
{"Node_id":29888,"weight":3.1472},
{"Node_id":29898,"weight":1.8128},
{"Node_id":29903,"weight":1.7583},
{"Node_id":29904,"weight":3.1755},
{"Node_id":29919,"weight":1.5506},
{"Node_id":29921,"weight":1.7881},
{"Node_id":29922,"weight":4.4538},
{"Node_id":29923,"weight":1.8128},
{"Node_id":29927,"weight":2.3371},
{"Node_id":29928,"weight":1.9953},
{"Node_id":29929,"weight":3.7226},
{"Node_id":29930,"weight":4.4192},
{"Node_id":29931,"weight":1.8825},
{"Node_id":29932,"weight":1.8421},
{"Node_id":29943,"weight":1.469},
{"Node_id":29944,"weight":2.9657},
{"Node_id":29945,"weight":2.6894},
{"Node_id":29946,"weight":2.7339},
{"Node_id":29949,"weight":2.7115},
{"Node_id":29950,"weight":3.7535},
{"Node_id":29951,"weight":2.4102},
{"Node_id":29952,"weight":1.8337},
{"Node_id":29953,"weight":6.8113},
{"Node_id":29968,"weight":1.5341},
{"Node_id":29969,"weight":2.4181},
{"Node_id":29970,"weight":3.2178},
{"Node_id":29971,"weight":1.4166},
{"Node_id":29972,"weight":2.3483},
{"Node_id":29978,"weight":1.9606},
{"Node_id":29979,"weight":1.6515},
{"Node_id":29980,"weight":1.5002},
{"Node_id":29981,"weight":1.5534},
{"Node_id":29982,"weight":2.5254},
{"Node_id":29983,"weight":2.6353},
{"Node_id":29984,"weight":2.4262},
{"Node_id":29985,"weight":2.4248},
{"Node_id":29986,"weight":2.5519},
{"Node_id":30099,"weight":2.2943},
{"Node_id":30100,"weight":5.7105},
{"Node_id":30101,"weight":2.5609},
{"Node_id":30102,"weight":2.1983},
{"Node_id":30103,"weight":1.7417},
{"Node_id":30104,"weight":2.1113},
{"Node_id":30138,"weight":5.077},
{"Node_id":30139,"weight":2.2764},
{"Node_id":30140,"weight":6.4362},
{"Node_id":30141,"weight":1.3944},
{"Node_id":30142,"weight":2.0525},
{"Node_id":30143,"weight":3.0481},
{"Node_id":30144,"weight":4.5951},
{"Node_id":30145,"weight":2.9444},
{"Node_id":30146,"weight":1.4242},
{"Node_id":30147,"weight":3.0072},
{"Node_id":30148,"weight":2.7287},
{"Node_id":30149,"weight":1.726},
{"Node_id":30150,"weight":2.4505},
{"Node_id":30151,"weight":2.3408},
{"Node_id":30152,"weight":3.449},
{"Node_id":30153,"weight":5.0141},
{"Node_id":30154,"weight":3.2704},
{"Node_id":30155,"weight":1.7151},
{"Node_id":30156,"weight":2.0565},
{"Node_id":30159,"weight":2.599},
{"Node_id":30160,"weight":1.793},
{"Node_id":30161,"weight":3.3683},
{"Node_id":30162,"weight":1.9699},
{"Node_id":30163,"weight":2.5975},
{"Node_id":30164,"weight":2.1461},
{"Node_id":30165,"weight":1.4565},
{"Node_id":30166,"weight":2.4464},
{"Node_id":30167,"weight":2.4288},
{"Node_id":30168,"weight":1.4198},
{"Node_id":30169,"weight":1.5548},
{"Node_id":30170,"weight":2.5821},
{"Node_id":30171,"weight":1.5002},
{"Node_id":30172,"weight":3.4934},
{"Node_id":30173,"weight":3.1075},
{"Node_id":30174,"weight":1.9089},
{"Node_id":30175,"weight":2.4881},
{"Node_id":30176,"weight":1.4941},
{"Node_id":30179,"weight":7.418},
{"Node_id":30180,"weight":2.145},
{"Node_id":30187,"weight":3.1912},
{"Node_id":30188,"weight":3.3438},
{"Node_id":30189,"weight":4.3143},
{"Node_id":30190,"weight":1.6368},
{"Node_id":30212,"weight":2.1386},
{"Node_id":30213,"weight":1.4915},
{"Node_id":30214,"weight":3.248},
{"Node_id":30215,"weight":2.173},
{"Node_id":30216,"weight":2.7569},
{"Node_id":30217,"weight":1.6085},
{"Node_id":30218,"weight":3.1885},
{"Node_id":30219,"weight":1.6099},
{"Node_id":30220,"weight":4.0514},
{"Node_id":30223,"weight":2.4796},
{"Node_id":30228,"weight":1.7393},
{"Node_id":30229,"weight":3.9936},
{"Node_id":30230,"weight":1.5225},
{"Node_id":30231,"weight":2.0775},
{"Node_id":30232,"weight":1.8228},
{"Node_id":30233,"weight":2.2811},
{"Node_id":30234,"weight":1.8869},
{"Node_id":30235,"weight":1.5942},
{"Node_id":30236,"weight":1.6099},
{"Node_id":30237,"weight":1.5177},
{"Node_id":30238,"weight":1.6027},
{"Node_id":30239,"weight":1.5204},
{"Node_id":30240,"weight":2.2471},
{"Node_id":30241,"weight":1.6523},
{"Node_id":30242,"weight":5.0141},
{"Node_id":30243,"weight":2.7766},
{"Node_id":30244,"weight":4.833},
{"Node_id":30245,"weight":2.2084},
{"Node_id":30246,"weight":3.6392},
{"Node_id":30247,"weight":2.7876},
{"Node_id":30248,"weight":4.7474},
{"Node_id":30251,"weight":0.1294},
{"Node_id":30252,"weight":1.2721},
{"Node_id":30253,"weight":3.2676},
{"Node_id":30254,"weight":0.036},
{"Node_id":30255,"weight":2.8691},
{"Node_id":30260,"weight":2.7046},
{"Node_id":30261,"weight":0.5266},
{"Node_id":30262,"weight":0.49},
{"Node_id":30263,"weight":1.62},
{"Node_id":30264,"weight":2.1763},
{"Node_id":30265,"weight":0.6955},
{"Node_id":30266,"weight":2.5166},
{"Node_id":30267,"weight":5.4448},
{"Node_id":30268,"weight":1.9072},
{"Node_id":30269,"weight":0.6239},
{"Node_id":30270,"weight":0.9529},
{"Node_id":30271,"weight":1.0716},
{"Node_id":30272,"weight":0.944},
{"Node_id":30273,"weight":1.9569},
{"Node_id":30274,"weight":1.6822},
{"Node_id":30275,"weight":0.8274},
{"Node_id":30280,"weight":1.2856},
{"Node_id":30281,"weight":2.0755},
{"Node_id":30282,"weight":0.1519},
{"Node_id":30294,"weight":0.388},
{"Node_id":30295,"weight":1.2448},
{"Node_id":30299,"weight":0.7598},
{"Node_id":30301,"weight":2.498},
{"Node_id":30302,"weight":1.827},
{"Node_id":30325,"weight":4.0878},
{"Node_id":30326,"weight":1.8245},
{"Node_id":30327,"weight":2.173},
{"Node_id":30328,"weight":2.1741},
{"Node_id":30329,"weight":0.6803},
{"Node_id":30330,"weight":3.2876},
{"Node_id":30331,"weight":0.7755},
{"Node_id":30332,"weight":3.7011},
{"Node_id":30333,"weight":0.7829},
{"Node_id":30337,"weight":1.4435},
{"Node_id":30338,"weight":4.8588},
{"Node_id":30340,"weight":2.5459},
{"Node_id":30341,"weight":0.2258},
{"Node_id":30342,"weight":1.7089},
{"Node_id":30343,"weight":2.9153},
{"Node_id":30344,"weight":0.2302},
{"Node_id":30345,"weight":3.429},
{"Node_id":30348,"weight":0.3437}]