[{"Node_id":0,"weight":0.27409},
{"Node_id":7,"weight":0.15764001},
{"Node_id":22,"weight":0.14828},
{"Node_id":31,"weight":0.28711},
{"Node_id":33,"weight":0.15659},
{"Node_id":34,"weight":0.14782},
{"Node_id":36,"weight":0.24796},
{"Node_id":38,"weight":0.54927003},
{"Node_id":40,"weight":0.14862},
{"Node_id":41,"weight":0.14435},
{"Node_id":43,"weight":0.21621999},
{"Node_id":44,"weight":0.18253},
{"Node_id":78,"weight":0.21928},
{"Node_id":79,"weight":0.1587},
{"Node_id":80,"weight":0.1656},
{"Node_id":84,"weight":0.16027},
{"Node_id":86,"weight":0.18609},
{"Node_id":91,"weight":0.26928002},
{"Node_id":92,"weight":0.33903},
{"Node_id":98,"weight":0.26147002},
{"Node_id":102,"weight":0.41513},
{"Node_id":104,"weight":0.15197},
{"Node_id":105,"weight":0.34356},
{"Node_id":106,"weight":0.44538003},
{"Node_id":107,"weight":0.32507},
{"Node_id":108,"weight":0.14774999},
{"Node_id":109,"weight":0.36595},
{"Node_id":110,"weight":0.14769},
{"Node_id":112,"weight":0.18354},
{"Node_id":113,"weight":0.27857},
{"Node_id":116,"weight":0.18643},
{"Node_id":117,"weight":0.25882},
{"Node_id":118,"weight":0.21774001},
{"Node_id":121,"weight":0.26466},
{"Node_id":122,"weight":0.21796},
{"Node_id":124,"weight":0.3562},
{"Node_id":125,"weight":0.16164},
{"Node_id":128,"weight":0.26022},
{"Node_id":130,"weight":0.22716},
{"Node_id":132,"weight":0.17543},
{"Node_id":134,"weight":0.19098},
{"Node_id":136,"weight":0.24519},
{"Node_id":138,"weight":0.26433998},
{"Node_id":141,"weight":0.17711},
{"Node_id":143,"weight":0.15484999},
{"Node_id":145,"weight":0.31222},
{"Node_id":146,"weight":0.21752},
{"Node_id":147,"weight":0.26321},
{"Node_id":148,"weight":0.27183002},
{"Node_id":150,"weight":0.31026},
{"Node_id":154,"weight":0.22576001},
{"Node_id":155,"weight":0.31625},
{"Node_id":156,"weight":0.23814002},
{"Node_id":171,"weight":0.18992},
{"Node_id":174,"weight":0.14982},
{"Node_id":175,"weight":0.23827},
{"Node_id":176,"weight":0.21514001},
{"Node_id":181,"weight":0.15899},
{"Node_id":182,"weight":0.14941},
{"Node_id":184,"weight":0.29984},
{"Node_id":185,"weight":0.22084},
{"Node_id":187,"weight":0.3105},
{"Node_id":188,"weight":0.21145001},
{"Node_id":190,"weight":0.19161001},
{"Node_id":208,"weight":0.14461},
{"Node_id":214,"weight":0.17105},
{"Node_id":215,"weight":0.21238999},
{"Node_id":217,"weight":0.27115},
{"Node_id":218,"weight":0.23596999},
{"Node_id":219,"weight":0.16383},
{"Node_id":221,"weight":0.36392},
{"Node_id":224,"weight":0.17089},
{"Node_id":225,"weight":0.14789},
{"Node_id":227,"weight":0.33871},
{"Node_id":228,"weight":0.29277},
{"Node_id":229,"weight":0.45653},
{"Node_id":233,"weight":0.15779},
{"Node_id":234,"weight":0.38085002},
{"Node_id":237,"weight":0.16179},
{"Node_id":239,"weight":0.24588001},
{"Node_id":240,"weight":0.16477999},
{"Node_id":242,"weight":0.2342},
{"Node_id":245,"weight":0.22681001},
{"Node_id":247,"weight":0.27586},
{"Node_id":249,"weight":0.33683},
{"Node_id":254,"weight":0.20565},
{"Node_id":256,"weight":0.14120999},
{"Node_id":257,"weight":0.22061},
{"Node_id":258,"weight":0.17136},
{"Node_id":260,"weight":0.17182},
{"Node_id":261,"weight":0.16486},
{"Node_id":262,"weight":0.35435},
{"Node_id":263,"weight":0.20605},
{"Node_id":266,"weight":0.2145},
{"Node_id":269,"weight":0.15402},
{"Node_id":270,"weight":0.32591},
{"Node_id":271,"weight":0.16754},
{"Node_id":275,"weight":0.15687},
{"Node_id":276,"weight":0.14014},
{"Node_id":277,"weight":0.17417},
{"Node_id":284,"weight":0.28633},
{"Node_id":288,"weight":0.40163},
{"Node_id":290,"weight":0.17051001},
{"Node_id":292,"weight":0.18913},
{"Node_id":293,"weight":0.16085},
{"Node_id":294,"weight":0.15999},
{"Node_id":297,"weight":0.30117},
{"Node_id":304,"weight":0.18379},
{"Node_id":309,"weight":0.24965999},
{"Node_id":310,"weight":0.49126},
{"Node_id":311,"weight":0.3562},
{"Node_id":312,"weight":0.49548},
{"Node_id":314,"weight":0.21873},
{"Node_id":328,"weight":0.17338},
{"Node_id":353,"weight":0.17144},
{"Node_id":359,"weight":0.15252},
{"Node_id":372,"weight":0.17833},
{"Node_id":374,"weight":0.16013},
{"Node_id":383,"weight":0.23673001},
{"Node_id":404,"weight":0.17679},
{"Node_id":407,"weight":0.1712},
{"Node_id":424,"weight":0.17988},
{"Node_id":426,"weight":0.14802},
{"Node_id":428,"weight":0.40633997},
{"Node_id":430,"weight":0.33347002},
{"Node_id":432,"weight":0.33777002},
{"Node_id":434,"weight":0.14177999},
{"Node_id":436,"weight":0.23787999},
{"Node_id":438,"weight":0.16664},
{"Node_id":440,"weight":0.19143},
{"Node_id":441,"weight":0.16523},
{"Node_id":442,"weight":0.16538},
{"Node_id":446,"weight":0.23584001},
{"Node_id":448,"weight":0.25224},
{"Node_id":450,"weight":0.17074},
{"Node_id":451,"weight":0.18834},
{"Node_id":456,"weight":0.16627},
{"Node_id":458,"weight":0.20605},
{"Node_id":460,"weight":0.14299999},
{"Node_id":464,"weight":0.17825},
{"Node_id":466,"weight":0.18236001},
{"Node_id":475,"weight":0.14842},
{"Node_id":492,"weight":0.17543},
{"Node_id":502,"weight":0.14229},
{"Node_id":505,"weight":0.18746999},
{"Node_id":513,"weight":0.1793},
{"Node_id":520,"weight":0.15659},
{"Node_id":528,"weight":0.20846},
{"Node_id":534,"weight":0.22811},
{"Node_id":548,"weight":0.18328},
{"Node_id":572,"weight":0.23222001},
{"Node_id":574,"weight":0.19718},
{"Node_id":585,"weight":0.15807},
{"Node_id":595,"weight":0.21482},
{"Node_id":627,"weight":0.16295001},
{"Node_id":640,"weight":0.22564001},
{"Node_id":642,"weight":0.14500001},
{"Node_id":646,"weight":0.1733},
{"Node_id":647,"weight":0.23533002},
{"Node_id":672,"weight":0.22185},
{"Node_id":695,"weight":0.17299},
{"Node_id":705,"weight":0.14357999},
{"Node_id":727,"weight":0.22541001},
{"Node_id":741,"weight":0.19849},
{"Node_id":745,"weight":0.15934},
{"Node_id":753,"weight":0.15942},
{"Node_id":760,"weight":0.21917},
{"Node_id":763,"weight":0.2145},
{"Node_id":766,"weight":0.17151001},
{"Node_id":795,"weight":0.1469},
{"Node_id":800,"weight":0.19179},
{"Node_id":807,"weight":0.16092},
{"Node_id":811,"weight":0.21333},
{"Node_id":817,"weight":0.22622001},
{"Node_id":836,"weight":0.14191},
{"Node_id":841,"weight":0.21071999},
{"Node_id":874,"weight":0.15225},
{"Node_id":891,"weight":0.15736},
{"Node_id":904,"weight":0.1452},
{"Node_id":914,"weight":0.19026999},
{"Node_id":921,"weight":0.22435999},
{"Node_id":923,"weight":0.17988},
{"Node_id":930,"weight":0.14507},
{"Node_id":961,"weight":0.17276},
{"Node_id":984,"weight":0.22907},
{"Node_id":995,"weight":0.16679},
{"Node_id":997,"weight":0.14591},
{"Node_id":1014,"weight":0.17971},
{"Node_id":1032,"weight":0.21354},
{"Node_id":1040,"weight":0.16433999},
{"Node_id":1047,"weight":0.15630999},
{"Node_id":1052,"weight":0.15068999},
{"Node_id":1066,"weight":0.18592},
{"Node_id":1095,"weight":0.14862},
{"Node_id":1106,"weight":0.22095},
{"Node_id":1120,"weight":0.20535},
{"Node_id":1130,"weight":0.20076999},
{"Node_id":1134,"weight":0.14063999},
{"Node_id":1136,"weight":0.20309},
{"Node_id":1138,"weight":0.21949999},
{"Node_id":1139,"weight":0.15218},
{"Node_id":1140,"weight":0.13918999},
{"Node_id":1143,"weight":0.23827},
{"Node_id":1163,"weight":0.21752},
{"Node_id":1183,"weight":0.23111999},
{"Node_id":1195,"weight":0.17252001},
{"Node_id":1216,"weight":0.24114999},
{"Node_id":1227,"weight":0.19542},
{"Node_id":1229,"weight":0.22586998},
{"Node_id":1244,"weight":0.17543},
{"Node_id":1248,"weight":0.16353},
{"Node_id":1249,"weight":0.15527001},
{"Node_id":1258,"weight":0.20826001},
{"Node_id":1287,"weight":0.18583},
{"Node_id":1291,"weight":0.19026999},
{"Node_id":1302,"weight":0.16515},
{"Node_id":1306,"weight":0.15225},
{"Node_id":1322,"weight":0.23608999},
{"Node_id":1325,"weight":0.17575},
{"Node_id":1360,"weight":0.16754},
{"Node_id":1366,"weight":0.13894},
{"Node_id":1393,"weight":0.14585},
{"Node_id":1398,"weight":0.16822},
{"Node_id":1405,"weight":0.17898001},
{"Node_id":1406,"weight":0.17043},
{"Node_id":1407,"weight":0.16612001},
{"Node_id":1409,"weight":0.16762},
{"Node_id":1410,"weight":0.22207999},
{"Node_id":1413,"weight":0.24155},
{"Node_id":1414,"weight":0.32017},
{"Node_id":1415,"weight":0.24866},
{"Node_id":1416,"weight":0.29939002},
{"Node_id":1420,"weight":0.20038},
{"Node_id":1423,"weight":0.1561},
{"Node_id":1424,"weight":0.15892},
{"Node_id":1426,"weight":0.17377},
{"Node_id":1427,"weight":0.23321},
{"Node_id":1429,"weight":0.42839998},
{"Node_id":1433,"weight":0.23271},
{"Node_id":1434,"weight":0.1873},
{"Node_id":1435,"weight":0.20685},
{"Node_id":1437,"weight":0.25609},
{"Node_id":1439,"weight":0.20357999},
{"Node_id":1440,"weight":0.22599001},
{"Node_id":1444,"weight":0.21610999},
{"Node_id":1450,"weight":0.28191},
{"Node_id":1451,"weight":0.14935},
{"Node_id":1452,"weight":0.17362},
{"Node_id":1455,"weight":0.61637},
{"Node_id":1457,"weight":0.33287},
{"Node_id":1459,"weight":0.21164998},
{"Node_id":1460,"weight":0.15022},
{"Node_id":1461,"weight":0.25066},
{"Node_id":1469,"weight":0.29549998},
{"Node_id":1470,"weight":0.24235001},
{"Node_id":1471,"weight":0.16634001},
{"Node_id":1475,"weight":0.17906},
{"Node_id":1478,"weight":0.15184},
{"Node_id":1491,"weight":0.19858},
{"Node_id":1499,"weight":0.16288},
{"Node_id":1504,"weight":0.1639},
{"Node_id":1512,"weight":0.17963001},
{"Node_id":1539,"weight":0.16142},
{"Node_id":1541,"weight":0.15949},
{"Node_id":1545,"weight":0.15582},
{"Node_id":1546,"weight":0.19477001},
{"Node_id":1547,"weight":0.34094998},
{"Node_id":1549,"weight":0.38132},
{"Node_id":1551,"weight":0.81113994},
{"Node_id":1553,"weight":0.65699},
{"Node_id":1559,"weight":0.20959},
{"Node_id":1561,"weight":0.22907},
{"Node_id":1563,"weight":0.38371998},
{"Node_id":1565,"weight":0.25775},
{"Node_id":1567,"weight":0.17036},
{"Node_id":1568,"weight":0.25297},
{"Node_id":1574,"weight":0.17345999},
{"Node_id":1575,"weight":0.17252001},
{"Node_id":1578,"weight":0.19487},
{"Node_id":1580,"weight":0.24221},
{"Node_id":1583,"weight":0.17607},
{"Node_id":1585,"weight":0.23321},
{"Node_id":1589,"weight":0.22028},
{"Node_id":1591,"weight":0.18843},
{"Node_id":1592,"weight":0.28381},
{"Node_id":1595,"weight":0.20416},
{"Node_id":1596,"weight":0.37579},
{"Node_id":1604,"weight":0.26678},
{"Node_id":1606,"weight":0.15245},
{"Node_id":1608,"weight":0.19895999},
{"Node_id":1610,"weight":0.25023},
{"Node_id":1612,"weight":0.17151001},
{"Node_id":1614,"weight":0.19634},
{"Node_id":1615,"weight":0.14177999},
{"Node_id":1621,"weight":0.23099999},
{"Node_id":1625,"weight":0.21185999},
{"Node_id":1632,"weight":0.19542},
{"Node_id":1706,"weight":0.14448},
{"Node_id":1711,"weight":0.26482},
{"Node_id":1712,"weight":0.22095},
{"Node_id":1713,"weight":0.22634001},
{"Node_id":1714,"weight":0.1653},
{"Node_id":1715,"weight":0.1397},
{"Node_id":1717,"weight":0.19468},
{"Node_id":1720,"weight":0.153},
{"Node_id":1733,"weight":0.24023},
{"Node_id":1738,"weight":0.1832},
{"Node_id":1754,"weight":0.1893},
{"Node_id":1770,"weight":0.14995},
{"Node_id":1776,"weight":0.17323},
{"Node_id":1783,"weight":0.15942},
{"Node_id":1786,"weight":0.21031001},
{"Node_id":1793,"weight":0.18652001},
{"Node_id":1796,"weight":0.29808},
{"Node_id":1798,"weight":0.1935},
{"Node_id":1801,"weight":0.21568},
{"Node_id":1802,"weight":0.31781},
{"Node_id":1804,"weight":0.14848},
{"Node_id":1806,"weight":0.31833},
{"Node_id":1810,"weight":0.22955},
{"Node_id":1812,"weight":0.27235},
{"Node_id":1817,"weight":0.15652},
{"Node_id":1818,"weight":0.41064},
{"Node_id":1819,"weight":0.15715},
{"Node_id":1820,"weight":0.14723},
{"Node_id":1821,"weight":0.30435},
{"Node_id":1823,"weight":0.21312001},
{"Node_id":1824,"weight":0.15002},
{"Node_id":1826,"weight":0.20745},
{"Node_id":1828,"weight":0.14848},
{"Node_id":1829,"weight":0.20436001},
{"Node_id":1831,"weight":0.24851999},
{"Node_id":1832,"weight":0.18643},
{"Node_id":1833,"weight":0.31651002},
{"Node_id":1836,"weight":0.14975},
{"Node_id":1838,"weight":0.15963},
{"Node_id":1839,"weight":0.25224},
{"Node_id":1844,"weight":0.16906},
{"Node_id":1845,"weight":0.17736},
{"Node_id":1847,"weight":0.27857},
{"Node_id":1848,"weight":0.23546},
{"Node_id":1850,"weight":0.40693998},
{"Node_id":1851,"weight":0.24670999},
{"Node_id":1853,"weight":0.1752},
{"Node_id":1854,"weight":0.20038},
{"Node_id":1857,"weight":0.14835},
{"Node_id":1858,"weight":0.19962},
{"Node_id":1859,"weight":0.2727},
{"Node_id":1860,"weight":0.22516999},
{"Node_id":1861,"weight":0.23648},
{"Node_id":1862,"weight":0.3596},
{"Node_id":1866,"weight":0.23866001},
{"Node_id":1868,"weight":0.14624},
{"Node_id":1869,"weight":0.15484999},
{"Node_id":1871,"weight":0.24588001},
{"Node_id":1874,"weight":0.15062},
{"Node_id":1875,"weight":0.14881},
{"Node_id":1877,"weight":0.14921},
{"Node_id":1878,"weight":0.18078001},
{"Node_id":1882,"weight":0.16973999},
{"Node_id":1885,"weight":0.2881},
{"Node_id":1889,"weight":0.26563},
{"Node_id":1890,"weight":0.16486},
{"Node_id":1891,"weight":0.19332},
{"Node_id":1892,"weight":0.18523},
{"Node_id":1897,"weight":0.19868},
{"Node_id":1916,"weight":0.28574},
{"Node_id":1919,"weight":0.21719},
{"Node_id":1920,"weight":0.15035},
{"Node_id":1921,"weight":0.13882},
{"Node_id":1923,"weight":0.33652002},
{"Node_id":1925,"weight":0.17105},
{"Node_id":1926,"weight":0.48457998},
{"Node_id":1927,"weight":0.22551998},
{"Node_id":1931,"weight":0.17963001},
{"Node_id":1933,"weight":0.25066},
{"Node_id":1934,"weight":0.25385},
{"Node_id":1935,"weight":0.2877},
{"Node_id":1938,"weight":0.14565},
{"Node_id":1939,"weight":0.1744},
{"Node_id":1941,"weight":0.1798},
{"Node_id":1945,"weight":0.41711003},
{"Node_id":1947,"weight":0.22049999},
{"Node_id":1948,"weight":0.31347},
{"Node_id":1950,"weight":0.1752},
{"Node_id":1951,"weight":0.30251998},
{"Node_id":1954,"weight":0.20565},
{"Node_id":1956,"weight":0.18135999},
{"Node_id":1957,"weight":0.22242},
{"Node_id":1960,"weight":0.20938},
{"Node_id":1961,"weight":0.20745},
{"Node_id":1963,"weight":0.15786001},
{"Node_id":1965,"weight":0.14663},
{"Node_id":1967,"weight":0.14147},
{"Node_id":1968,"weight":0.29011},
{"Node_id":1969,"weight":0.52347004},
{"Node_id":1972,"weight":0.18557},
{"Node_id":1974,"weight":0.21134},
{"Node_id":1975,"weight":0.2366},
{"Node_id":1977,"weight":0.31859},
{"Node_id":1979,"weight":0.18337},
{"Node_id":1980,"weight":0.15652},
{"Node_id":1981,"weight":0.2543},
{"Node_id":1982,"weight":0.58061},
{"Node_id":1983,"weight":0.36969},
{"Node_id":1985,"weight":0.14795001},
{"Node_id":1986,"weight":0.13944},
{"Node_id":1989,"weight":0.52933},
{"Node_id":1992,"weight":0.15652},
{"Node_id":1995,"weight":0.15029},
{"Node_id":1997,"weight":0.15361},
{"Node_id":1998,"weight":0.32342},
{"Node_id":1999,"weight":0.19432},
{"Node_id":2001,"weight":0.22196},
{"Node_id":2003,"weight":0.57105},
{"Node_id":2039,"weight":0.18044999},
{"Node_id":2042,"weight":0.20918},
{"Node_id":2044,"weight":0.34323},
{"Node_id":2059,"weight":0.19054},
{"Node_id":2084,"weight":0.22084},
{"Node_id":2085,"weight":0.14822},
{"Node_id":2094,"weight":0.17647001},
{"Node_id":2108,"weight":0.24302001},
{"Node_id":2113,"weight":0.19727},
{"Node_id":2115,"weight":0.30929},
{"Node_id":2116,"weight":0.23608999},
{"Node_id":2118,"weight":0.14268},
{"Node_id":2119,"weight":0.29896},
{"Node_id":2122,"weight":0.21124001},
{"Node_id":2123,"weight":0.25518999},
{"Node_id":2124,"weight":0.23445001},
{"Node_id":2125,"weight":0.15527001},
{"Node_id":2126,"weight":0.1752},
{"Node_id":2128,"weight":0.19241},
{"Node_id":2130,"weight":0.24951},
{"Node_id":2131,"weight":0.33168},
{"Node_id":2132,"weight":0.19368},
{"Node_id":2133,"weight":0.22599001},
{"Node_id":2134,"weight":0.18531999},
{"Node_id":2136,"weight":0.18379},
{"Node_id":2138,"weight":0.16317001},
{"Node_id":2140,"weight":0.15617},
{"Node_id":2141,"weight":0.18566},
{"Node_id":2143,"weight":0.16013},
{"Node_id":2149,"weight":0.14474},
{"Node_id":2150,"weight":0.30229002},
{"Node_id":2151,"weight":0.29529},
{"Node_id":2153,"weight":0.15218},
{"Node_id":2154,"weight":0.20134},
{"Node_id":2166,"weight":0.20105},
{"Node_id":2210,"weight":0.18843},
{"Node_id":2213,"weight":0.16657},
{"Node_id":2222,"weight":0.16324},
{"Node_id":2237,"weight":0.14058},
{"Node_id":2257,"weight":0.18037},
{"Node_id":2266,"weight":0.21503},
{"Node_id":2269,"weight":0.14703},
{"Node_id":2273,"weight":0.14045},
{"Node_id":2280,"weight":0.18379},
{"Node_id":2342,"weight":0.15382001},
{"Node_id":2345,"weight":0.18145},
{"Node_id":2379,"weight":0.19953},
{"Node_id":2392,"weight":0.22564001},
{"Node_id":2399,"weight":0.14299999},
{"Node_id":2403,"weight":0.18957},
{"Node_id":2408,"weight":0.16302},
{"Node_id":2409,"weight":0.18738},
{"Node_id":2410,"weight":0.15245},
{"Node_id":2411,"weight":0.50294},
{"Node_id":2414,"weight":0.22907},
{"Node_id":2416,"weight":0.22061},
{"Node_id":2417,"weight":0.15218},
{"Node_id":2418,"weight":0.22016999},
{"Node_id":2419,"weight":0.53771},
{"Node_id":2421,"weight":0.15326999},
{"Node_id":2423,"weight":0.22448},
{"Node_id":2468,"weight":0.15561},
{"Node_id":2470,"weight":0.13918999},
{"Node_id":2471,"weight":0.19116},
{"Node_id":2484,"weight":0.16142},
{"Node_id":2493,"weight":0.21197},
{"Node_id":2504,"weight":0.20836},
{"Node_id":2517,"weight":0.14422},
{"Node_id":2539,"weight":0.24221},
{"Node_id":2571,"weight":0.19606},
{"Node_id":2572,"weight":0.17719},
{"Node_id":2574,"weight":0.24768},
{"Node_id":2578,"weight":0.158},
{"Node_id":2586,"weight":0.29808},
{"Node_id":2587,"weight":0.43534002},
{"Node_id":2588,"weight":0.22528999},
{"Node_id":2591,"weight":0.16762},
{"Node_id":2592,"weight":0.20211999},
{"Node_id":2594,"weight":0.33376998},
{"Node_id":2607,"weight":0.22196},
{"Node_id":2641,"weight":0.17447999},
{"Node_id":2647,"weight":0.15828},
{"Node_id":2650,"weight":0.17881},
{"Node_id":2676,"weight":0.23099999},
{"Node_id":2682,"weight":0.14631},
{"Node_id":2691,"weight":0.15582},
{"Node_id":2693,"weight":0.1513},
{"Node_id":2696,"weight":0.14076999},
{"Node_id":2698,"weight":0.16868},
{"Node_id":2708,"weight":0.35325998},
{"Node_id":2709,"weight":0.32479998},
{"Node_id":2711,"weight":0.14565},
{"Node_id":2712,"weight":0.21092999},
{"Node_id":2718,"weight":0.19143},
{"Node_id":2729,"weight":0.29917},
{"Node_id":2730,"weight":0.15779},
{"Node_id":2734,"weight":0.14526},
{"Node_id":2735,"weight":0.15771},
{"Node_id":2736,"weight":0.18062},
{"Node_id":2737,"weight":0.20125},
{"Node_id":2741,"weight":0.21322998},
{"Node_id":2743,"weight":0.43857998},
{"Node_id":2748,"weight":0.17036},
{"Node_id":2750,"weight":0.44450998},
{"Node_id":2752,"weight":0.22185},
{"Node_id":2753,"weight":0.17535},
{"Node_id":2754,"weight":0.2102},
{"Node_id":2757,"weight":0.18379},
{"Node_id":2759,"weight":0.18992},
{"Node_id":2761,"weight":0.20125},
{"Node_id":2763,"weight":0.17244},
{"Node_id":2767,"weight":0.13869},
{"Node_id":2770,"weight":0.16694},
{"Node_id":2772,"weight":0.2889},
{"Node_id":2774,"weight":0.15259},
{"Node_id":2775,"weight":0.38567},
{"Node_id":2778,"weight":0.17736},
{"Node_id":2780,"weight":0.18371001},
{"Node_id":2781,"weight":0.29808},
{"Node_id":2782,"weight":0.29614002},
{"Node_id":2784,"weight":0.13882},
{"Node_id":2785,"weight":0.17623},
{"Node_id":2786,"weight":0.23710999},
{"Node_id":2789,"weight":0.22599001},
{"Node_id":2790,"weight":0.20029},
{"Node_id":2792,"weight":0.19359},
{"Node_id":2793,"weight":0.29381},
{"Node_id":2794,"weight":0.29174},
{"Node_id":2796,"weight":0.18103},
{"Node_id":2798,"weight":0.2887},
{"Node_id":2803,"weight":0.22118},
{"Node_id":2810,"weight":0.23584001},
{"Node_id":2812,"weight":0.30006},
{"Node_id":2815,"weight":0.38275},
{"Node_id":2819,"weight":0.24670999},
{"Node_id":2821,"weight":0.1901},
{"Node_id":2822,"weight":0.19802001},
{"Node_id":2823,"weight":0.19802001},
{"Node_id":2824,"weight":0.78235996},
{"Node_id":2829,"weight":0.40163},
{"Node_id":2830,"weight":0.14915},
{"Node_id":2831,"weight":0.15347001},
{"Node_id":2834,"weight":0.15856001},
{"Node_id":2846,"weight":0.14120999},
{"Node_id":2862,"weight":0.15238},
{"Node_id":2868,"weight":0.18635},
{"Node_id":2871,"weight":0.158},
{"Node_id":2878,"weight":0.19962},
{"Node_id":2908,"weight":0.19953},
{"Node_id":2913,"weight":0.28248},
{"Node_id":2917,"weight":0.17480001},
{"Node_id":2920,"weight":0.18721},
{"Node_id":2921,"weight":0.24491999},
{"Node_id":2923,"weight":0.19782999},
{"Node_id":2924,"weight":0.16508},
{"Node_id":2926,"weight":0.24356},
{"Node_id":2927,"weight":0.20897},
{"Node_id":2929,"weight":0.1956},
{"Node_id":2930,"weight":0.45362002},
{"Node_id":2931,"weight":0.28574},
{"Node_id":2937,"weight":0.14140001},
{"Node_id":2938,"weight":0.17496},
{"Node_id":2939,"weight":0.20318},
{"Node_id":2941,"weight":0.18755999},
{"Node_id":2951,"weight":0.17719},
{"Node_id":2960,"weight":0.15694},
{"Node_id":2970,"weight":0.17599},
{"Node_id":2975,"weight":0.22106},
{"Node_id":2993,"weight":0.18455},
{"Node_id":3008,"weight":0.18939},
{"Node_id":3009,"weight":0.25371},
{"Node_id":3010,"weight":0.14140001},
{"Node_id":3024,"weight":0.21545999},
{"Node_id":3030,"weight":0.17662999},
{"Node_id":3031,"weight":0.17082},
{"Node_id":3041,"weight":0.14461},
{"Node_id":3042,"weight":0.20446},
{"Node_id":3046,"weight":0.20989001},
{"Node_id":3048,"weight":0.15484999},
{"Node_id":3050,"weight":0.16950999},
{"Node_id":3051,"weight":0.18270001},
{"Node_id":3053,"weight":0.27551},
{"Node_id":3055,"weight":0.21333},
{"Node_id":3056,"weight":0.19634},
{"Node_id":3058,"weight":0.15779},
{"Node_id":3061,"weight":0.36233002},
{"Node_id":3070,"weight":0.14229},
{"Node_id":3075,"weight":0.24937001},
{"Node_id":3077,"weight":0.19268},
{"Node_id":3080,"weight":0.16501},
{"Node_id":3081,"weight":0.19001},
{"Node_id":3098,"weight":0.1662},
{"Node_id":3104,"weight":0.12720999},
{"Node_id":3105,"weight":0.32676},
{"Node_id":3106,"weight":0.0036},
{"Node_id":3107,"weight":0.28691},
{"Node_id":3108,"weight":0.0662},
{"Node_id":3110,"weight":0.14204},
{"Node_id":3111,"weight":0.04561},
{"Node_id":3112,"weight":0.27046},
{"Node_id":3115,"weight":0.162},
{"Node_id":3117,"weight":0.06955},
{"Node_id":3118,"weight":0.25166},
{"Node_id":3119,"weight":0.54447997},
{"Node_id":3120,"weight":0.19071999},
{"Node_id":3121,"weight":0.06239},
{"Node_id":3125,"weight":0.19569},
{"Node_id":3126,"weight":0.16822},
{"Node_id":3131,"weight":0.20755},
{"Node_id":3133,"weight":0.04084},
{"Node_id":3134,"weight":0.23185},
{"Node_id":3135,"weight":0.19296},
{"Node_id":3136,"weight":0.08006},
{"Node_id":3143,"weight":0.124479994},
{"Node_id":3144,"weight":0.00853},
{"Node_id":3145,"weight":0.07598},
{"Node_id":3148,"weight":0.18270001},
{"Node_id":3151,"weight":0.19849},
{"Node_id":3155,"weight":0.40878},
{"Node_id":3157,"weight":0.21730001},
{"Node_id":3158,"weight":0.21741},
{"Node_id":3159,"weight":0.06803},
{"Node_id":3162,"weight":0.37011},
{"Node_id":3168,"weight":0.48588},
{"Node_id":3172,"weight":0.17089},
{"Node_id":3174,"weight":0.02302},
{"Node_id":3175,"weight":0.34289998},
{"Node_id":3176,"weight":0.20377},
{"Node_id":3178,"weight":0.022939999},
{"Node_id":3183,"weight":0.03602},
{"Node_id":3185,"weight":0.16128},
{"Node_id":3187,"weight":0.48988},
{"Node_id":3188,"weight":0.17535},
{"Node_id":3189,"weight":0.06678},
{"Node_id":3190,"weight":0.10465},
{"Node_id":3202,"weight":0.0123000005},
{"Node_id":3205,"weight":0.10309},
{"Node_id":3206,"weight":0.04393},
{"Node_id":3211,"weight":0.11859},
{"Node_id":3212,"weight":0.16973999},
{"Node_id":3214,"weight":0.031740002},
{"Node_id":3218,"weight":0.09346},
{"Node_id":3219,"weight":0.25195},
{"Node_id":3220,"weight":0.109969996},
{"Node_id":3221,"weight":0.108},
{"Node_id":3222,"weight":0.032929998},
{"Node_id":3227,"weight":0.03756},
{"Node_id":3229,"weight":0.05849},
{"Node_id":3231,"weight":0.00532},
{"Node_id":3233,"weight":0.024079999},
{"Node_id":3235,"weight":0.09982},
{"Node_id":3237,"weight":0.02884},
{"Node_id":3238,"weight":0.15437},
{"Node_id":3241,"weight":0.09714},
{"Node_id":3244,"weight":0.02745},
{"Node_id":3245,"weight":0.09095},
{"Node_id":3246,"weight":0.01141},
{"Node_id":3248,"weight":0.04879},
{"Node_id":3251,"weight":0.01322},
{"Node_id":3256,"weight":0.113199994},
{"Node_id":3272,"weight":0.09267},
{"Node_id":3276,"weight":0.019949999},
{"Node_id":3288,"weight":0.05027},
{"Node_id":3300,"weight":0.19152},
{"Node_id":3303,"weight":0.01519},
{"Node_id":3312,"weight":0.16258},
{"Node_id":3315,"weight":0.18755999},
{"Node_id":3321,"weight":0.14033},
{"Node_id":3323,"weight":0.03602},
{"Node_id":3327,"weight":0.119710006},
{"Node_id":3330,"weight":0.05602},
{"Node_id":3340,"weight":0.19054},
{"Node_id":3349,"weight":0.08034},
{"Node_id":3352,"weight":0.23866001},
{"Node_id":3354,"weight":0.18379},
{"Node_id":3359,"weight":0.12979999},
{"Node_id":3361,"weight":0.033880003},
{"Node_id":3397,"weight":0.15279},
{"Node_id":3406,"weight":0.02096},
{"Node_id":3416,"weight":0.18515},
{"Node_id":3417,"weight":0.0911},
{"Node_id":3427,"weight":0.07204},
{"Node_id":3434,"weight":0.02949},
{"Node_id":3445,"weight":0.118700005},
{"Node_id":3455,"weight":0.06217},
{"Node_id":3465,"weight":0.22551998},
{"Node_id":3470,"weight":0.10595},
{"Node_id":3488,"weight":0.24464},
{"Node_id":3505,"weight":0.01213},
{"Node_id":3534,"weight":0.0259},
{"Node_id":3547,"weight":0.015029999},
{"Node_id":3548,"weight":0.04532},
{"Node_id":3557,"weight":0.12998},
{"Node_id":3579,"weight":0.02892},
{"Node_id":3594,"weight":0.17551},
{"Node_id":3608,"weight":0.122650005},
{"Node_id":3617,"weight":0.09002},
{"Node_id":3624,"weight":0.026109999},
{"Node_id":3653,"weight":0.17543},
{"Node_id":12627,"weight":0.19214},
{"Node_id":12632,"weight":0.3483},
{"Node_id":12633,"weight":0.22799},
{"Node_id":12634,"weight":0.20504999},
{"Node_id":12635,"weight":0.19802001},
{"Node_id":12636,"weight":0.25051},
{"Node_id":12638,"weight":0.23015001},
{"Node_id":12639,"weight":0.22634001},
{"Node_id":12640,"weight":0.24994},
{"Node_id":12643,"weight":0.16493},
{"Node_id":12645,"weight":0.20367},
{"Node_id":12646,"weight":0.14319},
{"Node_id":12647,"weight":0.38918},
{"Node_id":12648,"weight":0.23699},
{"Node_id":12649,"weight":0.18825},
{"Node_id":12653,"weight":0.23210001},
{"Node_id":12654,"weight":0.16936001},
{"Node_id":12656,"weight":0.21396999},
{"Node_id":12657,"weight":0.24195},
{"Node_id":12659,"weight":0.18202999},
{"Node_id":12661,"weight":0.2184},
{"Node_id":12662,"weight":0.17036},
{"Node_id":12667,"weight":0.27912},
{"Node_id":12671,"weight":0.37945002},
{"Node_id":12673,"weight":0.15736},
{"Node_id":12674,"weight":0.19597},
{"Node_id":12676,"weight":0.14474},
{"Node_id":12678,"weight":0.20241001},
{"Node_id":12681,"weight":0.1686},
{"Node_id":12682,"weight":0.14371},
{"Node_id":12683,"weight":0.24866},
{"Node_id":12685,"weight":0.15259},
{"Node_id":12686,"weight":0.32124},
{"Node_id":12687,"weight":0.25123},
{"Node_id":12690,"weight":0.1744},
{"Node_id":12694,"weight":0.18643},
{"Node_id":12696,"weight":0.17036},
{"Node_id":12697,"weight":0.25852},
{"Node_id":12700,"weight":0.39712998},
{"Node_id":12702,"weight":0.20211999},
{"Node_id":12703,"weight":0.13976},
{"Node_id":12704,"weight":0.18202999},
{"Node_id":12706,"weight":0.20456},
{"Node_id":12708,"weight":0.20594999},
{"Node_id":12711,"weight":0.18421},
{"Node_id":12713,"weight":0.34289998},
{"Node_id":12715,"weight":0.20009999},
{"Node_id":12716,"weight":0.16353},
{"Node_id":12717,"weight":0.14539},
{"Node_id":12718,"weight":0.42189997},
{"Node_id":12722,"weight":0.15361},
{"Node_id":12736,"weight":0.15638},
{"Node_id":12740,"weight":0.24102001},
{"Node_id":12741,"weight":0.28574},
{"Node_id":12743,"weight":0.16034},
{"Node_id":12747,"weight":0.19532},
{"Node_id":12748,"weight":0.21928},
{"Node_id":12749,"weight":0.16493},
{"Node_id":12750,"weight":0.19395},
{"Node_id":12751,"weight":0.23982999},
{"Node_id":12756,"weight":0.23271},
{"Node_id":12758,"weight":0.15764001},
{"Node_id":12760,"weight":0.27115},
{"Node_id":12762,"weight":0.42766},
{"Node_id":12764,"weight":0.32397002},
{"Node_id":12766,"weight":0.52159},
{"Node_id":12767,"weight":0.26006},
{"Node_id":12770,"weight":0.15665999},
{"Node_id":12773,"weight":0.1866},
{"Node_id":12774,"weight":0.15326999},
{"Node_id":12775,"weight":0.21217999},
{"Node_id":12777,"weight":0.3596},
{"Node_id":12780,"weight":0.2887},
{"Node_id":12807,"weight":0.14261},
{"Node_id":12812,"weight":0.20318},
{"Node_id":12819,"weight":0.1407},
{"Node_id":12820,"weight":0.16317001},
{"Node_id":12850,"weight":0.22528999},
{"Node_id":12870,"weight":0.19718},
{"Node_id":12878,"weight":0.18957},
{"Node_id":12884,"weight":0.33227},
{"Node_id":12894,"weight":0.18947999},
{"Node_id":12899,"weight":0.18413},
{"Node_id":12915,"weight":0.18362},
{"Node_id":12955,"weight":0.14695999},
{"Node_id":12975,"weight":0.19522999},
{"Node_id":12978,"weight":0.22599001},
{"Node_id":12992,"weight":0.20525},
{"Node_id":13000,"weight":0.16471},
{"Node_id":13002,"weight":0.24089},
{"Node_id":13020,"weight":0.21164998},
{"Node_id":13026,"weight":0.1639},
{"Node_id":13080,"weight":0.18294999},
{"Node_id":13081,"weight":0.16582},
{"Node_id":13094,"weight":0.2397},
{"Node_id":13100,"weight":0.19432},
{"Node_id":13129,"weight":0.23571},
{"Node_id":13140,"weight":0.23173001},
{"Node_id":13150,"weight":0.19368},
{"Node_id":13166,"weight":0.15211001},
{"Node_id":13186,"weight":0.23087999},
{"Node_id":13187,"weight":0.21103},
{"Node_id":13189,"weight":0.23087999},
{"Node_id":13211,"weight":0.21589},
{"Node_id":13221,"weight":0.24600999},
{"Node_id":13232,"weight":0.17144},
{"Node_id":13257,"weight":0.14703},
{"Node_id":13282,"weight":0.19981},
{"Node_id":13327,"weight":0.18686},
{"Node_id":13347,"weight":0.14663},
{"Node_id":13361,"weight":0.22506002},
{"Node_id":13362,"weight":0.16085},
{"Node_id":13365,"weight":0.16928999},
{"Node_id":13372,"weight":0.20289},
{"Node_id":13393,"weight":0.23408},
{"Node_id":13408,"weight":0.20887001},
{"Node_id":13417,"weight":0.18145},
{"Node_id":13420,"weight":0.18721},
{"Node_id":13448,"weight":0.18549},
{"Node_id":13451,"weight":0.16049},
{"Node_id":13453,"weight":0.18455},
{"Node_id":13456,"weight":0.1656},
{"Node_id":13464,"weight":0.15008},
{"Node_id":13476,"weight":0.16339001},
{"Node_id":13477,"weight":0.17906},
{"Node_id":13484,"weight":0.24288002},
{"Node_id":13486,"weight":0.14716001},
{"Node_id":13494,"weight":0.14915},
{"Node_id":13505,"weight":0.17833},
{"Node_id":13508,"weight":0.14695999},
{"Node_id":13513,"weight":0.22918999},
{"Node_id":13519,"weight":0.19332},
{"Node_id":13581,"weight":0.23371},
{"Node_id":13591,"weight":0.22196},
{"Node_id":13594,"weight":0.29635},
{"Node_id":13595,"weight":0.39549},
{"Node_id":13596,"weight":0.14474},
{"Node_id":13598,"weight":0.23996},
{"Node_id":13599,"weight":0.17433},
{"Node_id":13600,"weight":0.21807},
{"Node_id":13602,"weight":0.13918999},
{"Node_id":13607,"weight":0.18481},
{"Node_id":13608,"weight":0.20938},
{"Node_id":13609,"weight":0.19615},
{"Node_id":13614,"weight":0.25504},
{"Node_id":13617,"weight":0.23648},
{"Node_id":13621,"weight":0.14480999},
{"Node_id":13623,"weight":0.52933},
{"Node_id":13624,"weight":0.14313},
{"Node_id":13626,"weight":0.19305},
{"Node_id":13628,"weight":0.25195},
{"Node_id":13630,"weight":0.32151002},
{"Node_id":13631,"weight":0.23271},
{"Node_id":13633,"weight":0.46469003},
{"Node_id":13634,"weight":0.22943},
{"Node_id":13639,"weight":0.16142},
{"Node_id":13641,"weight":0.30006},
{"Node_id":13649,"weight":0.34225},
{"Node_id":13652,"weight":0.16433999},
{"Node_id":13655,"weight":0.18704},
{"Node_id":13656,"weight":0.14455},
{"Node_id":13657,"weight":0.1452},
{"Node_id":13658,"weight":0.36677},
{"Node_id":13660,"weight":0.16405},
{"Node_id":13662,"weight":0.16627},
{"Node_id":13663,"weight":0.31173},
{"Node_id":13664,"weight":0.22751999},
{"Node_id":13666,"weight":0.16612001},
{"Node_id":13668,"weight":0.17151001},
{"Node_id":13670,"weight":0.17447999},
{"Node_id":13678,"weight":0.16164},
{"Node_id":13684,"weight":0.24049},
{"Node_id":13700,"weight":0.24600999},
{"Node_id":13711,"weight":0.14822},
{"Node_id":13712,"weight":0.37852},
{"Node_id":13717,"weight":0.59496003},
{"Node_id":13718,"weight":0.21961},
{"Node_id":13720,"weight":0.41711003},
{"Node_id":13723,"weight":0.46258998},
{"Node_id":13724,"weight":0.45555001},
{"Node_id":13727,"weight":0.18921},
{"Node_id":13728,"weight":0.15055},
{"Node_id":13729,"weight":0.14261},
{"Node_id":13734,"weight":0.15450999},
{"Node_id":13737,"weight":0.2579},
{"Node_id":13740,"weight":0.15361},
{"Node_id":13741,"weight":0.18371001},
{"Node_id":13743,"weight":0.25654},
{"Node_id":13752,"weight":0.23136},
{"Node_id":13760,"weight":0.22493999},
{"Node_id":13761,"weight":0.25669},
{"Node_id":13763,"weight":0.28439},
{"Node_id":13764,"weight":0.23371},
{"Node_id":13765,"weight":0.13913},
{"Node_id":13767,"weight":0.27712},
{"Node_id":13769,"weight":0.19386},
{"Node_id":13774,"weight":0.15764001},
{"Node_id":13775,"weight":0.22425},
{"Node_id":13778,"weight":0.14364001},
{"Node_id":13781,"weight":0.14063999},
{"Node_id":13785,"weight":0.14855},
{"Node_id":13786,"weight":0.30297},
{"Node_id":13787,"weight":0.1421},
{"Node_id":13789,"weight":0.26433998},
{"Node_id":13790,"weight":0.16777},
{"Node_id":13792,"weight":0.17082},
{"Node_id":13793,"weight":0.24168},
{"Node_id":13822,"weight":0.16883},
{"Node_id":13823,"weight":0.21589},
{"Node_id":13840,"weight":0.21939},
{"Node_id":13864,"weight":0.14120999},
{"Node_id":13877,"weight":0.17151001},
{"Node_id":13885,"weight":0.23944},
{"Node_id":13905,"weight":0.216},
{"Node_id":13936,"weight":0.16717},
{"Node_id":13954,"weight":0.24275},
{"Node_id":13964,"weight":0.17807999},
{"Node_id":14016,"weight":0.14941},
{"Node_id":14018,"weight":0.23827},
{"Node_id":14026,"weight":0.54217},
{"Node_id":14027,"weight":0.55429},
{"Node_id":14031,"weight":0.33376998},
{"Node_id":14048,"weight":0.1807},
{"Node_id":14052,"weight":0.17679},
{"Node_id":14054,"weight":0.14396},
{"Node_id":14055,"weight":0.18974},
{"Node_id":14067,"weight":0.19972},
{"Node_id":14093,"weight":0.17244},
{"Node_id":14098,"weight":0.13951},
{"Node_id":14099,"weight":0.50450003},
{"Node_id":14100,"weight":0.17354},
{"Node_id":14102,"weight":0.17198},
{"Node_id":14105,"weight":0.36076},
{"Node_id":14107,"weight":0.36273},
{"Node_id":14108,"weight":0.37401},
{"Node_id":14113,"weight":0.16419},
{"Node_id":14114,"weight":0.18549},
{"Node_id":14115,"weight":0.20211999},
{"Node_id":14117,"weight":0.38469},
{"Node_id":14119,"weight":0.14742},
{"Node_id":14120,"weight":0.20574999},
{"Node_id":14121,"weight":0.17921999},
{"Node_id":14125,"weight":0.1615},
{"Node_id":14126,"weight":0.54927003},
{"Node_id":14129,"weight":0.37446},
{"Node_id":14131,"weight":0.35075},
{"Node_id":14132,"weight":0.17472},
{"Node_id":14135,"weight":0.25518999},
{"Node_id":14136,"weight":0.18145},
{"Node_id":14137,"weight":0.38371998},
{"Node_id":14138,"weight":0.20615001},
{"Node_id":14139,"weight":0.20785001},
{"Node_id":14142,"weight":0.1812},
{"Node_id":14144,"weight":0.17567},
{"Node_id":14145,"weight":0.21861999},
{"Node_id":14146,"weight":0.21905999},
{"Node_id":14148,"weight":0.29465002},
{"Node_id":14150,"weight":0.36431998},
{"Node_id":14151,"weight":0.51441},
{"Node_id":14153,"weight":0.30978},
{"Node_id":14156,"weight":0.2401},
{"Node_id":14158,"weight":0.1515},
{"Node_id":14159,"weight":0.29072002},
{"Node_id":14160,"weight":0.18575},
{"Node_id":14163,"weight":0.23039},
{"Node_id":14167,"weight":0.20038},
{"Node_id":14168,"weight":0.20250002},
{"Node_id":14176,"weight":0.14191},
{"Node_id":14180,"weight":0.39658},
{"Node_id":14184,"weight":0.28381},
{"Node_id":14186,"weight":0.20337999},
{"Node_id":14188,"weight":0.19323},
{"Node_id":14192,"weight":0.14881},
{"Node_id":14195,"weight":0.33652002},
{"Node_id":14196,"weight":0.26336998},
{"Node_id":14197,"weight":0.15484999},
{"Node_id":14198,"weight":0.25297},
{"Node_id":14200,"weight":0.17662999},
{"Node_id":14201,"weight":0.19422999},
{"Node_id":14202,"weight":0.14422},
{"Node_id":14204,"weight":0.15729001},
{"Node_id":14218,"weight":0.12733},
{"Node_id":14219,"weight":0.1807},
{"Node_id":14226,"weight":0.06571},
{"Node_id":14232,"weight":0.17784},
{"Node_id":14240,"weight":0.02998},
{"Node_id":14254,"weight":0.16427},
{"Node_id":14256,"weight":0.00288},
{"Node_id":14260,"weight":0.19915},
{"Node_id":14274,"weight":0.085540004},
{"Node_id":14282,"weight":0.01648},
{"Node_id":14292,"weight":0.16921},
{"Node_id":14293,"weight":0.0011199999},
{"Node_id":14294,"weight":0.12213},
{"Node_id":14306,"weight":0.16815},
{"Node_id":14311,"weight":0.1854},
{"Node_id":14323,"weight":0.11072},
{"Node_id":14336,"weight":0.18087},
{"Node_id":14338,"weight":0.123500004},
{"Node_id":14347,"weight":0.04684},
{"Node_id":14355,"weight":0.03224},
{"Node_id":14366,"weight":0.05215},
{"Node_id":14373,"weight":0.21895},
{"Node_id":14385,"weight":0.23584001},
{"Node_id":14386,"weight":0.11066},
{"Node_id":14397,"weight":0.11472},
{"Node_id":14404,"weight":0.23136},
{"Node_id":14463,"weight":0.20715001},
{"Node_id":14464,"weight":0.19259},
{"Node_id":14470,"weight":0.15450999},
{"Node_id":14482,"weight":0.11698},
{"Node_id":14486,"weight":0.05567},
{"Node_id":14487,"weight":0.22163},
{"Node_id":14489,"weight":0.08978},
{"Node_id":14496,"weight":0.17623},
{"Node_id":14513,"weight":0.02863},
{"Node_id":14529,"weight":0.05262},
{"Node_id":14534,"weight":0.11814},
{"Node_id":14538,"weight":0.076069996},
{"Node_id":14544,"weight":0.02513},
{"Node_id":14591,"weight":0.03739},
{"Node_id":14594,"weight":0.17059},
{"Node_id":14599,"weight":0.18464},
{"Node_id":14609,"weight":0.18904},
{"Node_id":14613,"weight":0.09494},
{"Node_id":14614,"weight":0.139},
{"Node_id":14615,"weight":0.29896},
{"Node_id":14617,"weight":0.43694},
{"Node_id":14618,"weight":0.18878},
{"Node_id":14619,"weight":0.1033},
{"Node_id":14621,"weight":0.06682},
{"Node_id":14627,"weight":0.07773},
{"Node_id":14628,"weight":0.18202999},
{"Node_id":14634,"weight":0.04084},
{"Node_id":14636,"weight":0.24356},
{"Node_id":14640,"weight":0.12727},
{"Node_id":14642,"weight":0.082169995},
{"Node_id":14643,"weight":0.113900006},
{"Node_id":14645,"weight":0.02152},
{"Node_id":14647,"weight":0.12790999},
{"Node_id":14649,"weight":0.01987},
{"Node_id":14652,"weight":0.54927003},
{"Node_id":14653,"weight":0.27586},
{"Node_id":14658,"weight":0.11521},
{"Node_id":14660,"weight":0.26547},
{"Node_id":14668,"weight":0.36677},
{"Node_id":14671,"weight":0.06843},
{"Node_id":14675,"weight":0.04726},
{"Node_id":14676,"weight":0.122080006},
{"Node_id":14677,"weight":0.1901},
{"Node_id":14679,"weight":0.13291},
{"Node_id":14681,"weight":0.077130005},
{"Node_id":14682,"weight":0.03789},
{"Node_id":14683,"weight":0.09494},
{"Node_id":14685,"weight":0.25836},
{"Node_id":14687,"weight":0.15561},
{"Node_id":14689,"weight":0.07662},
{"Node_id":14711,"weight":0.15575},
{"Node_id":14724,"weight":0.067760006},
{"Node_id":14730,"weight":0.109060004},
{"Node_id":14731,"weight":0.04583},
{"Node_id":14735,"weight":0.098900005},
{"Node_id":14736,"weight":0.11703},
{"Node_id":14737,"weight":0.02189},
{"Node_id":14739,"weight":0.13004},
{"Node_id":14742,"weight":0.17503999},
{"Node_id":14743,"weight":0.16501},
{"Node_id":14746,"weight":0.05147},
{"Node_id":14747,"weight":0.055549998},
{"Node_id":14748,"weight":0.079500005},
{"Node_id":14753,"weight":0.15265},
{"Node_id":14756,"weight":0.15008},
{"Node_id":14766,"weight":0.02741},
{"Node_id":14779,"weight":0.102989994},
{"Node_id":14780,"weight":0.25079998},
{"Node_id":14781,"weight":0.05806},
{"Node_id":14783,"weight":0.1014},
{"Node_id":14784,"weight":0.21418},
{"Node_id":14786,"weight":0.32619},
{"Node_id":14788,"weight":0.07286},
{"Node_id":14792,"weight":0.064459994},
{"Node_id":14797,"weight":0.18103},
{"Node_id":14804,"weight":0.21676},
{"Node_id":14805,"weight":0.04811},
{"Node_id":14806,"weight":0.15645},
{"Node_id":14808,"weight":0.15652},
{"Node_id":14811,"weight":0.17283},
{"Node_id":14812,"weight":0.05438},
{"Node_id":14813,"weight":0.14474},
{"Node_id":14824,"weight":0.00104},
{"Node_id":14841,"weight":0.106690004},
{"Node_id":14842,"weight":0.16042},
{"Node_id":14848,"weight":0.09105},
{"Node_id":14854,"weight":0.01222},
{"Node_id":14858,"weight":0.0322},
{"Node_id":14863,"weight":0.08236},
{"Node_id":14869,"weight":0.11881},
{"Node_id":14872,"weight":0.086830005},
{"Node_id":14896,"weight":0.15123},
{"Node_id":14901,"weight":0.22084},
{"Node_id":14922,"weight":0.20485},
{"Node_id":14924,"weight":0.01853},
{"Node_id":14936,"weight":0.16664},
{"Node_id":14946,"weight":0.06429},
{"Node_id":14970,"weight":0.20565},
{"Node_id":15002,"weight":0.14332},
{"Node_id":15003,"weight":0.23051},
{"Node_id":15004,"weight":0.04339},
{"Node_id":15013,"weight":0.0039999997},
{"Node_id":15023,"weight":0.00308},
{"Node_id":15026,"weight":0.23724},
{"Node_id":15030,"weight":0.15375},
{"Node_id":15037,"weight":0.061729997},
{"Node_id":15045,"weight":0.16114},
{"Node_id":15046,"weight":0.20125},
{"Node_id":15054,"weight":0.02282},
{"Node_id":15061,"weight":0.21228},
{"Node_id":15069,"weight":0.17914},
{"Node_id":15071,"weight":0.065390006},
{"Node_id":15075,"weight":0.02493},
{"Node_id":15077,"weight":0.11565},
{"Node_id":15083,"weight":0.08151},
{"Node_id":15089,"weight":0.040009998},
{"Node_id":15097,"weight":0.01563},
{"Node_id":15104,"weight":0.09594},
{"Node_id":15108,"weight":0.18686},
{"Node_id":15115,"weight":0.17567},
{"Node_id":15116,"weight":0.13894},
{"Node_id":15118,"weight":0.05941},
{"Node_id":15119,"weight":0.17744},
{"Node_id":15121,"weight":0.17307},
{"Node_id":15124,"weight":0.04912},
{"Node_id":15126,"weight":0.10222},
{"Node_id":15127,"weight":0.05117},
{"Node_id":15132,"weight":0.08789},
{"Node_id":15133,"weight":0.04604},
{"Node_id":15134,"weight":0.08886},
{"Node_id":15138,"weight":0.40396},
{"Node_id":15139,"weight":0.48330003},
{"Node_id":15140,"weight":0.072909996},
{"Node_id":15143,"weight":0.029609999},
{"Node_id":15144,"weight":0.15700999},
{"Node_id":15145,"weight":0.16013},
{"Node_id":15151,"weight":0.34623998},
{"Node_id":15157,"weight":0.24315},
{"Node_id":15158,"weight":0.113199994},
{"Node_id":15161,"weight":0.19089},
{"Node_id":15163,"weight":0.013420001},
{"Node_id":15164,"weight":0.04084},
{"Node_id":15165,"weight":0.3727},
{"Node_id":15167,"weight":0.3577},
{"Node_id":15172,"weight":0.22646001},
{"Node_id":15175,"weight":0.29896},
{"Node_id":15177,"weight":0.03232},
{"Node_id":15178,"weight":0.20048001},
{"Node_id":15179,"weight":0.21851},
{"Node_id":15182,"weight":0.0911},
{"Node_id":15186,"weight":0.23309},
{"Node_id":15187,"weight":0.10658},
{"Node_id":15199,"weight":0.02615},
{"Node_id":15203,"weight":0.30458},
{"Node_id":15205,"weight":0.01595},
{"Node_id":15211,"weight":0.12282},
{"Node_id":15214,"weight":0.10283999},
{"Node_id":15215,"weight":0.21577999},
{"Node_id":15216,"weight":0.15942},
{"Node_id":15217,"weight":0.059890002},
{"Node_id":15219,"weight":0.15136},
{"Node_id":15220,"weight":0.12049},
{"Node_id":15221,"weight":0.05741},
{"Node_id":15223,"weight":0.15423},
{"Node_id":15225,"weight":0.04176},
{"Node_id":15233,"weight":0.23471001},
{"Node_id":15253,"weight":0.23710999},
{"Node_id":15254,"weight":0.0024},
{"Node_id":15256,"weight":0.10038},
{"Node_id":15258,"weight":0.0403},
{"Node_id":15261,"weight":0.09139},
{"Node_id":15265,"weight":0.3055},
{"Node_id":15266,"weight":0.04038},
{"Node_id":15268,"weight":0.1295},
{"Node_id":15269,"weight":0.02007},
{"Node_id":15270,"weight":0.27339},
{"Node_id":15271,"weight":0.08161},
{"Node_id":15272,"weight":0.03826},
{"Node_id":15276,"weight":0.046290003},
{"Node_id":15283,"weight":0.10423},
{"Node_id":15294,"weight":0.14908001},
{"Node_id":15296,"weight":0.20775001},
{"Node_id":15297,"weight":0.1789},
{"Node_id":15298,"weight":0.11072},
{"Node_id":15299,"weight":0.23309},
{"Node_id":15300,"weight":0.09159},
{"Node_id":15301,"weight":0.08132},
{"Node_id":15302,"weight":0.11903},
{"Node_id":15304,"weight":0.080010004},
{"Node_id":15306,"weight":0.043810003},
{"Node_id":15308,"weight":0.12809},
{"Node_id":15309,"weight":0.39176},
{"Node_id":15310,"weight":0.09105},
{"Node_id":15313,"weight":0.09464},
{"Node_id":15314,"weight":0.00748},
{"Node_id":15316,"weight":0.12529},
{"Node_id":15318,"weight":0.03805},
{"Node_id":15320,"weight":0.00748},
{"Node_id":15322,"weight":0.30881},
{"Node_id":15324,"weight":0.04184},
{"Node_id":15328,"weight":0.32314},
{"Node_id":15330,"weight":0.1172},
{"Node_id":15335,"weight":0.054729998},
{"Node_id":15338,"weight":0.02088},
{"Node_id":15340,"weight":0.2401},
{"Node_id":15342,"weight":0.06081},
{"Node_id":15343,"weight":0.21665001},
{"Node_id":15347,"weight":0.07213},
{"Node_id":15348,"weight":0.56515},
{"Node_id":15351,"weight":0.1631},
{"Node_id":15366,"weight":0.19773999},
{"Node_id":15367,"weight":0.13813},
{"Node_id":15368,"weight":0.09455},
{"Node_id":15373,"weight":0.03289},
{"Node_id":15374,"weight":0.100940004},
{"Node_id":15376,"weight":0.03611},
{"Node_id":15377,"weight":0.12345},
{"Node_id":15379,"weight":0.45751},
{"Node_id":15382,"weight":0.099769995},
{"Node_id":15394,"weight":0.05083},
{"Node_id":15400,"weight":0.019949999},
{"Node_id":15404,"weight":0.20565},
{"Node_id":15409,"weight":0.12832001},
{"Node_id":15410,"weight":0.02177},
{"Node_id":15411,"weight":0.12962},
{"Node_id":15413,"weight":0.075559996},
{"Node_id":15416,"weight":0.01523},
{"Node_id":15417,"weight":0.27339},
{"Node_id":15419,"weight":0.07773},
{"Node_id":15420,"weight":0.05262},
{"Node_id":15421,"weight":0.17105},
{"Node_id":15423,"weight":0.13334},
{"Node_id":15425,"weight":0.25297},
{"Node_id":15426,"weight":0.33138},
{"Node_id":15429,"weight":0.06857},
{"Node_id":15431,"weight":0.0130199995},
{"Node_id":15432,"weight":0.0049199997},
{"Node_id":15434,"weight":0.20515001},
{"Node_id":15437,"weight":0.04811},
{"Node_id":15438,"weight":0.03917},
{"Node_id":15440,"weight":0.04819},
{"Node_id":15445,"weight":0.050660003},
{"Node_id":15447,"weight":0.08383},
{"Node_id":15448,"weight":0.029},
{"Node_id":15449,"weight":0.7418},
{"Node_id":15450,"weight":0.11681},
{"Node_id":15452,"weight":0.08506},
{"Node_id":15453,"weight":0.10283999},
{"Node_id":15454,"weight":0.16754},
{"Node_id":15460,"weight":0.07657},
{"Node_id":15461,"weight":0.21503},
{"Node_id":15462,"weight":0.12174},
{"Node_id":15466,"weight":0.11271},
{"Node_id":15467,"weight":0.04301},
{"Node_id":15468,"weight":0.13153},
{"Node_id":15473,"weight":0.23787999},
{"Node_id":15475,"weight":0.10099},
{"Node_id":15483,"weight":0.037720002},
{"Node_id":15484,"weight":0.11147},
{"Node_id":15485,"weight":0.02908},
{"Node_id":15488,"weight":0.10038},
{"Node_id":15495,"weight":0.08449},
{"Node_id":15500,"weight":0.18128},
{"Node_id":15501,"weight":0.04075},
{"Node_id":15502,"weight":0.03314},
{"Node_id":15505,"weight":0.30162},
{"Node_id":15517,"weight":0.056110002},
{"Node_id":15531,"weight":0.01025},
{"Node_id":15541,"weight":0.04612},
{"Node_id":15547,"weight":0.19718},
{"Node_id":15556,"weight":0.09272},
{"Node_id":15557,"weight":0.17206},
{"Node_id":15560,"weight":0.02124},
{"Node_id":15562,"weight":0.22458999},
{"Node_id":15566,"weight":0.06265},
{"Node_id":15574,"weight":0.03801},
{"Node_id":15578,"weight":0.11407},
{"Node_id":15589,"weight":0.11292},
{"Node_id":15594,"weight":0.01636},
{"Node_id":15601,"weight":0.16078},
{"Node_id":15615,"weight":0.02128},
{"Node_id":15617,"weight":0.11488},
{"Node_id":15619,"weight":0.21396999},
{"Node_id":15621,"weight":0.06177},
{"Node_id":15623,"weight":0.07446},
{"Node_id":15625,"weight":0.30207},
{"Node_id":15627,"weight":0.20806},
{"Node_id":15629,"weight":0.17591},
{"Node_id":15631,"weight":0.01523},
{"Node_id":15632,"weight":0.35884},
{"Node_id":15633,"weight":0.36885},
{"Node_id":15637,"weight":0.096090004},
{"Node_id":15639,"weight":0.17051001},
{"Node_id":15641,"weight":0.06562},
{"Node_id":15642,"weight":0.045950003},
{"Node_id":15647,"weight":0.47473997},
{"Node_id":15649,"weight":0.1793},
{"Node_id":15651,"weight":0.15715},
{"Node_id":15655,"weight":0.33620998},
{"Node_id":15673,"weight":0.10991},
{"Node_id":15723,"weight":0.01591},
{"Node_id":15750,"weight":0.05408},
{"Node_id":15766,"weight":0.04075},
{"Node_id":15781,"weight":0.08194},
{"Node_id":15805,"weight":0.06821},
{"Node_id":15813,"weight":0.01942},
{"Node_id":15820,"weight":0.01938},
{"Node_id":15832,"weight":0.11598001},
{"Node_id":15849,"weight":0.05697},
{"Node_id":15852,"weight":0.11993001},
{"Node_id":15853,"weight":0.18245},
{"Node_id":15894,"weight":0.02925},
{"Node_id":15902,"weight":0.06199},
{"Node_id":15912,"weight":0.16411999},
{"Node_id":15914,"weight":0.08025},
{"Node_id":15916,"weight":0.00376},
{"Node_id":15917,"weight":0.02953},
{"Node_id":15920,"weight":0.00352},
{"Node_id":15922,"weight":0.15143},
{"Node_id":15924,"weight":0.00873},
{"Node_id":15931,"weight":4.4E-4},
{"Node_id":15934,"weight":0.11549},
{"Node_id":15936,"weight":0.037639998},
{"Node_id":15945,"weight":0.14089},
{"Node_id":15959,"weight":0.13918999},
{"Node_id":15973,"weight":0.021680001},
{"Node_id":15982,"weight":0.23710999},
{"Node_id":15997,"weight":0.21010001},
{"Node_id":16009,"weight":0.17307},
{"Node_id":16023,"weight":0.11670001},
{"Node_id":16029,"weight":0.15204},
{"Node_id":16031,"weight":0.01563},
{"Node_id":16038,"weight":0.096640006},
{"Node_id":16050,"weight":0.10901},
{"Node_id":16061,"weight":0.20192},
{"Node_id":16073,"weight":0.04038},
{"Node_id":16083,"weight":0.04955},
{"Node_id":16084,"weight":0.019820001},
{"Node_id":16091,"weight":0.15624},
{"Node_id":16097,"weight":0.04828},
{"Node_id":16114,"weight":0.0034000003},
{"Node_id":16119,"weight":0.030019999},
{"Node_id":16120,"weight":0.0073200003},
{"Node_id":16131,"weight":0.081980005},
{"Node_id":16151,"weight":0.0299},
{"Node_id":16156,"weight":0.00132},
{"Node_id":16157,"weight":0.11066},
{"Node_id":16160,"weight":0.12196},
{"Node_id":16174,"weight":0.15062},
{"Node_id":16185,"weight":0.054640003},
{"Node_id":16187,"weight":0.15548},
{"Node_id":16190,"weight":0.013060001},
{"Node_id":16201,"weight":0.03203},
{"Node_id":16213,"weight":0.19477001},
{"Node_id":16214,"weight":0.15022},
{"Node_id":16215,"weight":0.17996},
{"Node_id":16217,"weight":0.1659},
{"Node_id":16218,"weight":0.11445},
{"Node_id":16224,"weight":0.02794},
{"Node_id":16244,"weight":0.05138},
{"Node_id":16246,"weight":0.01218},
{"Node_id":16248,"weight":0.04545},
{"Node_id":16252,"weight":0.01451},
{"Node_id":16253,"weight":0.08674},
{"Node_id":16261,"weight":0.11141},
{"Node_id":16262,"weight":0.20241001},
{"Node_id":16266,"weight":0.100530006},
{"Node_id":16268,"weight":0.096640006},
{"Node_id":16295,"weight":0.09544},
{"Node_id":16331,"weight":0.092769995},
{"Node_id":16338,"weight":0.18044999},
{"Node_id":16341,"weight":0.00352},
{"Node_id":16375,"weight":0.03706},
{"Node_id":16387,"weight":0.17833},
{"Node_id":16394,"weight":0.11088},
{"Node_id":16399,"weight":0.04972},
{"Node_id":16402,"weight":0.07602},
{"Node_id":16410,"weight":0.053179998},
{"Node_id":16417,"weight":0.04126},
{"Node_id":16427,"weight":0.10933},
{"Node_id":16435,"weight":0.24670999},
{"Node_id":16439,"weight":0.08631},
{"Node_id":16445,"weight":0.09875},
{"Node_id":16462,"weight":0.09779},
{"Node_id":16471,"weight":0.20038},
{"Node_id":16476,"weight":0.06879},
{"Node_id":16491,"weight":0.12144999},
{"Node_id":16508,"weight":0.02745},
{"Node_id":16517,"weight":0.17559001},
{"Node_id":16526,"weight":0.03285},
{"Node_id":16534,"weight":0.13153},
{"Node_id":16541,"weight":0.13111},
{"Node_id":16551,"weight":0.07838},
{"Node_id":16554,"weight":0.053609997},
{"Node_id":16575,"weight":0.027},
{"Node_id":16590,"weight":0.09193},
{"Node_id":16593,"weight":0.15821001},
{"Node_id":16596,"weight":0.0479},
{"Node_id":16597,"weight":0.08635},
{"Node_id":16598,"weight":0.20183},
{"Node_id":16600,"weight":0.35657},
{"Node_id":16601,"weight":0.38666},
{"Node_id":16604,"weight":0.03269},
{"Node_id":16605,"weight":0.81113994},
{"Node_id":16606,"weight":0.26466},
{"Node_id":16607,"weight":0.0457},
{"Node_id":16611,"weight":0.15835},
{"Node_id":16614,"weight":0.12505999},
{"Node_id":16615,"weight":0.06522},
{"Node_id":16617,"weight":0.0405},
{"Node_id":16618,"weight":0.074},
{"Node_id":16620,"weight":0.0359},
{"Node_id":16624,"weight":0.1602},
{"Node_id":16625,"weight":0.050059997},
{"Node_id":16626,"weight":0.19134},
{"Node_id":16628,"weight":0.12213},
{"Node_id":16635,"weight":0.08655},
{"Node_id":16642,"weight":0.021359999},
{"Node_id":16643,"weight":0.08993},
{"Node_id":16646,"weight":0.07699},
{"Node_id":16648,"weight":0.01704},
{"Node_id":16650,"weight":0.28829998},
{"Node_id":16651,"weight":0.19496},
{"Node_id":16652,"weight":0.40633997},
{"Node_id":16658,"weight":0.297},
{"Node_id":16660,"weight":0.13437},
{"Node_id":16661,"weight":0.14422},
{"Node_id":16662,"weight":0.02929},
{"Node_id":16691,"weight":0.17752},
{"Node_id":16693,"weight":0.13615},
{"Node_id":16694,"weight":0.08944},
{"Node_id":16698,"weight":0.12790999},
{"Node_id":16709,"weight":0.03121},
{"Node_id":16710,"weight":0.03125},
{"Node_id":16712,"weight":0.012089999},
{"Node_id":16714,"weight":0.13117},
{"Node_id":16737,"weight":0.052490003},
{"Node_id":16738,"weight":0.32314},
{"Node_id":16740,"weight":0.02802},
{"Node_id":16742,"weight":0.1597},
{"Node_id":16748,"weight":0.13763},
{"Node_id":16749,"weight":0.59496003},
{"Node_id":16750,"weight":0.16063},
{"Node_id":16754,"weight":0.07295},
{"Node_id":16758,"weight":0.0146699995},
{"Node_id":16759,"weight":0.03801},
{"Node_id":16765,"weight":0.065799996},
{"Node_id":16766,"weight":0.101600006},
{"Node_id":16769,"weight":0.14695999},
{"Node_id":16771,"weight":0.06789},
{"Node_id":16774,"weight":0.10548},
{"Node_id":16780,"weight":0.16936001},
{"Node_id":16782,"weight":0.16142},
{"Node_id":16783,"weight":0.20096},
{"Node_id":16786,"weight":0.15245},
{"Node_id":16787,"weight":0.15892},
{"Node_id":16793,"weight":0.07259},
{"Node_id":16795,"weight":0.14657},
{"Node_id":16797,"weight":0.07023},
{"Node_id":16799,"weight":0.0037999998},
{"Node_id":16803,"weight":0.109809995},
{"Node_id":16805,"weight":0.2773},
{"Node_id":16822,"weight":0.22727999},
{"Node_id":16825,"weight":0.15292999},
{"Node_id":16828,"weight":0.012259999},
{"Node_id":16832,"weight":0.05378},
{"Node_id":16835,"weight":0.11926},
{"Node_id":16843,"weight":0.00917},
{"Node_id":16851,"weight":0.1866},
{"Node_id":16856,"weight":0.13051},
{"Node_id":16861,"weight":0.00648},
{"Node_id":16876,"weight":0.04972},
{"Node_id":16877,"weight":0.13621},
{"Node_id":16878,"weight":0.08118},
{"Node_id":16897,"weight":0.092470005},
{"Node_id":16898,"weight":0.09529},
{"Node_id":16902,"weight":0.03265},
{"Node_id":16903,"weight":0.30715},
{"Node_id":16904,"weight":0.23099999},
{"Node_id":16905,"weight":0.0985},
{"Node_id":16906,"weight":0.06362},
{"Node_id":16908,"weight":0.11407},
{"Node_id":16911,"weight":0.049680002},
{"Node_id":16919,"weight":0.081089996},
{"Node_id":16927,"weight":0.10089},
{"Node_id":16931,"weight":0.13714},
{"Node_id":16956,"weight":0.09193},
{"Node_id":16959,"weight":0.04874},
{"Node_id":16976,"weight":0.018649999},
{"Node_id":16987,"weight":0.049680002},
{"Node_id":16989,"weight":0.17615},
{"Node_id":16992,"weight":0.056410003},
{"Node_id":16993,"weight":0.1439},
{"Node_id":16995,"weight":0.04314},
{"Node_id":16997,"weight":0.082499996},
{"Node_id":17001,"weight":0.06682},
{"Node_id":17003,"weight":0.17655},
{"Node_id":17008,"weight":0.03269},
{"Node_id":17009,"weight":0.025249999},
{"Node_id":17010,"weight":0.03031},
{"Node_id":17011,"weight":0.19188},
{"Node_id":17012,"weight":0.12339},
{"Node_id":17014,"weight":0.35845},
{"Node_id":17015,"weight":0.07501},
{"Node_id":17017,"weight":0.1079},
{"Node_id":17019,"weight":0.17166999},
{"Node_id":17022,"weight":0.099870004},
{"Node_id":17023,"weight":0.16171},
{"Node_id":17024,"weight":0.15423},
{"Node_id":17029,"weight":0.07172},
{"Node_id":17030,"weight":0.093559995},
{"Node_id":17033,"weight":0.01061},
{"Node_id":17035,"weight":0.02424},
{"Node_id":17036,"weight":0.37357},
{"Node_id":17038,"weight":0.40693998},
{"Node_id":17039,"weight":0.100940004},
{"Node_id":17041,"weight":0.15984},
{"Node_id":17042,"weight":0.44450998},
{"Node_id":17045,"weight":0.12709},
{"Node_id":17048,"weight":0.03963},
{"Node_id":17049,"weight":0.15814},
{"Node_id":17050,"weight":0.21993999},
{"Node_id":17051,"weight":0.0039999997},
{"Node_id":17052,"weight":0.08944},
{"Node_id":17057,"weight":0.28633},
{"Node_id":17059,"weight":0.03996},
{"Node_id":17060,"weight":0.15245},
{"Node_id":17062,"weight":0.11670001},
{"Node_id":17065,"weight":0.21939},
{"Node_id":17066,"weight":0.11909},
{"Node_id":17068,"weight":0.05862},
{"Node_id":17069,"weight":0.105069995},
{"Node_id":17080,"weight":0.13075},
{"Node_id":17081,"weight":0.14941},
{"Node_id":17082,"weight":0.07639},
{"Node_id":17083,"weight":0.0058},
{"Node_id":17088,"weight":0.12575},
{"Node_id":17091,"weight":0.19106999},
{"Node_id":17097,"weight":0.06544},
{"Node_id":17099,"weight":0.051340003},
{"Node_id":17100,"weight":0.168},
{"Node_id":17102,"weight":0.033430003},
{"Node_id":17107,"weight":0.16982},
{"Node_id":17111,"weight":0.10470001},
{"Node_id":17112,"weight":0.13714},
{"Node_id":17114,"weight":0.33745998},
{"Node_id":17116,"weight":0.0938},
{"Node_id":17117,"weight":0.15103},
{"Node_id":17118,"weight":0.03503},
{"Node_id":17122,"weight":0.19259},
{"Node_id":17124,"weight":0.107480004},
{"Node_id":17125,"weight":0.16405},
{"Node_id":17126,"weight":0.030109998},
{"Node_id":17129,"weight":0.33683},
{"Node_id":17130,"weight":0.21698001},
{"Node_id":17132,"weight":0.29152998},
{"Node_id":17139,"weight":0.20978999},
{"Node_id":17141,"weight":0.02201},
{"Node_id":17142,"weight":0.11942001},
{"Node_id":17144,"weight":0.106369995},
{"Node_id":17147,"weight":0.06816},
{"Node_id":17148,"weight":0.22943},
{"Node_id":17151,"weight":0.0038800002},
{"Node_id":17152,"weight":0.04276},
{"Node_id":17154,"weight":0.45653},
{"Node_id":17156,"weight":0.105799995},
{"Node_id":17159,"weight":0.13034001},
{"Node_id":17160,"weight":0.27551},
{"Node_id":17163,"weight":0.29174},
{"Node_id":17165,"weight":0.04184},
{"Node_id":17166,"weight":0.098000005},
{"Node_id":17168,"weight":0.05902},
{"Node_id":17171,"weight":0.10853},
{"Node_id":17172,"weight":0.14611},
{"Node_id":17173,"weight":0.038429998},
{"Node_id":17174,"weight":0.23801},
{"Node_id":17176,"weight":0.18592},
{"Node_id":17177,"weight":0.08934},
{"Node_id":17180,"weight":0.109969996},
{"Node_id":17183,"weight":0.14500001},
{"Node_id":17185,"weight":0.02481},
{"Node_id":17186,"weight":0.22265},
{"Node_id":17188,"weight":0.22332999},
{"Node_id":17189,"weight":0.11494},
{"Node_id":17190,"weight":0.03277},
{"Node_id":17192,"weight":4.0000002E-4},
{"Node_id":17212,"weight":0.11731},
{"Node_id":17218,"weight":0.01789},
{"Node_id":17225,"weight":0.13034001},
{"Node_id":17228,"weight":0.02847},
{"Node_id":17233,"weight":0.00528},
{"Node_id":17235,"weight":0.05481},
{"Node_id":17268,"weight":0.01093},
{"Node_id":17269,"weight":0.108959995},
{"Node_id":17274,"weight":0.09252},
{"Node_id":17292,"weight":0.09321},
{"Node_id":17295,"weight":0.02395},
{"Node_id":17304,"weight":0.07391},
{"Node_id":17307,"weight":0.098799996},
{"Node_id":17309,"weight":0.08095},
{"Node_id":17310,"weight":0.08998},
{"Node_id":17314,"weight":0.06292},
{"Node_id":17315,"weight":0.08891},
{"Node_id":17316,"weight":0.23763001},
{"Node_id":17317,"weight":0.15368},
{"Node_id":17319,"weight":0.0022800001},
{"Node_id":17321,"weight":0.072680004},
{"Node_id":17322,"weight":0.14153},
{"Node_id":17323,"weight":0.009889999},
{"Node_id":17324,"weight":0.06362},
{"Node_id":17325,"weight":0.13794},
{"Node_id":17327,"weight":0.24923},
{"Node_id":17329,"weight":0.15450999},
{"Node_id":17331,"weight":0.14808},
{"Node_id":17332,"weight":0.42915002},
{"Node_id":17334,"weight":0.0909},
{"Node_id":17340,"weight":0.02096},
{"Node_id":17341,"weight":0.03789},
{"Node_id":17342,"weight":0.15116},
{"Node_id":17344,"weight":0.2895},
{"Node_id":17348,"weight":0.03673},
{"Node_id":17368,"weight":0.0982},
{"Node_id":17391,"weight":0.02542},
{"Node_id":17396,"weight":0.10002001},
{"Node_id":17398,"weight":0.05177},
{"Node_id":17402,"weight":0.22774999},
{"Node_id":17406,"weight":0.22493999},
{"Node_id":17415,"weight":0.08132},
{"Node_id":17419,"weight":0.16754},
{"Node_id":17422,"weight":0.0308},
{"Node_id":17437,"weight":0.055760004},
{"Node_id":17441,"weight":0.10237},
{"Node_id":17443,"weight":0.08449},
{"Node_id":17455,"weight":0.16913},
{"Node_id":17464,"weight":0.0981},
{"Node_id":17478,"weight":0.050660003},
{"Node_id":17496,"weight":0.03992},
{"Node_id":17527,"weight":0.01551},
{"Node_id":17562,"weight":0.21312001},
{"Node_id":17570,"weight":0.01157},
{"Node_id":17576,"weight":0.0189},
{"Node_id":17578,"weight":0.16845},
{"Node_id":17581,"weight":0.17864999},
{"Node_id":17587,"weight":0.01418},
{"Node_id":17594,"weight":0.16121},
{"Node_id":17599,"weight":0.31099},
{"Node_id":17600,"weight":0.123220004},
{"Node_id":17601,"weight":0.28305},
{"Node_id":17602,"weight":0.111899994},
{"Node_id":17605,"weight":0.032730002},
{"Node_id":17607,"weight":0.01849},
{"Node_id":17608,"weight":0.04515},
{"Node_id":17609,"weight":0.118640006},
{"Node_id":17610,"weight":0.21302},
{"Node_id":17612,"weight":0.18145},
{"Node_id":17618,"weight":0.01712},
{"Node_id":17629,"weight":0.23496},
{"Node_id":17667,"weight":0.10304},
{"Node_id":17677,"weight":0.01877},
{"Node_id":17683,"weight":0.13621},
{"Node_id":17684,"weight":0.07172},
{"Node_id":17687,"weight":0.10517},
{"Node_id":17692,"weight":0.22716},
{"Node_id":17693,"weight":0.12632999},
{"Node_id":17709,"weight":0.12564},
{"Node_id":17737,"weight":0.09875},
{"Node_id":17747,"weight":0.09594},
{"Node_id":17760,"weight":0.03892},
{"Node_id":17762,"weight":0.24600999},
{"Node_id":17763,"weight":0.036930002},
{"Node_id":17765,"weight":0.00124},
{"Node_id":17769,"weight":0.19018},
{"Node_id":17770,"weight":0.14177999},
{"Node_id":17771,"weight":0.07195},
{"Node_id":17776,"weight":0.23546},
{"Node_id":17782,"weight":0.19624999},
{"Node_id":17783,"weight":0.23148999},
{"Node_id":17785,"weight":0.14384},
{"Node_id":17790,"weight":0.115820006},
{"Node_id":17811,"weight":0.03578},
{"Node_id":17816,"weight":0.08688},
{"Node_id":17824,"weight":0.03615},
{"Node_id":17828,"weight":0.17244},
{"Node_id":17830,"weight":0.02733},
{"Node_id":17838,"weight":0.27357},
{"Node_id":17841,"weight":0.04255},
{"Node_id":17849,"weight":0.11758},
{"Node_id":17863,"weight":0.04578},
{"Node_id":17870,"weight":0.049680002},
{"Node_id":17887,"weight":0.10986},
{"Node_id":17892,"weight":0.028099999},
{"Node_id":17896,"weight":0.12762001},
{"Node_id":17897,"weight":0.06424},
{"Node_id":17899,"weight":0.07186},
{"Node_id":17900,"weight":0.00704},
{"Node_id":17919,"weight":0.102989994},
{"Node_id":17920,"weight":0.028099999},
{"Node_id":17921,"weight":0.54685},
{"Node_id":17925,"weight":0.15279},
{"Node_id":17926,"weight":0.14835},
{"Node_id":17927,"weight":0.26761},
{"Node_id":17928,"weight":0.040090002},
{"Node_id":17932,"weight":0.0638},
{"Node_id":17934,"weight":0.22028},
{"Node_id":17939,"weight":0.06195},
{"Node_id":17941,"weight":0.03714},
{"Node_id":17944,"weight":0.13334},
{"Node_id":17945,"weight":0.12803},
{"Node_id":17948,"weight":0.14975},
{"Node_id":17950,"weight":0.11703},
{"Node_id":17958,"weight":0.19081},
{"Node_id":17961,"weight":0.12453999},
{"Node_id":17963,"weight":0.08559},
{"Node_id":17965,"weight":0.00812},
{"Node_id":17966,"weight":0.2375},
{"Node_id":17969,"weight":0.15721999},
{"Node_id":17971,"weight":0.04503},
{"Node_id":17972,"weight":0.06522},
{"Node_id":17973,"weight":0.07001},
{"Node_id":17975,"weight":0.15305999},
{"Node_id":17976,"weight":0.08545},
{"Node_id":17977,"weight":0.06256},
{"Node_id":17980,"weight":0.33438},
{"Node_id":17981,"weight":0.09061},
{"Node_id":17984,"weight":0.01121},
{"Node_id":17985,"weight":0.15729001},
{"Node_id":17987,"weight":0.00536},
{"Node_id":17989,"weight":0.13455},
{"Node_id":18003,"weight":0.04785},
{"Node_id":18006,"weight":0.22764},
{"Node_id":18010,"weight":0.0094099995},
{"Node_id":18012,"weight":0.013619999},
{"Node_id":18013,"weight":0.17013},
{"Node_id":18014,"weight":0.00752},
{"Node_id":18015,"weight":0.21103},
{"Node_id":18020,"weight":0.24643},
{"Node_id":18021,"weight":0.03722},
{"Node_id":18022,"weight":0.17955},
{"Node_id":18029,"weight":0.20241001},
{"Node_id":18042,"weight":0.0197},
{"Node_id":18043,"weight":0.17283},
{"Node_id":18050,"weight":0.106690004},
{"Node_id":18079,"weight":0.14513001},
{"Node_id":18093,"weight":0.07341},
{"Node_id":18104,"weight":0.35362},
{"Node_id":18110,"weight":0.15548},
{"Node_id":18111,"weight":0.00264},
{"Node_id":18114,"weight":0.14982},
{"Node_id":18117,"weight":0.051639996},
{"Node_id":18118,"weight":0.06081},
{"Node_id":18121,"weight":0.0331},
{"Node_id":18122,"weight":0.16222},
{"Node_id":18126,"weight":0.18816},
{"Node_id":18128,"weight":0.07866},
{"Node_id":18129,"weight":0.12755999},
{"Node_id":18130,"weight":0.0056000003},
{"Node_id":18132,"weight":0.30343002},
{"Node_id":18146,"weight":0.14677},
{"Node_id":18147,"weight":0.17221001},
{"Node_id":18149,"weight":0.05533},
{"Node_id":18168,"weight":0.1817},
{"Node_id":18173,"weight":0.04213},
{"Node_id":18183,"weight":0.16634001},
{"Node_id":18200,"weight":0.08071},
{"Node_id":18201,"weight":0.17623},
{"Node_id":18205,"weight":7.6E-4},
{"Node_id":18209,"weight":0.09926},
{"Node_id":18216,"weight":0.04764},
{"Node_id":18228,"weight":0.17955},
{"Node_id":18230,"weight":0.20328},
{"Node_id":18233,"weight":0.14723},
{"Node_id":18237,"weight":0.21343999},
{"Node_id":18239,"weight":0.0588},
{"Node_id":18241,"weight":0.13738},
{"Node_id":18242,"weight":0.08731},
{"Node_id":18247,"weight":0.036480002},
{"Node_id":18249,"weight":0.09071},
{"Node_id":18261,"weight":0.33438},
{"Node_id":18266,"weight":0.15272},
{"Node_id":18271,"weight":0.10418},
{"Node_id":18272,"weight":0.04105},
{"Node_id":18276,"weight":0.17206},
{"Node_id":18286,"weight":0.0084}]