[{"Node_id":2565,"weight":1.9214},
{"Node_id":2569,"weight":2.184},
{"Node_id":2570,"weight":3.483},
{"Node_id":2571,"weight":2.2799},
{"Node_id":2572,"weight":2.0505},
{"Node_id":2573,"weight":1.9802},
{"Node_id":2574,"weight":2.5051},
{"Node_id":2578,"weight":2.4994},
{"Node_id":2579,"weight":2.7218},
{"Node_id":2580,"weight":3.6636},
{"Node_id":2581,"weight":1.6493},
{"Node_id":2582,"weight":4.0396},
{"Node_id":2583,"weight":2.0367},
{"Node_id":2584,"weight":1.4319},
{"Node_id":2585,"weight":3.8918},
{"Node_id":2586,"weight":2.3699},
{"Node_id":2587,"weight":1.8825},
{"Node_id":2588,"weight":1.9924},
{"Node_id":2589,"weight":2.5459},
{"Node_id":2590,"weight":2.6645},
{"Node_id":2591,"weight":2.321},
{"Node_id":2592,"weight":1.6936},
{"Node_id":2593,"weight":4.1254},
{"Node_id":2596,"weight":2.1397},
{"Node_id":2597,"weight":2.4195},
{"Node_id":2598,"weight":1.4064},
{"Node_id":2599,"weight":1.8203},
{"Node_id":2600,"weight":4.1846},
{"Node_id":2607,"weight":2.7912},
{"Node_id":2612,"weight":2.9298},
{"Node_id":2613,"weight":3.7945},
{"Node_id":2617,"weight":1.5736},
{"Node_id":2618,"weight":1.9597},
{"Node_id":2619,"weight":1.9569},
{"Node_id":2620,"weight":1.4474},
{"Node_id":2621,"weight":1.9468},
{"Node_id":2622,"weight":2.0241},
{"Node_id":2643,"weight":1.4371},
{"Node_id":2644,"weight":2.4866},
{"Node_id":2645,"weight":1.7922},
{"Node_id":2646,"weight":1.5259},
{"Node_id":2647,"weight":3.2124},
{"Node_id":2648,"weight":2.5123},
{"Node_id":2649,"weight":1.832},
{"Node_id":2650,"weight":4.7357},
{"Node_id":2651,"weight":1.744},
{"Node_id":2652,"weight":1.748},
{"Node_id":2655,"weight":1.8643},
{"Node_id":2656,"weight":3.4127},
{"Node_id":2657,"weight":1.7036},
{"Node_id":2658,"weight":2.5852},
{"Node_id":2660,"weight":2.0846},
{"Node_id":2661,"weight":3.9713},
{"Node_id":2662,"weight":3.2963},
{"Node_id":2663,"weight":2.0212},
{"Node_id":2664,"weight":1.3976},
{"Node_id":2665,"weight":1.5513},
{"Node_id":2666,"weight":1.8203},
{"Node_id":2667,"weight":1.5492},
{"Node_id":2668,"weight":2.0456},
{"Node_id":2669,"weight":1.7036},
{"Node_id":2670,"weight":2.0595},
{"Node_id":2671,"weight":4.7954},
{"Node_id":2674,"weight":1.8421},
{"Node_id":2675,"weight":1.4624},
{"Node_id":2676,"weight":3.429},
{"Node_id":2677,"weight":2.764},
{"Node_id":2678,"weight":2.001},
{"Node_id":2679,"weight":1.6353},
{"Node_id":2680,"weight":1.4539},
{"Node_id":2681,"weight":4.219},
{"Node_id":2682,"weight":3.0667},
{"Node_id":2697,"weight":1.5638},
{"Node_id":2700,"weight":1.7583},
{"Node_id":2701,"weight":2.4102},
{"Node_id":2706,"weight":7.6004},
{"Node_id":2707,"weight":1.6034},
{"Node_id":2710,"weight":1.8421},
{"Node_id":2711,"weight":1.9532},
{"Node_id":2712,"weight":2.1928},
{"Node_id":2713,"weight":1.6493},
{"Node_id":2714,"weight":1.9395},
{"Node_id":2715,"weight":2.3983},
{"Node_id":2716,"weight":2.2634},
{"Node_id":2717,"weight":2.2253},
{"Node_id":2719,"weight":2.4369},
{"Node_id":2720,"weight":2.3271},
{"Node_id":2721,"weight":3.1026},
{"Node_id":2722,"weight":1.5764},
{"Node_id":2723,"weight":1.7097},
{"Node_id":2724,"weight":2.7115},
{"Node_id":2729,"weight":1.4261},
{"Node_id":2730,"weight":4.2766},
{"Node_id":2731,"weight":6.0725},
{"Node_id":2732,"weight":3.2397},
{"Node_id":2733,"weight":2.3763},
{"Node_id":2734,"weight":5.2159},
{"Node_id":2735,"weight":2.6006},
{"Node_id":2736,"weight":2.7857},
{"Node_id":2737,"weight":3.3714},
{"Node_id":2738,"weight":1.5666},
{"Node_id":2739,"weight":2.6612},
{"Node_id":2740,"weight":1.886},
{"Node_id":2741,"weight":1.866},
{"Node_id":2742,"weight":1.5327},
{"Node_id":2743,"weight":2.1218},
{"Node_id":2744,"weight":1.5123},
{"Node_id":2745,"weight":3.596},
{"Node_id":2746,"weight":1.7013},
{"Node_id":2748,"weight":2.887},
{"Node_id":2749,"weight":2.2287},
{"Node_id":2871,"weight":1.6875},
{"Node_id":2872,"weight":3.3227},
{"Node_id":2873,"weight":3.2733},
{"Node_id":3388,"weight":2.0887},
{"Node_id":3622,"weight":5.077},
{"Node_id":3623,"weight":1.4178},
{"Node_id":3624,"weight":4.1064},
{"Node_id":3625,"weight":2.0695},
{"Node_id":3627,"weight":2.2196},
{"Node_id":3629,"weight":2.0907},
{"Node_id":3630,"weight":2.9635},
{"Node_id":3631,"weight":3.9549},
{"Node_id":3632,"weight":1.4474},
{"Node_id":3633,"weight":1.7051},
{"Node_id":3634,"weight":2.3996},
{"Node_id":3635,"weight":1.7433},
{"Node_id":3636,"weight":2.1807},
{"Node_id":3637,"weight":2.3866},
{"Node_id":3638,"weight":1.3919},
{"Node_id":3639,"weight":2.0928},
{"Node_id":3644,"weight":2.0938},
{"Node_id":3645,"weight":1.9615},
{"Node_id":3646,"weight":2.0299},
{"Node_id":3647,"weight":2.3433},
{"Node_id":3649,"weight":2.5504},
{"Node_id":3651,"weight":2.5519},
{"Node_id":3652,"weight":1.8523},
{"Node_id":3653,"weight":2.3648},
{"Node_id":3657,"weight":1.4481},
{"Node_id":3658,"weight":1.4384},
{"Node_id":3659,"weight":5.2933},
{"Node_id":3660,"weight":1.4313},
{"Node_id":3661,"weight":3.3287},
{"Node_id":3662,"weight":1.9305},
{"Node_id":3663,"weight":4.8078},
{"Node_id":3664,"weight":2.5195},
{"Node_id":3665,"weight":1.3882},
{"Node_id":3666,"weight":3.2151},
{"Node_id":3667,"weight":2.3271},
{"Node_id":3669,"weight":4.6469},
{"Node_id":3670,"weight":2.2943},
{"Node_id":3671,"weight":3.4523},
{"Node_id":3672,"weight":1.4617},
{"Node_id":3674,"weight":3.0978},
{"Node_id":3675,"weight":1.6142},
{"Node_id":3676,"weight":1.3869},
{"Node_id":3677,"weight":3.0006},
{"Node_id":3678,"weight":2.8691},
{"Node_id":3679,"weight":1.7276},
{"Node_id":3680,"weight":1.3982},
{"Node_id":3682,"weight":2.0918},
{"Node_id":3687,"weight":2.7604},
{"Node_id":3688,"weight":1.7647},
{"Node_id":3689,"weight":3.4225},
{"Node_id":3690,"weight":3.1651},
{"Node_id":3691,"weight":2.6482},
{"Node_id":3692,"weight":1.6434},
{"Node_id":3693,"weight":2.6662},
{"Node_id":3695,"weight":1.8704},
{"Node_id":3696,"weight":1.4455},
{"Node_id":3697,"weight":1.452},
{"Node_id":3698,"weight":3.6677},
{"Node_id":3699,"weight":2.9722},
{"Node_id":3700,"weight":1.6405},
{"Node_id":3703,"weight":3.511},
{"Node_id":3704,"weight":1.6627},
{"Node_id":3705,"weight":3.1173},
{"Node_id":3706,"weight":2.2752},
{"Node_id":3707,"weight":1.6049},
{"Node_id":3708,"weight":1.6612},
{"Node_id":3709,"weight":2.9786},
{"Node_id":3710,"weight":1.9496},
{"Node_id":3711,"weight":1.7151},
{"Node_id":3714,"weight":1.8037},
{"Node_id":3715,"weight":1.7448},
{"Node_id":3716,"weight":1.9197},
{"Node_id":3717,"weight":2.6369},
{"Node_id":3755,"weight":2.1397},
{"Node_id":3756,"weight":1.4822},
{"Node_id":3757,"weight":3.7852},
{"Node_id":3758,"weight":1.9487},
{"Node_id":3759,"weight":2.1218},
{"Node_id":3760,"weight":2.2242},
{"Node_id":3762,"weight":5.9496},
{"Node_id":3765,"weight":2.9298},
{"Node_id":3768,"weight":4.1711},
{"Node_id":3769,"weight":2.4142},
{"Node_id":3770,"weight":2.4838},
{"Node_id":3771,"weight":2.4629},
{"Node_id":3772,"weight":3.2676},
{"Node_id":3773,"weight":4.6259},
{"Node_id":3774,"weight":4.5555},
{"Node_id":3775,"weight":1.7865},
{"Node_id":3776,"weight":1.4862},
{"Node_id":3777,"weight":1.8921},
{"Node_id":3778,"weight":1.5055},
{"Node_id":3779,"weight":1.4261},
{"Node_id":3780,"weight":1.7551},
{"Node_id":3782,"weight":5.2539},
{"Node_id":3783,"weight":1.4815},
{"Node_id":3784,"weight":1.4287},
{"Node_id":3785,"weight":1.5451},
{"Node_id":3786,"weight":1.6229},
{"Node_id":3787,"weight":4.2051},
{"Node_id":3788,"weight":2.579},
{"Node_id":3789,"weight":1.5885},
{"Node_id":3790,"weight":2.883},
{"Node_id":3794,"weight":2.5654},
{"Node_id":3808,"weight":2.2494},
{"Node_id":3809,"weight":2.5669},
{"Node_id":3811,"weight":2.8439},
{"Node_id":3812,"weight":2.3371},
{"Node_id":3813,"weight":1.3913},
{"Node_id":3814,"weight":4.3066},
{"Node_id":3815,"weight":2.7712},
{"Node_id":3816,"weight":5.077},
{"Node_id":3817,"weight":1.9386},
{"Node_id":3823,"weight":1.4955},
{"Node_id":3824,"weight":1.4364},
{"Node_id":3825,"weight":1.7639},
{"Node_id":3826,"weight":4.872},
{"Node_id":3831,"weight":1.4855},
{"Node_id":3832,"weight":3.0297},
{"Node_id":3833,"weight":1.421},
{"Node_id":3834,"weight":1.9487},
{"Node_id":3835,"weight":2.6434},
{"Node_id":3836,"weight":1.6777},
{"Node_id":3840,"weight":2.4168},
{"Node_id":4073,"weight":5.4217},
{"Node_id":4074,"weight":5.5429},
{"Node_id":4078,"weight":3.3377},
{"Node_id":4137,"weight":5.045},
{"Node_id":4138,"weight":3.8766},
{"Node_id":4139,"weight":1.719},
{"Node_id":4140,"weight":1.7354},
{"Node_id":4141,"weight":2.4768},
{"Node_id":4142,"weight":1.7198},
{"Node_id":4145,"weight":3.6076},
{"Node_id":4146,"weight":3.4523},
{"Node_id":4147,"weight":3.6273},
{"Node_id":4148,"weight":3.7401},
{"Node_id":4149,"weight":2.0338},
{"Node_id":4150,"weight":1.6906},
{"Node_id":4151,"weight":3.6718},
{"Node_id":4152,"weight":2.1418},
{"Node_id":4153,"weight":1.6419},
{"Node_id":4154,"weight":1.8549},
{"Node_id":4155,"weight":2.0212},
{"Node_id":4156,"weight":3.3808},
{"Node_id":4157,"weight":3.8469},
{"Node_id":4158,"weight":3.305},
{"Node_id":4159,"weight":1.4742},
{"Node_id":4162,"weight":1.5464},
{"Node_id":4163,"weight":2.0575},
{"Node_id":4164,"weight":1.7922},
{"Node_id":4169,"weight":5.4927},
{"Node_id":4172,"weight":3.7446},
{"Node_id":4175,"weight":3.5075},
{"Node_id":4176,"weight":1.7472},
{"Node_id":4177,"weight":1.4001},
{"Node_id":4178,"weight":3.6885},
{"Node_id":4179,"weight":2.5519},
{"Node_id":4181,"weight":3.8372},
{"Node_id":4182,"weight":2.0615},
{"Node_id":4183,"weight":2.0785},
{"Node_id":4184,"weight":2.1654},
{"Node_id":4185,"weight":1.6114},
{"Node_id":4186,"weight":1.812},
{"Node_id":4187,"weight":1.9143},
{"Node_id":4188,"weight":1.7567},
{"Node_id":4189,"weight":2.1862},
{"Node_id":4190,"weight":2.1906},
{"Node_id":4191,"weight":2.7357},
{"Node_id":4192,"weight":2.9465},
{"Node_id":4193,"weight":2.1249},
{"Node_id":4194,"weight":3.6432},
{"Node_id":4195,"weight":5.1441},
{"Node_id":4196,"weight":5.2734},
{"Node_id":4197,"weight":3.0978},
{"Node_id":4198,"weight":3.8132},
{"Node_id":4199,"weight":5.045},
{"Node_id":4200,"weight":2.401},
{"Node_id":4201,"weight":2.101},
{"Node_id":4202,"weight":1.515},
{"Node_id":4205,"weight":3.0644},
{"Node_id":4206,"weight":3.0366},
{"Node_id":4207,"weight":2.3039},
{"Node_id":4209,"weight":3.0184},
{"Node_id":4211,"weight":2.0038},
{"Node_id":4212,"weight":2.025},
{"Node_id":4224,"weight":3.9658},
{"Node_id":4225,"weight":2.5579},
{"Node_id":4226,"weight":2.0192},
{"Node_id":4229,"weight":2.8135},
{"Node_id":4230,"weight":2.8381},
{"Node_id":4231,"weight":2.889},
{"Node_id":4232,"weight":2.0338},
{"Node_id":4234,"weight":1.9323},
{"Node_id":4235,"weight":1.7237},
{"Node_id":4236,"weight":1.7599},
{"Node_id":4237,"weight":2.3015},
{"Node_id":4238,"weight":1.4881},
{"Node_id":4239,"weight":1.3988},
{"Node_id":4240,"weight":2.9786},
{"Node_id":4241,"weight":3.3652},
{"Node_id":4242,"weight":2.6337},
{"Node_id":4243,"weight":1.5485},
{"Node_id":4244,"weight":2.5297},
{"Node_id":4245,"weight":1.5327},
{"Node_id":4246,"weight":1.7663},
{"Node_id":4247,"weight":1.9423},
{"Node_id":4248,"weight":1.4422},
{"Node_id":4249,"weight":1.5885},
{"Node_id":4250,"weight":1.5729},
{"Node_id":4251,"weight":1.5306},
{"Node_id":4252,"weight":2.7409},
{"Node_id":4282,"weight":1.4052},
{"Node_id":4283,"weight":1.6324},
{"Node_id":4284,"weight":2.8711},
{"Node_id":4285,"weight":5.0933},
{"Node_id":4286,"weight":1.5659},
{"Node_id":4287,"weight":1.4782},
{"Node_id":4289,"weight":2.4796},
{"Node_id":4290,"weight":2.6337},
{"Node_id":4291,"weight":5.4927},
{"Node_id":4294,"weight":2.0928},
{"Node_id":4303,"weight":1.4862},
{"Node_id":4304,"weight":1.4435},
{"Node_id":4305,"weight":4.8458},
{"Node_id":4306,"weight":2.1622},
{"Node_id":4307,"weight":1.8253},
{"Node_id":4308,"weight":2.1928},
{"Node_id":4309,"weight":1.587},
{"Node_id":4310,"weight":1.656},
{"Node_id":4311,"weight":2.4684},
{"Node_id":4312,"weight":3.511},
{"Node_id":4313,"weight":1.5368},
{"Node_id":4314,"weight":1.6027},
{"Node_id":4316,"weight":1.8609},
{"Node_id":4321,"weight":2.6928},
{"Node_id":4322,"weight":3.3903},
{"Node_id":4323,"weight":2.2943},
{"Node_id":4327,"weight":2.1376},
{"Node_id":4328,"weight":2.6147},
{"Node_id":4329,"weight":2.0485},
{"Node_id":4331,"weight":2.97},
{"Node_id":4332,"weight":4.1513},
{"Node_id":4333,"weight":2.9031},
{"Node_id":4334,"weight":1.5197},
{"Node_id":4335,"weight":3.4356},
{"Node_id":4336,"weight":4.4538},
{"Node_id":4337,"weight":3.2507},
{"Node_id":4338,"weight":1.4775},
{"Node_id":4339,"weight":3.6595},
{"Node_id":4340,"weight":1.4769},
{"Node_id":4341,"weight":4.7832},
{"Node_id":4342,"weight":1.8354},
{"Node_id":4343,"weight":2.7857},
{"Node_id":4345,"weight":4.284},
{"Node_id":4346,"weight":1.8643},
{"Node_id":4347,"weight":2.1354},
{"Node_id":4348,"weight":1.8153},
{"Node_id":4351,"weight":2.5882},
{"Node_id":4352,"weight":2.1774},
{"Node_id":4353,"weight":4.0049},
{"Node_id":4354,"weight":2.9444},
{"Node_id":4355,"weight":2.6466},
{"Node_id":4356,"weight":2.1796},
{"Node_id":4357,"weight":3.3079},
{"Node_id":4358,"weight":3.562},
{"Node_id":4359,"weight":1.6164},
{"Node_id":4361,"weight":2.4994},
{"Node_id":4362,"weight":2.6022},
{"Node_id":4363,"weight":1.5603},
{"Node_id":4364,"weight":2.2716},
{"Node_id":4365,"weight":3.3287},
{"Node_id":4366,"weight":1.7543},
{"Node_id":4367,"weight":3.3468},
{"Node_id":4368,"weight":1.9098},
{"Node_id":4369,"weight":1.8078},
{"Node_id":4370,"weight":2.4519},
{"Node_id":4371,"weight":3.3138},
{"Node_id":4372,"weight":2.6434},
{"Node_id":4374,"weight":1.8379},
{"Node_id":4375,"weight":1.7711},
{"Node_id":4376,"weight":3.0072},
{"Node_id":4377,"weight":1.5485},
{"Node_id":4378,"weight":1.4585},
{"Node_id":4379,"weight":3.1222},
{"Node_id":4380,"weight":2.1752},
{"Node_id":4381,"weight":2.6321},
{"Node_id":4382,"weight":2.7183},
{"Node_id":4384,"weight":3.1026},
{"Node_id":4386,"weight":1.4868},
{"Node_id":4387,"weight":1.6785},
{"Node_id":4388,"weight":2.2576},
{"Node_id":4389,"weight":3.1625},
{"Node_id":4390,"weight":1.827},
{"Node_id":4391,"weight":2.3814},
{"Node_id":4392,"weight":2.6761},
{"Node_id":4393,"weight":1.7988},
{"Node_id":4395,"weight":2.4342},
{"Node_id":4396,"weight":1.4461},
{"Node_id":4397,"weight":3.4356},
{"Node_id":4414,"weight":2.3827},
{"Node_id":4415,"weight":2.1514},
{"Node_id":4416,"weight":1.421},
{"Node_id":4417,"weight":4.2546},
{"Node_id":4418,"weight":2.889},
{"Node_id":4419,"weight":2.6162},
{"Node_id":4422,"weight":4.508},
{"Node_id":4425,"weight":2.6401},
{"Node_id":4428,"weight":2.1197},
{"Node_id":4429,"weight":1.9161},
{"Node_id":4467,"weight":1.7105},
{"Node_id":4468,"weight":2.1239},
{"Node_id":4470,"weight":2.7115},
{"Node_id":4471,"weight":2.3597},
{"Node_id":4472,"weight":1.6383},
{"Node_id":4473,"weight":1.4624},
{"Node_id":4474,"weight":3.6392},
{"Node_id":4475,"weight":1.7338},
{"Node_id":4476,"weight":4.3776},
{"Node_id":4477,"weight":1.7089},
{"Node_id":4478,"weight":1.4789},
{"Node_id":4479,"weight":3.2591},
{"Node_id":4480,"weight":3.3871},
{"Node_id":4481,"weight":2.9277},
{"Node_id":4482,"weight":4.5653},
{"Node_id":4483,"weight":3.2178},
{"Node_id":4485,"weight":2.2073},
{"Node_id":4486,"weight":1.5779},
{"Node_id":4487,"weight":3.8085},
{"Node_id":4488,"weight":1.6186},
{"Node_id":4489,"weight":6.8113},
{"Node_id":4490,"weight":1.6179},
{"Node_id":4491,"weight":1.7377},
{"Node_id":4492,"weight":2.4588},
{"Node_id":4493,"weight":1.6478},
{"Node_id":4494,"weight":1.5231},
{"Node_id":4495,"weight":2.342},
{"Node_id":4496,"weight":1.4644},
{"Node_id":4497,"weight":2.0595},
{"Node_id":4498,"weight":2.2681},
{"Node_id":4505,"weight":3.3871},
{"Node_id":4506,"weight":1.5807},
{"Node_id":4507,"weight":2.7586},
{"Node_id":4508,"weight":2.885},
{"Node_id":4509,"weight":4.5653},
{"Node_id":4510,"weight":3.3683},
{"Node_id":4511,"weight":2.7374},
{"Node_id":4514,"weight":2.0485},
{"Node_id":4515,"weight":1.8261},
{"Node_id":4516,"weight":2.9593},
{"Node_id":4517,"weight":2.0565},
{"Node_id":4518,"weight":2.5123},
{"Node_id":4519,"weight":1.4121},
{"Node_id":4520,"weight":2.2061},
{"Node_id":4521,"weight":1.7136},
{"Node_id":4523,"weight":1.7182},
{"Node_id":4526,"weight":2.0605},
{"Node_id":4527,"weight":3.6233},
{"Node_id":4530,"weight":2.6242},
{"Node_id":4531,"weight":1.5771},
{"Node_id":4532,"weight":1.5402},
{"Node_id":4533,"weight":3.2591},
{"Node_id":4534,"weight":1.6754},
{"Node_id":4535,"weight":1.5238},
{"Node_id":4536,"weight":2.0096},
{"Node_id":4537,"weight":2.8381},
{"Node_id":4538,"weight":2.1155},
{"Node_id":4539,"weight":1.5687},
{"Node_id":4540,"weight":1.4014},
{"Node_id":4541,"weight":1.7417},
{"Node_id":4542,"weight":2.3699},
{"Node_id":4545,"weight":1.6078},
{"Node_id":4547,"weight":3.562},
{"Node_id":4548,"weight":2.8633},
{"Node_id":4554,"weight":3.5326},
{"Node_id":4555,"weight":4.0163},
{"Node_id":4556,"weight":3.226},
{"Node_id":4557,"weight":1.7051},
{"Node_id":4558,"weight":2.9113},
{"Node_id":4559,"weight":1.8913},
{"Node_id":4562,"weight":1.6085},
{"Node_id":4563,"weight":1.5999},
{"Node_id":4564,"weight":3.0738},
{"Node_id":4565,"weight":1.5878},
{"Node_id":4658,"weight":2.2907},
{"Node_id":4663,"weight":3.5398},
{"Node_id":4664,"weight":1.8379},
{"Node_id":4665,"weight":1.3907},
{"Node_id":4667,"weight":4.0049},
{"Node_id":4668,"weight":3.4969},
{"Node_id":4669,"weight":1.7841},
{"Node_id":4670,"weight":2.4966},
{"Node_id":4671,"weight":4.9126},
{"Node_id":4672,"weight":3.562},
{"Node_id":4673,"weight":4.9548},
{"Node_id":4674,"weight":4.7592},
{"Node_id":4675,"weight":2.1873},
{"Node_id":4790,"weight":2.4994},
{"Node_id":4791,"weight":5.4448},
{"Node_id":4792,"weight":1.7988},
{"Node_id":4793,"weight":1.6412},
{"Node_id":4794,"weight":1.4802},
{"Node_id":4795,"weight":1.4683},
{"Node_id":4796,"weight":4.0634},
{"Node_id":4797,"weight":2.895},
{"Node_id":4798,"weight":3.3347},
{"Node_id":4799,"weight":1.6508},
{"Node_id":4800,"weight":3.3777},
{"Node_id":4801,"weight":2.9072},
{"Node_id":4802,"weight":1.4178},
{"Node_id":4803,"weight":2.4881},
{"Node_id":4804,"weight":2.3788},
{"Node_id":4805,"weight":2.9614},
{"Node_id":4806,"weight":1.6664},
{"Node_id":4807,"weight":1.7963},
{"Node_id":4808,"weight":1.9143},
{"Node_id":4809,"weight":1.6523},
{"Node_id":4810,"weight":1.6538},
{"Node_id":4811,"weight":1.9036},
{"Node_id":4813,"weight":3.3999},
{"Node_id":4814,"weight":2.3584},
{"Node_id":4815,"weight":2.1785},
{"Node_id":4816,"weight":2.5224},
{"Node_id":4817,"weight":2.4601},
{"Node_id":4818,"weight":1.7074},
{"Node_id":4819,"weight":1.8834},
{"Node_id":4820,"weight":1.8921},
{"Node_id":4821,"weight":1.39},
{"Node_id":4822,"weight":2.2106},
{"Node_id":4823,"weight":1.9241},
{"Node_id":4824,"weight":1.6627},
{"Node_id":4825,"weight":3.0667},
{"Node_id":4826,"weight":2.0605},
{"Node_id":4827,"weight":2.2895},
{"Node_id":4828,"weight":1.43},
{"Node_id":4833,"weight":2.8305},
{"Node_id":4834,"weight":1.7825},
{"Node_id":4971,"weight":1.6186},
{"Node_id":4972,"weight":2.4754},
{"Node_id":4973,"weight":1.8756},
{"Node_id":5281,"weight":1.7988},
{"Node_id":5463,"weight":2.7098},
{"Node_id":5579,"weight":1.7543},
{"Node_id":5580,"weight":1.9746},
{"Node_id":5716,"weight":1.7898},
{"Node_id":5717,"weight":1.7043},
{"Node_id":5718,"weight":1.6612},
{"Node_id":5719,"weight":1.8669},
{"Node_id":5720,"weight":1.6762},
{"Node_id":5721,"weight":2.2208},
{"Node_id":5722,"weight":3.0297},
{"Node_id":5723,"weight":2.4262},
{"Node_id":5724,"weight":2.4155},
{"Node_id":5725,"weight":3.2017},
{"Node_id":5726,"weight":2.4866},
{"Node_id":5727,"weight":2.9939},
{"Node_id":5728,"weight":4.4538},
{"Node_id":5729,"weight":2.1796},
{"Node_id":5730,"weight":1.8523},
{"Node_id":5731,"weight":2.0038},
{"Node_id":5732,"weight":1.9934},
{"Node_id":5733,"weight":1.5652},
{"Node_id":5734,"weight":1.6792},
{"Node_id":5735,"weight":1.561},
{"Node_id":5736,"weight":1.5892},
{"Node_id":5737,"weight":1.6006},
{"Node_id":5738,"weight":1.7377},
{"Node_id":5739,"weight":2.3321},
{"Node_id":5740,"weight":2.0202},
{"Node_id":5741,"weight":4.284},
{"Node_id":5742,"weight":3.4969},
{"Node_id":5743,"weight":1.5736},
{"Node_id":5744,"weight":1.7857},
{"Node_id":5745,"weight":2.3271},
{"Node_id":5746,"weight":1.873},
{"Node_id":5747,"weight":2.0685},
{"Node_id":5748,"weight":1.8506},
{"Node_id":5749,"weight":2.5609},
{"Node_id":5750,"weight":1.6034},
{"Node_id":5751,"weight":2.0358},
{"Node_id":5754,"weight":3.6801},
{"Node_id":5755,"weight":5.1441},
{"Node_id":5756,"weight":4.0396},
{"Node_id":5757,"weight":2.1611},
{"Node_id":5758,"weight":4.7832},
{"Node_id":5760,"weight":2.6662},
{"Node_id":5761,"weight":2.4208},
{"Node_id":5762,"weight":1.5687},
{"Node_id":5763,"weight":2.8191},
{"Node_id":5764,"weight":1.4935},
{"Node_id":5765,"weight":1.7362},
{"Node_id":5768,"weight":6.1637},
{"Node_id":5769,"weight":1.9359},
{"Node_id":5770,"weight":3.3287},
{"Node_id":5771,"weight":3.0458},
{"Node_id":5772,"weight":2.1165},
{"Node_id":5773,"weight":1.5022},
{"Node_id":5774,"weight":2.5066},
{"Node_id":5778,"weight":2.4089},
{"Node_id":5779,"weight":1.7615},
{"Node_id":5781,"weight":1.9597},
{"Node_id":5782,"weight":2.955},
{"Node_id":5857,"weight":2.1062},
{"Node_id":5858,"weight":1.5949},
{"Node_id":5859,"weight":2.0705},
{"Node_id":5860,"weight":5.1441},
{"Node_id":5862,"weight":1.5582},
{"Node_id":5863,"weight":1.9477},
{"Node_id":5864,"weight":3.4095},
{"Node_id":5865,"weight":1.798},
{"Node_id":5866,"weight":3.8132},
{"Node_id":5867,"weight":5.1794},
{"Node_id":5868,"weight":8.1114},
{"Node_id":5869,"weight":3.5732},
{"Node_id":5870,"weight":6.5699},
{"Node_id":5871,"weight":1.8506},
{"Node_id":5872,"weight":3.2098},
{"Node_id":5873,"weight":2.1665},
{"Node_id":5876,"weight":2.0959},
{"Node_id":5878,"weight":2.2907},
{"Node_id":5879,"weight":5.2734},
{"Node_id":5880,"weight":3.8372},
{"Node_id":5881,"weight":1.6649},
{"Node_id":5882,"weight":2.5775},
{"Node_id":5883,"weight":3.0929},
{"Node_id":5884,"weight":1.7036},
{"Node_id":5885,"weight":2.5297},
{"Node_id":5886,"weight":1.917},
{"Node_id":5887,"weight":1.5416},
{"Node_id":5888,"weight":2.5913},
{"Node_id":5889,"weight":2.2006},
{"Node_id":5890,"weight":2.2073},
{"Node_id":5891,"weight":1.7346},
{"Node_id":5892,"weight":1.7252},
{"Node_id":5893,"weight":2.2871},
{"Node_id":5894,"weight":2.375},
{"Node_id":5895,"weight":1.9487},
{"Node_id":5896,"weight":2.5684},
{"Node_id":5897,"weight":2.4221},
{"Node_id":5898,"weight":1.6523},
{"Node_id":5899,"weight":2.1031},
{"Node_id":5900,"weight":1.7607},
{"Node_id":5901,"weight":1.4045},
{"Node_id":5902,"weight":2.3321},
{"Node_id":5903,"weight":3.5146},
{"Node_id":5904,"weight":3.7991},
{"Node_id":5905,"weight":2.5534},
{"Node_id":5906,"weight":2.2028},
{"Node_id":5907,"weight":1.9896},
{"Node_id":5908,"weight":1.8843},
{"Node_id":5909,"weight":2.8381},
{"Node_id":5910,"weight":1.5076},
{"Node_id":5911,"weight":2.184},
{"Node_id":5912,"weight":2.0416},
{"Node_id":5913,"weight":3.7579},
{"Node_id":5914,"weight":1.9296},
{"Node_id":5915,"weight":2.1093},
{"Node_id":5916,"weight":2.7876},
{"Node_id":5917,"weight":2.2657},
{"Node_id":5918,"weight":3.1651},
{"Node_id":5920,"weight":2.0192},
{"Node_id":5921,"weight":2.6678},
{"Node_id":5922,"weight":2.4768},
{"Node_id":5923,"weight":1.5245},
{"Node_id":5924,"weight":4.7954},
{"Node_id":5925,"weight":1.9896},
{"Node_id":5926,"weight":2.3075},
{"Node_id":5927,"weight":2.5023},
{"Node_id":5928,"weight":1.421},
{"Node_id":5929,"weight":1.7151},
{"Node_id":5930,"weight":1.5575},
{"Node_id":5931,"weight":1.9634},
{"Node_id":6007,"weight":2.6037},
{"Node_id":6023,"weight":2.5341},
{"Node_id":6024,"weight":2.6482},
{"Node_id":6025,"weight":2.2095},
{"Node_id":6026,"weight":2.2634},
{"Node_id":6027,"weight":1.653},
{"Node_id":6028,"weight":1.397},
{"Node_id":6029,"weight":2.5166},
{"Node_id":6030,"weight":1.9468},
{"Node_id":6031,"weight":2.0338},
{"Node_id":6032,"weight":1.7528},
{"Node_id":6033,"weight":1.53},
{"Node_id":6109,"weight":2.9808},
{"Node_id":6110,"weight":4.2402},
{"Node_id":6111,"weight":1.935},
{"Node_id":6112,"weight":1.6792},
{"Node_id":6113,"weight":3.2591},
{"Node_id":6114,"weight":1.6538},
{"Node_id":6115,"weight":2.1568},
{"Node_id":6116,"weight":3.1781},
{"Node_id":6117,"weight":2.881},
{"Node_id":6118,"weight":1.4848},
{"Node_id":6119,"weight":1.5793},
{"Node_id":6120,"weight":3.1833},
{"Node_id":6121,"weight":2.7857},
{"Node_id":6122,"weight":1.659},
{"Node_id":6124,"weight":1.7575},
{"Node_id":6125,"weight":2.2955},
{"Node_id":6126,"weight":2.0202},
{"Node_id":6127,"weight":2.7235},
{"Node_id":6128,"weight":2.1796},
{"Node_id":6129,"weight":2.7339},
{"Node_id":6130,"weight":3.3967},
{"Node_id":6131,"weight":2.4208},
{"Node_id":6132,"weight":1.5652},
{"Node_id":6133,"weight":2.6945},
{"Node_id":6134,"weight":4.1064},
{"Node_id":6138,"weight":1.5259},
{"Node_id":6139,"weight":2.1312},
{"Node_id":6140,"weight":1.5002},
{"Node_id":6141,"weight":6.3182},
{"Node_id":6142,"weight":2.0745},
{"Node_id":6143,"weight":1.4822},
{"Node_id":6144,"weight":1.4848},
{"Node_id":6145,"weight":2.0436},
{"Node_id":6147,"weight":2.4852},
{"Node_id":6148,"weight":1.8643},
{"Node_id":6149,"weight":3.1651},
{"Node_id":6150,"weight":3.7357},
{"Node_id":6151,"weight":1.3932},
{"Node_id":6152,"weight":1.4975},
{"Node_id":6153,"weight":1.8037},
{"Node_id":6154,"weight":1.5963},
{"Node_id":6155,"weight":2.5224},
{"Node_id":6156,"weight":3.842},
{"Node_id":6157,"weight":2.1622},
{"Node_id":6159,"weight":5.8401},
{"Node_id":6160,"weight":1.6906},
{"Node_id":6161,"weight":1.7736},
{"Node_id":6162,"weight":1.9296},
{"Node_id":6163,"weight":2.7857},
{"Node_id":6164,"weight":2.3546},
{"Node_id":6165,"weight":3.776},
{"Node_id":6166,"weight":4.0694},
{"Node_id":6167,"weight":2.4671},
{"Node_id":6168,"weight":2.173},
{"Node_id":6169,"weight":1.752},
{"Node_id":6170,"weight":2.0038},
{"Node_id":6171,"weight":1.4371},
{"Node_id":6172,"weight":2.7081},
{"Node_id":6173,"weight":1.4835},
{"Node_id":6174,"weight":1.9962},
{"Node_id":6175,"weight":2.727},
{"Node_id":6176,"weight":2.2517},
{"Node_id":6177,"weight":2.3648},
{"Node_id":6178,"weight":3.596},
{"Node_id":6180,"weight":2.4275},
{"Node_id":6181,"weight":1.9277},
{"Node_id":6182,"weight":2.3866},
{"Node_id":6183,"weight":5.3992},
{"Node_id":6184,"weight":1.4624},
{"Node_id":6185,"weight":1.5485},
{"Node_id":6186,"weight":2.3395},
{"Node_id":6187,"weight":1.8895},
{"Node_id":6188,"weight":2.4588},
{"Node_id":6189,"weight":2.2799},
{"Node_id":6190,"weight":2.8652},
{"Node_id":6191,"weight":1.5062},
{"Node_id":6192,"weight":1.4881},
{"Node_id":6193,"weight":1.5842},
{"Node_id":6194,"weight":1.4921},
{"Node_id":6195,"weight":1.8078},
{"Node_id":6196,"weight":1.776},
{"Node_id":6197,"weight":3.305},
{"Node_id":6198,"weight":2.5959},
{"Node_id":6199,"weight":1.6974},
{"Node_id":6201,"weight":1.4848},
{"Node_id":6202,"weight":2.881},
{"Node_id":6203,"weight":1.7401},
{"Node_id":6204,"weight":2.3234},
{"Node_id":6205,"weight":1.6208},
{"Node_id":6206,"weight":2.6563},
{"Node_id":6207,"weight":1.6486},
{"Node_id":6208,"weight":1.9332},
{"Node_id":6209,"weight":1.8523},
{"Node_id":6210,"weight":2.8229},
{"Node_id":6211,"weight":2.5579},
{"Node_id":6234,"weight":6.0725},
{"Node_id":6235,"weight":2.8574},
{"Node_id":6236,"weight":1.4178},
{"Node_id":6238,"weight":2.1719},
{"Node_id":6239,"weight":1.5035},
{"Node_id":6240,"weight":1.3882},
{"Node_id":6241,"weight":2.2576},
{"Node_id":6242,"weight":3.3652},
{"Node_id":6243,"weight":2.5254},
{"Node_id":6244,"weight":1.7105},
{"Node_id":6245,"weight":4.8458},
{"Node_id":6246,"weight":2.2552},
{"Node_id":6247,"weight":1.3988},
{"Node_id":6248,"weight":1.4172},
{"Node_id":6249,"weight":1.6523},
{"Node_id":6250,"weight":1.7963},
{"Node_id":6251,"weight":4.1002},
{"Node_id":6252,"weight":2.5066},
{"Node_id":6253,"weight":2.5385},
{"Node_id":6254,"weight":2.877},
{"Node_id":6255,"weight":1.9523},
{"Node_id":6256,"weight":2.5714},
{"Node_id":6257,"weight":1.4565},
{"Node_id":6258,"weight":1.744},
{"Node_id":6259,"weight":1.6732},
{"Node_id":6260,"weight":1.798},
{"Node_id":6261,"weight":1.9305},
{"Node_id":6262,"weight":1.4229},
{"Node_id":6264,"weight":4.1711},
{"Node_id":6265,"weight":2.6711},
{"Node_id":6266,"weight":2.205},
{"Node_id":6267,"weight":3.1347},
{"Node_id":6268,"weight":1.4815},
{"Node_id":6269,"weight":1.752},
{"Node_id":6270,"weight":3.0252},
{"Node_id":6271,"weight":1.6368},
{"Node_id":6274,"weight":2.0565},
{"Node_id":6275,"weight":1.9296},
{"Node_id":6276,"weight":1.8136},
{"Node_id":6277,"weight":2.2242},
{"Node_id":6278,"weight":2.3571},
{"Node_id":6279,"weight":3.8038},
{"Node_id":6280,"weight":2.0938},
{"Node_id":6281,"weight":2.0745},
{"Node_id":6282,"weight":2.5123},
{"Node_id":6283,"weight":1.5786},
{"Node_id":6284,"weight":1.726},
{"Node_id":6285,"weight":1.4663},
{"Node_id":6288,"weight":2.9011},
{"Node_id":6289,"weight":5.2347},
{"Node_id":6290,"weight":3.4095},
{"Node_id":6291,"weight":3.4225},
{"Node_id":6292,"weight":1.8557},
{"Node_id":6293,"weight":2.6498},
{"Node_id":6294,"weight":2.1134},
{"Node_id":6295,"weight":2.366},
{"Node_id":6296,"weight":1.9395},
{"Node_id":6297,"weight":3.1859},
{"Node_id":6299,"weight":1.8337},
{"Node_id":6300,"weight":1.5652},
{"Node_id":6301,"weight":2.543},
{"Node_id":6302,"weight":5.8061},
{"Node_id":6304,"weight":2.1774},
{"Node_id":6305,"weight":1.4795},
{"Node_id":6306,"weight":1.3944},
{"Node_id":6307,"weight":2.3222},
{"Node_id":6308,"weight":1.8012},
{"Node_id":6309,"weight":5.2933},
{"Node_id":6312,"weight":1.5652},
{"Node_id":6313,"weight":2.5944},
{"Node_id":6315,"weight":1.5029},
{"Node_id":6316,"weight":2.8751},
{"Node_id":6317,"weight":1.5361},
{"Node_id":6318,"weight":3.2342},
{"Node_id":6319,"weight":1.9432},
{"Node_id":6320,"weight":1.639},
{"Node_id":6321,"weight":2.0436},
{"Node_id":6324,"weight":5.7105},
{"Node_id":6362,"weight":1.6657},
{"Node_id":6363,"weight":2.0918},
{"Node_id":6364,"weight":4.8588},
{"Node_id":6365,"weight":2.9257},
{"Node_id":6366,"weight":3.4323},
{"Node_id":6433,"weight":3.6392},
{"Node_id":6434,"weight":1.9727},
{"Node_id":6435,"weight":5.7414},
{"Node_id":6436,"weight":3.0929},
{"Node_id":6437,"weight":2.3609},
{"Node_id":6438,"weight":1.7113},
{"Node_id":6439,"weight":1.4268},
{"Node_id":6442,"weight":2.9896},
{"Node_id":6443,"weight":2.0938},
{"Node_id":6444,"weight":3.6718},
{"Node_id":6445,"weight":2.1124},
{"Node_id":6446,"weight":2.5519},
{"Node_id":6447,"weight":2.3445},
{"Node_id":6448,"weight":1.5527},
{"Node_id":6449,"weight":1.752},
{"Node_id":6450,"weight":2.7658},
{"Node_id":6451,"weight":1.9241},
{"Node_id":6452,"weight":1.8506},
{"Node_id":6453,"weight":2.4951},
{"Node_id":6454,"weight":3.3168},
{"Node_id":6455,"weight":1.9368},
{"Node_id":6456,"weight":2.2599},
{"Node_id":6457,"weight":1.8532},
{"Node_id":6458,"weight":2.2379},
{"Node_id":6459,"weight":1.8379},
{"Node_id":6460,"weight":3.6718},
{"Node_id":6461,"weight":1.6317},
{"Node_id":6462,"weight":3.7624},
{"Node_id":6463,"weight":1.5617},
{"Node_id":6464,"weight":1.8566},
{"Node_id":6465,"weight":1.8575},
{"Node_id":6466,"weight":1.6013},
{"Node_id":6471,"weight":1.4198},
{"Node_id":6475,"weight":2.0377},
{"Node_id":6476,"weight":1.5218},
{"Node_id":6709,"weight":4.833},
{"Node_id":6711,"weight":2.3063},
{"Node_id":6712,"weight":1.8957},
{"Node_id":6715,"weight":4.1914},
{"Node_id":6716,"weight":4.3534},
{"Node_id":6717,"weight":1.6302},
{"Node_id":6718,"weight":1.8738},
{"Node_id":6719,"weight":1.5245},
{"Node_id":6720,"weight":5.0294},
{"Node_id":6721,"weight":1.5807},
{"Node_id":6722,"weight":3.8716},
{"Node_id":6723,"weight":2.2907},
{"Node_id":6724,"weight":2.6612},
{"Node_id":6725,"weight":2.2061},
{"Node_id":6726,"weight":1.5218},
{"Node_id":6727,"weight":2.2017},
{"Node_id":6728,"weight":5.3771},
{"Node_id":6729,"weight":2.3918},
{"Node_id":6730,"weight":1.5327},
{"Node_id":6731,"weight":1.5527},
{"Node_id":6877,"weight":1.9606},
{"Node_id":6878,"weight":1.7719},
{"Node_id":6879,"weight":1.4474},
{"Node_id":6880,"weight":2.4768},
{"Node_id":6892,"weight":2.9808},
{"Node_id":6895,"weight":1.4128},
{"Node_id":6896,"weight":1.5992},
{"Node_id":6897,"weight":1.6762},
{"Node_id":6898,"weight":2.0212},
{"Node_id":6899,"weight":3.0389},
{"Node_id":6900,"weight":3.3377},
{"Node_id":6946,"weight":1.7448},
{"Node_id":6948,"weight":2.0397},
{"Node_id":6949,"weight":1.7464},
{"Node_id":6950,"weight":1.9802},
{"Node_id":6951,"weight":2.027},
{"Node_id":6952,"weight":1.5828},
{"Node_id":6953,"weight":3.0504},
{"Node_id":6956,"weight":1.7881},
{"Node_id":7013,"weight":3.5326},
{"Node_id":7014,"weight":3.248},
{"Node_id":7015,"weight":1.4526},
{"Node_id":7055,"weight":2.9917},
{"Node_id":7056,"weight":1.5779},
{"Node_id":7057,"weight":2.1503},
{"Node_id":7058,"weight":1.465},
{"Node_id":7059,"weight":1.9811},
{"Node_id":7060,"weight":1.4526},
{"Node_id":7061,"weight":1.5771},
{"Node_id":7062,"weight":1.8062},
{"Node_id":7063,"weight":2.0125},
{"Node_id":7066,"weight":2.5371},
{"Node_id":7067,"weight":2.1323},
{"Node_id":7068,"weight":1.4223},
{"Node_id":7069,"weight":4.3858},
{"Node_id":7070,"weight":4.4364},
{"Node_id":7073,"weight":1.513},
{"Node_id":7074,"weight":1.7036},
{"Node_id":7075,"weight":2.1218},
{"Node_id":7076,"weight":4.4451},
{"Node_id":7077,"weight":1.6538},
{"Node_id":7078,"weight":2.2185},
{"Node_id":7079,"weight":1.7535},
{"Node_id":7080,"weight":2.102},
{"Node_id":7081,"weight":1.397},
{"Node_id":7082,"weight":2.0685},
{"Node_id":7083,"weight":1.8851},
{"Node_id":7084,"weight":1.8379},
{"Node_id":7085,"weight":5.6515},
{"Node_id":7086,"weight":1.8992},
{"Node_id":7088,"weight":2.0125},
{"Node_id":7089,"weight":2.5594},
{"Node_id":7090,"weight":1.7244},
{"Node_id":7091,"weight":3.6969},
{"Node_id":7092,"weight":3.1703},
{"Node_id":7093,"weight":1.5184},
{"Node_id":7094,"weight":1.3869},
{"Node_id":7095,"weight":2.1829},
{"Node_id":7096,"weight":2.2196},
{"Node_id":7097,"weight":1.9597},
{"Node_id":7098,"weight":2.8477},
{"Node_id":7099,"weight":1.6694},
{"Node_id":7100,"weight":3.577},
{"Node_id":7101,"weight":2.889},
{"Node_id":7102,"weight":2.885},
{"Node_id":7103,"weight":1.5259},
{"Node_id":7104,"weight":3.8567},
{"Node_id":7105,"weight":3.3079},
{"Node_id":7106,"weight":1.8354},
{"Node_id":7107,"weight":1.7736},
{"Node_id":7108,"weight":3.714},
{"Node_id":7109,"weight":1.8371},
{"Node_id":7110,"weight":2.9808},
{"Node_id":7111,"weight":2.9614},
{"Node_id":7112,"weight":3.4934},
{"Node_id":7113,"weight":1.3882},
{"Node_id":7114,"weight":1.7623},
{"Node_id":7115,"weight":2.3711},
{"Node_id":7116,"weight":1.4313},
{"Node_id":7117,"weight":1.5527},
{"Node_id":7118,"weight":2.2599},
{"Node_id":7119,"weight":2.0029},
{"Node_id":7121,"weight":1.9359},
{"Node_id":7122,"weight":2.9381},
{"Node_id":7123,"weight":2.9174},
{"Node_id":7124,"weight":1.6171},
{"Node_id":7125,"weight":1.8103},
{"Node_id":7126,"weight":1.5334},
{"Node_id":7127,"weight":2.887},
{"Node_id":7128,"weight":1.8186},
{"Node_id":7129,"weight":1.9542},
{"Node_id":7141,"weight":3.0006},
{"Node_id":7142,"weight":2.1785},
{"Node_id":7143,"weight":3.0786},
{"Node_id":7144,"weight":3.8275},
{"Node_id":7145,"weight":1.7881},
{"Node_id":7146,"weight":3.055},
{"Node_id":7147,"weight":1.9662},
{"Node_id":7148,"weight":2.4671},
{"Node_id":7149,"weight":3.2905},
{"Node_id":7150,"weight":1.901},
{"Node_id":7152,"weight":1.9802},
{"Node_id":7153,"weight":7.8236},
{"Node_id":7157,"weight":1.6913},
{"Node_id":7158,"weight":2.645},
{"Node_id":7159,"weight":4.0163},
{"Node_id":7160,"weight":1.4915},
{"Node_id":7161,"weight":1.5347},
{"Node_id":7162,"weight":2.6531},
{"Node_id":7163,"weight":2.2611},
{"Node_id":7243,"weight":2.8248},
{"Node_id":7247,"weight":1.748},
{"Node_id":7248,"weight":1.4855},
{"Node_id":7251,"weight":2.4492},
{"Node_id":7252,"weight":1.8904},
{"Node_id":7253,"weight":1.9783},
{"Node_id":7254,"weight":1.6508},
{"Node_id":7256,"weight":2.4356},
{"Node_id":7257,"weight":2.0897},
{"Node_id":7258,"weight":3.1322},
{"Node_id":7259,"weight":1.956},
{"Node_id":7260,"weight":4.5362},
{"Node_id":7261,"weight":2.8574},
{"Node_id":7264,"weight":4.6053},
{"Node_id":7266,"weight":1.5177},
{"Node_id":7267,"weight":1.414},
{"Node_id":7268,"weight":1.7496},
{"Node_id":7269,"weight":2.0318},
{"Node_id":7270,"weight":3.2424},
{"Node_id":7271,"weight":1.8756},
{"Node_id":7335,"weight":2.5371},
{"Node_id":7336,"weight":1.414},
{"Node_id":7337,"weight":2.4643},
{"Node_id":7367,"weight":1.4461},
{"Node_id":7368,"weight":2.0446},
{"Node_id":7369,"weight":2.5821},
{"Node_id":7370,"weight":3.4761},
{"Node_id":7371,"weight":1.5062},
{"Node_id":7372,"weight":2.0989},
{"Node_id":7373,"weight":2.3788},
{"Node_id":7374,"weight":1.5485},
{"Node_id":7375,"weight":4.4108},
{"Node_id":7378,"weight":1.4384},
{"Node_id":7379,"weight":2.7551},
{"Node_id":7380,"weight":1.7409},
{"Node_id":7381,"weight":2.1333},
{"Node_id":7382,"weight":1.9634},
{"Node_id":7383,"weight":1.8111},
{"Node_id":7384,"weight":2.7604},
{"Node_id":7385,"weight":1.5779},
{"Node_id":7386,"weight":4.1383},
{"Node_id":7388,"weight":3.6233},
{"Node_id":7389,"weight":1.7599},
{"Node_id":7391,"weight":1.4096},
{"Node_id":7392,"weight":3.9072},
{"Node_id":7393,"weight":1.8211},
{"Node_id":7394,"weight":2.5312},
{"Node_id":7397,"weight":2.6514},
{"Node_id":7398,"weight":1.4229},
{"Node_id":7399,"weight":2.7132},
{"Node_id":7400,"weight":1.8404},
{"Node_id":7401,"weight":1.9332},
{"Node_id":7404,"weight":4.119},
{"Node_id":7405,"weight":2.4937},
{"Node_id":7406,"weight":3.9992},
{"Node_id":7407,"weight":1.9268},
{"Node_id":7408,"weight":1.4351},
{"Node_id":7409,"weight":1.5361},
{"Node_id":7410,"weight":1.6501},
{"Node_id":7411,"weight":1.9001},
{"Node_id":7426,"weight":0.1294},
{"Node_id":7427,"weight":1.2721},
{"Node_id":7428,"weight":3.2676},
{"Node_id":7429,"weight":0.036},
{"Node_id":7430,"weight":2.8691},
{"Node_id":7435,"weight":2.7046},
{"Node_id":7436,"weight":0.5266},
{"Node_id":7437,"weight":0.49},
{"Node_id":7438,"weight":1.62},
{"Node_id":7439,"weight":2.1763},
{"Node_id":7440,"weight":0.6955},
{"Node_id":7441,"weight":2.5166},
{"Node_id":7442,"weight":5.4448},
{"Node_id":7443,"weight":1.9072},
{"Node_id":7444,"weight":0.6239},
{"Node_id":7445,"weight":0.9529},
{"Node_id":7446,"weight":1.0716},
{"Node_id":7447,"weight":0.944},
{"Node_id":7448,"weight":1.9569},
{"Node_id":7449,"weight":1.6822},
{"Node_id":7450,"weight":0.8274},
{"Node_id":7455,"weight":1.2856},
{"Node_id":7456,"weight":2.0755},
{"Node_id":7457,"weight":0.1519},
{"Node_id":7469,"weight":0.388},
{"Node_id":7470,"weight":1.2448},
{"Node_id":7474,"weight":0.7598},
{"Node_id":7476,"weight":2.498},
{"Node_id":7477,"weight":1.827},
{"Node_id":7500,"weight":4.0878},
{"Node_id":7501,"weight":1.8245},
{"Node_id":7502,"weight":2.173},
{"Node_id":7503,"weight":2.1741},
{"Node_id":7504,"weight":0.6803},
{"Node_id":7505,"weight":3.2876},
{"Node_id":7506,"weight":0.7755},
{"Node_id":7507,"weight":3.7011},
{"Node_id":7508,"weight":0.7829},
{"Node_id":7512,"weight":1.4435},
{"Node_id":7513,"weight":4.8588},
{"Node_id":7515,"weight":2.5459},
{"Node_id":7516,"weight":0.2258},
{"Node_id":7517,"weight":1.7089},
{"Node_id":7518,"weight":2.9153},
{"Node_id":7519,"weight":0.2302},
{"Node_id":7520,"weight":3.429},
{"Node_id":7523,"weight":0.3437},
{"Node_id":7524,"weight":0.2294},
{"Node_id":7527,"weight":0.9579},
{"Node_id":7530,"weight":0.3602},
{"Node_id":7531,"weight":3.6233},
{"Node_id":7532,"weight":1.6128},
{"Node_id":7533,"weight":2.1763},
{"Node_id":7534,"weight":4.8988},
{"Node_id":7535,"weight":1.7535},
{"Node_id":7536,"weight":0.6678},
{"Node_id":7537,"weight":1.0465},
{"Node_id":7538,"weight":0.8231},
{"Node_id":7557,"weight":1.4191},
{"Node_id":7558,"weight":1.1859},
{"Node_id":7563,"weight":1.6258},
{"Node_id":7564,"weight":0.3174},
{"Node_id":7567,"weight":0.9203},
{"Node_id":7568,"weight":0.9346},
{"Node_id":7569,"weight":2.5195},
{"Node_id":7570,"weight":1.0997},
{"Node_id":7571,"weight":1.08},
{"Node_id":7572,"weight":0.3293},
{"Node_id":7573,"weight":0.2055},
{"Node_id":7576,"weight":1.1698},
{"Node_id":7577,"weight":0.3756},
{"Node_id":7578,"weight":1.969},
{"Node_id":7579,"weight":0.5849},
{"Node_id":7580,"weight":0.216},
{"Node_id":7581,"weight":0.0532},
{"Node_id":7586,"weight":3.818},
{"Node_id":7587,"weight":0.2408},
{"Node_id":7588,"weight":3.7401},
{"Node_id":7589,"weight":0.9982},
{"Node_id":7590,"weight":0.4608},
{"Node_id":7591,"weight":0.2884},
{"Node_id":7592,"weight":1.5437},
{"Node_id":7593,"weight":1.1914},
{"Node_id":7594,"weight":0.7332},
{"Node_id":7595,"weight":0.9714},
{"Node_id":7596,"weight":0.9115},
{"Node_id":7597,"weight":0.4768},
{"Node_id":7598,"weight":0.2745},
{"Node_id":7599,"weight":0.9095},
{"Node_id":7600,"weight":0.1141},
{"Node_id":7601,"weight":0.1491},
{"Node_id":7602,"weight":0.4879},
{"Node_id":7605,"weight":0.1322},
{"Node_id":7606,"weight":0.5155},
{"Node_id":7727,"weight":0.6879},
{"Node_id":7728,"weight":1.8379},
{"Node_id":7729,"weight":1.2396},
{"Node_id":8503,"weight":0.9041},
{"Node_id":8504,"weight":1.3462},
{"Node_id":8505,"weight":0.4297},
{"Node_id":8507,"weight":1.8904},
{"Node_id":8509,"weight":0.7745},
{"Node_id":8510,"weight":1.2145},
{"Node_id":8511,"weight":0.9494},
{"Node_id":8512,"weight":1.39},
{"Node_id":8513,"weight":2.9896},
{"Node_id":8514,"weight":0.2282},
{"Node_id":8515,"weight":4.3694},
{"Node_id":8516,"weight":1.8878},
{"Node_id":8517,"weight":1.033},
{"Node_id":8518,"weight":2.1333},
{"Node_id":8519,"weight":0.6682},
{"Node_id":8520,"weight":0.2896},
{"Node_id":8525,"weight":0.7773},
{"Node_id":8526,"weight":1.8203},
{"Node_id":8527,"weight":3.5326},
{"Node_id":8528,"weight":1.3081},
{"Node_id":8532,"weight":0.4084},
{"Node_id":8533,"weight":0.1378},
{"Node_id":8534,"weight":1.2202},
{"Node_id":8535,"weight":2.4356},
{"Node_id":8539,"weight":1.2727},
{"Node_id":8540,"weight":0.9997},
{"Node_id":8541,"weight":0.8217},
{"Node_id":8542,"weight":1.139},
{"Node_id":8543,"weight":1.6837},
{"Node_id":8544,"weight":0.2152},
{"Node_id":8545,"weight":2.3039},
{"Node_id":8546,"weight":1.2791},
{"Node_id":8547,"weight":0.1197},
{"Node_id":8548,"weight":0.1987},
{"Node_id":8551,"weight":5.4927},
{"Node_id":8552,"weight":2.7586},
{"Node_id":8553,"weight":0.1463},
{"Node_id":8556,"weight":3.429},
{"Node_id":8557,"weight":1.1521},
{"Node_id":8558,"weight":2.3075},
{"Node_id":8559,"weight":2.6547},
{"Node_id":8560,"weight":3.0809},
{"Node_id":8561,"weight":1.4102},
{"Node_id":8564,"weight":0.7727},
{"Node_id":8569,"weight":2.7409},
{"Node_id":8570,"weight":2.4329},
{"Node_id":8571,"weight":3.6677},
{"Node_id":8572,"weight":1.7535},
{"Node_id":8573,"weight":0.9198},
{"Node_id":8574,"weight":0.6843},
{"Node_id":8575,"weight":1.3376},
{"Node_id":8578,"weight":0.4726},
{"Node_id":8579,"weight":1.2208},
{"Node_id":8580,"weight":1.901},
{"Node_id":8585,"weight":0.4604},
{"Node_id":8586,"weight":0.7713},
{"Node_id":8587,"weight":0.3789},
{"Node_id":8588,"weight":0.9494},
{"Node_id":8589,"weight":1.2236},
{"Node_id":8590,"weight":2.5836},
{"Node_id":8593,"weight":1.5561},
{"Node_id":8596,"weight":0.3417},
{"Node_id":8597,"weight":0.7662},
{"Node_id":8598,"weight":0.4938},
{"Node_id":8599,"weight":1.8236},
{"Node_id":8637,"weight":1.9615},
{"Node_id":8638,"weight":1.0906},
{"Node_id":8639,"weight":0.4583},
{"Node_id":8640,"weight":0.8731},
{"Node_id":8641,"weight":0.6745},
{"Node_id":8644,"weight":1.1703},
{"Node_id":8647,"weight":0.7487},
{"Node_id":8650,"weight":1.3004},
{"Node_id":8651,"weight":5.5957},
{"Node_id":8652,"weight":0.2039},
{"Node_id":8653,"weight":0.054},
{"Node_id":8654,"weight":0.4515},
{"Node_id":8655,"weight":1.7504},
{"Node_id":8656,"weight":1.6501},
{"Node_id":8657,"weight":1.268},
{"Node_id":8658,"weight":0.8487},
{"Node_id":8659,"weight":0.5147},
{"Node_id":8660,"weight":0.5555},
{"Node_id":8661,"weight":0.795},
{"Node_id":8662,"weight":0.9479},
{"Node_id":8665,"weight":2.6162},
{"Node_id":8666,"weight":2.4909},
{"Node_id":8667,"weight":1.5265},
{"Node_id":8668,"weight":0.3677},
{"Node_id":8669,"weight":0.725},
{"Node_id":8670,"weight":1.5008},
{"Node_id":8671,"weight":0.5177},
{"Node_id":8693,"weight":1.0299},
{"Node_id":8694,"weight":2.508},
{"Node_id":8697,"weight":1.014},
{"Node_id":8698,"weight":2.1418},
{"Node_id":8699,"weight":3.818},
{"Node_id":8700,"weight":3.2619},
{"Node_id":8701,"weight":0.8179},
{"Node_id":8702,"weight":0.7286},
{"Node_id":8710,"weight":0.4692},
{"Node_id":8711,"weight":1.8103},
{"Node_id":8712,"weight":3.7669},
{"Node_id":8713,"weight":2.7287},
{"Node_id":8718,"weight":2.1676},
{"Node_id":8719,"weight":0.4811},
{"Node_id":8720,"weight":1.5645},
{"Node_id":8721,"weight":2.1535},
{"Node_id":8722,"weight":1.5652},
{"Node_id":8724,"weight":0.0624},
{"Node_id":8960,"weight":1.6114},
{"Node_id":8961,"weight":2.0125},
{"Node_id":9033,"weight":0.5941},
{"Node_id":9034,"weight":3.1247},
{"Node_id":9035,"weight":4.1448},
{"Node_id":9036,"weight":1.7744},
{"Node_id":9037,"weight":1.1803},
{"Node_id":9038,"weight":1.7307},
{"Node_id":9041,"weight":0.4912},
{"Node_id":9042,"weight":1.9027},
{"Node_id":9043,"weight":1.0222},
{"Node_id":9044,"weight":0.5117},
{"Node_id":9045,"weight":1.7792},
{"Node_id":9046,"weight":1.8704},
{"Node_id":9047,"weight":0.131},
{"Node_id":9048,"weight":0.4591},
{"Node_id":9049,"weight":0.8789},
{"Node_id":9050,"weight":0.4604},
{"Node_id":9051,"weight":0.8886},
{"Node_id":9054,"weight":1.3261},
{"Node_id":9055,"weight":4.0396},
{"Node_id":9059,"weight":4.833},
{"Node_id":9060,"weight":0.7291},
{"Node_id":9065,"weight":1.6013},
{"Node_id":9072,"weight":3.4624},
{"Node_id":9073,"weight":3.4095},
{"Node_id":9080,"weight":7.418},
{"Node_id":9081,"weight":1.5389},
{"Node_id":9082,"weight":1.9089},
{"Node_id":9083,"weight":1.1792},
{"Node_id":9084,"weight":0.1342},
{"Node_id":9085,"weight":0.4084},
{"Node_id":9086,"weight":3.727},
{"Node_id":9087,"weight":0.322},
{"Node_id":9088,"weight":3.577},
{"Node_id":9093,"weight":2.2646},
{"Node_id":9094,"weight":0.6517},
{"Node_id":9095,"weight":0.1451},
{"Node_id":9096,"weight":2.9896},
{"Node_id":9097,"weight":2.0816},
{"Node_id":9098,"weight":0.3232},
{"Node_id":9101,"weight":0.3146},
{"Node_id":9102,"weight":0.6177},
{"Node_id":9103,"weight":0.911},
{"Node_id":9107,"weight":2.3309},
{"Node_id":9108,"weight":1.0658},
{"Node_id":9119,"weight":0.9435},
{"Node_id":9120,"weight":0.2615},
{"Node_id":9121,"weight":1.8939},
{"Node_id":9122,"weight":1.7159},
{"Node_id":9125,"weight":1.0616},
{"Node_id":9126,"weight":3.0458},
{"Node_id":9127,"weight":2.1632},
{"Node_id":9128,"weight":0.1595},
{"Node_id":9129,"weight":1.0711},
{"Node_id":9131,"weight":0.1511},
{"Node_id":9132,"weight":0.1648},
{"Node_id":9133,"weight":0.9901},
{"Node_id":9134,"weight":1.2282},
{"Node_id":9135,"weight":0.3586},
{"Node_id":9136,"weight":1.8029},
{"Node_id":9137,"weight":1.0284},
{"Node_id":9138,"weight":2.1578},
{"Node_id":9139,"weight":1.5942},
{"Node_id":9140,"weight":0.5989},
{"Node_id":9141,"weight":0.9169},
{"Node_id":9142,"weight":1.5136},
{"Node_id":9143,"weight":1.2049},
{"Node_id":9144,"weight":0.5741},
{"Node_id":9145,"weight":2.1041},
{"Node_id":9146,"weight":1.5423},
{"Node_id":9147,"weight":1.7276},
{"Node_id":9148,"weight":0.4176},
{"Node_id":9178,"weight":0.6646},
{"Node_id":9179,"weight":2.1719},
{"Node_id":9180,"weight":1.0038},
{"Node_id":9181,"weight":2.2943},
{"Node_id":9182,"weight":0.403},
{"Node_id":9185,"weight":0.9139},
{"Node_id":9190,"weight":6.2126},
{"Node_id":9199,"weight":3.055},
{"Node_id":9200,"weight":0.4038},
{"Node_id":9201,"weight":1.4172},
{"Node_id":9202,"weight":1.295},
{"Node_id":9203,"weight":0.2007},
{"Node_id":9204,"weight":2.7339},
{"Node_id":9205,"weight":0.8161},
{"Node_id":9206,"weight":0.3826},
{"Node_id":9207,"weight":0.6504},
{"Node_id":9208,"weight":0.854},
{"Node_id":9209,"weight":1.4236},
{"Node_id":9210,"weight":0.4629},
{"Node_id":9217,"weight":1.0423},
{"Node_id":9227,"weight":1.0774},
{"Node_id":9228,"weight":1.4908},
{"Node_id":9229,"weight":1.4631},
{"Node_id":9230,"weight":2.0775},
{"Node_id":9231,"weight":1.789},
{"Node_id":9232,"weight":1.1072},
{"Node_id":9233,"weight":2.3309},
{"Node_id":9234,"weight":0.9159},
{"Node_id":9235,"weight":0.8132},
{"Node_id":9236,"weight":1.1903},
{"Node_id":9237,"weight":1.6383},
{"Node_id":9238,"weight":0.8001},
{"Node_id":9241,"weight":1.8834},
{"Node_id":9242,"weight":1.2809},
{"Node_id":9243,"weight":2.0029},
{"Node_id":9244,"weight":1.9736},
{"Node_id":9248,"weight":0.9105},
{"Node_id":9249,"weight":1.8489},
{"Node_id":9250,"weight":3.1075},
{"Node_id":9251,"weight":0.9464},
{"Node_id":9252,"weight":0.0748},
{"Node_id":9253,"weight":0.2603},
{"Node_id":9254,"weight":1.2529},
{"Node_id":9256,"weight":0.3805},
{"Node_id":9257,"weight":4.5174},
{"Node_id":9258,"weight":0.0748},
{"Node_id":9259,"weight":1.2145},
{"Node_id":9260,"weight":3.0881},
{"Node_id":9261,"weight":0.3569},
{"Node_id":9262,"weight":0.4184},
{"Node_id":9265,"weight":1.4064},
{"Node_id":9266,"weight":3.2314},
{"Node_id":9267,"weight":0.4205},
{"Node_id":9268,"weight":1.172},
{"Node_id":9272,"weight":2.7857},
{"Node_id":9273,"weight":0.5473},
{"Node_id":9276,"weight":0.2088},
{"Node_id":9278,"weight":2.401},
{"Node_id":9280,"weight":0.6081},
{"Node_id":9281,"weight":2.1665},
{"Node_id":9285,"weight":0.7213},
{"Node_id":9286,"weight":2.2208},
{"Node_id":9287,"weight":5.6515},
{"Node_id":9288,"weight":5.2539},
{"Node_id":9290,"weight":1.631},
{"Node_id":9291,"weight":3.842},
{"Node_id":9292,"weight":4.8203},
{"Node_id":9293,"weight":0.6098},
{"Node_id":9311,"weight":0.9455},
{"Node_id":9312,"weight":0.038},
{"Node_id":9313,"weight":2.126},
{"Node_id":9314,"weight":1.4802},
{"Node_id":9315,"weight":0.4629},
{"Node_id":9318,"weight":1.5471},
{"Node_id":9324,"weight":2.2163},
{"Node_id":9325,"weight":0.9977},
{"Node_id":9365,"weight":0.6718},
{"Node_id":9366,"weight":1.2832},
{"Node_id":9367,"weight":0.2177},
{"Node_id":9368,"weight":1.2962},
{"Node_id":9369,"weight":3.4323},
{"Node_id":9370,"weight":0.7556},
{"Node_id":9371,"weight":0.3068},
{"Node_id":9372,"weight":0.5326},
{"Node_id":9373,"weight":0.1523},
{"Node_id":9374,"weight":2.7339},
{"Node_id":9375,"weight":2.5239},
{"Node_id":9376,"weight":0.7773},
{"Node_id":9377,"weight":0.5262},
{"Node_id":9378,"weight":1.7105},
{"Node_id":9380,"weight":1.3334},
{"Node_id":9381,"weight":1.2815},
{"Node_id":9382,"weight":2.5297},
{"Node_id":9383,"weight":3.3138},
{"Node_id":9384,"weight":0.064},
{"Node_id":9385,"weight":0.6548},
{"Node_id":9386,"weight":0.6857},
{"Node_id":9387,"weight":0.8043},
{"Node_id":9388,"weight":0.1302},
{"Node_id":9389,"weight":0.0492},
{"Node_id":9390,"weight":1.0289},
{"Node_id":9391,"weight":2.0515},
{"Node_id":9392,"weight":0.3011},
{"Node_id":9393,"weight":0.268},
{"Node_id":9394,"weight":0.4811},
{"Node_id":9400,"weight":1.6523},
{"Node_id":9401,"weight":0.5159},
{"Node_id":9402,"weight":0.3917},
{"Node_id":9403,"weight":1.6642},
{"Node_id":9404,"weight":4.1513},
{"Node_id":9405,"weight":0.4819},
{"Node_id":9406,"weight":1.0732},
{"Node_id":9409,"weight":0.8554},
{"Node_id":9410,"weight":0.5138},
{"Node_id":9411,"weight":1.4358},
{"Node_id":9412,"weight":0.5066},
{"Node_id":9413,"weight":0.6081},
{"Node_id":9414,"weight":0.8383},
{"Node_id":9415,"weight":0.29},
{"Node_id":9416,"weight":7.418},
{"Node_id":9422,"weight":0.5875},
{"Node_id":9425,"weight":1.1434},
{"Node_id":9426,"weight":2.8154},
{"Node_id":9427,"weight":0.7657},
{"Node_id":9428,"weight":2.1503},
{"Node_id":9429,"weight":1.2174},
{"Node_id":9430,"weight":0.8683},
{"Node_id":9431,"weight":0.1386},
{"Node_id":9432,"weight":1.9597},
{"Node_id":9433,"weight":3.2178},
{"Node_id":9434,"weight":1.1271},
{"Node_id":9435,"weight":0.4301},
{"Node_id":9436,"weight":1.3153},
{"Node_id":9441,"weight":2.3788},
{"Node_id":9442,"weight":0.3483},
{"Node_id":9443,"weight":1.0099},
{"Node_id":9453,"weight":4.6903},
{"Node_id":9454,"weight":0.3772},
{"Node_id":9457,"weight":1.1147},
{"Node_id":9458,"weight":0.2908},
{"Node_id":9459,"weight":2.8496},
{"Node_id":9460,"weight":2.2494},
{"Node_id":9553,"weight":2.508},
{"Node_id":9558,"weight":0.1841},
{"Node_id":9559,"weight":0.8449},
{"Node_id":9561,"weight":0.4507},
{"Node_id":9562,"weight":2.1461},
{"Node_id":9563,"weight":0.2363},
{"Node_id":9564,"weight":0.02},
{"Node_id":9565,"weight":1.8128},
{"Node_id":9566,"weight":0.4075},
{"Node_id":9567,"weight":0.3314},
{"Node_id":9570,"weight":3.0162},
{"Node_id":9688,"weight":1.7575},
{"Node_id":9689,"weight":1.7159},
{"Node_id":9690,"weight":0.2128},
{"Node_id":9691,"weight":3.3903},
{"Node_id":9692,"weight":1.1488},
{"Node_id":9693,"weight":1.8626},
{"Node_id":9694,"weight":2.1397},
{"Node_id":9695,"weight":1.607},
{"Node_id":9696,"weight":0.6177},
{"Node_id":9697,"weight":0.4255},
{"Node_id":9698,"weight":0.7446},
{"Node_id":9699,"weight":0.2692},
{"Node_id":9700,"weight":3.0207},
{"Node_id":9701,"weight":0.4532},
{"Node_id":9702,"weight":2.0806},
{"Node_id":9703,"weight":0.5758},
{"Node_id":9704,"weight":1.7591},
{"Node_id":9705,"weight":0.8359},
{"Node_id":9706,"weight":0.1523},
{"Node_id":9707,"weight":3.5884},
{"Node_id":9708,"weight":3.6885},
{"Node_id":9711,"weight":0.5061},
{"Node_id":9712,"weight":0.9609},
{"Node_id":9713,"weight":0.3905},
{"Node_id":9714,"weight":1.7051},
{"Node_id":9715,"weight":3.3407},
{"Node_id":9716,"weight":0.6562},
{"Node_id":9717,"weight":0.4595},
{"Node_id":9718,"weight":2.7803},
{"Node_id":9719,"weight":0.2221},
{"Node_id":9720,"weight":1.2651},
{"Node_id":9721,"weight":3.0072},
{"Node_id":9722,"weight":4.7474},
{"Node_id":9723,"weight":0.4351},
{"Node_id":9724,"weight":1.793},
{"Node_id":9725,"weight":1.6078},
{"Node_id":9726,"weight":1.5715},
{"Node_id":9731,"weight":1.0084},
{"Node_id":9732,"weight":3.3621},
{"Node_id":9873,"weight":6.6441},
{"Node_id":9874,"weight":1.5103},
{"Node_id":9875,"weight":1.9188},
{"Node_id":10190,"weight":0.034},
{"Node_id":10388,"weight":0.6464},
{"Node_id":10509,"weight":2.4671},
{"Node_id":10510,"weight":2.0105},
{"Node_id":10670,"weight":0.479},
{"Node_id":10671,"weight":0.8635},
{"Node_id":10672,"weight":2.0183},
{"Node_id":10673,"weight":1.5779},
{"Node_id":10674,"weight":3.5657},
{"Node_id":10675,"weight":3.8666},
{"Node_id":10676,"weight":3.5508},
{"Node_id":10677,"weight":3.1124},
{"Node_id":10678,"weight":0.3269},
{"Node_id":10679,"weight":8.1114},
{"Node_id":10680,"weight":2.6466},
{"Node_id":10681,"weight":0.457},
{"Node_id":10682,"weight":0.0124},
{"Node_id":10683,"weight":0.9301},
{"Node_id":10684,"weight":0.3677},
{"Node_id":10685,"weight":1.5835},
{"Node_id":10686,"weight":5.4448},
{"Node_id":10687,"weight":0.8161},
{"Node_id":10688,"weight":0.8071},
{"Node_id":10689,"weight":1.2506},
{"Node_id":10690,"weight":0.6522},
{"Node_id":10691,"weight":1.5089},
{"Node_id":10692,"weight":0.405},
{"Node_id":10693,"weight":0.74},
{"Node_id":10694,"weight":1.254},
{"Node_id":10695,"weight":0.359},
{"Node_id":10696,"weight":0.3656},
{"Node_id":10697,"weight":0.338},
{"Node_id":10698,"weight":1.2587},
{"Node_id":10699,"weight":1.602},
{"Node_id":10700,"weight":0.5006},
{"Node_id":10701,"weight":1.9134},
{"Node_id":10702,"weight":0.3992},
{"Node_id":10703,"weight":1.2213},
{"Node_id":10704,"weight":0.9694},
{"Node_id":10708,"weight":1.5548},
{"Node_id":10709,"weight":3.9824},
{"Node_id":10710,"weight":0.8123},
{"Node_id":10711,"weight":0.8655},
{"Node_id":10712,"weight":1.3401},
{"Node_id":10715,"weight":0.9066},
{"Node_id":10718,"weight":0.2136},
{"Node_id":10719,"weight":0.8993},
{"Node_id":10722,"weight":0.7699},
{"Node_id":10723,"weight":1.1999},
{"Node_id":10724,"weight":0.1704},
{"Node_id":10725,"weight":1.5645},
{"Node_id":10726,"weight":2.883},
{"Node_id":10727,"weight":1.9496},
{"Node_id":10728,"weight":4.0634},
{"Node_id":10734,"weight":2.97},
{"Node_id":10735,"weight":0.9774},
{"Node_id":10736,"weight":1.3437},
{"Node_id":10818,"weight":1.0012},
{"Node_id":10819,"weight":0.2031},
{"Node_id":10822,"weight":0.5249},
{"Node_id":10823,"weight":3.2314},
{"Node_id":10824,"weight":0.6664},
{"Node_id":10825,"weight":0.2802},
{"Node_id":10826,"weight":0.5728},
{"Node_id":10827,"weight":1.597},
{"Node_id":10830,"weight":0.4151},
{"Node_id":10831,"weight":3.6636},
{"Node_id":10835,"weight":1.6063},
{"Node_id":10838,"weight":1.0186},
{"Node_id":10839,"weight":0.7295},
{"Node_id":10842,"weight":4.2402},
{"Node_id":10843,"weight":0.1467},
{"Node_id":10844,"weight":0.3801},
{"Node_id":10845,"weight":2.456},
{"Node_id":10846,"weight":1.0959},
{"Node_id":10847,"weight":4.6155},
{"Node_id":10848,"weight":1.9214},
{"Node_id":10849,"weight":0.678},
{"Node_id":10850,"weight":0.658},
{"Node_id":10851,"weight":1.016},
{"Node_id":10852,"weight":0.8128},
{"Node_id":10853,"weight":0.1781},
{"Node_id":10854,"weight":1.4696},
{"Node_id":10855,"weight":1.8948},
{"Node_id":10856,"weight":0.6789},
{"Node_id":10857,"weight":0.5715},
{"Node_id":10858,"weight":2.5008},
{"Node_id":10859,"weight":1.0548},
{"Node_id":10862,"weight":1.8413},
{"Node_id":10863,"weight":0.3129},
{"Node_id":10864,"weight":1.4742},
{"Node_id":10865,"weight":1.6936},
{"Node_id":10866,"weight":1.8211},
{"Node_id":10867,"weight":1.6142},
{"Node_id":10868,"weight":2.0096},
{"Node_id":10869,"weight":0.6937},
{"Node_id":10870,"weight":3.6392},
{"Node_id":10871,"weight":1.5245},
{"Node_id":10872,"weight":1.5892},
{"Node_id":10873,"weight":1.2657},
{"Node_id":10874,"weight":0.0885},
{"Node_id":10875,"weight":1.4565},
{"Node_id":10876,"weight":0.3693},
{"Node_id":10878,"weight":0.7259},
{"Node_id":10879,"weight":4.2051},
{"Node_id":10880,"weight":1.4657},
{"Node_id":10881,"weight":3.2044},
{"Node_id":10882,"weight":0.7023},
{"Node_id":10883,"weight":2.4533},
{"Node_id":10884,"weight":0.038},
{"Node_id":10887,"weight":0.4938},
{"Node_id":10888,"weight":1.0981},
{"Node_id":10889,"weight":0.6588},
{"Node_id":10890,"weight":2.773},
{"Node_id":10969,"weight":2.5852},
{"Node_id":10986,"weight":0.6199},
{"Node_id":10987,"weight":0.3265},
{"Node_id":10988,"weight":3.0715},
{"Node_id":10989,"weight":2.31},
{"Node_id":10990,"weight":0.985},
{"Node_id":10991,"weight":0.6362},
{"Node_id":10992,"weight":2.1928},
{"Node_id":10993,"weight":1.1407},
{"Node_id":10994,"weight":0.2802},
{"Node_id":10995,"weight":0.982},
{"Node_id":10996,"weight":0.4968},
{"Node_id":11072,"weight":0.4968},
{"Node_id":11073,"weight":1.8712},
{"Node_id":11074,"weight":1.7615},
{"Node_id":11075,"weight":2.4049},
{"Node_id":11076,"weight":1.9606},
{"Node_id":11077,"weight":0.0488},
{"Node_id":11078,"weight":0.5641},
{"Node_id":11079,"weight":1.439},
{"Node_id":11080,"weight":2.1155},
{"Node_id":11081,"weight":0.4314},
{"Node_id":11082,"weight":0.8751},
{"Node_id":11083,"weight":0.825},
{"Node_id":11084,"weight":3.1651},
{"Node_id":11086,"weight":1.3963},
{"Node_id":11087,"weight":1.4982},
{"Node_id":11088,"weight":0.6682},
{"Node_id":11089,"weight":0.3302},
{"Node_id":11090,"weight":1.7655},
{"Node_id":11091,"weight":0.0564},
{"Node_id":11092,"weight":0.8293},
{"Node_id":11093,"weight":0.2096},
{"Node_id":11094,"weight":0.1081},
{"Node_id":11095,"weight":0.3269},
{"Node_id":11101,"weight":2.5239},
{"Node_id":11102,"weight":3.5845},
{"Node_id":11103,"weight":0.7501},
{"Node_id":11104,"weight":0.6651},
{"Node_id":11105,"weight":1.079},
{"Node_id":11106,"weight":2.321},
{"Node_id":11107,"weight":1.7167},
{"Node_id":11109,"weight":1.7776},
{"Node_id":11110,"weight":0.9987},
{"Node_id":11113,"weight":0.1523},
{"Node_id":11114,"weight":0.0208},
{"Node_id":11117,"weight":0.7172},
{"Node_id":11118,"weight":0.9356},
{"Node_id":11119,"weight":0.2546},
{"Node_id":11121,"weight":0.1061},
{"Node_id":11122,"weight":1.8012},
{"Node_id":11123,"weight":0.2424},
{"Node_id":11124,"weight":3.7357},
{"Node_id":11125,"weight":1.2921},
{"Node_id":11126,"weight":4.0694},
{"Node_id":11127,"weight":1.0094},
{"Node_id":11128,"weight":0.4671},
{"Node_id":11129,"weight":1.5984},
{"Node_id":11130,"weight":4.4451},
{"Node_id":11133,"weight":1.2709},
{"Node_id":11134,"weight":2.5867},
{"Node_id":11135,"weight":0.646},
{"Node_id":11136,"weight":0.3963},
{"Node_id":11137,"weight":1.5814},
{"Node_id":11138,"weight":2.1994},
{"Node_id":11139,"weight":0.04},
{"Node_id":11140,"weight":0.8944},
{"Node_id":11143,"weight":1.6679},
{"Node_id":11144,"weight":0.0965},
{"Node_id":11145,"weight":2.8633},
{"Node_id":11146,"weight":1.385},
{"Node_id":11147,"weight":0.3996},
{"Node_id":11148,"weight":1.5245},
{"Node_id":11149,"weight":0.6821},
{"Node_id":11150,"weight":0.7694},
{"Node_id":11151,"weight":1.167},
{"Node_id":11152,"weight":1.5451},
{"Node_id":11153,"weight":0.6946},
{"Node_id":11154,"weight":2.1939},
{"Node_id":11155,"weight":1.1909},
{"Node_id":11156,"weight":0.3047},
{"Node_id":11157,"weight":0.5862},
{"Node_id":11158,"weight":1.0507},
{"Node_id":11159,"weight":0.8978},
{"Node_id":11160,"weight":1.5464},
{"Node_id":11161,"weight":1.43},
{"Node_id":11163,"weight":1.5548},
{"Node_id":11164,"weight":1.2785},
{"Node_id":11167,"weight":0.4142},
{"Node_id":11168,"weight":0.174},
{"Node_id":11169,"weight":1.3075},
{"Node_id":11170,"weight":1.4941},
{"Node_id":11171,"weight":0.7639},
{"Node_id":11172,"weight":0.058},
{"Node_id":11173,"weight":2.8991},
{"Node_id":11174,"weight":0.2136},
{"Node_id":11197,"weight":3.2704},
{"Node_id":11198,"weight":1.6982},
{"Node_id":11199,"weight":0.9484},
{"Node_id":11200,"weight":1.1347},
{"Node_id":11202,"weight":1.047},
{"Node_id":11203,"weight":1.3714},
{"Node_id":11204,"weight":1.9783},
{"Node_id":11205,"weight":3.3746},
{"Node_id":11206,"weight":1.3219},
{"Node_id":11207,"weight":0.938},
{"Node_id":11208,"weight":1.5103},
{"Node_id":11209,"weight":0.3503},
{"Node_id":11210,"weight":1.2832},
{"Node_id":11211,"weight":3.5732},
{"Node_id":11212,"weight":0.3955},
{"Node_id":11213,"weight":1.9259},
{"Node_id":11214,"weight":0.3685},
{"Node_id":11215,"weight":1.0748},
{"Node_id":11216,"weight":1.6405},
{"Node_id":11217,"weight":0.3011},
{"Node_id":11218,"weight":2.9174},
{"Node_id":11219,"weight":0.3955},
{"Node_id":11220,"weight":3.3683},
{"Node_id":11221,"weight":2.1698},
{"Node_id":11222,"weight":0.9865},
{"Node_id":11223,"weight":2.9153},
{"Node_id":11224,"weight":1.151},
{"Node_id":11225,"weight":0.4713},
{"Node_id":11230,"weight":2.0979},
{"Node_id":11231,"weight":0.1258},
{"Node_id":11232,"weight":0.2201},
{"Node_id":11233,"weight":1.1942},
{"Node_id":11234,"weight":0.8034},
{"Node_id":11236,"weight":1.0637},
{"Node_id":11238,"weight":1.1709},
{"Node_id":11239,"weight":0.6816},
{"Node_id":11240,"weight":2.2943},
{"Node_id":11241,"weight":4.6363},
{"Node_id":11242,"weight":0.5053},
{"Node_id":11243,"weight":0.0388},
{"Node_id":11244,"weight":0.4276},
{"Node_id":11245,"weight":2.7235},
{"Node_id":11246,"weight":4.5653},
{"Node_id":11247,"weight":1.3547},
{"Node_id":11248,"weight":1.058},
{"Node_id":11251,"weight":1.3034},
{"Node_id":11252,"weight":2.7551},
{"Node_id":11253,"weight":1.1265},
{"Node_id":11254,"weight":3.1781},
{"Node_id":11255,"weight":2.9174},
{"Node_id":11256,"weight":0.8794},
{"Node_id":11257,"weight":0.4184},
{"Node_id":11258,"weight":0.98},
{"Node_id":11259,"weight":0.98},
{"Node_id":11260,"weight":0.5902},
{"Node_id":11263,"weight":1.0853},
{"Node_id":11264,"weight":1.4611},
{"Node_id":11266,"weight":2.3801},
{"Node_id":11269,"weight":0.8934},
{"Node_id":11270,"weight":1.2015},
{"Node_id":11271,"weight":0.0556},
{"Node_id":11272,"weight":1.0997},
{"Node_id":11275,"weight":1.45},
{"Node_id":11277,"weight":0.2481},
{"Node_id":11278,"weight":2.2265},
{"Node_id":11279,"weight":0.7708},
{"Node_id":11280,"weight":2.2333},
{"Node_id":11281,"weight":1.1494},
{"Node_id":11282,"weight":0.3277},
{"Node_id":11283,"weight":1.8704},
{"Node_id":11284,"weight":5.8061},
{"Node_id":11325,"weight":0.5884},
{"Node_id":11326,"weight":0.0528},
{"Node_id":11329,"weight":0.5481},
{"Node_id":11397,"weight":0.8076},
{"Node_id":11398,"weight":0.7391},
{"Node_id":11401,"weight":0.988},
{"Node_id":11402,"weight":1.1825},
{"Node_id":11403,"weight":0.8095},
{"Node_id":11406,"weight":0.8998},
{"Node_id":11407,"weight":0.942},
{"Node_id":11410,"weight":0.6292},
{"Node_id":11411,"weight":0.8891},
{"Node_id":11414,"weight":2.3271},
{"Node_id":11415,"weight":0.0228},
{"Node_id":11416,"weight":1.5191},
{"Node_id":11417,"weight":0.7268},
{"Node_id":11418,"weight":1.4153},
{"Node_id":11421,"weight":1.3794},
{"Node_id":11422,"weight":2.3075},
{"Node_id":11423,"weight":2.4923},
{"Node_id":11424,"weight":0.072},
{"Node_id":11425,"weight":1.5451},
{"Node_id":11426,"weight":1.4268},
{"Node_id":11427,"weight":1.4808},
{"Node_id":11428,"weight":4.2915},
{"Node_id":11429,"weight":1.2077},
{"Node_id":11430,"weight":0.909},
{"Node_id":11435,"weight":0.568},
{"Node_id":11441,"weight":1.9404},
{"Node_id":11442,"weight":2.895},
{"Node_id":11691,"weight":0.0244},
{"Node_id":11692,"weight":1.6121},
{"Node_id":11695,"weight":0.6151},
{"Node_id":11696,"weight":1.254},
{"Node_id":11697,"weight":3.1099},
{"Node_id":11698,"weight":1.2322},
{"Node_id":11699,"weight":2.8305},
{"Node_id":11700,"weight":1.119},
{"Node_id":11701,"weight":0.7154},
{"Node_id":11702,"weight":4.3694},
{"Node_id":11703,"weight":0.3273},
{"Node_id":11704,"weight":0.5241},
{"Node_id":11705,"weight":0.1849},
{"Node_id":11706,"weight":0.4515},
{"Node_id":11707,"weight":1.1864},
{"Node_id":11708,"weight":2.1302},
{"Node_id":11860,"weight":2.4601},
{"Node_id":11861,"weight":0.3693},
{"Node_id":11862,"weight":1.0418},
{"Node_id":11863,"weight":0.0124},
{"Node_id":11879,"weight":0.73},
{"Node_id":11880,"weight":1.9625},
{"Node_id":11881,"weight":2.3149},
{"Node_id":11882,"weight":0.612},
{"Node_id":11883,"weight":1.4384},
{"Node_id":11932,"weight":0.9002},
{"Node_id":11933,"weight":0.5823},
{"Node_id":11934,"weight":0.3302},
{"Node_id":11935,"weight":1.7283},
{"Node_id":11936,"weight":2.7357},
{"Node_id":11937,"weight":2.1365},
{"Node_id":11940,"weight":0.4255},
{"Node_id":11998,"weight":0.7186},
{"Node_id":11999,"weight":0.0704},
{"Node_id":12000,"weight":0.5361},
{"Node_id":12040,"weight":0.281},
{"Node_id":12041,"weight":5.4685},
{"Node_id":12042,"weight":1.3304},
{"Node_id":12043,"weight":0.7866},
{"Node_id":12044,"weight":0.5797},
{"Node_id":12045,"weight":1.5279},
{"Node_id":12046,"weight":1.4835},
{"Node_id":12047,"weight":2.6761},
{"Node_id":12048,"weight":0.4009},
{"Node_id":12051,"weight":2.1708},
{"Node_id":12052,"weight":0.638},
{"Node_id":12053,"weight":0.4751},
{"Node_id":12054,"weight":2.2028},
{"Node_id":12055,"weight":2.7839},
{"Node_id":12058,"weight":2.4423},
{"Node_id":12059,"weight":0.6195},
{"Node_id":12060,"weight":0.8833},
{"Node_id":12061,"weight":0.3714},
{"Node_id":12064,"weight":1.3334},
{"Node_id":12065,"weight":1.2803},
{"Node_id":12066,"weight":1.1505},
{"Node_id":12067,"weight":1.2587},
{"Node_id":12068,"weight":1.059},
{"Node_id":12069,"weight":1.4975},
{"Node_id":12070,"weight":0.6491},
{"Node_id":12071,"weight":1.1703},
{"Node_id":12072,"weight":5.3992},
{"Node_id":12076,"weight":1.9736},
{"Node_id":12077,"weight":2.6417},
{"Node_id":12078,"weight":0.5207},
{"Node_id":12079,"weight":1.9081},
{"Node_id":12080,"weight":2.0938},
{"Node_id":12081,"weight":0.6248},
{"Node_id":12082,"weight":0.8833},
{"Node_id":12083,"weight":1.6412},
{"Node_id":12084,"weight":1.2454},
{"Node_id":12085,"weight":2.7322},
{"Node_id":12086,"weight":0.8559},
{"Node_id":12089,"weight":2.375},
{"Node_id":12090,"weight":0.7114},
{"Node_id":12091,"weight":3.6513},
{"Node_id":12092,"weight":1.5722},
{"Node_id":12093,"weight":2.6612},
{"Node_id":12094,"weight":0.4503},
{"Node_id":12095,"weight":0.6522},
{"Node_id":12098,"weight":1.5306},
{"Node_id":12099,"weight":0.8545},
{"Node_id":12100,"weight":0.6256},
{"Node_id":12101,"weight":0.8949},
{"Node_id":12102,"weight":2.2106},
{"Node_id":12103,"weight":3.3438},
{"Node_id":12104,"weight":0.9061},
{"Node_id":12107,"weight":0.1121},
{"Node_id":12108,"weight":1.5729},
{"Node_id":12109,"weight":0.4946},
{"Node_id":12110,"weight":0.0536},
{"Node_id":12111,"weight":4.6363},
{"Node_id":12112,"weight":1.3455},
{"Node_id":12113,"weight":0.1914},
{"Node_id":12114,"weight":3.6273},
{"Node_id":12126,"weight":0.4785},
{"Node_id":12127,"weight":0.2814},
{"Node_id":12128,"weight":1.1527},
{"Node_id":12129,"weight":2.2764},
{"Node_id":12130,"weight":1.4236},
{"Node_id":12131,"weight":0.0256},
{"Node_id":12132,"weight":0.0024},
{"Node_id":12133,"weight":0.0941},
{"Node_id":12134,"weight":0.8274},
{"Node_id":12136,"weight":1.7013},
{"Node_id":12137,"weight":0.0752},
{"Node_id":12138,"weight":2.1103},
{"Node_id":12142,"weight":5.3992},
{"Node_id":12143,"weight":0.3302},
{"Node_id":12144,"weight":2.4643},
{"Node_id":12145,"weight":0.3722},
{"Node_id":12146,"weight":1.7955},
{"Node_id":12147,"weight":2.5913},
{"Node_id":12148,"weight":4.3694},
{"Node_id":12228,"weight":3.5362},
{"Node_id":12233,"weight":2.0289},
{"Node_id":12235,"weight":0.0264},
{"Node_id":12237,"weight":1.1898},
{"Node_id":12238,"weight":1.4982},
{"Node_id":12241,"weight":0.5164},
{"Node_id":12242,"weight":0.6081},
{"Node_id":12250,"weight":1.8816},
{"Node_id":12251,"weight":0.826},
{"Node_id":12252,"weight":0.7866},
{"Node_id":12253,"weight":1.2756},
{"Node_id":12254,"weight":0.056},
{"Node_id":12255,"weight":1.0248},
{"Node_id":12256,"weight":3.0343},
{"Node_id":12324,"weight":0.8071},
{"Node_id":12325,"weight":1.7623},
{"Node_id":12326,"weight":0.487},
{"Node_id":12357,"weight":1.4723},
{"Node_id":12358,"weight":0.8784},
{"Node_id":12359,"weight":0.2306},
{"Node_id":12362,"weight":1.6442},
{"Node_id":12363,"weight":0.588},
{"Node_id":12364,"weight":1.2015},
{"Node_id":12371,"weight":0.3648},
{"Node_id":12372,"weight":1.9259},
{"Node_id":12373,"weight":0.8269},
{"Node_id":12374,"weight":0.9071},
{"Node_id":12375,"weight":1.4468},
{"Node_id":12380,"weight":0.0276},
{"Node_id":12381,"weight":2.5654},
{"Node_id":12382,"weight":0.1153},
{"Node_id":12383,"weight":1.8532},
{"Node_id":12386,"weight":0.802},
{"Node_id":12387,"weight":3.3438},
{"Node_id":12388,"weight":3.2847},
{"Node_id":12389,"weight":2.9195},
{"Node_id":12390,"weight":0.3174},
{"Node_id":12393,"weight":0.2274},
{"Node_id":12394,"weight":1.5272},
{"Node_id":12397,"weight":0.3673},
{"Node_id":12398,"weight":0.98},
{"Node_id":12399,"weight":1.0418},
{"Node_id":12400,"weight":0.4105}]