[{"Node_id":9987,"weight":1.9214},
{"Node_id":9991,"weight":2.184},
{"Node_id":9992,"weight":3.483},
{"Node_id":9993,"weight":2.2799},
{"Node_id":9994,"weight":2.0505},
{"Node_id":9995,"weight":1.9802},
{"Node_id":9996,"weight":2.5051},
{"Node_id":10000,"weight":2.4994},
{"Node_id":10001,"weight":2.7218},
{"Node_id":10002,"weight":3.6636},
{"Node_id":10003,"weight":1.6493},
{"Node_id":10004,"weight":4.0396},
{"Node_id":10005,"weight":2.0367},
{"Node_id":10006,"weight":1.4319},
{"Node_id":10007,"weight":3.8918},
{"Node_id":10008,"weight":2.3699},
{"Node_id":10009,"weight":1.8825},
{"Node_id":10010,"weight":1.9924},
{"Node_id":10011,"weight":2.5459},
{"Node_id":10012,"weight":2.6645},
{"Node_id":10013,"weight":2.321},
{"Node_id":10014,"weight":1.6936},
{"Node_id":10015,"weight":4.1254},
{"Node_id":10018,"weight":2.1397},
{"Node_id":10019,"weight":2.4195},
{"Node_id":10020,"weight":1.4064},
{"Node_id":10021,"weight":1.8203},
{"Node_id":10022,"weight":4.1846},
{"Node_id":10029,"weight":2.7912},
{"Node_id":10034,"weight":2.9298},
{"Node_id":10035,"weight":3.7945},
{"Node_id":10039,"weight":1.5736},
{"Node_id":10040,"weight":1.9597},
{"Node_id":10041,"weight":1.9569},
{"Node_id":10042,"weight":1.4474},
{"Node_id":10043,"weight":1.9468},
{"Node_id":10044,"weight":2.0241},
{"Node_id":10065,"weight":1.4371},
{"Node_id":10066,"weight":2.4866},
{"Node_id":10067,"weight":1.7922},
{"Node_id":10068,"weight":1.5259},
{"Node_id":10069,"weight":3.2124},
{"Node_id":10070,"weight":2.5123},
{"Node_id":10071,"weight":1.832},
{"Node_id":10072,"weight":4.7357},
{"Node_id":10073,"weight":1.744},
{"Node_id":10074,"weight":1.748},
{"Node_id":10075,"weight":2.0192},
{"Node_id":10076,"weight":2.0241},
{"Node_id":10077,"weight":1.8643},
{"Node_id":10078,"weight":3.4127},
{"Node_id":10079,"weight":1.7036},
{"Node_id":10080,"weight":2.5852},
{"Node_id":10081,"weight":1.9001},
{"Node_id":10082,"weight":2.0846},
{"Node_id":10083,"weight":3.9713},
{"Node_id":10084,"weight":3.2963},
{"Node_id":10085,"weight":2.0212},
{"Node_id":10086,"weight":1.3976},
{"Node_id":10087,"weight":1.5513},
{"Node_id":10088,"weight":1.8203},
{"Node_id":10089,"weight":1.5492},
{"Node_id":10090,"weight":2.0456},
{"Node_id":10091,"weight":1.7036},
{"Node_id":10092,"weight":2.0595},
{"Node_id":10093,"weight":4.7954},
{"Node_id":10094,"weight":1.4217},
{"Node_id":10095,"weight":1.8421},
{"Node_id":10096,"weight":1.8421},
{"Node_id":10097,"weight":1.4624},
{"Node_id":10098,"weight":3.429},
{"Node_id":10099,"weight":2.764},
{"Node_id":10100,"weight":2.001},
{"Node_id":10101,"weight":1.6353},
{"Node_id":10102,"weight":1.4539},
{"Node_id":10103,"weight":4.219},
{"Node_id":10104,"weight":3.0667},
{"Node_id":10105,"weight":4.226},
{"Node_id":10106,"weight":1.5361},
{"Node_id":10118,"weight":2.7949},
{"Node_id":10119,"weight":1.5638},
{"Node_id":10122,"weight":1.7583},
{"Node_id":10123,"weight":2.4102},
{"Node_id":10128,"weight":7.6004},
{"Node_id":10129,"weight":1.6034},
{"Node_id":10130,"weight":1.9197},
{"Node_id":10131,"weight":1.5259},
{"Node_id":10132,"weight":1.8421},
{"Node_id":10133,"weight":1.9532},
{"Node_id":10134,"weight":2.1928},
{"Node_id":10135,"weight":1.6493},
{"Node_id":10136,"weight":1.9395},
{"Node_id":10137,"weight":2.3983},
{"Node_id":10138,"weight":2.2634},
{"Node_id":10139,"weight":2.2253},
{"Node_id":10140,"weight":3.9176},
{"Node_id":10141,"weight":2.4369},
{"Node_id":10142,"weight":2.3271},
{"Node_id":10143,"weight":3.1026},
{"Node_id":10144,"weight":1.5764},
{"Node_id":10145,"weight":1.7097},
{"Node_id":10146,"weight":2.7115},
{"Node_id":10151,"weight":1.4261},
{"Node_id":10152,"weight":4.2766},
{"Node_id":10153,"weight":6.0725},
{"Node_id":10154,"weight":3.2397},
{"Node_id":10155,"weight":2.3763},
{"Node_id":10156,"weight":5.2159},
{"Node_id":10157,"weight":2.6006},
{"Node_id":10158,"weight":2.7857},
{"Node_id":10159,"weight":3.3714},
{"Node_id":10160,"weight":1.5666},
{"Node_id":10161,"weight":2.6612},
{"Node_id":10162,"weight":1.886},
{"Node_id":10163,"weight":1.866},
{"Node_id":10164,"weight":1.5327},
{"Node_id":10165,"weight":2.1218},
{"Node_id":10166,"weight":1.5123},
{"Node_id":10167,"weight":3.596},
{"Node_id":10168,"weight":1.7013},
{"Node_id":10169,"weight":2.0348},
{"Node_id":10170,"weight":2.887},
{"Node_id":10171,"weight":2.2287},
{"Node_id":10292,"weight":1.7136},
{"Node_id":10293,"weight":1.6875},
{"Node_id":10294,"weight":3.3227},
{"Node_id":10295,"weight":3.2733},
{"Node_id":10347,"weight":1.7833},
{"Node_id":10392,"weight":1.9287},
{"Node_id":10618,"weight":2.8172},
{"Node_id":10808,"weight":2.5654},
{"Node_id":10809,"weight":1.4281},
{"Node_id":10810,"weight":2.0887},
{"Node_id":11043,"weight":2.806},
{"Node_id":11044,"weight":5.077},
{"Node_id":11045,"weight":1.4178},
{"Node_id":11046,"weight":4.1064},
{"Node_id":11047,"weight":2.0695},
{"Node_id":11048,"weight":1.6085},
{"Node_id":11049,"weight":2.2196},
{"Node_id":11050,"weight":1.6027},
{"Node_id":11051,"weight":2.0907},
{"Node_id":11052,"weight":2.9635},
{"Node_id":11053,"weight":3.9549},
{"Node_id":11054,"weight":1.4474},
{"Node_id":11055,"weight":1.7051},
{"Node_id":11056,"weight":2.3996},
{"Node_id":11057,"weight":1.7433},
{"Node_id":11058,"weight":2.1807},
{"Node_id":11059,"weight":2.3866},
{"Node_id":11060,"weight":1.3919},
{"Node_id":11061,"weight":2.0928},
{"Node_id":11064,"weight":4.5751},
{"Node_id":11065,"weight":1.8481},
{"Node_id":11066,"weight":2.0938},
{"Node_id":11067,"weight":1.9615},
{"Node_id":11068,"weight":2.0299},
{"Node_id":11069,"weight":2.3433},
{"Node_id":11070,"weight":1.7159},
{"Node_id":11071,"weight":2.5504},
{"Node_id":11072,"weight":2.9765},
{"Node_id":11073,"weight":2.5519},
{"Node_id":11074,"weight":1.8523},
{"Node_id":11075,"weight":2.3648},
{"Node_id":11078,"weight":1.4868},
{"Node_id":11079,"weight":1.4481},
{"Node_id":11080,"weight":1.4384},
{"Node_id":11081,"weight":5.2933},
{"Node_id":11082,"weight":1.4313},
{"Node_id":11083,"weight":3.3287},
{"Node_id":11084,"weight":1.9305},
{"Node_id":11085,"weight":4.8078},
{"Node_id":11086,"weight":2.5195},
{"Node_id":11087,"weight":1.3882},
{"Node_id":11088,"weight":3.2151},
{"Node_id":11089,"weight":2.3271},
{"Node_id":11090,"weight":1.6208},
{"Node_id":11091,"weight":4.6469},
{"Node_id":11092,"weight":2.2943},
{"Node_id":11093,"weight":3.4523},
{"Node_id":11094,"weight":1.4617},
{"Node_id":11095,"weight":1.4313},
{"Node_id":11096,"weight":3.0978},
{"Node_id":11097,"weight":1.6142},
{"Node_id":11098,"weight":1.3869},
{"Node_id":11099,"weight":3.0006},
{"Node_id":11100,"weight":2.8691},
{"Node_id":11101,"weight":1.7276},
{"Node_id":11102,"weight":1.3982},
{"Node_id":11103,"weight":1.8869},
{"Node_id":11104,"weight":2.0918},
{"Node_id":11109,"weight":2.7604},
{"Node_id":11110,"weight":1.7647},
{"Node_id":11111,"weight":3.4225},
{"Node_id":11112,"weight":3.1651},
{"Node_id":11113,"weight":2.6482},
{"Node_id":11114,"weight":1.6434},
{"Node_id":11115,"weight":2.6662},
{"Node_id":11116,"weight":1.5204},
{"Node_id":11117,"weight":1.8704},
{"Node_id":11118,"weight":1.4455},
{"Node_id":11119,"weight":1.452},
{"Node_id":11120,"weight":3.6677},
{"Node_id":11121,"weight":2.9722},
{"Node_id":11122,"weight":1.6405},
{"Node_id":11125,"weight":3.511},
{"Node_id":11126,"weight":1.6627},
{"Node_id":11127,"weight":3.1173},
{"Node_id":11128,"weight":2.2752},
{"Node_id":11129,"weight":1.6049},
{"Node_id":11130,"weight":1.6612},
{"Node_id":11131,"weight":2.9786},
{"Node_id":11132,"weight":1.9496},
{"Node_id":11133,"weight":1.7151},
{"Node_id":11136,"weight":1.8037},
{"Node_id":11137,"weight":1.7448},
{"Node_id":11138,"weight":1.9197},
{"Node_id":11139,"weight":2.6369},
{"Node_id":11175,"weight":1.4494},
{"Node_id":11176,"weight":4.4024},
{"Node_id":11177,"weight":2.1397},
{"Node_id":11178,"weight":1.4822},
{"Node_id":11179,"weight":3.7852},
{"Node_id":11180,"weight":1.9487},
{"Node_id":11181,"weight":2.1218},
{"Node_id":11182,"weight":2.2242},
{"Node_id":11183,"weight":1.9972},
{"Node_id":11184,"weight":5.9496},
{"Node_id":11187,"weight":2.9298},
{"Node_id":11190,"weight":4.1711},
{"Node_id":11191,"weight":2.4142},
{"Node_id":11192,"weight":2.4838},
{"Node_id":11193,"weight":2.4629},
{"Node_id":11194,"weight":3.2676},
{"Node_id":11195,"weight":4.6259},
{"Node_id":11196,"weight":4.5555},
{"Node_id":11197,"weight":1.7865},
{"Node_id":11198,"weight":1.4862},
{"Node_id":11199,"weight":1.8921},
{"Node_id":11200,"weight":1.5055},
{"Node_id":11201,"weight":1.4261},
{"Node_id":11202,"weight":1.7551},
{"Node_id":11203,"weight":1.8652},
{"Node_id":11204,"weight":5.2539},
{"Node_id":11205,"weight":1.4815},
{"Node_id":11206,"weight":1.4287},
{"Node_id":11207,"weight":1.5451},
{"Node_id":11208,"weight":1.6229},
{"Node_id":11209,"weight":4.2051},
{"Node_id":11210,"weight":2.579},
{"Node_id":11211,"weight":1.5885},
{"Node_id":11212,"weight":2.883},
{"Node_id":11215,"weight":3.4591},
{"Node_id":11216,"weight":2.5654},
{"Node_id":11219,"weight":7.8236},
{"Node_id":11229,"weight":1.5225},
{"Node_id":11230,"weight":2.2494},
{"Node_id":11231,"weight":2.5669},
{"Node_id":11232,"weight":3.2452},
{"Node_id":11233,"weight":2.8439},
{"Node_id":11234,"weight":2.3371},
{"Node_id":11235,"weight":1.3913},
{"Node_id":11236,"weight":4.3066},
{"Node_id":11237,"weight":2.7712},
{"Node_id":11238,"weight":5.077},
{"Node_id":11239,"weight":1.9386},
{"Node_id":11243,"weight":2.2425},
{"Node_id":11244,"weight":2.0144},
{"Node_id":11245,"weight":1.4955},
{"Node_id":11246,"weight":1.4364},
{"Node_id":11247,"weight":1.7639},
{"Node_id":11248,"weight":4.872},
{"Node_id":11252,"weight":2.2967},
{"Node_id":11253,"weight":1.4855},
{"Node_id":11254,"weight":3.0297},
{"Node_id":11255,"weight":1.421},
{"Node_id":11256,"weight":1.9487},
{"Node_id":11257,"weight":2.6434},
{"Node_id":11258,"weight":1.6777},
{"Node_id":11259,"weight":1.5008},
{"Node_id":11260,"weight":2.9765},
{"Node_id":11261,"weight":1.7082},
{"Node_id":11262,"weight":2.4168},
{"Node_id":11495,"weight":5.4217},
{"Node_id":11496,"weight":5.5429},
{"Node_id":11497,"weight":2.5534},
{"Node_id":11498,"weight":1.4223},
{"Node_id":11499,"weight":2.2728},
{"Node_id":11500,"weight":3.3377},
{"Node_id":11559,"weight":5.045},
{"Node_id":11560,"weight":3.8766},
{"Node_id":11561,"weight":1.719},
{"Node_id":11562,"weight":1.7354},
{"Node_id":11563,"weight":2.4768},
{"Node_id":11564,"weight":1.7198},
{"Node_id":11567,"weight":3.6076},
{"Node_id":11568,"weight":3.4523},
{"Node_id":11569,"weight":3.6273},
{"Node_id":11570,"weight":3.7401},
{"Node_id":11571,"weight":2.0338},
{"Node_id":11572,"weight":1.6906},
{"Node_id":11573,"weight":3.6718},
{"Node_id":11574,"weight":2.1418},
{"Node_id":11575,"weight":1.6419},
{"Node_id":11576,"weight":1.8549},
{"Node_id":11577,"weight":2.0212},
{"Node_id":11578,"weight":3.3808},
{"Node_id":11579,"weight":3.8469},
{"Node_id":11580,"weight":3.305},
{"Node_id":11581,"weight":1.4742},
{"Node_id":11584,"weight":1.5464},
{"Node_id":11585,"weight":2.0575},
{"Node_id":11586,"weight":1.7922},
{"Node_id":11589,"weight":4.1579},
{"Node_id":11590,"weight":1.615},
{"Node_id":11591,"weight":5.4927},
{"Node_id":11594,"weight":3.7446},
{"Node_id":11597,"weight":3.5075},
{"Node_id":11598,"weight":1.7472},
{"Node_id":11599,"weight":1.4001},
{"Node_id":11600,"weight":3.6885},
{"Node_id":11601,"weight":2.5519},
{"Node_id":11602,"weight":1.8145},
{"Node_id":11603,"weight":3.8372},
{"Node_id":11604,"weight":2.0615},
{"Node_id":11605,"weight":2.0785},
{"Node_id":11606,"weight":2.1654},
{"Node_id":11607,"weight":1.6114},
{"Node_id":11608,"weight":1.812},
{"Node_id":11609,"weight":1.9143},
{"Node_id":11610,"weight":1.7567},
{"Node_id":11611,"weight":2.1862},
{"Node_id":11612,"weight":2.1906},
{"Node_id":11613,"weight":2.7357},
{"Node_id":11614,"weight":2.9465},
{"Node_id":11615,"weight":2.1249},
{"Node_id":11616,"weight":3.6432},
{"Node_id":11617,"weight":5.1441},
{"Node_id":11618,"weight":5.2734},
{"Node_id":11619,"weight":3.0978},
{"Node_id":11620,"weight":3.8132},
{"Node_id":11621,"weight":5.045},
{"Node_id":11622,"weight":2.401},
{"Node_id":11623,"weight":2.101},
{"Node_id":11624,"weight":1.515},
{"Node_id":11627,"weight":3.0644},
{"Node_id":11628,"weight":3.0366},
{"Node_id":11629,"weight":2.3039},
{"Node_id":11630,"weight":1.7849},
{"Node_id":11631,"weight":3.0184},
{"Node_id":11632,"weight":1.886},
{"Node_id":11633,"weight":2.0038},
{"Node_id":11634,"weight":2.025},
{"Node_id":11644,"weight":1.9206},
{"Node_id":11645,"weight":2.4329},
{"Node_id":11646,"weight":3.9658},
{"Node_id":11647,"weight":2.5579},
{"Node_id":11648,"weight":2.0192},
{"Node_id":11651,"weight":2.8135},
{"Node_id":11652,"weight":2.8381},
{"Node_id":11653,"weight":2.889},
{"Node_id":11654,"weight":2.0338},
{"Node_id":11655,"weight":3.0667},
{"Node_id":11656,"weight":1.9323},
{"Node_id":11657,"weight":1.7237},
{"Node_id":11658,"weight":1.7599},
{"Node_id":11659,"weight":2.3015},
{"Node_id":11660,"weight":1.4881},
{"Node_id":11661,"weight":1.3988},
{"Node_id":11662,"weight":2.9786},
{"Node_id":11663,"weight":3.3652},
{"Node_id":11664,"weight":2.6337},
{"Node_id":11665,"weight":1.5485},
{"Node_id":11666,"weight":2.5297},
{"Node_id":11667,"weight":1.5327},
{"Node_id":11668,"weight":1.7663},
{"Node_id":11669,"weight":1.9423},
{"Node_id":11670,"weight":1.4422},
{"Node_id":11671,"weight":1.5885},
{"Node_id":11672,"weight":1.5729},
{"Node_id":11673,"weight":1.5306},
{"Node_id":11674,"weight":2.7409},
{"Node_id":11703,"weight":1.6657},
{"Node_id":11704,"weight":1.4052},
{"Node_id":11705,"weight":1.6324},
{"Node_id":11706,"weight":2.8711},
{"Node_id":11707,"weight":5.0933},
{"Node_id":11708,"weight":1.5659},
{"Node_id":11709,"weight":1.4782},
{"Node_id":11710,"weight":2.6761},
{"Node_id":11711,"weight":2.4796},
{"Node_id":11712,"weight":2.6337},
{"Node_id":11713,"weight":5.4927},
{"Node_id":11716,"weight":2.0928},
{"Node_id":11725,"weight":1.4862},
{"Node_id":11726,"weight":1.4435},
{"Node_id":11727,"weight":4.8458},
{"Node_id":11728,"weight":2.1622},
{"Node_id":11729,"weight":1.8253},
{"Node_id":11730,"weight":2.1928},
{"Node_id":11731,"weight":1.587},
{"Node_id":11732,"weight":1.656},
{"Node_id":11733,"weight":2.4684},
{"Node_id":11734,"weight":3.511},
{"Node_id":11735,"weight":1.5368},
{"Node_id":11736,"weight":1.6027},
{"Node_id":11737,"weight":1.733},
{"Node_id":11738,"weight":1.8609},
{"Node_id":11741,"weight":3.6312},
{"Node_id":11742,"weight":2.3699},
{"Node_id":11743,"weight":2.6928},
{"Node_id":11744,"weight":3.3903},
{"Node_id":11745,"weight":2.2943},
{"Node_id":11748,"weight":1.9597},
{"Node_id":11749,"weight":2.1376},
{"Node_id":11750,"weight":2.6147},
{"Node_id":11751,"weight":2.0485},
{"Node_id":11752,"weight":1.8438},
{"Node_id":11753,"weight":2.97},
{"Node_id":11754,"weight":4.1513},
{"Node_id":11755,"weight":2.9031},
{"Node_id":11756,"weight":1.5197},
{"Node_id":11757,"weight":3.4356},
{"Node_id":11758,"weight":4.4538},
{"Node_id":11759,"weight":3.2507},
{"Node_id":11760,"weight":1.4775},
{"Node_id":11761,"weight":3.6595},
{"Node_id":11762,"weight":1.4769},
{"Node_id":11763,"weight":4.7832},
{"Node_id":11764,"weight":1.8354},
{"Node_id":11765,"weight":2.7857},
{"Node_id":11766,"weight":3.3468},
{"Node_id":11767,"weight":4.284},
{"Node_id":11768,"weight":1.8643},
{"Node_id":11769,"weight":2.1354},
{"Node_id":11770,"weight":1.8153},
{"Node_id":11773,"weight":2.5882},
{"Node_id":11774,"weight":2.1774},
{"Node_id":11775,"weight":4.0049},
{"Node_id":11776,"weight":2.9444},
{"Node_id":11777,"weight":2.6466},
{"Node_id":11778,"weight":2.1796},
{"Node_id":11779,"weight":3.3079},
{"Node_id":11780,"weight":3.562},
{"Node_id":11781,"weight":1.6164},
{"Node_id":11782,"weight":1.9915},
{"Node_id":11783,"weight":2.4994},
{"Node_id":11784,"weight":2.6022},
{"Node_id":11785,"weight":1.5603},
{"Node_id":11786,"weight":2.2716},
{"Node_id":11787,"weight":3.3287},
{"Node_id":11788,"weight":1.7543},
{"Node_id":11789,"weight":3.3468},
{"Node_id":11790,"weight":1.9098},
{"Node_id":11791,"weight":1.8078},
{"Node_id":11792,"weight":2.4519},
{"Node_id":11793,"weight":3.3138},
{"Node_id":11794,"weight":2.6434},
{"Node_id":11795,"weight":2.9939},
{"Node_id":11796,"weight":1.8379},
{"Node_id":11797,"weight":1.7711},
{"Node_id":11798,"weight":3.0072},
{"Node_id":11799,"weight":1.5485},
{"Node_id":11800,"weight":1.4585},
{"Node_id":11801,"weight":3.1222},
{"Node_id":11802,"weight":2.1752},
{"Node_id":11803,"weight":2.6321},
{"Node_id":11804,"weight":2.7183},
{"Node_id":11805,"weight":3.5694},
{"Node_id":11806,"weight":3.1026},
{"Node_id":11807,"weight":2.4315},
{"Node_id":11808,"weight":1.4868},
{"Node_id":11809,"weight":1.6785},
{"Node_id":11810,"weight":2.2576},
{"Node_id":11811,"weight":3.1625},
{"Node_id":11812,"weight":1.827},
{"Node_id":11813,"weight":2.3814},
{"Node_id":11814,"weight":2.6761},
{"Node_id":11815,"weight":1.7988},
{"Node_id":11816,"weight":5.9118},
{"Node_id":11817,"weight":2.4342},
{"Node_id":11818,"weight":1.4461},
{"Node_id":11819,"weight":3.4356},
{"Node_id":11835,"weight":1.4982},
{"Node_id":11836,"weight":2.3827},
{"Node_id":11837,"weight":2.1514},
{"Node_id":11838,"weight":1.421},
{"Node_id":11839,"weight":4.2546},
{"Node_id":11840,"weight":2.889},
{"Node_id":11841,"weight":2.6162},
{"Node_id":11844,"weight":4.508},
{"Node_id":11847,"weight":2.6401},
{"Node_id":11850,"weight":2.1197},
{"Node_id":11851,"weight":1.9161},
{"Node_id":11887,"weight":2.4643},
{"Node_id":11888,"weight":2.1145},
{"Node_id":11889,"weight":1.7105},
{"Node_id":11890,"weight":2.1239},
{"Node_id":11891,"weight":1.8834},
{"Node_id":11892,"weight":2.7115},
{"Node_id":11893,"weight":2.3597},
{"Node_id":11894,"weight":1.6383},
{"Node_id":11895,"weight":1.4624},
{"Node_id":11896,"weight":3.6392},
{"Node_id":11897,"weight":1.7338},
{"Node_id":11898,"weight":4.3776},
{"Node_id":11899,"weight":1.7089},
{"Node_id":11900,"weight":1.4789},
{"Node_id":11901,"weight":3.2591},
{"Node_id":11902,"weight":3.3871},
{"Node_id":11903,"weight":2.9277},
{"Node_id":11904,"weight":4.5653},
{"Node_id":11905,"weight":3.2178},
{"Node_id":11906,"weight":2.321},
{"Node_id":11907,"weight":2.2073},
{"Node_id":11908,"weight":1.5779},
{"Node_id":11909,"weight":3.8085},
{"Node_id":11910,"weight":1.6186},
{"Node_id":11911,"weight":6.8113},
{"Node_id":11912,"weight":1.6179},
{"Node_id":11913,"weight":1.7377},
{"Node_id":11914,"weight":2.4588},
{"Node_id":11915,"weight":1.6478},
{"Node_id":11916,"weight":1.5231},
{"Node_id":11917,"weight":2.342},
{"Node_id":11918,"weight":1.4644},
{"Node_id":11919,"weight":2.0595},
{"Node_id":11920,"weight":2.2681},
{"Node_id":11927,"weight":3.3871},
{"Node_id":11928,"weight":1.5807},
{"Node_id":11929,"weight":2.7586},
{"Node_id":11930,"weight":2.885},
{"Node_id":11931,"weight":4.5653},
{"Node_id":11932,"weight":3.3683},
{"Node_id":11933,"weight":2.7374},
{"Node_id":11936,"weight":2.0485},
{"Node_id":11937,"weight":1.8261},
{"Node_id":11938,"weight":2.9593},
{"Node_id":11939,"weight":2.0565},
{"Node_id":11940,"weight":2.5123},
{"Node_id":11941,"weight":1.4121},
{"Node_id":11942,"weight":2.2061},
{"Node_id":11943,"weight":1.7136},
{"Node_id":11944,"weight":2.2799},
{"Node_id":11945,"weight":1.7182},
{"Node_id":11948,"weight":2.0605},
{"Node_id":11949,"weight":3.6233},
{"Node_id":11952,"weight":2.6242},
{"Node_id":11953,"weight":1.5771},
{"Node_id":11954,"weight":1.5402},
{"Node_id":11955,"weight":3.2591},
{"Node_id":11956,"weight":1.6754},
{"Node_id":11957,"weight":1.5238},
{"Node_id":11958,"weight":2.0096},
{"Node_id":11959,"weight":2.8381},
{"Node_id":11960,"weight":2.1155},
{"Node_id":11961,"weight":1.5687},
{"Node_id":11962,"weight":1.4014},
{"Node_id":11963,"weight":1.7417},
{"Node_id":11964,"weight":2.3699},
{"Node_id":11967,"weight":1.6078},
{"Node_id":11968,"weight":1.7857},
{"Node_id":11969,"weight":3.562},
{"Node_id":11970,"weight":2.8633},
{"Node_id":11974,"weight":1.9259},
{"Node_id":11975,"weight":2.6662},
{"Node_id":11976,"weight":3.5326},
{"Node_id":11977,"weight":4.0163},
{"Node_id":11978,"weight":3.226},
{"Node_id":11979,"weight":1.7051},
{"Node_id":11980,"weight":2.9113},
{"Node_id":11981,"weight":1.8913},
{"Node_id":11984,"weight":1.6085},
{"Node_id":11985,"weight":1.5999},
{"Node_id":11986,"weight":3.0738},
{"Node_id":11987,"weight":1.5878},
{"Node_id":12079,"weight":3.0117},
{"Node_id":12080,"weight":2.2907},
{"Node_id":12084,"weight":2.0038},
{"Node_id":12085,"weight":3.5398},
{"Node_id":12086,"weight":1.8379},
{"Node_id":12087,"weight":1.3907},
{"Node_id":12088,"weight":3.0786},
{"Node_id":12089,"weight":4.0049},
{"Node_id":12090,"weight":3.4969},
{"Node_id":12091,"weight":1.7841},
{"Node_id":12092,"weight":2.4966},
{"Node_id":12093,"weight":4.9126},
{"Node_id":12094,"weight":3.562},
{"Node_id":12095,"weight":4.9548},
{"Node_id":12096,"weight":4.7592},
{"Node_id":12097,"weight":2.1873},
{"Node_id":12107,"weight":3.0184},
{"Node_id":12108,"weight":1.4572},
{"Node_id":12212,"weight":2.4994},
{"Node_id":12213,"weight":5.4448},
{"Node_id":12214,"weight":1.7988},
{"Node_id":12215,"weight":1.6412},
{"Node_id":12216,"weight":1.4802},
{"Node_id":12217,"weight":1.4683},
{"Node_id":12218,"weight":4.0634},
{"Node_id":12219,"weight":2.895},
{"Node_id":12220,"weight":3.3347},
{"Node_id":12221,"weight":1.6508},
{"Node_id":12222,"weight":3.3777},
{"Node_id":12223,"weight":2.9072},
{"Node_id":12224,"weight":1.4178},
{"Node_id":12225,"weight":2.4881},
{"Node_id":12226,"weight":2.3788},
{"Node_id":12227,"weight":2.9614},
{"Node_id":12228,"weight":1.6664},
{"Node_id":12229,"weight":1.7963},
{"Node_id":12230,"weight":1.9143},
{"Node_id":12231,"weight":1.6523},
{"Node_id":12232,"weight":1.6538},
{"Node_id":12233,"weight":1.9036},
{"Node_id":12234,"weight":1.7776},
{"Node_id":12235,"weight":3.3999},
{"Node_id":12236,"weight":2.3584},
{"Node_id":12237,"weight":2.1785},
{"Node_id":12238,"weight":2.5224},
{"Node_id":12239,"weight":2.4601},
{"Node_id":12240,"weight":1.7074},
{"Node_id":12241,"weight":1.8834},
{"Node_id":12242,"weight":1.8921},
{"Node_id":12243,"weight":1.39},
{"Node_id":12244,"weight":2.2106},
{"Node_id":12245,"weight":1.9241},
{"Node_id":12246,"weight":1.6627},
{"Node_id":12247,"weight":3.0667},
{"Node_id":12248,"weight":2.0605},
{"Node_id":12249,"weight":2.2895},
{"Node_id":12250,"weight":1.43},
{"Node_id":12251,"weight":2.4698},
{"Node_id":12252,"weight":2.7694},
{"Node_id":12255,"weight":2.8305},
{"Node_id":12256,"weight":1.7825},
{"Node_id":12309,"weight":1.702},
{"Node_id":12376,"weight":2.9133},
{"Node_id":12392,"weight":1.4546},
{"Node_id":12393,"weight":1.6186},
{"Node_id":12394,"weight":2.4754},
{"Node_id":12395,"weight":1.8756},
{"Node_id":12421,"weight":1.4217},
{"Node_id":12458,"weight":1.5701},
{"Node_id":12576,"weight":1.9532},
{"Node_id":12702,"weight":3.2071},
{"Node_id":12703,"weight":1.7988},
{"Node_id":12798,"weight":3.3529},
{"Node_id":12841,"weight":2.658},
{"Node_id":12856,"weight":2.5371},
{"Node_id":12857,"weight":5.9496},
{"Node_id":12884,"weight":1.5589},
{"Node_id":12885,"weight":2.7098},
{"Node_id":13001,"weight":1.7543},
{"Node_id":13002,"weight":1.9746},
{"Node_id":13075,"weight":1.4729},
{"Node_id":13097,"weight":2.4754},
{"Node_id":13098,"weight":2.4302},
{"Node_id":13138,"weight":1.7898},
{"Node_id":13139,"weight":1.7043},
{"Node_id":13140,"weight":1.6612},
{"Node_id":13141,"weight":1.8669},
{"Node_id":13142,"weight":1.6762},
{"Node_id":13143,"weight":2.2208},
{"Node_id":13144,"weight":3.0297},
{"Node_id":13145,"weight":2.4262},
{"Node_id":13146,"weight":2.4155},
{"Node_id":13147,"weight":3.2017},
{"Node_id":13148,"weight":2.4866},
{"Node_id":13149,"weight":2.9939},
{"Node_id":13150,"weight":4.4538},
{"Node_id":13151,"weight":2.1796},
{"Node_id":13152,"weight":1.8523},
{"Node_id":13153,"weight":2.0038},
{"Node_id":13154,"weight":1.9934},
{"Node_id":13155,"weight":1.5652},
{"Node_id":13156,"weight":1.6792},
{"Node_id":13157,"weight":1.561},
{"Node_id":13158,"weight":1.5892},
{"Node_id":13159,"weight":1.6006},
{"Node_id":13160,"weight":1.7377},
{"Node_id":13161,"weight":2.3321},
{"Node_id":13162,"weight":2.0202},
{"Node_id":13163,"weight":4.284},
{"Node_id":13164,"weight":3.4969},
{"Node_id":13165,"weight":1.5736},
{"Node_id":13166,"weight":1.7857},
{"Node_id":13167,"weight":2.3271},
{"Node_id":13168,"weight":1.873},
{"Node_id":13169,"weight":2.0685},
{"Node_id":13170,"weight":1.8506},
{"Node_id":13171,"weight":2.5609},
{"Node_id":13172,"weight":1.6034},
{"Node_id":13173,"weight":2.0358},
{"Node_id":13174,"weight":3.3808},
{"Node_id":13175,"weight":2.2599},
{"Node_id":13176,"weight":3.6801},
{"Node_id":13177,"weight":5.1441},
{"Node_id":13178,"weight":4.0396},
{"Node_id":13179,"weight":2.1611},
{"Node_id":13180,"weight":4.7832},
{"Node_id":13181,"weight":3.4258},
{"Node_id":13182,"weight":2.6662},
{"Node_id":13183,"weight":2.4208},
{"Node_id":13184,"weight":1.5687},
{"Node_id":13185,"weight":2.8191},
{"Node_id":13186,"weight":1.4935},
{"Node_id":13187,"weight":1.7362},
{"Node_id":13190,"weight":6.1637},
{"Node_id":13191,"weight":1.9359},
{"Node_id":13192,"weight":3.3287},
{"Node_id":13193,"weight":3.0458},
{"Node_id":13194,"weight":2.1165},
{"Node_id":13195,"weight":1.5022},
{"Node_id":13196,"weight":2.5066},
{"Node_id":13199,"weight":1.4281},
{"Node_id":13200,"weight":2.4089},
{"Node_id":13201,"weight":1.7615},
{"Node_id":13202,"weight":1.4995},
{"Node_id":13203,"weight":1.9597},
{"Node_id":13204,"weight":2.955},
{"Node_id":13207,"weight":2.4235},
{"Node_id":13208,"weight":1.6634},
{"Node_id":13254,"weight":1.6883},
{"Node_id":13277,"weight":3.2676},
{"Node_id":13279,"weight":2.1062},
{"Node_id":13280,"weight":1.5949},
{"Node_id":13281,"weight":2.0705},
{"Node_id":13282,"weight":5.1441},
{"Node_id":13283,"weight":1.9018},
{"Node_id":13284,"weight":1.5582},
{"Node_id":13285,"weight":1.9477},
{"Node_id":13286,"weight":3.4095},
{"Node_id":13287,"weight":1.798},
{"Node_id":13288,"weight":3.8132},
{"Node_id":13289,"weight":5.1794},
{"Node_id":13290,"weight":8.1114},
{"Node_id":13291,"weight":3.5732},
{"Node_id":13292,"weight":6.5699},
{"Node_id":13293,"weight":1.8506},
{"Node_id":13294,"weight":3.2098},
{"Node_id":13295,"weight":2.1665},
{"Node_id":13298,"weight":2.0959},
{"Node_id":13299,"weight":3.1099},
{"Node_id":13300,"weight":2.2907},
{"Node_id":13301,"weight":5.2734},
{"Node_id":13302,"weight":3.8372},
{"Node_id":13303,"weight":1.6649},
{"Node_id":13304,"weight":2.5775},
{"Node_id":13305,"weight":3.0929},
{"Node_id":13306,"weight":1.7036},
{"Node_id":13307,"weight":2.5297},
{"Node_id":13308,"weight":1.917},
{"Node_id":13309,"weight":1.5416},
{"Node_id":13310,"weight":2.5913},
{"Node_id":13311,"weight":2.2006},
{"Node_id":13312,"weight":2.2073},
{"Node_id":13313,"weight":1.7346},
{"Node_id":13314,"weight":1.7252},
{"Node_id":13315,"weight":2.2871},
{"Node_id":13316,"weight":2.375},
{"Node_id":13317,"weight":1.9487},
{"Node_id":13318,"weight":2.5684},
{"Node_id":13319,"weight":2.4221},
{"Node_id":13320,"weight":1.6523},
{"Node_id":13321,"weight":2.1031},
{"Node_id":13322,"weight":1.7607},
{"Node_id":13323,"weight":1.4045},
{"Node_id":13324,"weight":2.3321},
{"Node_id":13325,"weight":3.5146},
{"Node_id":13326,"weight":3.7991},
{"Node_id":13327,"weight":2.5534},
{"Node_id":13328,"weight":2.2028},
{"Node_id":13329,"weight":1.9896},
{"Node_id":13330,"weight":1.8843},
{"Node_id":13331,"weight":2.8381},
{"Node_id":13332,"weight":1.5076},
{"Node_id":13333,"weight":2.184},
{"Node_id":13334,"weight":2.0416},
{"Node_id":13335,"weight":3.7579},
{"Node_id":13336,"weight":1.9296},
{"Node_id":13337,"weight":2.1093},
{"Node_id":13338,"weight":2.7876},
{"Node_id":13339,"weight":2.2657},
{"Node_id":13340,"weight":3.1651},
{"Node_id":13341,"weight":4.0163},
{"Node_id":13342,"weight":2.0192},
{"Node_id":13343,"weight":2.6678},
{"Node_id":13344,"weight":2.4768},
{"Node_id":13345,"weight":1.5245},
{"Node_id":13346,"weight":4.7954},
{"Node_id":13347,"weight":1.9896},
{"Node_id":13348,"weight":2.3075},
{"Node_id":13349,"weight":2.5023},
{"Node_id":13350,"weight":1.421},
{"Node_id":13351,"weight":1.7151},
{"Node_id":13352,"weight":1.5575},
{"Node_id":13353,"weight":1.9634},
{"Node_id":13374,"weight":2.5312},
{"Node_id":13396,"weight":3.1651},
{"Node_id":13412,"weight":2.0231},
{"Node_id":13427,"weight":2.6945},
{"Node_id":13428,"weight":3.6843},
{"Node_id":13429,"weight":2.6037},
{"Node_id":13444,"weight":3.6233},
{"Node_id":13445,"weight":2.5341},
{"Node_id":13446,"weight":2.6482},
{"Node_id":13447,"weight":2.2095},
{"Node_id":13448,"weight":2.2634},
{"Node_id":13449,"weight":1.653},
{"Node_id":13450,"weight":1.397},
{"Node_id":13451,"weight":2.5166},
{"Node_id":13452,"weight":1.9468},
{"Node_id":13453,"weight":2.0338},
{"Node_id":13454,"weight":1.7528},
{"Node_id":13455,"weight":1.53},
{"Node_id":13530,"weight":1.8128},
{"Node_id":13531,"weight":2.9808},
{"Node_id":13532,"weight":4.2402},
{"Node_id":13533,"weight":1.935},
{"Node_id":13534,"weight":1.6792},
{"Node_id":13535,"weight":3.2591},
{"Node_id":13536,"weight":1.6538},
{"Node_id":13537,"weight":2.1568},
{"Node_id":13538,"weight":3.1781},
{"Node_id":13539,"weight":2.881},
{"Node_id":13540,"weight":1.4848},
{"Node_id":13541,"weight":1.5793},
{"Node_id":13542,"weight":3.1833},
{"Node_id":13543,"weight":2.7857},
{"Node_id":13544,"weight":1.659},
{"Node_id":13545,"weight":1.6754},
{"Node_id":13546,"weight":1.7575},
{"Node_id":13547,"weight":2.2955},
{"Node_id":13548,"weight":2.0202},
{"Node_id":13549,"weight":2.7235},
{"Node_id":13550,"weight":2.1796},
{"Node_id":13551,"weight":2.7339},
{"Node_id":13552,"weight":3.3967},
{"Node_id":13553,"weight":2.4208},
{"Node_id":13554,"weight":1.5652},
{"Node_id":13555,"weight":2.6945},
{"Node_id":13556,"weight":4.1064},
{"Node_id":13560,"weight":1.5259},
{"Node_id":13561,"weight":2.1312},
{"Node_id":13562,"weight":1.5002},
{"Node_id":13563,"weight":6.3182},
{"Node_id":13564,"weight":2.0745},
{"Node_id":13565,"weight":1.4822},
{"Node_id":13566,"weight":1.4848},
{"Node_id":13567,"weight":2.0436},
{"Node_id":13568,"weight":1.9905},
{"Node_id":13569,"weight":2.4852},
{"Node_id":13570,"weight":1.8643},
{"Node_id":13571,"weight":3.1651},
{"Node_id":13572,"weight":3.7357},
{"Node_id":13573,"weight":1.3932},
{"Node_id":13574,"weight":1.4975},
{"Node_id":13575,"weight":1.8037},
{"Node_id":13576,"weight":1.5963},
{"Node_id":13577,"weight":2.5224},
{"Node_id":13578,"weight":3.842},
{"Node_id":13579,"weight":2.1622},
{"Node_id":13580,"weight":1.8515},
{"Node_id":13581,"weight":5.8401},
{"Node_id":13582,"weight":1.6906},
{"Node_id":13583,"weight":1.7736},
{"Node_id":13584,"weight":1.9296},
{"Node_id":13585,"weight":2.7857},
{"Node_id":13586,"weight":2.3546},
{"Node_id":13587,"weight":3.776},
{"Node_id":13588,"weight":4.0694},
{"Node_id":13589,"weight":2.4671},
{"Node_id":13590,"weight":2.173},
{"Node_id":13591,"weight":1.752},
{"Node_id":13592,"weight":2.0038},
{"Node_id":13593,"weight":1.4371},
{"Node_id":13594,"weight":2.7081},
{"Node_id":13595,"weight":1.4835},
{"Node_id":13596,"weight":1.9962},
{"Node_id":13597,"weight":2.727},
{"Node_id":13598,"weight":2.2517},
{"Node_id":13599,"weight":2.3648},
{"Node_id":13600,"weight":3.596},
{"Node_id":13601,"weight":2.6257},
{"Node_id":13602,"weight":2.4275},
{"Node_id":13603,"weight":1.9277},
{"Node_id":13604,"weight":2.3866},
{"Node_id":13605,"weight":5.3992},
{"Node_id":13606,"weight":1.4624},
{"Node_id":13607,"weight":1.5485},
{"Node_id":13608,"weight":2.3395},
{"Node_id":13609,"weight":1.8895},
{"Node_id":13610,"weight":2.4588},
{"Node_id":13611,"weight":2.2799},
{"Node_id":13612,"weight":2.8652},
{"Node_id":13613,"weight":1.5062},
{"Node_id":13614,"weight":1.4881},
{"Node_id":13615,"weight":1.5842},
{"Node_id":13616,"weight":1.4921},
{"Node_id":13617,"weight":1.8078},
{"Node_id":13618,"weight":1.776},
{"Node_id":13619,"weight":3.305},
{"Node_id":13620,"weight":2.5959},
{"Node_id":13621,"weight":1.6974},
{"Node_id":13622,"weight":2.2196},
{"Node_id":13623,"weight":1.4848},
{"Node_id":13624,"weight":2.881},
{"Node_id":13625,"weight":1.7401},
{"Node_id":13626,"weight":2.3234},
{"Node_id":13627,"weight":1.6208},
{"Node_id":13628,"weight":2.6563},
{"Node_id":13629,"weight":1.6486},
{"Node_id":13630,"weight":1.9332},
{"Node_id":13631,"weight":1.8523},
{"Node_id":13632,"weight":2.8229},
{"Node_id":13633,"weight":2.5579},
{"Node_id":13655,"weight":2.0907},
{"Node_id":13656,"weight":6.0725},
{"Node_id":13657,"weight":2.8574},
{"Node_id":13658,"weight":1.4178},
{"Node_id":13659,"weight":1.5992},
{"Node_id":13660,"weight":2.1719},
{"Node_id":13661,"weight":1.5035},
{"Node_id":13662,"weight":1.3882},
{"Node_id":13663,"weight":2.2576},
{"Node_id":13664,"weight":3.3652},
{"Node_id":13665,"weight":2.5254},
{"Node_id":13666,"weight":1.7105},
{"Node_id":13667,"weight":4.8458},
{"Node_id":13668,"weight":2.2552},
{"Node_id":13669,"weight":1.3988},
{"Node_id":13670,"weight":1.4172},
{"Node_id":13671,"weight":1.6523},
{"Node_id":13672,"weight":1.7963},
{"Node_id":13673,"weight":4.1002},
{"Node_id":13674,"weight":2.5066},
{"Node_id":13675,"weight":2.5385},
{"Node_id":13676,"weight":2.877},
{"Node_id":13677,"weight":1.9523},
{"Node_id":13678,"weight":2.5714},
{"Node_id":13679,"weight":1.4565},
{"Node_id":13680,"weight":1.744},
{"Node_id":13681,"weight":1.6732},
{"Node_id":13682,"weight":1.798},
{"Node_id":13683,"weight":1.9305},
{"Node_id":13684,"weight":1.4229},
{"Node_id":13685,"weight":1.543},
{"Node_id":13686,"weight":4.1711},
{"Node_id":13687,"weight":2.6711},
{"Node_id":13688,"weight":2.205},
{"Node_id":13689,"weight":3.1347},
{"Node_id":13690,"weight":1.4815},
{"Node_id":13691,"weight":1.752},
{"Node_id":13692,"weight":3.0252},
{"Node_id":13693,"weight":1.6368},
{"Node_id":13694,"weight":2.9593},
{"Node_id":13695,"weight":3.1964},
{"Node_id":13696,"weight":2.0565},
{"Node_id":13697,"weight":1.9296},
{"Node_id":13698,"weight":1.8136},
{"Node_id":13699,"weight":2.2242},
{"Node_id":13700,"weight":2.3571},
{"Node_id":13701,"weight":3.8038},
{"Node_id":13702,"weight":2.0938},
{"Node_id":13703,"weight":2.0745},
{"Node_id":13704,"weight":2.5123},
{"Node_id":13705,"weight":1.5786},
{"Node_id":13706,"weight":1.726},
{"Node_id":13707,"weight":1.4663},
{"Node_id":13708,"weight":2.6563},
{"Node_id":13709,"weight":1.4147},
{"Node_id":13710,"weight":2.9011},
{"Node_id":13711,"weight":5.2347},
{"Node_id":13712,"weight":3.4095},
{"Node_id":13713,"weight":3.4225},
{"Node_id":13714,"weight":1.8557},
{"Node_id":13715,"weight":2.6498},
{"Node_id":13716,"weight":2.1134},
{"Node_id":13717,"weight":2.366},
{"Node_id":13718,"weight":1.9395},
{"Node_id":13719,"weight":3.1859},
{"Node_id":13720,"weight":2.2907},
{"Node_id":13721,"weight":1.8337},
{"Node_id":13722,"weight":1.5652},
{"Node_id":13723,"weight":2.543},
{"Node_id":13724,"weight":5.8061},
{"Node_id":13725,"weight":3.6969},
{"Node_id":13726,"weight":2.1774},
{"Node_id":13727,"weight":1.4795},
{"Node_id":13728,"weight":1.3944},
{"Node_id":13729,"weight":2.3222},
{"Node_id":13730,"weight":1.8012},
{"Node_id":13731,"weight":5.2933},
{"Node_id":13734,"weight":1.5652},
{"Node_id":13735,"weight":2.5944},
{"Node_id":13736,"weight":2.0856},
{"Node_id":13737,"weight":1.5029},
{"Node_id":13738,"weight":2.8751},
{"Node_id":13739,"weight":1.5361},
{"Node_id":13740,"weight":3.2342},
{"Node_id":13741,"weight":1.9432},
{"Node_id":13742,"weight":1.639},
{"Node_id":13743,"weight":2.0436},
{"Node_id":13746,"weight":5.7105},
{"Node_id":13783,"weight":1.8834},
{"Node_id":13784,"weight":1.6657},
{"Node_id":13785,"weight":2.0918},
{"Node_id":13786,"weight":4.8588},
{"Node_id":13787,"weight":2.9257},
{"Node_id":13788,"weight":3.4323},
{"Node_id":13798,"weight":1.8756},
{"Node_id":13854,"weight":4.1982},
{"Node_id":13855,"weight":3.6392},
{"Node_id":13856,"weight":1.9727},
{"Node_id":13857,"weight":5.7414},
{"Node_id":13858,"weight":3.0929},
{"Node_id":13859,"weight":2.3609},
{"Node_id":13860,"weight":1.7113},
{"Node_id":13861,"weight":1.4268},
{"Node_id":13864,"weight":2.9896},
{"Node_id":13865,"weight":2.0938},
{"Node_id":13866,"weight":3.6718},
{"Node_id":13867,"weight":2.1124},
{"Node_id":13868,"weight":2.5519},
{"Node_id":13869,"weight":2.3445},
{"Node_id":13870,"weight":1.5527},
{"Node_id":13871,"weight":1.752},
{"Node_id":13872,"weight":2.7658},
{"Node_id":13873,"weight":1.9241},
{"Node_id":13874,"weight":1.8506},
{"Node_id":13875,"weight":2.4951},
{"Node_id":13876,"weight":3.3168},
{"Node_id":13877,"weight":1.9368},
{"Node_id":13878,"weight":2.2599},
{"Node_id":13879,"weight":1.8532},
{"Node_id":13880,"weight":2.2379},
{"Node_id":13881,"weight":1.8379},
{"Node_id":13882,"weight":3.6718},
{"Node_id":13883,"weight":1.6317},
{"Node_id":13884,"weight":3.7624},
{"Node_id":13885,"weight":1.5617},
{"Node_id":13886,"weight":1.8566},
{"Node_id":13887,"weight":1.8575},
{"Node_id":13888,"weight":1.6013},
{"Node_id":13892,"weight":2.508},
{"Node_id":13893,"weight":1.4198},
{"Node_id":13894,"weight":2.4478},
{"Node_id":13895,"weight":1.4474},
{"Node_id":13896,"weight":3.0229},
{"Node_id":13897,"weight":2.0377},
{"Node_id":13898,"weight":1.5218},
{"Node_id":14131,"weight":4.833},
{"Node_id":14132,"weight":1.5485},
{"Node_id":14133,"weight":2.3063},
{"Node_id":14134,"weight":1.8957},
{"Node_id":14137,"weight":4.1914},
{"Node_id":14138,"weight":4.3534},
{"Node_id":14139,"weight":1.6302},
{"Node_id":14140,"weight":1.8738},
{"Node_id":14141,"weight":1.5245},
{"Node_id":14142,"weight":5.0294},
{"Node_id":14143,"weight":1.5807},
{"Node_id":14144,"weight":3.8716},
{"Node_id":14145,"weight":2.2907},
{"Node_id":14146,"weight":2.6612},
{"Node_id":14147,"weight":2.2061},
{"Node_id":14148,"weight":1.5218},
{"Node_id":14149,"weight":2.2017},
{"Node_id":14150,"weight":5.3771},
{"Node_id":14151,"weight":2.3918},
{"Node_id":14152,"weight":1.5327},
{"Node_id":14153,"weight":1.5527},
{"Node_id":14154,"weight":2.2448},
{"Node_id":14298,"weight":5.2347},
{"Node_id":14299,"weight":1.9606},
{"Node_id":14300,"weight":1.7719},
{"Node_id":14301,"weight":1.4474},
{"Node_id":14302,"weight":2.4768},
{"Node_id":14313,"weight":1.7417},
{"Node_id":14314,"weight":2.9808},
{"Node_id":14317,"weight":1.4128},
{"Node_id":14318,"weight":1.5992},
{"Node_id":14319,"weight":1.6762},
{"Node_id":14320,"weight":2.0212},
{"Node_id":14321,"weight":3.0389},
{"Node_id":14322,"weight":3.3377},
{"Node_id":14367,"weight":2.6337},
{"Node_id":14368,"weight":1.7448},
{"Node_id":14369,"weight":1.6331},
{"Node_id":14370,"weight":2.0397},
{"Node_id":14371,"weight":1.7464},
{"Node_id":14372,"weight":1.9802},
{"Node_id":14373,"weight":2.027},
{"Node_id":14374,"weight":1.5828},
{"Node_id":14375,"weight":3.0504},
{"Node_id":14376,"weight":1.4281},
{"Node_id":14377,"weight":2.1557},
{"Node_id":14378,"weight":1.7881},
{"Node_id":14387,"weight":2.645},
{"Node_id":14388,"weight":1.575},
{"Node_id":14434,"weight":4.212},
{"Node_id":14435,"weight":3.5326},
{"Node_id":14436,"weight":3.248},
{"Node_id":14437,"weight":1.4526},
{"Node_id":14477,"weight":2.9917},
{"Node_id":14478,"weight":1.5779},
{"Node_id":14479,"weight":2.1503},
{"Node_id":14480,"weight":1.465},
{"Node_id":14481,"weight":1.9811},
{"Node_id":14482,"weight":1.4526},
{"Node_id":14483,"weight":1.5771},
{"Node_id":14484,"weight":1.8062},
{"Node_id":14485,"weight":2.0125},
{"Node_id":14486,"weight":5.7414},
{"Node_id":14487,"weight":4.1318},
{"Node_id":14488,"weight":2.5371},
{"Node_id":14489,"weight":2.1323},
{"Node_id":14490,"weight":1.4223},
{"Node_id":14491,"weight":4.3858},
{"Node_id":14492,"weight":4.4364},
{"Node_id":14493,"weight":1.4064},
{"Node_id":14494,"weight":1.4533},
{"Node_id":14495,"weight":1.513},
{"Node_id":14496,"weight":1.7036},
{"Node_id":14497,"weight":2.1218},
{"Node_id":14498,"weight":4.4451},
{"Node_id":14499,"weight":1.6538},
{"Node_id":14500,"weight":2.2185},
{"Node_id":14501,"weight":1.7535},
{"Node_id":14502,"weight":2.102},
{"Node_id":14503,"weight":1.397},
{"Node_id":14504,"weight":2.0685},
{"Node_id":14505,"weight":1.8851},
{"Node_id":14506,"weight":1.8379},
{"Node_id":14507,"weight":5.6515},
{"Node_id":14508,"weight":1.8992},
{"Node_id":14509,"weight":1.7939},
{"Node_id":14510,"weight":2.0125},
{"Node_id":14511,"weight":2.5594},
{"Node_id":14512,"weight":1.7244},
{"Node_id":14513,"weight":3.6969},
{"Node_id":14514,"weight":3.1703},
{"Node_id":14515,"weight":1.5184},
{"Node_id":14516,"weight":1.3869},
{"Node_id":14517,"weight":2.1829},
{"Node_id":14518,"weight":2.2196},
{"Node_id":14519,"weight":1.9597},
{"Node_id":14520,"weight":2.8477},
{"Node_id":14521,"weight":1.6694},
{"Node_id":14522,"weight":3.577},
{"Node_id":14523,"weight":2.889},
{"Node_id":14524,"weight":2.885},
{"Node_id":14525,"weight":1.5259},
{"Node_id":14526,"weight":3.8567},
{"Node_id":14527,"weight":3.3079},
{"Node_id":14528,"weight":1.8354},
{"Node_id":14529,"weight":1.7736},
{"Node_id":14530,"weight":3.714},
{"Node_id":14531,"weight":1.8371},
{"Node_id":14532,"weight":2.9808},
{"Node_id":14533,"weight":2.9614},
{"Node_id":14534,"weight":3.4934},
{"Node_id":14535,"weight":1.3882},
{"Node_id":14536,"weight":1.7623},
{"Node_id":14537,"weight":2.3711},
{"Node_id":14538,"weight":1.4313},
{"Node_id":14539,"weight":1.5527},
{"Node_id":14540,"weight":2.2599},
{"Node_id":14541,"weight":2.0029},
{"Node_id":14542,"weight":2.6596},
{"Node_id":14543,"weight":1.9359},
{"Node_id":14544,"weight":2.9381},
{"Node_id":14545,"weight":2.9174},
{"Node_id":14546,"weight":1.6171},
{"Node_id":14547,"weight":1.8103},
{"Node_id":14548,"weight":1.5334},
{"Node_id":14549,"weight":2.887},
{"Node_id":14550,"weight":1.8186},
{"Node_id":14551,"weight":1.9542},
{"Node_id":14562,"weight":1.6785},
{"Node_id":14563,"weight":3.0006},
{"Node_id":14564,"weight":2.1785},
{"Node_id":14565,"weight":3.0786},
{"Node_id":14566,"weight":3.8275},
{"Node_id":14567,"weight":1.7881},
{"Node_id":14568,"weight":3.055},
{"Node_id":14569,"weight":1.9662},
{"Node_id":14570,"weight":2.4671},
{"Node_id":14571,"weight":3.2905},
{"Node_id":14572,"weight":1.901},
{"Node_id":14573,"weight":1.9802},
{"Node_id":14574,"weight":1.9802},
{"Node_id":14575,"weight":7.8236},
{"Node_id":14579,"weight":1.6913},
{"Node_id":14580,"weight":2.645},
{"Node_id":14581,"weight":4.0163},
{"Node_id":14582,"weight":1.4915},
{"Node_id":14583,"weight":1.5347},
{"Node_id":14584,"weight":2.6531},
{"Node_id":14585,"weight":2.2611},
{"Node_id":14664,"weight":4.3454},
{"Node_id":14665,"weight":2.8248},
{"Node_id":14668,"weight":2.4994},
{"Node_id":14669,"weight":1.748},
{"Node_id":14670,"weight":1.4855},
{"Node_id":14671,"weight":2.764},
{"Node_id":14672,"weight":1.8721},
{"Node_id":14673,"weight":2.4492},
{"Node_id":14674,"weight":1.8904},
{"Node_id":14675,"weight":1.9783},
{"Node_id":14676,"weight":1.6508},
{"Node_id":14677,"weight":2.1302},
{"Node_id":14678,"weight":2.4356},
{"Node_id":14679,"weight":2.0897},
{"Node_id":14680,"weight":3.1322},
{"Node_id":14681,"weight":1.956},
{"Node_id":14682,"weight":4.5362},
{"Node_id":14683,"weight":2.8574},
{"Node_id":14686,"weight":4.6053},
{"Node_id":14687,"weight":2.7839},
{"Node_id":14688,"weight":1.5177},
{"Node_id":14689,"weight":1.414},
{"Node_id":14690,"weight":1.7496},
{"Node_id":14691,"weight":2.0318},
{"Node_id":14692,"weight":3.2424},
{"Node_id":14693,"weight":1.8756},
{"Node_id":14757,"weight":2.5371},
{"Node_id":14758,"weight":1.414},
{"Node_id":14759,"weight":2.4643},
{"Node_id":14788,"weight":1.8128},
{"Node_id":14789,"weight":1.4461},
{"Node_id":14790,"weight":2.0446},
{"Node_id":14791,"weight":2.5821},
{"Node_id":14792,"weight":3.4761},
{"Node_id":14793,"weight":1.5062},
{"Node_id":14794,"weight":2.0989},
{"Node_id":14795,"weight":2.3788},
{"Node_id":14796,"weight":1.5485},
{"Node_id":14797,"weight":4.4108},
{"Node_id":14800,"weight":1.4384},
{"Node_id":14801,"weight":2.7551},
{"Node_id":14802,"weight":1.7409},
{"Node_id":14803,"weight":2.1333},
{"Node_id":14804,"weight":1.9634},
{"Node_id":14805,"weight":1.8111},
{"Node_id":14806,"weight":2.7604},
{"Node_id":14807,"weight":1.5779},
{"Node_id":14808,"weight":4.1383},
{"Node_id":14809,"weight":1.4565},
{"Node_id":14810,"weight":3.6233},
{"Node_id":14811,"weight":1.7599},
{"Node_id":14812,"weight":2.5806},
{"Node_id":14813,"weight":1.4096},
{"Node_id":14814,"weight":3.9072},
{"Node_id":14815,"weight":1.8211},
{"Node_id":14816,"weight":2.5312},
{"Node_id":14817,"weight":1.8037},
{"Node_id":14818,"weight":2.9657},
{"Node_id":14819,"weight":2.6514},
{"Node_id":14820,"weight":1.4229},
{"Node_id":14821,"weight":2.7132},
{"Node_id":14822,"weight":1.8404},
{"Node_id":14823,"weight":1.9332},
{"Node_id":14824,"weight":2.5867},
{"Node_id":14825,"weight":1.6694},
{"Node_id":14826,"weight":4.119},
{"Node_id":14827,"weight":2.4937},
{"Node_id":14828,"weight":3.9992},
{"Node_id":14829,"weight":1.9268},
{"Node_id":14830,"weight":1.4351},
{"Node_id":14831,"weight":1.5361},
{"Node_id":14832,"weight":1.6501},
{"Node_id":14833,"weight":1.9001},
{"Node_id":14848,"weight":0.1294},
{"Node_id":14849,"weight":1.2721},
{"Node_id":14850,"weight":3.2676},
{"Node_id":14851,"weight":0.036},
{"Node_id":14852,"weight":2.8691},
{"Node_id":14857,"weight":2.7046},
{"Node_id":14858,"weight":0.5266},
{"Node_id":14859,"weight":0.49},
{"Node_id":14860,"weight":1.62},
{"Node_id":14861,"weight":2.1763},
{"Node_id":14862,"weight":0.6955},
{"Node_id":14863,"weight":2.5166},
{"Node_id":14864,"weight":5.4448},
{"Node_id":14865,"weight":1.9072},
{"Node_id":14866,"weight":0.6239},
{"Node_id":14867,"weight":0.9529},
{"Node_id":14868,"weight":1.0716},
{"Node_id":14869,"weight":0.944},
{"Node_id":14870,"weight":1.9569},
{"Node_id":14871,"weight":1.6822},
{"Node_id":14872,"weight":0.8274},
{"Node_id":14877,"weight":1.2856},
{"Node_id":14878,"weight":2.0755},
{"Node_id":14879,"weight":0.1519},
{"Node_id":14891,"weight":0.388},
{"Node_id":14892,"weight":1.2448}]