[{"Node_id":8227,"weight":0.19214},
{"Node_id":8229,"weight":0.15992},
{"Node_id":8231,"weight":0.2184},
{"Node_id":8232,"weight":0.3483},
{"Node_id":8233,"weight":0.22799},
{"Node_id":8235,"weight":0.19802001},
{"Node_id":8236,"weight":0.25051},
{"Node_id":8238,"weight":0.23015001},
{"Node_id":8239,"weight":0.22634001},
{"Node_id":8240,"weight":0.24994},
{"Node_id":8243,"weight":0.16493},
{"Node_id":8245,"weight":0.20367},
{"Node_id":8246,"weight":0.14319},
{"Node_id":8247,"weight":0.38918},
{"Node_id":8249,"weight":0.18825},
{"Node_id":8253,"weight":0.23210001},
{"Node_id":8254,"weight":0.16936001},
{"Node_id":8255,"weight":0.41254002},
{"Node_id":8256,"weight":0.21396999},
{"Node_id":8257,"weight":0.24195},
{"Node_id":8258,"weight":0.14063999},
{"Node_id":8259,"weight":0.18202999},
{"Node_id":8261,"weight":0.2184},
{"Node_id":8262,"weight":0.17036},
{"Node_id":8267,"weight":0.27912},
{"Node_id":8271,"weight":0.37945002},
{"Node_id":8273,"weight":0.15736},
{"Node_id":8274,"weight":0.19597},
{"Node_id":8276,"weight":0.14474},
{"Node_id":8278,"weight":0.20241001},
{"Node_id":8282,"weight":0.14371},
{"Node_id":8283,"weight":0.24866},
{"Node_id":8286,"weight":0.32124},
{"Node_id":8287,"weight":0.25123},
{"Node_id":8290,"weight":0.1744},
{"Node_id":8294,"weight":0.18643},
{"Node_id":8296,"weight":0.17036},
{"Node_id":8297,"weight":0.25852},
{"Node_id":8298,"weight":0.19001},
{"Node_id":8300,"weight":0.39712998},
{"Node_id":8302,"weight":0.20211999},
{"Node_id":8303,"weight":0.13976},
{"Node_id":8304,"weight":0.18202999},
{"Node_id":8305,"weight":0.15492001},
{"Node_id":8306,"weight":0.20456},
{"Node_id":8308,"weight":0.20594999},
{"Node_id":8313,"weight":0.34289998},
{"Node_id":8315,"weight":0.20009999},
{"Node_id":8317,"weight":0.14539},
{"Node_id":8318,"weight":0.42189997},
{"Node_id":8319,"weight":0.30667},
{"Node_id":8336,"weight":0.15638},
{"Node_id":8340,"weight":0.24102001},
{"Node_id":8341,"weight":0.28574},
{"Node_id":8343,"weight":0.16034},
{"Node_id":8346,"weight":0.18421},
{"Node_id":8347,"weight":0.19532},
{"Node_id":8348,"weight":0.21928},
{"Node_id":8349,"weight":0.16493},
{"Node_id":8350,"weight":0.19395},
{"Node_id":8351,"weight":0.23982999},
{"Node_id":8356,"weight":0.23271},
{"Node_id":8360,"weight":0.27115},
{"Node_id":8362,"weight":0.42766},
{"Node_id":8364,"weight":0.32397002},
{"Node_id":8366,"weight":0.52159},
{"Node_id":8368,"weight":0.27857},
{"Node_id":8370,"weight":0.15665999},
{"Node_id":8375,"weight":0.21217999},
{"Node_id":8377,"weight":0.3596},
{"Node_id":8380,"weight":0.2887},
{"Node_id":8484,"weight":0.33227},
{"Node_id":9008,"weight":0.20887001},
{"Node_id":9194,"weight":0.29635},
{"Node_id":9195,"weight":0.39549},
{"Node_id":9196,"weight":0.14474},
{"Node_id":9198,"weight":0.23996},
{"Node_id":9199,"weight":0.17433},
{"Node_id":9200,"weight":0.21807},
{"Node_id":9202,"weight":0.13918999},
{"Node_id":9208,"weight":0.20938},
{"Node_id":9211,"weight":0.23433001},
{"Node_id":9214,"weight":0.25504},
{"Node_id":9217,"weight":0.23648},
{"Node_id":9219,"weight":0.19755},
{"Node_id":9220,"weight":0.14868},
{"Node_id":9221,"weight":0.14480999},
{"Node_id":9222,"weight":0.14384},
{"Node_id":9223,"weight":0.52933},
{"Node_id":9224,"weight":0.14313},
{"Node_id":9226,"weight":0.19305},
{"Node_id":9228,"weight":0.25195},
{"Node_id":9230,"weight":0.32151002},
{"Node_id":9231,"weight":0.23271},
{"Node_id":9233,"weight":0.46469003},
{"Node_id":9234,"weight":0.22943},
{"Node_id":9239,"weight":0.16142},
{"Node_id":9241,"weight":0.30006},
{"Node_id":9246,"weight":0.20918},
{"Node_id":9249,"weight":0.34225},
{"Node_id":9255,"weight":0.18704},
{"Node_id":9257,"weight":0.1452},
{"Node_id":9258,"weight":0.36677},
{"Node_id":9260,"weight":0.16405},
{"Node_id":9261,"weight":0.3511},
{"Node_id":9262,"weight":0.16627},
{"Node_id":9263,"weight":0.31173},
{"Node_id":9264,"weight":0.22751999},
{"Node_id":9265,"weight":0.16049},
{"Node_id":9267,"weight":0.19496},
{"Node_id":9268,"weight":0.17151001},
{"Node_id":9269,"weight":0.18037},
{"Node_id":9270,"weight":0.17447999},
{"Node_id":9310,"weight":0.21396999},
{"Node_id":9311,"weight":0.14822},
{"Node_id":9312,"weight":0.37852},
{"Node_id":9314,"weight":0.21217999},
{"Node_id":9317,"weight":0.59496003},
{"Node_id":9318,"weight":0.21961},
{"Node_id":9320,"weight":0.41711003},
{"Node_id":9321,"weight":0.24142},
{"Node_id":9323,"weight":0.46258998},
{"Node_id":9324,"weight":0.45555001},
{"Node_id":9326,"weight":0.14862},
{"Node_id":9327,"weight":0.18921},
{"Node_id":9334,"weight":0.15450999},
{"Node_id":9340,"weight":0.15361},
{"Node_id":9341,"weight":0.18371001},
{"Node_id":9342,"weight":0.34591},
{"Node_id":9343,"weight":0.25654},
{"Node_id":9360,"weight":0.22493999},
{"Node_id":9361,"weight":0.25669},
{"Node_id":9363,"weight":0.28439},
{"Node_id":9364,"weight":0.23371},
{"Node_id":9365,"weight":0.13913},
{"Node_id":9367,"weight":0.27712},
{"Node_id":9369,"weight":0.19386},
{"Node_id":9378,"weight":0.14364001},
{"Node_id":9385,"weight":0.14855},
{"Node_id":9387,"weight":0.1421},
{"Node_id":9389,"weight":0.26433998},
{"Node_id":9390,"weight":0.16777},
{"Node_id":9392,"weight":0.17082},
{"Node_id":9393,"weight":0.24168},
{"Node_id":9626,"weight":0.54217},
{"Node_id":9627,"weight":0.55429},
{"Node_id":9631,"weight":0.33376998},
{"Node_id":9700,"weight":0.17354},
{"Node_id":9702,"weight":0.17198},
{"Node_id":9705,"weight":0.36076},
{"Node_id":9707,"weight":0.36273},
{"Node_id":9708,"weight":0.37401},
{"Node_id":9709,"weight":0.20337999},
{"Node_id":9711,"weight":0.36718},
{"Node_id":9713,"weight":0.16419},
{"Node_id":9715,"weight":0.20211999},
{"Node_id":9716,"weight":0.33808},
{"Node_id":9717,"weight":0.38469},
{"Node_id":9719,"weight":0.14742},
{"Node_id":9720,"weight":0.20574999},
{"Node_id":9721,"weight":0.17921999},
{"Node_id":9726,"weight":0.54927003},
{"Node_id":9729,"weight":0.37446},
{"Node_id":9731,"weight":0.35075},
{"Node_id":9732,"weight":0.17472},
{"Node_id":9735,"weight":0.25518999},
{"Node_id":9737,"weight":0.38371998},
{"Node_id":9738,"weight":0.20615001},
{"Node_id":9739,"weight":0.20785001},
{"Node_id":9740,"weight":0.21654001},
{"Node_id":9742,"weight":0.1812},
{"Node_id":9744,"weight":0.17567},
{"Node_id":9745,"weight":0.21861999},
{"Node_id":9746,"weight":0.21905999},
{"Node_id":9748,"weight":0.29465002},
{"Node_id":9750,"weight":0.36431998},
{"Node_id":9751,"weight":0.51441},
{"Node_id":9753,"weight":0.30978},
{"Node_id":9754,"weight":0.38132},
{"Node_id":9756,"weight":0.2401},
{"Node_id":9758,"weight":0.1515},
{"Node_id":9759,"weight":0.29072002},
{"Node_id":9760,"weight":0.18575},
{"Node_id":9761,"weight":0.30644},
{"Node_id":9763,"weight":0.23039},
{"Node_id":9767,"weight":0.20038},
{"Node_id":9768,"weight":0.20250002},
{"Node_id":9780,"weight":0.39658},
{"Node_id":9783,"weight":0.28135},
{"Node_id":9784,"weight":0.28381},
{"Node_id":9786,"weight":0.20337999},
{"Node_id":9788,"weight":0.19323},
{"Node_id":9791,"weight":0.23015001},
{"Node_id":9795,"weight":0.33652002},
{"Node_id":9796,"weight":0.26336998},
{"Node_id":9797,"weight":0.15484999},
{"Node_id":9798,"weight":0.25297},
{"Node_id":9800,"weight":0.17662999},
{"Node_id":9802,"weight":0.14422},
{"Node_id":9803,"weight":0.15885},
{"Node_id":9804,"weight":0.15729001},
{"Node_id":9806,"weight":0.27409},
{"Node_id":9837,"weight":0.28711},
{"Node_id":9839,"weight":0.15659},
{"Node_id":9840,"weight":0.14782},
{"Node_id":9842,"weight":0.24796},
{"Node_id":9844,"weight":0.54927003},
{"Node_id":9846,"weight":0.14862},
{"Node_id":9849,"weight":0.21621999},
{"Node_id":9850,"weight":0.18253},
{"Node_id":9851,"weight":0.21928},
{"Node_id":9853,"weight":0.1656},
{"Node_id":9857,"weight":0.16027},
{"Node_id":9859,"weight":0.18609},
{"Node_id":9864,"weight":0.26928002},
{"Node_id":9865,"weight":0.33903},
{"Node_id":9866,"weight":0.22943},
{"Node_id":9871,"weight":0.26147002},
{"Node_id":9875,"weight":0.41513},
{"Node_id":9877,"weight":0.15197},
{"Node_id":9878,"weight":0.34356},
{"Node_id":9879,"weight":0.44538003},
{"Node_id":9880,"weight":0.32507},
{"Node_id":9881,"weight":0.14774999},
{"Node_id":9882,"weight":0.36595},
{"Node_id":9885,"weight":0.18354},
{"Node_id":9886,"weight":0.27857},
{"Node_id":9889,"weight":0.18643},
{"Node_id":9890,"weight":0.25882},
{"Node_id":9891,"weight":0.21774001},
{"Node_id":9892,"weight":0.40049},
{"Node_id":9894,"weight":0.26466},
{"Node_id":9896,"weight":0.33078998},
{"Node_id":9897,"weight":0.3562},
{"Node_id":9899,"weight":0.19915},
{"Node_id":9901,"weight":0.26022},
{"Node_id":9903,"weight":0.22716},
{"Node_id":9905,"weight":0.17543},
{"Node_id":9906,"weight":0.33468002},
{"Node_id":9907,"weight":0.19098},
{"Node_id":9909,"weight":0.24519},
{"Node_id":9911,"weight":0.26433998},
{"Node_id":9913,"weight":0.18379},
{"Node_id":9914,"weight":0.17711},
{"Node_id":9916,"weight":0.15484999},
{"Node_id":9918,"weight":0.31222},
{"Node_id":9919,"weight":0.21752},
{"Node_id":9920,"weight":0.26321},
{"Node_id":9921,"weight":0.27183002},
{"Node_id":9923,"weight":0.31026},
{"Node_id":9927,"weight":0.22576001},
{"Node_id":9928,"weight":0.31625},
{"Node_id":9929,"weight":0.23814002},
{"Node_id":9931,"weight":0.17988},
{"Node_id":9932,"weight":0.59117997},
{"Node_id":9948,"weight":0.23827},
{"Node_id":9949,"weight":0.21514001},
{"Node_id":9953,"weight":0.26162},
{"Node_id":9954,"weight":0.15899},
{"Node_id":9955,"weight":0.14941},
{"Node_id":9957,"weight":0.29984},
{"Node_id":9958,"weight":0.22084},
{"Node_id":9959,"weight":0.26401},
{"Node_id":9960,"weight":0.3105},
{"Node_id":9961,"weight":0.21145001},
{"Node_id":9987,"weight":0.17105},
{"Node_id":9988,"weight":0.21238999},
{"Node_id":9989,"weight":0.18834},
{"Node_id":9990,"weight":0.27115},
{"Node_id":9992,"weight":0.16383},
{"Node_id":9994,"weight":0.36392},
{"Node_id":9997,"weight":0.17089},
{"Node_id":10000,"weight":0.33871},
{"Node_id":10001,"weight":0.29277},
{"Node_id":10002,"weight":0.45653},
{"Node_id":10006,"weight":0.15779},
{"Node_id":10007,"weight":0.38085002},
{"Node_id":10008,"weight":0.16186},
{"Node_id":10010,"weight":0.16179},
{"Node_id":10012,"weight":0.24588001},
{"Node_id":10013,"weight":0.16477999},
{"Node_id":10015,"weight":0.2342},
{"Node_id":10018,"weight":0.22681001},
{"Node_id":10020,"weight":0.27586},
{"Node_id":10022,"weight":0.33683},
{"Node_id":10025,"weight":0.18261},
{"Node_id":10026,"weight":0.29593},
{"Node_id":10027,"weight":0.20565},
{"Node_id":10029,"weight":0.14120999},
{"Node_id":10030,"weight":0.22061},
{"Node_id":10031,"weight":0.17136},
{"Node_id":10033,"weight":0.17182},
{"Node_id":10034,"weight":0.16486},
{"Node_id":10035,"weight":0.35435},
{"Node_id":10040,"weight":0.26242},
{"Node_id":10042,"weight":0.15402},
{"Node_id":10043,"weight":0.32591},
{"Node_id":10044,"weight":0.16754},
{"Node_id":10045,"weight":0.15238},
{"Node_id":10049,"weight":0.14014},
{"Node_id":10050,"weight":0.17417},
{"Node_id":10051,"weight":0.23699},
{"Node_id":10052,"weight":0.20029},
{"Node_id":10053,"weight":0.14962},
{"Node_id":10057,"weight":0.28633},
{"Node_id":10061,"weight":0.40163},
{"Node_id":10063,"weight":0.17051001},
{"Node_id":10065,"weight":0.18913},
{"Node_id":10066,"weight":0.16085},
{"Node_id":10067,"weight":0.15999},
{"Node_id":10070,"weight":0.30117},
{"Node_id":10073,"weight":0.14396},
{"Node_id":10074,"weight":0.24437001},
{"Node_id":10077,"weight":0.18379},
{"Node_id":10078,"weight":0.30786},
{"Node_id":10082,"weight":0.24965999},
{"Node_id":10084,"weight":0.3562},
{"Node_id":10085,"weight":0.49548},
{"Node_id":10087,"weight":0.21873},
{"Node_id":10088,"weight":0.14572},
{"Node_id":10197,"weight":0.17988},
{"Node_id":10199,"weight":0.14802},
{"Node_id":10201,"weight":0.40633997},
{"Node_id":10203,"weight":0.33347002},
{"Node_id":10205,"weight":0.33777002},
{"Node_id":10207,"weight":0.14177999},
{"Node_id":10209,"weight":0.23787999},
{"Node_id":10211,"weight":0.16664},
{"Node_id":10213,"weight":0.19143},
{"Node_id":10214,"weight":0.16523},
{"Node_id":10215,"weight":0.16538},
{"Node_id":10219,"weight":0.23584001},
{"Node_id":10220,"weight":0.21785},
{"Node_id":10221,"weight":0.25224},
{"Node_id":10222,"weight":0.24600999},
{"Node_id":10224,"weight":0.18834},
{"Node_id":10229,"weight":0.16627},
{"Node_id":10231,"weight":0.20605},
{"Node_id":10237,"weight":0.17825},
{"Node_id":10294,"weight":0.1702},
{"Node_id":10378,"weight":0.16186},
{"Node_id":10379,"weight":0.24754},
{"Node_id":10380,"weight":0.18755999},
{"Node_id":11017,"weight":0.17543},
{"Node_id":11018,"weight":0.19746},
{"Node_id":11179,"weight":0.17043},
{"Node_id":11180,"weight":0.16612001},
{"Node_id":11183,"weight":0.22207999},
{"Node_id":11186,"weight":0.24155},
{"Node_id":11187,"weight":0.32017},
{"Node_id":11189,"weight":0.29939002},
{"Node_id":11193,"weight":0.20038},
{"Node_id":11199,"weight":0.17377},
{"Node_id":11200,"weight":0.23321},
{"Node_id":11202,"weight":0.42839998},
{"Node_id":11206,"weight":0.23271},
{"Node_id":11208,"weight":0.20685},
{"Node_id":11212,"weight":0.20357999},
{"Node_id":11217,"weight":0.21610999},
{"Node_id":11223,"weight":0.28191},
{"Node_id":11228,"weight":0.61637},
{"Node_id":11229,"weight":0.19359},
{"Node_id":11230,"weight":0.33287},
{"Node_id":11232,"weight":0.21164998},
{"Node_id":11233,"weight":0.15022},
{"Node_id":11234,"weight":0.25066},
{"Node_id":11242,"weight":0.29549998},
{"Node_id":11314,"weight":0.15949},
{"Node_id":11317,"weight":0.19018},
{"Node_id":11318,"weight":0.15582},
{"Node_id":11319,"weight":0.19477001},
{"Node_id":11320,"weight":0.34094998},
{"Node_id":11321,"weight":0.1798},
{"Node_id":11322,"weight":0.38132},
{"Node_id":11324,"weight":0.81113994},
{"Node_id":11326,"weight":0.65699},
{"Node_id":11327,"weight":0.18506},
{"Node_id":11332,"weight":0.20959},
{"Node_id":11334,"weight":0.22907},
{"Node_id":11336,"weight":0.38371998},
{"Node_id":11338,"weight":0.25775},
{"Node_id":11341,"weight":0.25297},
{"Node_id":11342,"weight":0.19170001},
{"Node_id":11345,"weight":0.22005999},
{"Node_id":11346,"weight":0.22072999},
{"Node_id":11347,"weight":0.17345999},
{"Node_id":11348,"weight":0.17252001},
{"Node_id":11351,"weight":0.19487},
{"Node_id":11353,"weight":0.24221},
{"Node_id":11355,"weight":0.21031001},
{"Node_id":11356,"weight":0.17607},
{"Node_id":11358,"weight":0.23321},
{"Node_id":11364,"weight":0.18843},
{"Node_id":11369,"weight":0.37579},
{"Node_id":11377,"weight":0.26678},
{"Node_id":11379,"weight":0.15245},
{"Node_id":11381,"weight":0.19895999},
{"Node_id":11383,"weight":0.25023},
{"Node_id":11386,"weight":0.15575},
{"Node_id":11387,"weight":0.19634},
{"Node_id":11484,"weight":0.26482},
{"Node_id":11486,"weight":0.22634001},
{"Node_id":11487,"weight":0.1653},
{"Node_id":11488,"weight":0.1397},
{"Node_id":11492,"weight":0.17528},
{"Node_id":11493,"weight":0.153},
{"Node_id":11569,"weight":0.29808},
{"Node_id":11571,"weight":0.1935},
{"Node_id":11577,"weight":0.14848},
{"Node_id":11579,"weight":0.31833},
{"Node_id":11585,"weight":0.27235},
{"Node_id":11590,"weight":0.15652},
{"Node_id":11591,"weight":0.41064},
{"Node_id":11596,"weight":0.21312001},
{"Node_id":11597,"weight":0.15002},
{"Node_id":11598,"weight":0.63182},
{"Node_id":11599,"weight":0.20745},
{"Node_id":11600,"weight":0.14822},
{"Node_id":11601,"weight":0.14848},
{"Node_id":11602,"weight":0.20436001},
{"Node_id":11604,"weight":0.24851999},
{"Node_id":11606,"weight":0.31651002},
{"Node_id":11609,"weight":0.14975},
{"Node_id":11612,"weight":0.25224},
{"Node_id":11617,"weight":0.16906},
{"Node_id":11618,"weight":0.17736},
{"Node_id":11619,"weight":0.19296},
{"Node_id":11620,"weight":0.27857},
{"Node_id":11621,"weight":0.23546},
{"Node_id":11624,"weight":0.24670999},
{"Node_id":11626,"weight":0.1752},
{"Node_id":11627,"weight":0.20038},
{"Node_id":11628,"weight":0.14371},
{"Node_id":11630,"weight":0.14835},
{"Node_id":11631,"weight":0.19962},
{"Node_id":11632,"weight":0.2727},
{"Node_id":11634,"weight":0.23648},
{"Node_id":11635,"weight":0.3596},
{"Node_id":11638,"weight":0.19277},
{"Node_id":11639,"weight":0.23866001},
{"Node_id":11641,"weight":0.14624},
{"Node_id":11642,"weight":0.15484999},
{"Node_id":11644,"weight":0.24588001},
{"Node_id":11646,"weight":0.28652},
{"Node_id":11647,"weight":0.15062},
{"Node_id":11648,"weight":0.14881},
{"Node_id":11650,"weight":0.14921},
{"Node_id":11652,"weight":0.1776},
{"Node_id":11655,"weight":0.16973999},
{"Node_id":11658,"weight":0.2881},
{"Node_id":11660,"weight":0.23234001},
{"Node_id":11662,"weight":0.26563},
{"Node_id":11663,"weight":0.16486},
{"Node_id":11664,"weight":0.19332},
{"Node_id":11665,"weight":0.18523},
{"Node_id":11689,"weight":0.28574},
{"Node_id":11692,"weight":0.21719},
{"Node_id":11693,"weight":0.15035},
{"Node_id":11694,"weight":0.13882},
{"Node_id":11695,"weight":0.22576001},
{"Node_id":11696,"weight":0.33652002},
{"Node_id":11698,"weight":0.17105},
{"Node_id":11700,"weight":0.22551998},
{"Node_id":11701,"weight":0.13988},
{"Node_id":11704,"weight":0.17963001},
{"Node_id":11705,"weight":0.41002002},
{"Node_id":11706,"weight":0.25066},
{"Node_id":11708,"weight":0.2877},
{"Node_id":11711,"weight":0.14565},
{"Node_id":11712,"weight":0.1744},
{"Node_id":11718,"weight":0.41711003},
{"Node_id":11720,"weight":0.22049999},
{"Node_id":11721,"weight":0.31347},
{"Node_id":11723,"weight":0.1752},
{"Node_id":11724,"weight":0.30251998},
{"Node_id":11725,"weight":0.16368},
{"Node_id":11727,"weight":0.20565},
{"Node_id":11729,"weight":0.18135999},
{"Node_id":11730,"weight":0.22242},
{"Node_id":11733,"weight":0.20938},
{"Node_id":11734,"weight":0.20745},
{"Node_id":11736,"weight":0.15786001},
{"Node_id":11738,"weight":0.14663},
{"Node_id":11742,"weight":0.52347004},
{"Node_id":11745,"weight":0.18557},
{"Node_id":11748,"weight":0.2366},
{"Node_id":11750,"weight":0.31859},
{"Node_id":11752,"weight":0.18337},
{"Node_id":11754,"weight":0.2543},
{"Node_id":11757,"weight":0.21774001},
{"Node_id":11758,"weight":0.14795001},
{"Node_id":11759,"weight":0.13944},
{"Node_id":11762,"weight":0.52933},
{"Node_id":11765,"weight":0.15652},
{"Node_id":11768,"weight":0.15029},
{"Node_id":11771,"weight":0.32342},
{"Node_id":11774,"weight":0.22196},
{"Node_id":11776,"weight":0.57105},
{"Node_id":11813,"weight":0.18834},
{"Node_id":11814,"weight":0.16657},
{"Node_id":11817,"weight":0.34323},
{"Node_id":18324,"weight":0.19727},
{"Node_id":18326,"weight":0.30929},
{"Node_id":18327,"weight":0.23608999},
{"Node_id":18330,"weight":0.29896},
{"Node_id":18333,"weight":0.21124001},
{"Node_id":18335,"weight":0.23445001},
{"Node_id":18337,"weight":0.1752},
{"Node_id":18341,"weight":0.24951},
{"Node_id":18344,"weight":0.22599001},
{"Node_id":18345,"weight":0.18531999},
{"Node_id":18347,"weight":0.18379},
{"Node_id":18349,"weight":0.16317001},
{"Node_id":18352,"weight":0.18566},
{"Node_id":18353,"weight":0.18575},
{"Node_id":18354,"weight":0.16013},
{"Node_id":18360,"weight":0.14474},
{"Node_id":18361,"weight":0.30229002},
{"Node_id":18362,"weight":0.29529},
{"Node_id":18364,"weight":0.15218},
{"Node_id":18613,"weight":0.23063},
{"Node_id":18617,"weight":0.41914},
{"Node_id":18619,"weight":0.16302},
{"Node_id":18621,"weight":0.15245},
{"Node_id":18622,"weight":0.50294},
{"Node_id":18625,"weight":0.22907},
{"Node_id":18630,"weight":0.53771},
{"Node_id":18631,"weight":0.23918},
{"Node_id":18632,"weight":0.15326999},
{"Node_id":18782,"weight":0.19606},
{"Node_id":18783,"weight":0.17719},
{"Node_id":18785,"weight":0.24768},
{"Node_id":18797,"weight":0.29808},
{"Node_id":18798,"weight":0.43534002},
{"Node_id":18799,"weight":0.22528999},
{"Node_id":18801,"weight":0.15992},
{"Node_id":18802,"weight":0.16762},
{"Node_id":18804,"weight":0.30389},
{"Node_id":18805,"weight":0.33376998},
{"Node_id":18852,"weight":0.17447999},
{"Node_id":18854,"weight":0.20397},
{"Node_id":18858,"weight":0.15828},
{"Node_id":18861,"weight":0.17881},
{"Node_id":18920,"weight":0.32479998},
{"Node_id":18922,"weight":0.14565},
{"Node_id":18923,"weight":0.21092999},
{"Node_id":18940,"weight":0.29917},
{"Node_id":18941,"weight":0.15779},
{"Node_id":18944,"weight":0.19811},
{"Node_id":18945,"weight":0.14526},
{"Node_id":18946,"weight":0.15771},
{"Node_id":18947,"weight":0.18062},
{"Node_id":18952,"weight":0.21322998},
{"Node_id":18953,"weight":0.14223},
{"Node_id":18954,"weight":0.43857998},
{"Node_id":18958,"weight":0.1513},
{"Node_id":18959,"weight":0.17036},
{"Node_id":18961,"weight":0.44450998},
{"Node_id":18963,"weight":0.22185},
{"Node_id":18964,"weight":0.17535},
{"Node_id":18965,"weight":0.2102},
{"Node_id":18967,"weight":0.18851},
{"Node_id":18968,"weight":0.18379},
{"Node_id":18969,"weight":0.56515},
{"Node_id":18970,"weight":0.18992},
{"Node_id":18972,"weight":0.20125},
{"Node_id":18974,"weight":0.17244},
{"Node_id":18981,"weight":0.16694},
{"Node_id":18983,"weight":0.2889},
{"Node_id":18984,"weight":0.2885},
{"Node_id":18985,"weight":0.15259},
{"Node_id":18986,"weight":0.38567},
{"Node_id":18992,"weight":0.29808},
{"Node_id":18993,"weight":0.29614002},
{"Node_id":18996,"weight":0.17623},
{"Node_id":18997,"weight":0.23710999},
{"Node_id":19001,"weight":0.20029},
{"Node_id":19004,"weight":0.29381},
{"Node_id":19005,"weight":0.29174},
{"Node_id":19007,"weight":0.18103},
{"Node_id":19009,"weight":0.2887},
{"Node_id":19022,"weight":0.16785},
{"Node_id":19023,"weight":0.30006},
{"Node_id":19026,"weight":0.38275},
{"Node_id":19028,"weight":0.3055},
{"Node_id":19031,"weight":0.32905},
{"Node_id":19032,"weight":0.1901},
{"Node_id":19034,"weight":0.19802001},
{"Node_id":19035,"weight":0.78235996},
{"Node_id":19040,"weight":0.40163},
{"Node_id":19041,"weight":0.14915},
{"Node_id":19042,"weight":0.15347001},
{"Node_id":19044,"weight":0.22611001},
{"Node_id":19124,"weight":0.28248},
{"Node_id":19128,"weight":0.17480001},
{"Node_id":19132,"weight":0.24491999},
{"Node_id":19133,"weight":0.18904},
{"Node_id":19135,"weight":0.16508},
{"Node_id":19138,"weight":0.20897},
{"Node_id":19140,"weight":0.1956},
{"Node_id":19142,"weight":0.28574},
{"Node_id":19148,"weight":0.14140001},
{"Node_id":19149,"weight":0.17496},
{"Node_id":19150,"weight":0.20318},
{"Node_id":19152,"weight":0.18755999},
{"Node_id":19774,"weight":0.25371},
{"Node_id":19775,"weight":0.14140001},
{"Node_id":19776,"weight":0.24643},
{"Node_id":19806,"weight":0.14461},
{"Node_id":19807,"weight":0.20446},
{"Node_id":19810,"weight":0.15062},
{"Node_id":19811,"weight":0.20989001},
{"Node_id":19813,"weight":0.15484999},
{"Node_id":19815,"weight":0.16950999},
{"Node_id":19816,"weight":0.18270001},
{"Node_id":19817,"weight":0.14384},
{"Node_id":19818,"weight":0.27551},
{"Node_id":19820,"weight":0.21333},
{"Node_id":19821,"weight":0.19634},
{"Node_id":19822,"weight":0.27604002},
{"Node_id":19823,"weight":0.15779},
{"Node_id":19826,"weight":0.36233002},
{"Node_id":19835,"weight":0.14229},
{"Node_id":19840,"weight":0.24937001},
{"Node_id":19842,"weight":0.19268},
{"Node_id":19843,"weight":0.14351},
{"Node_id":19846,"weight":0.19001},
{"Node_id":19886,"weight":0.21939},
{"Node_id":19887,"weight":0.15143},
{"Node_id":19888,"weight":0.18202999},
{"Node_id":19889,"weight":0.15055},
{"Node_id":19890,"weight":0.18575},
{"Node_id":19892,"weight":0.14274},
{"Node_id":19893,"weight":0.21503},
{"Node_id":19896,"weight":0.19395},
{"Node_id":19899,"weight":0.15687},
{"Node_id":19900,"weight":0.23394999},
{"Node_id":19902,"weight":0.13918999},
{"Node_id":19903,"weight":0.15568},
{"Node_id":19904,"weight":0.16361001},
{"Node_id":19906,"weight":0.2891},
{"Node_id":19908,"weight":0.71300995},
{"Node_id":19916,"weight":0.39176},
{"Node_id":19919,"weight":0.20948},
{"Node_id":19921,"weight":0.47357002},
{"Node_id":19923,"weight":0.14185},
{"Node_id":19927,"weight":0.26793998},
{"Node_id":19937,"weight":0.17043},
{"Node_id":19939,"weight":0.1822},
{"Node_id":19945,"weight":0.35732},
{"Node_id":19946,"weight":0.17971},
{"Node_id":19947,"weight":0.29962},
{"Node_id":19948,"weight":0.23198},
{"Node_id":19949,"weight":0.24275},
{"Node_id":19952,"weight":0.1832},
{"Node_id":19953,"weight":0.139},
{"Node_id":19954,"weight":0.23358},
{"Node_id":19957,"weight":0.19802001},
{"Node_id":19959,"weight":0.27986},
{"Node_id":19962,"weight":0.38371998},
{"Node_id":19963,"weight":0.23546},
{"Node_id":19968,"weight":0.17719},
{"Node_id":19970,"weight":0.18843},
{"Node_id":19971,"weight":0.20876999},
{"Node_id":19977,"weight":0.33591002},
{"Node_id":19978,"weight":0.21884},
{"Node_id":19979,"weight":0.29298002},
{"Node_id":19980,"weight":0.44987997},
{"Node_id":19981,"weight":0.37669},
{"Node_id":20061,"weight":0.18878},
{"Node_id":20064,"weight":0.40514},
{"Node_id":20067,"weight":0.17503999},
{"Node_id":20070,"weight":0.21589},
{"Node_id":20072,"weight":0.23879},
{"Node_id":20075,"weight":0.2239},
{"Node_id":20076,"weight":0.21643},
{"Node_id":20077,"weight":0.25489},
{"Node_id":20080,"weight":0.35657},
{"Node_id":20081,"weight":0.19782999},
{"Node_id":20083,"weight":0.53771},
{"Node_id":20104,"weight":0.50609004},
{"Node_id":20105,"weight":0.43066},
{"Node_id":20106,"weight":0.31099},
{"Node_id":20108,"weight":0.18245},
{"Node_id":20109,"weight":0.18245},
{"Node_id":20217,"weight":0.1513},
{"Node_id":20219,"weight":0.22402},
{"Node_id":20221,"weight":0.22787002},
{"Node_id":20227,"weight":0.23508},
{"Node_id":20228,"weight":0.52734},
{"Node_id":20231,"weight":0.13951},
{"Node_id":20264,"weight":0.17833},
{"Node_id":20265,"weight":0.14795001},
{"Node_id":20266,"weight":0.15694},
{"Node_id":20268,"weight":0.21785},
{"Node_id":20269,"weight":0.16171},
{"Node_id":20270,"weight":0.13882},
{"Node_id":20271,"weight":0.47241998},
{"Node_id":20272,"weight":0.25415},
{"Node_id":20276,"weight":0.18294999},
{"Node_id":20277,"weight":0.24698},
{"Node_id":20278,"weight":0.19305},
{"Node_id":20280,"weight":0.19036},
{"Node_id":20282,"weight":0.16244},
{"Node_id":20283,"weight":0.15506001},
{"Node_id":20284,"weight":0.18851},
{"Node_id":20287,"weight":0.15687},
{"Node_id":20289,"weight":0.22344},
{"Node_id":20292,"weight":0.21796},
{"Node_id":20315,"weight":0.17623},
{"Node_id":20320,"weight":0.22128999},
{"Node_id":20631,"weight":0.15779},
{"Node_id":20990,"weight":0.19802001},
{"Node_id":21077,"weight":0.28229},
{"Node_id":21079,"weight":0.35288998},
{"Node_id":21083,"weight":0.20605},
{"Node_id":21085,"weight":0.17206},
{"Node_id":21086,"weight":0.21302},
{"Node_id":21088,"weight":0.17159},
{"Node_id":21091,"weight":0.17206},
{"Node_id":21093,"weight":0.16013},
{"Node_id":21094,"weight":0.46363002},
{"Node_id":21105,"weight":0.19422999},
{"Node_id":21106,"weight":0.14480999},
{"Node_id":21108,"weight":0.15575},
{"Node_id":21111,"weight":0.19915},
{"Node_id":21113,"weight":0.19296},
{"Node_id":21115,"weight":0.3842},
{"Node_id":21117,"weight":0.22344},
{"Node_id":21119,"weight":0.29852},
{"Node_id":21121,"weight":0.18557},
{"Node_id":21123,"weight":0.26911},
{"Node_id":21125,"weight":0.29786},
{"Node_id":21127,"weight":0.18362},
{"Node_id":21129,"weight":0.21796},
{"Node_id":21130,"weight":0.17963001},
{"Node_id":21131,"weight":0.21},
{"Node_id":21132,"weight":0.23321},
{"Node_id":21133,"weight":0.23584001},
{"Node_id":21137,"weight":0.18387},
{"Node_id":21139,"weight":0.19943},
{"Node_id":21220,"weight":0.26810998},
{"Node_id":21221,"weight":0.18695},
{"Node_id":21222,"weight":0.20309},
{"Node_id":21224,"weight":0.45653},
{"Node_id":21225,"weight":0.23996},
{"Node_id":21226,"weight":0.14881},
{"Node_id":21228,"weight":0.30905002},
{"Node_id":21230,"weight":0.14513001},
{"Node_id":21278,"weight":0.30139},
{"Node_id":21281,"weight":0.17276},
{"Node_id":21324,"weight":0.24221},
{"Node_id":21326,"weight":0.22739999},
{"Node_id":21327,"weight":0.28691},
{"Node_id":21328,"weight":0.1397},
{"Node_id":21329,"weight":0.18992},
{"Node_id":21400,"weight":0.20866999},
{"Node_id":21401,"weight":0.1699},
{"Node_id":21410,"weight":0.21796},
{"Node_id":21411,"weight":0.21217999},
{"Node_id":21412,"weight":0.1532},
{"Node_id":21413,"weight":0.28496},
{"Node_id":21414,"weight":0.38038},
{"Node_id":21417,"weight":0.23635001},
{"Node_id":21418,"weight":0.14513001},
{"Node_id":21427,"weight":0.28535},
{"Node_id":21428,"weight":0.21972},
{"Node_id":21429,"weight":0.23608999},
{"Node_id":21431,"weight":0.19981},
{"Node_id":21432,"weight":0.49264002},
{"Node_id":21435,"weight":0.24909},
{"Node_id":21441,"weight":0.21493001},
{"Node_id":21443,"weight":0.31075},
{"Node_id":21446,"weight":0.14682999},
{"Node_id":21447,"weight":0.20009999},
{"Node_id":21448,"weight":0.14888},
{"Node_id":21449,"weight":0.1587},
{"Node_id":21450,"weight":0.25713998},
{"Node_id":21451,"weight":0.15527001},
{"Node_id":21453,"weight":0.14147},
{"Node_id":21454,"weight":0.16739},
{"Node_id":21455,"weight":0.17906},
{"Node_id":21457,"weight":0.24075},
{"Node_id":21463,"weight":0.30072},
{"Node_id":21465,"weight":0.35362},
{"Node_id":21466,"weight":0.19286999},
{"Node_id":21468,"weight":0.20202},
{"Node_id":21470,"weight":0.14749},
{"Node_id":21471,"weight":0.22967},
{"Node_id":21472,"weight":0.29195002},
{"Node_id":21590,"weight":0.22586998},
{"Node_id":21593,"weight":0.46363002},
{"Node_id":21594,"weight":0.39936},
{"Node_id":21597,"weight":0.19386},
{"Node_id":21599,"weight":0.16442},
{"Node_id":21606,"weight":0.22402},
{"Node_id":21607,"weight":0.54217},
{"Node_id":21653,"weight":0.15506001},
{"Node_id":21654,"weight":0.29874},
{"Node_id":21666,"weight":0.13869},
{"Node_id":21671,"weight":0.32619},
{"Node_id":21672,"weight":0.30251998},
{"Node_id":21688,"weight":0.1886},
{"Node_id":21689,"weight":0.20887001},
{"Node_id":21697,"weight":0.19905},
{"Node_id":21718,"weight":0.16013},
{"Node_id":21719,"weight":0.22704999},
{"Node_id":21720,"weight":0.23259},
{"Node_id":21721,"weight":0.15015},
{"Node_id":21724,"weight":0.20897},
{"Node_id":21725,"weight":0.21665001},
{"Node_id":21836,"weight":0.15076},
{"Node_id":21837,"weight":0.23622},
{"Node_id":21840,"weight":0.1726},
{"Node_id":21849,"weight":0.19018},
{"Node_id":21850,"weight":0.41711003},
{"Node_id":21852,"weight":0.20695},
{"Node_id":21874,"weight":0.46052998},
{"Node_id":21875,"weight":0.44896},
{"Node_id":21876,"weight":0.34591},
{"Node_id":21877,"weight":0.22859001},
{"Node_id":21880,"weight":0.14134},
{"Node_id":21881,"weight":0.20555},
{"Node_id":21890,"weight":0.23673001},
{"Node_id":21891,"weight":0.19359},
{"Node_id":21893,"weight":0.18531999},
{"Node_id":21894,"weight":0.1812},
{"Node_id":21897,"weight":0.22979},
{"Node_id":21898,"weight":0.49264002},
{"Node_id":21900,"weight":0.34865},
{"Node_id":21902,"weight":0.15878001},
{"Node_id":21903,"weight":0.49126},
{"Node_id":21904,"weight":0.13951},
{"Node_id":21907,"weight":0.16694},
{"Node_id":21908,"weight":0.20836},
{"Node_id":21910,"weight":0.25564},
{"Node_id":21912,"weight":0.21514001},
{"Node_id":21915,"weight":0.31247002},
{"Node_id":21916,"weight":0.47711},
{"Node_id":21917,"weight":0.20337999},
{"Node_id":21918,"weight":0.24221},
{"Node_id":21920,"weight":0.26962},
{"Node_id":21922,"weight":0.16898},
{"Node_id":21924,"weight":0.16449},
{"Node_id":21926,"weight":0.18575},
{"Node_id":21928,"weight":0.26336998},
{"Node_id":21930,"weight":0.20635},
{"Node_id":21931,"weight":0.26194},
{"Node_id":21932,"weight":0.1656},
{"Node_id":21934,"weight":0.15694},
{"Node_id":21935,"weight":0.17631},
{"Node_id":21936,"weight":0.14255},
{"Node_id":21938,"weight":0.14268},
{"Node_id":21940,"weight":0.27081},
{"Node_id":21941,"weight":0.16383},
{"Node_id":21944,"weight":0.49989},
{"Node_id":21945,"weight":0.16672},
{"Node_id":21946,"weight":0.27115},
{"Node_id":21949,"weight":0.20655},
{"Node_id":21950,"weight":0.16694},
{"Node_id":21952,"weight":0.186},
{"Node_id":21955,"weight":0.25594002},
{"Node_id":21992,"weight":0.22196},
{"Node_id":21994,"weight":0.45951},
{"Node_id":21996,"weight":0.29678},
{"Node_id":22034,"weight":0.18103},
{"Node_id":22036,"weight":0.15673},
{"Node_id":22039,"weight":0.28652},
{"Node_id":22042,"weight":0.31099},
{"Node_id":22043,"weight":0.25944},
{"Node_id":22044,"weight":0.21557},
{"Node_id":22045,"weight":0.34489998},
{"Node_id":22046,"weight":0.37991},
{"Node_id":22049,"weight":0.18913},
{"Node_id":22054,"weight":0.14306},
{"Node_id":22056,"weight":0.31807},
{"Node_id":22058,"weight":0.30095},
{"Node_id":22063,"weight":0.15513},
{"Node_id":22064,"weight":0.14756},
{"Node_id":22095,"weight":0.18789999},
{"Node_id":22097,"weight":0.19662},
{"Node_id":22101,"weight":0.2401},
{"Node_id":22106,"weight":0.23608999},
{"Node_id":22111,"weight":0.21861999},
{"Node_id":22115,"weight":0.42546},
{"Node_id":22116,"weight":0.40514},
{"Node_id":22118,"weight":0.1983},
{"Node_id":22119,"weight":0.1712},
{"Node_id":22202,"weight":0.3504},
{"Node_id":22203,"weight":0.15715},
{"Node_id":22204,"weight":0.33652002},
{"Node_id":22208,"weight":0.23002999},
{"Node_id":22210,"weight":0.43614},
{"Node_id":22211,"weight":0.61170995},
{"Node_id":22214,"weight":0.22219},
{"Node_id":22216,"weight":0.16171},
{"Node_id":22219,"weight":0.24866},
{"Node_id":22221,"weight":0.56232},
{"Node_id":22224,"weight":0.19708},
{"Node_id":22225,"weight":0.17385},
{"Node_id":22226,"weight":0.21545999},
{"Node_id":22227,"weight":0.27081},
{"Node_id":22229,"weight":0.33591002},
{"Node_id":22232,"weight":0.20918},
{"Node_id":22233,"weight":0.34623998},
{"Node_id":22235,"weight":0.20755},
{"Node_id":22236,"weight":0.26353},
{"Node_id":22238,"weight":0.17599},
{"Node_id":22240,"weight":0.178},
{"Node_id":22241,"weight":0.20221},
{"Node_id":22244,"weight":0.32452},
{"Node_id":22246,"weight":0.31912},
{"Node_id":22251,"weight":0.39712998},
{"Node_id":22289,"weight":0.20309},
{"Node_id":22290,"weight":0.14663},
{"Node_id":22292,"weight":0.14928},
{"Node_id":22297,"weight":0.28116},
{"Node_id":22300,"weight":0.23458},
{"Node_id":22301,"weight":0.25181},
{"Node_id":22304,"weight":0.22646001},
{"Node_id":22305,"weight":0.49548},
{"Node_id":22306,"weight":0.34456},
{"Node_id":22307,"weight":0.17028001},
{"Node_id":22310,"weight":0.168},
{"Node_id":22312,"weight":0.42330998},
{"Node_id":22313,"weight":0.22106},
{"Node_id":22314,"weight":0.23699},
{"Node_id":22315,"weight":0.42619},
{"Node_id":22325,"weight":0.20625},
{"Node_id":22329,"weight":0.20348},
{"Node_id":22337,"weight":0.25474},
{"Node_id":22340,"weight":0.39440998},
{"Node_id":22342,"weight":0.1866},
{"Node_id":22457,"weight":0.18261},
{"Node_id":22538,"weight":0.24114999},
{"Node_id":22540,"weight":0.17639},
{"Node_id":22570,"weight":0.13982001},
{"Node_id":22572,"weight":0.17005},
{"Node_id":22629,"weight":0.3005},
{"Node_id":22678,"weight":0.55956995},
{"Node_id":22680,"weight":0.41845998},
{"Node_id":22681,"weight":0.29571},
{"Node_id":22683,"weight":0.44987997},
{"Node_id":22685,"weight":0.17528},
{"Node_id":22687,"weight":0.16295001},
{"Node_id":22689,"weight":0.19551},
{"Node_id":22692,"weight":0.21103},
{"Node_id":22693,"weight":0.21375999},
{"Node_id":22697,"weight":0.14624},
{"Node_id":22698,"weight":0.63182},
{"Node_id":22774,"weight":0.25474},
{"Node_id":22775,"weight":0.2184},
{"Node_id":22779,"weight":0.20846},
{"Node_id":22780,"weight":0.21982999},
{"Node_id":22781,"weight":0.15665999},
{"Node_id":22782,"weight":0.39658},
{"Node_id":22783,"weight":0.1886},
{"Node_id":22792,"weight":0.15123},
{"Node_id":22794,"weight":0.21577999},
{"Node_id":22795,"weight":0.21407},
{"Node_id":22797,"weight":0.23892},
{"Node_id":22799,"weight":0.27046},
{"Node_id":22801,"weight":0.18294999},
{"Node_id":22803,"weight":0.29195002},
{"Node_id":22805,"weight":0.22483},
{"Node_id":22808,"weight":0.30028},
{"Node_id":22813,"weight":0.26466},
{"Node_id":22816,"weight":0.40455},
{"Node_id":22820,"weight":0.14967999},
{"Node_id":22822,"weight":0.22811},
{"Node_id":22824,"weight":0.19746},
{"Node_id":22825,"weight":0.34489998},
{"Node_id":22827,"weight":0.27931002},
{"Node_id":22839,"weight":0.22028},
{"Node_id":22841,"weight":0.38371998},
{"Node_id":22844,"weight":0.7418},
{"Node_id":22847,"weight":0.15292999},
{"Node_id":22848,"weight":0.15396},
{"Node_id":22867,"weight":0.16433999},
{"Node_id":22870,"weight":0.20067},
{"Node_id":22871,"weight":0.20019},
{"Node_id":22873,"weight":0.21884},
{"Node_id":22877,"weight":0.26777},
{"Node_id":22878,"weight":0.29465002},
{"Node_id":22883,"weight":0.21145001},
{"Node_id":22887,"weight":0.38227},
{"Node_id":22890,"weight":0.19468},
{"Node_id":22891,"weight":0.49989},
{"Node_id":22893,"weight":0.1843},
{"Node_id":22895,"weight":0.28633},
{"Node_id":22897,"weight":0.22196},
{"Node_id":22901,"weight":0.15347001},
{"Node_id":22903,"weight":0.16648999},
{"Node_id":22905,"weight":0.22425},
{"Node_id":22906,"weight":0.20615001},
{"Node_id":22909,"weight":0.44538003},
{"Node_id":22911,"weight":0.14572},
{"Node_id":22912,"weight":0.26678},
{"Node_id":22914,"weight":0.17575},
{"Node_id":22915,"weight":0.19662},
{"Node_id":22918,"weight":0.14578},
{"Node_id":22922,"weight":0.20058},
{"Node_id":22923,"weight":0.20397},
{"Node_id":22924,"weight":0.16523},
{"Node_id":23050,"weight":0.16822},
{"Node_id":23051,"weight":0.19395},
{"Node_id":23052,"weight":0.15245},
{"Node_id":23054,"weight":0.33714002},
{"Node_id":23058,"weight":0.22669001},
{"Node_id":23061,"weight":0.24248},
{"Node_id":23062,"weight":0.1752},
{"Node_id":23063,"weight":0.2576},
{"Node_id":23124,"weight":0.20172998},
{"Node_id":23233,"weight":0.22049999},
{"Node_id":23241,"weight":0.27046},
{"Node_id":23245,"weight":0.30833},
{"Node_id":23247,"weight":0.25609},
{"Node_id":23248,"weight":0.24049},
{"Node_id":23251,"weight":0.21375999},
{"Node_id":23252,"weight":0.15694},
{"Node_id":23255,"weight":0.19487},
{"Node_id":23257,"weight":0.14172},
{"Node_id":23259,"weight":0.30762},
{"Node_id":23263,"weight":0.1719},
{"Node_id":23264,"weight":0.2214},
{"Node_id":23266,"weight":0.20725},
{"Node_id":23268,"weight":0.16747001},
{"Node_id":23271,"weight":0.34356},
{"Node_id":23272,"weight":0.33871},
{"Node_id":23273,"weight":0.20269999},
{"Node_id":23274,"weight":0.3714},
{"Node_id":23275,"weight":0.23111999},
{"Node_id":23277,"weight":0.19886},
{"Node_id":23279,"weight":0.19377},
{"Node_id":23280,"weight":0.18128},
{"Node_id":23293,"weight":0.15548},
{"Node_id":23294,"weight":0.15807},
{"Node_id":23297,"weight":0.17607},
{"Node_id":23299,"weight":0.26728},
{"Node_id":23300,"weight":0.1628},
{"Node_id":23301,"weight":0.15225},
{"Node_id":23302,"weight":0.16950999},
{"Node_id":23363,"weight":0.16792001},
{"Node_id":23367,"weight":0.16288},
{"Node_id":23370,"weight":0.26482},
{"Node_id":23372,"weight":0.14115},
{"Node_id":23373,"weight":0.51100004},
{"Node_id":23374,"weight":0.33777002},
{"Node_id":23376,"weight":0.25195},
{"Node_id":23380,"weight":0.31447},
{"Node_id":23381,"weight":0.16657},
{"Node_id":23383,"weight":0.25254},
{"Node_id":23385,"weight":0.21545999},
{"Node_id":23388,"weight":0.36718},
{"Node_id":23391,"weight":0.33903},
{"Node_id":23392,"weight":0.51975},
{"Node_id":23393,"weight":0.29402},
{"Node_id":23395,"weight":0.2342},
{"Node_id":23400,"weight":0.33620998},
{"Node_id":23401,"weight":0.18395999},
{"Node_id":23457,"weight":0.22859001},
{"Node_id":23458,"weight":0.24574001},
{"Node_id":23459,"weight":0.30006},
{"Node_id":23460,"weight":0.23148999},
{"Node_id":23461,"weight":0.25181},
{"Node_id":23464,"weight":0.25729},
{"Node_id":23532,"weight":0.29962},
{"Node_id":23544,"weight":0.29786},
{"Node_id":23547,"weight":0.31124002},
{"Node_id":23761,"weight":0.33317},
{"Node_id":23762,"weight":0.15109},
{"Node_id":23766,"weight":0.15029},
{"Node_id":23767,"weight":0.26979},
{"Node_id":23768,"weight":0.33347002},
{"Node_id":23770,"weight":0.2397},
{"Node_id":23772,"weight":0.19588},
{"Node_id":23816,"weight":0.23763001},
{"Node_id":23817,"weight":0.14229},
{"Node_id":23818,"weight":0.33347002},
{"Node_id":23821,"weight":0.18904},
{"Node_id":23822,"weight":0.24089},
{"Node_id":23825,"weight":0.38132},
{"Node_id":23827,"weight":0.14396},
{"Node_id":23830,"weight":0.30667},
{"Node_id":23832,"weight":0.21654001},
{"Node_id":23838,"weight":0.29215},
{"Node_id":23839,"weight":0.14975},
{"Node_id":23878,"weight":0.21752},
{"Node_id":23879,"weight":0.18816},
{"Node_id":23881,"weight":0.14026001},
{"Node_id":23884,"weight":0.13888},
{"Node_id":23887,"weight":0.38918},
{"Node_id":23889,"weight":0.17151001},
{"Node_id":23891,"weight":0.39992002},
{"Node_id":23947,"weight":0.1568},
{"Node_id":23949,"weight":0.15700999},
{"Node_id":23951,"weight":0.15589},
{"Node_id":23952,"weight":0.14261},
{"Node_id":23967,"weight":0.21249},
{"Node_id":23972,"weight":0.17267999},
{"Node_id":23991,"weight":0.31884998},
{"Node_id":23992,"weight":0.27115},
{"Node_id":23993,"weight":0.29529},
{"Node_id":23994,"weight":0.40221},
{"Node_id":23997,"weight":0.28023},
{"Node_id":23998,"weight":0.20407},
{"Node_id":23999,"weight":0.30905002},
{"Node_id":24001,"weight":0.22774999},
{"Node_id":24002,"weight":0.24656999},
{"Node_id":24007,"weight":0.28613},
{"Node_id":24009,"weight":0.2145},
{"Node_id":24047,"weight":0.18965},
{"Node_id":24078,"weight":0.13988},
{"Node_id":24080,"weight":0.16493},
{"Node_id":24183,"weight":0.16442},
{"Node_id":24186,"weight":0.14249},
{"Node_id":24189,"weight":0.25283},
{"Node_id":24190,"weight":0.25459},
{"Node_id":24191,"weight":0.1656},
{"Node_id":24192,"weight":0.30667},
{"Node_id":24227,"weight":0.17881},
{"Node_id":24233,"weight":0.23371},
{"Node_id":24234,"weight":0.19953},
{"Node_id":24237,"weight":0.18825},
{"Node_id":24238,"weight":0.18421},
{"Node_id":24251,"weight":0.26894},
{"Node_id":24253,"weight":0.35472},
{"Node_id":24254,"weight":0.32507},
{"Node_id":24278,"weight":0.23482999},
{"Node_id":24279,"weight":0.17291},
{"Node_id":24282,"weight":0.34623998},
{"Node_id":24283,"weight":0.20959},
{"Node_id":24285,"weight":0.15002},
{"Node_id":24287,"weight":0.25254},
{"Node_id":24289,"weight":0.24261999},
{"Node_id":24291,"weight":0.25518999},
{"Node_id":24414,"weight":0.25609},
{"Node_id":24415,"weight":0.21982999},
{"Node_id":24416,"weight":0.17417},
{"Node_id":24417,"weight":0.21113},
{"Node_id":24455,"weight":0.22764},
{"Node_id":24457,"weight":0.13944},
{"Node_id":24458,"weight":0.20525},
{"Node_id":24459,"weight":0.30481},
{"Node_id":24460,"weight":0.45951},
{"Node_id":24461,"weight":0.29444},
{"Node_id":24464,"weight":0.27287},
{"Node_id":24465,"weight":0.1726},
{"Node_id":24466,"weight":0.24505},
{"Node_id":24469,"weight":0.50141},
{"Node_id":24472,"weight":0.20565},
{"Node_id":24473,"weight":0.58753},
{"Node_id":24474,"weight":0.14995},
{"Node_id":24478,"weight":0.19699},
{"Node_id":24480,"weight":0.21461001},
{"Node_id":24481,"weight":0.14565},
{"Node_id":24483,"weight":0.24288002},
{"Node_id":24486,"weight":0.25821},
{"Node_id":24487,"weight":0.15002},
{"Node_id":24488,"weight":0.34934002},
{"Node_id":24491,"weight":0.24881001},
{"Node_id":24492,"weight":0.14941},
{"Node_id":24493,"weight":0.18145},
{"Node_id":24494,"weight":0.17776},
{"Node_id":24495,"weight":0.7418},
{"Node_id":24505,"weight":0.43143},
{"Node_id":24530,"weight":0.32479998},
{"Node_id":24532,"weight":0.27569002},
{"Node_id":24539,"weight":0.24796},
{"Node_id":24541,"weight":0.17097},
{"Node_id":24545,"weight":0.18228},
{"Node_id":24547,"weight":0.18868999},
{"Node_id":24548,"weight":0.15942},
{"Node_id":24550,"weight":0.15177},
{"Node_id":24552,"weight":0.15204},
{"Node_id":24553,"weight":0.22471002},
{"Node_id":24556,"weight":0.27765998},
{"Node_id":24558,"weight":0.22084},
{"Node_id":24560,"weight":0.47473997},
{"Node_id":55321,"weight":0.01294},
{"Node_id":55322,"weight":0.12720999},
{"Node_id":55323,"weight":0.32676},
{"Node_id":55325,"weight":0.28691},
{"Node_id":55328,"weight":0.14204},
{"Node_id":55329,"weight":0.04561},
{"Node_id":55330,"weight":0.27046},
{"Node_id":55333,"weight":0.162},
{"Node_id":55335,"weight":0.06955},
{"Node_id":55336,"weight":0.25166},
{"Node_id":55337,"weight":0.54447997},
{"Node_id":55339,"weight":0.06239},
{"Node_id":55343,"weight":0.19569},
{"Node_id":55344,"weight":0.16822},
{"Node_id":55345,"weight":0.08274},
{"Node_id":55346,"weight":0.111039996},
{"Node_id":55347,"weight":0.12111},
{"Node_id":55348,"weight":0.12855999},
{"Node_id":55349,"weight":0.20755},
{"Node_id":55351,"weight":0.04084},
{"Node_id":55352,"weight":0.23185},
{"Node_id":55361,"weight":0.124479994},
{"Node_id":55362,"weight":0.00853},
{"Node_id":55363,"weight":0.07598},
{"Node_id":55366,"weight":0.18270001},
{"Node_id":55373,"weight":0.40878},
{"Node_id":55376,"weight":0.21741},
{"Node_id":55377,"weight":0.06803},
{"Node_id":55380,"weight":0.37011},
{"Node_id":55386,"weight":0.48588},
{"Node_id":55387,"weight":0.27857},
{"Node_id":55388,"weight":0.25459},
{"Node_id":55390,"weight":0.17089},
{"Node_id":55392,"weight":0.02302},
{"Node_id":55393,"weight":0.34289998},
{"Node_id":55394,"weight":0.20377},
{"Node_id":55395,"weight":0.034369998},
{"Node_id":55396,"weight":0.022939999},
{"Node_id":55403,"weight":0.16128},
{"Node_id":55405,"weight":0.48988},
{"Node_id":55407,"weight":0.06678},
{"Node_id":55408,"weight":0.10465},
{"Node_id":55409,"weight":0.08231},
{"Node_id":55429,"weight":0.11859},
{"Node_id":55430,"weight":0.16973999},
{"Node_id":55432,"weight":0.031740002},
{"Node_id":55435,"weight":0.09203},
{"Node_id":55436,"weight":0.09346},
{"Node_id":55437,"weight":0.25195},
{"Node_id":55438,"weight":0.109969996},
{"Node_id":55439,"weight":0.108},
{"Node_id":55440,"weight":0.032929998},
{"Node_id":55445,"weight":0.03756},
{"Node_id":55449,"weight":0.00532},
{"Node_id":55451,"weight":0.024079999},
{"Node_id":55453,"weight":0.09982},
{"Node_id":55455,"weight":0.02884},
{"Node_id":55457,"weight":0.11914001},
{"Node_id":55459,"weight":0.09714},
{"Node_id":55464,"weight":0.01141},
{"Node_id":55466,"weight":0.04879},
{"Node_id":55469,"weight":0.01322},
{"Node_id":55572,"weight":0.18379},
{"Node_id":56253,"weight":0.17159},
{"Node_id":56278,"weight":0.18904},
{"Node_id":56280,"weight":0.07745},
{"Node_id":56282,"weight":0.09494},
{"Node_id":56283,"weight":0.139},
{"Node_id":56284,"weight":0.29896},
{"Node_id":56286,"weight":0.43694},
{"Node_id":56287,"weight":0.18878},
{"Node_id":56288,"weight":0.1033},
{"Node_id":56290,"weight":0.06682},
{"Node_id":56296,"weight":0.07773},
{"Node_id":56299,"weight":0.13081},
{"Node_id":56303,"weight":0.04084},
{"Node_id":56305,"weight":0.24356},
{"Node_id":56309,"weight":0.12727},
{"Node_id":56310,"weight":0.09997},
{"Node_id":56311,"weight":0.082169995},
{"Node_id":56312,"weight":0.113900006},
{"Node_id":56314,"weight":0.02152},
{"Node_id":56316,"weight":0.12790999},
{"Node_id":56318,"weight":0.01987},
{"Node_id":56321,"weight":0.54927003},
{"Node_id":56322,"weight":0.27586},
{"Node_id":56327,"weight":0.11521},
{"Node_id":56329,"weight":0.26547},
{"Node_id":56334,"weight":0.07727},
{"Node_id":56337,"weight":0.36677},
{"Node_id":56345,"weight":0.122080006},
{"Node_id":56346,"weight":0.1901},
{"Node_id":56349,"weight":0.04604},
{"Node_id":56350,"weight":0.077130005},
{"Node_id":56351,"weight":0.03789},
{"Node_id":56352,"weight":0.09494},
{"Node_id":56353,"weight":0.122360006},
{"Node_id":56355,"weight":0.01129},
{"Node_id":56356,"weight":0.15561},
{"Node_id":56357,"weight":0.034169998},
{"Node_id":56358,"weight":0.07662},
{"Node_id":56398,"weight":0.19615},
{"Node_id":56399,"weight":0.109060004},
{"Node_id":56400,"weight":0.04583},
{"Node_id":56402,"weight":0.06745},
{"Node_id":56405,"weight":0.11703},
{"Node_id":56406,"weight":0.02189},
{"Node_id":56408,"weight":0.13004},
{"Node_id":56409,"weight":0.55956995},
{"Node_id":56411,"weight":0.17503999},
{"Node_id":56412,"weight":0.16501},
{"Node_id":56414,"weight":0.084869996},
{"Node_id":56415,"weight":0.05147},
{"Node_id":56422,"weight":0.15265},
{"Node_id":56430,"weight":0.07286},
{"Node_id":56431,"weight":0.22276},
{"Node_id":56448,"weight":0.102989994},
{"Node_id":56449,"weight":0.25079998},
{"Node_id":56452,"weight":0.1014},
{"Node_id":56453,"weight":0.21418},
{"Node_id":56455,"weight":0.32619},
{"Node_id":56457,"weight":0.07286},
{"Node_id":56466,"weight":0.18103},
{"Node_id":56473,"weight":0.21676},
{"Node_id":56475,"weight":0.15645},
{"Node_id":56477,"weight":0.15652},
{"Node_id":56713,"weight":0.16288},
{"Node_id":56714,"weight":0.16114},
{"Node_id":56715,"weight":0.20125},
{"Node_id":56788,"weight":0.17744},
{"Node_id":56790,"weight":0.17307},
{"Node_id":56793,"weight":0.04912},
{"Node_id":56795,"weight":0.10222},
{"Node_id":56796,"weight":0.05117},
{"Node_id":56797,"weight":0.17792},
{"Node_id":56799,"weight":0.0131},
{"Node_id":56801,"weight":0.08789},
{"Node_id":56803,"weight":0.08886},
{"Node_id":56804,"weight":0.055239998},
{"Node_id":56805,"weight":0.15687},
{"Node_id":56807,"weight":0.40396},
{"Node_id":56808,"weight":0.48330003},
{"Node_id":56809,"weight":0.072909996},
{"Node_id":56814,"weight":0.16013},
{"Node_id":56820,"weight":0.34623998},
{"Node_id":56824,"weight":0.23559001},
{"Node_id":56828,"weight":0.7418},
{"Node_id":56830,"weight":0.19089},
{"Node_id":56832,"weight":0.013420001},
{"Node_id":56833,"weight":0.04084},
{"Node_id":56834,"weight":0.3727},
{"Node_id":56836,"weight":0.3577},
{"Node_id":56841,"weight":0.22646001},
{"Node_id":56842,"weight":0.065170005},
{"Node_id":56844,"weight":0.29896},
{"Node_id":56846,"weight":0.03232},
{"Node_id":56847,"weight":0.20048001},
{"Node_id":56848,"weight":0.21851},
{"Node_id":56849,"weight":0.03146},
{"Node_id":56851,"weight":0.0911},
{"Node_id":56855,"weight":0.23309},
{"Node_id":56856,"weight":0.10658},
{"Node_id":56868,"weight":0.02615},
{"Node_id":56871,"weight":0.10616},
{"Node_id":56872,"weight":0.30458},
{"Node_id":56874,"weight":0.01595},
{"Node_id":56879,"weight":0.099010006},
{"Node_id":56883,"weight":0.10283999},
{"Node_id":56884,"weight":0.21577999},
{"Node_id":56885,"weight":0.15942},
{"Node_id":56886,"weight":0.059890002},
{"Node_id":56888,"weight":0.15136},
{"Node_id":56890,"weight":0.05741},
{"Node_id":56891,"weight":0.21041},
{"Node_id":56892,"weight":0.15423},
{"Node_id":56894,"weight":0.04176},
{"Node_id":56923,"weight":0.0024},
{"Node_id":56925,"weight":0.10038},
{"Node_id":56927,"weight":0.0403},
{"Node_id":56930,"weight":0.09139},
{"Node_id":56934,"weight":0.3055},
{"Node_id":56937,"weight":0.1295},
{"Node_id":56938,"weight":0.02007},
{"Node_id":56939,"weight":0.27339},
{"Node_id":56941,"weight":0.03826},
{"Node_id":56945,"weight":0.046290003},
{"Node_id":56947,"weight":0.18566},
{"Node_id":56952,"weight":0.10423},
{"Node_id":56953,"weight":0.058099996},
{"Node_id":56954,"weight":0.101600006},
{"Node_id":56961,"weight":0.03582},
{"Node_id":56963,"weight":0.14908001},
{"Node_id":56965,"weight":0.20775001},
{"Node_id":56966,"weight":0.1789},
{"Node_id":56967,"weight":0.11072},
{"Node_id":56968,"weight":0.23309},
{"Node_id":56969,"weight":0.09159},
{"Node_id":56970,"weight":0.08132},
{"Node_id":56973,"weight":0.080010004},
{"Node_id":56977,"weight":0.12809},
{"Node_id":56978,"weight":0.39176},
{"Node_id":56979,"weight":0.09105},
{"Node_id":56980,"weight":0.18489},
{"Node_id":56982,"weight":0.09464},
{"Node_id":56984,"weight":0.02603},
{"Node_id":56985,"weight":0.12529},
{"Node_id":56987,"weight":0.03805},
{"Node_id":56989,"weight":0.00748},
{"Node_id":56991,"weight":0.30881},
{"Node_id":56993,"weight":0.04184},
{"Node_id":56994,"weight":0.086500004},
{"Node_id":56995,"weight":0.46363002},
{"Node_id":56997,"weight":0.32314},
{"Node_id":56999,"weight":0.1172},
{"Node_id":57004,"weight":0.054729998},
{"Node_id":57007,"weight":0.02088},
{"Node_id":57009,"weight":0.2401},
{"Node_id":57010,"weight":0.22413},
{"Node_id":57011,"weight":0.06081},
{"Node_id":57012,"weight":0.21665001},
{"Node_id":57016,"weight":0.07213},
{"Node_id":57017,"weight":0.56515},
{"Node_id":57019,"weight":0.065390006},
{"Node_id":57020,"weight":0.1631},
{"Node_id":57037,"weight":0.09455},
{"Node_id":57041,"weight":0.046290003},
{"Node_id":57042,"weight":0.03289},
{"Node_id":57043,"weight":0.100940004},
{"Node_id":57045,"weight":0.03611},
{"Node_id":57046,"weight":0.12345},
{"Node_id":57047,"weight":0.16063},
{"Node_id":57048,"weight":0.45751},
{"Node_id":57049,"weight":0.09455},
{"Node_id":57074,"weight":0.19413},
{"Node_id":57076,"weight":0.11167999},
{"Node_id":57077,"weight":0.06718},
{"Node_id":57078,"weight":0.12832001},
{"Node_id":57080,"weight":0.12962},
{"Node_id":57082,"weight":0.075559996},
{"Node_id":57085,"weight":0.01523},
{"Node_id":57088,"weight":0.07773},
{"Node_id":57089,"weight":0.05262},
{"Node_id":57090,"weight":0.17105},
{"Node_id":57092,"weight":0.13334},
{"Node_id":57094,"weight":0.25297},
{"Node_id":57095,"weight":0.33138},
{"Node_id":57096,"weight":0.0064000003},
{"Node_id":57098,"weight":0.06857},
{"Node_id":57100,"weight":0.0130199995},
{"Node_id":57101,"weight":0.0049199997},
{"Node_id":57103,"weight":0.20515001},
{"Node_id":57106,"weight":0.04811},
{"Node_id":57107,"weight":0.03917},
{"Node_id":57109,"weight":0.04819},
{"Node_id":57112,"weight":0.05138},
{"Node_id":57113,"weight":0.14357999},
{"Node_id":57114,"weight":0.050660003},
{"Node_id":57116,"weight":0.08383},
{"Node_id":57117,"weight":0.029},
{"Node_id":57118,"weight":0.7418},
{"Node_id":57122,"weight":0.10283999},
{"Node_id":57127,"weight":0.11433999},
{"Node_id":57129,"weight":0.07657},
{"Node_id":57130,"weight":0.21503},
{"Node_id":57131,"weight":0.12174},
{"Node_id":57132,"weight":0.086830005},
{"Node_id":57136,"weight":0.04301},
{"Node_id":57137,"weight":0.13153},
{"Node_id":57138,"weight":0.13813},
{"Node_id":57139,"weight":0.06243},
{"Node_id":57140,"weight":0.01117},
{"Node_id":57142,"weight":0.23787999},
{"Node_id":57144,"weight":0.10099},
{"Node_id":57152,"weight":0.037720002},
{"Node_id":57153,"weight":0.11147},
{"Node_id":57154,"weight":0.02908},
{"Node_id":57157,"weight":0.10038},
{"Node_id":57164,"weight":0.08449},
{"Node_id":57165,"weight":0.04507},
{"Node_id":57169,"weight":0.18128},
{"Node_id":57171,"weight":0.03314},
{"Node_id":57174,"weight":0.30162},
{"Node_id":57175,"weight":0.16157},
{"Node_id":57284,"weight":0.02128},
{"Node_id":57286,"weight":0.11488},
{"Node_id":57288,"weight":0.21396999},
{"Node_id":57290,"weight":0.06177},
{"Node_id":57292,"weight":0.07446},
{"Node_id":57294,"weight":0.30207},
{"Node_id":57296,"weight":0.20806},
{"Node_id":57298,"weight":0.17591},
{"Node_id":57300,"weight":0.01523},
{"Node_id":57301,"weight":0.35884},
{"Node_id":57302,"weight":0.36885},
{"Node_id":57306,"weight":0.096090004},
{"Node_id":57307,"weight":0.03905},
{"Node_id":57308,"weight":0.17051001},
{"Node_id":57309,"weight":0.33407},
{"Node_id":57311,"weight":0.045950003},
{"Node_id":57316,"weight":0.47473997},
{"Node_id":57318,"weight":0.1793},
{"Node_id":57324,"weight":0.33620998},
{"Node_id":57465,"weight":0.66441},
{"Node_id":57466,"weight":0.15103},
{"Node_id":57467,"weight":0.19188},
{"Node_id":57533,"weight":0.00116},
{"Node_id":57928,"weight":0.12305},
{"Node_id":57981,"weight":0.21687},
{"Node_id":58104,"weight":0.24670999},
{"Node_id":58105,"weight":0.20105},
{"Node_id":58266,"weight":0.08635},
{"Node_id":58267,"weight":0.20183},
{"Node_id":58270,"weight":0.38666},
{"Node_id":58273,"weight":0.03269},
{"Node_id":58274,"weight":0.81113994},
{"Node_id":58276,"weight":0.0457},
{"Node_id":58280,"weight":0.15835},
{"Node_id":58286,"weight":0.0405},
{"Node_id":58287,"weight":0.074},
{"Node_id":58289,"weight":0.0359},
{"Node_id":58293,"weight":0.1602},
{"Node_id":58295,"weight":0.19134},
{"Node_id":58304,"weight":0.08655},
{"Node_id":58315,"weight":0.07699},
{"Node_id":58316,"weight":0.119990006},
{"Node_id":58317,"weight":0.01704},
{"Node_id":58319,"weight":0.28829998},
{"Node_id":58320,"weight":0.19496},
{"Node_id":58321,"weight":0.40633997},
{"Node_id":58327,"weight":0.297},
{"Node_id":58329,"weight":0.13437},
{"Node_id":58404,"weight":0.09227},
{"Node_id":58405,"weight":0.013940001},
{"Node_id":58406,"weight":0.052490003},
{"Node_id":58407,"weight":0.32314},
{"Node_id":58408,"weight":0.066640005},
{"Node_id":58409,"weight":0.02802},
{"Node_id":58411,"weight":0.1597},
{"Node_id":58414,"weight":0.04151},
{"Node_id":58417,"weight":0.13763},
{"Node_id":58418,"weight":0.59496003},
{"Node_id":58419,"weight":0.16063},
{"Node_id":58423,"weight":0.07295},
{"Node_id":58428,"weight":0.03801},
{"Node_id":58429,"weight":0.24560001},
{"Node_id":58432,"weight":0.19214},
{"Node_id":58433,"weight":0.0678},
{"Node_id":58434,"weight":0.065799996},
{"Node_id":58435,"weight":0.101600006},
{"Node_id":58438,"weight":0.14695999},
{"Node_id":58440,"weight":0.06789},
{"Node_id":58442,"weight":0.25008},
{"Node_id":58443,"weight":0.10548},
{"Node_id":58451,"weight":0.16142},
{"Node_id":58456,"weight":0.15892},
{"Node_id":58462,"weight":0.07259},
{"Node_id":58464,"weight":0.14657},
{"Node_id":58466,"weight":0.07023},
{"Node_id":58468,"weight":0.0037999998},
{"Node_id":58473,"weight":0.06588},
{"Node_id":58474,"weight":0.2773},
{"Node_id":58536,"weight":0.01821},
{"Node_id":58571,"weight":0.03265},
{"Node_id":58573,"weight":0.23099999},
{"Node_id":58574,"weight":0.0985},
{"Node_id":58575,"weight":0.06362},
{"Node_id":58579,"weight":0.0982},
{"Node_id":58580,"weight":0.049680002},
{"Node_id":58656,"weight":0.049680002},
{"Node_id":58658,"weight":0.17615},
{"Node_id":58664,"weight":0.04314},
{"Node_id":58666,"weight":0.082499996},
{"Node_id":58672,"weight":0.17655},
{"Node_id":58677,"weight":0.03269},
{"Node_id":58678,"weight":0.025249999},
{"Node_id":58683,"weight":0.35845},
{"Node_id":58684,"weight":0.07501},
{"Node_id":58685,"weight":0.06651},
{"Node_id":58686,"weight":0.1079},
{"Node_id":58687,"weight":0.23210001},
{"Node_id":58688,"weight":0.17166999},
{"Node_id":58691,"weight":0.099870004},
{"Node_id":58699,"weight":0.093559995},
{"Node_id":58702,"weight":0.01061},
{"Node_id":58704,"weight":0.02424},
{"Node_id":58705,"weight":0.37357},
{"Node_id":58706,"weight":0.12921},
{"Node_id":58707,"weight":0.40693998},
{"Node_id":58708,"weight":0.100940004},
{"Node_id":58711,"weight":0.44450998},
{"Node_id":58714,"weight":0.12709},
{"Node_id":58715,"weight":0.25867},
{"Node_id":58717,"weight":0.03963},
{"Node_id":58718,"weight":0.15814},
{"Node_id":58719,"weight":0.21993999},
{"Node_id":58721,"weight":0.08944},
{"Node_id":58725,"weight":0.00965},
{"Node_id":58726,"weight":0.28633},
{"Node_id":58728,"weight":0.03996},
{"Node_id":58729,"weight":0.15245},
{"Node_id":58731,"weight":0.11670001},
{"Node_id":58733,"weight":0.06946},
{"Node_id":58734,"weight":0.21939},
{"Node_id":58735,"weight":0.11909},
{"Node_id":58737,"weight":0.05862},
{"Node_id":58739,"weight":0.08978},
{"Node_id":58745,"weight":0.21050999},
{"Node_id":58747,"weight":0.04142},
{"Node_id":58749,"weight":0.13075},
{"Node_id":58750,"weight":0.14941},
{"Node_id":58751,"weight":0.07639},
{"Node_id":58752,"weight":0.0058},
{"Node_id":58776,"weight":0.16982},
{"Node_id":58780,"weight":0.10470001},
{"Node_id":58781,"weight":0.13714},
{"Node_id":58782,"weight":0.19782999},
{"Node_id":58783,"weight":0.33745998},
{"Node_id":58785,"weight":0.0938},
{"Node_id":58787,"weight":0.03503},
{"Node_id":58788,"weight":0.12832001},
{"Node_id":58791,"weight":0.19259},
{"Node_id":58792,"weight":0.036849998},
{"Node_id":58793,"weight":0.107480004},
{"Node_id":58795,"weight":0.030109998},
{"Node_id":58798,"weight":0.33683},
{"Node_id":58799,"weight":0.21698001},
{"Node_id":58808,"weight":0.20978999},
{"Node_id":58810,"weight":0.02201},
{"Node_id":58811,"weight":0.11942001},
{"Node_id":58812,"weight":0.08034},
{"Node_id":58816,"weight":0.06816},
{"Node_id":58817,"weight":0.22943},
{"Node_id":58820,"weight":0.0038800002},
{"Node_id":58821,"weight":0.04276},
{"Node_id":58823,"weight":0.45653},
{"Node_id":58825,"weight":0.105799995},
{"Node_id":58829,"weight":0.27551},
{"Node_id":58832,"weight":0.29174},
{"Node_id":58835,"weight":0.098000005},
{"Node_id":58837,"weight":0.05902},
{"Node_id":58841,"weight":0.14611},
{"Node_id":58843,"weight":0.23801},
{"Node_id":58844,"weight":0.03256},
{"Node_id":58845,"weight":0.18592},
{"Node_id":58846,"weight":0.08934},
{"Node_id":58849,"weight":0.109969996},
{"Node_id":58852,"weight":0.14500001},
{"Node_id":58854,"weight":0.02481},
{"Node_id":58855,"weight":0.22265},
{"Node_id":58858,"weight":0.11494},
{"Node_id":58861,"weight":4.0000002E-4},
{"Node_id":58863,"weight":0.09921},
{"Node_id":58900,"weight":0.00548},
{"Node_id":58901,"weight":0.05884},
{"Node_id":58904,"weight":0.05481},
{"Node_id":58973,"weight":0.07391},
{"Node_id":58976,"weight":0.098799996},
{"Node_id":58979,"weight":0.08998},
{"Node_id":58982,"weight":0.13676},
{"Node_id":58984,"weight":0.08891},
{"Node_id":58990,"weight":0.072680004},
{"Node_id":58994,"weight":0.13794},
{"Node_id":58996,"weight":0.24923},
{"Node_id":58998,"weight":0.15450999},
{"Node_id":59001,"weight":0.42915002},
{"Node_id":59002,"weight":0.12077},
{"Node_id":59003,"weight":0.0909},
{"Node_id":59009,"weight":0.02096},
{"Node_id":59010,"weight":0.03789},
{"Node_id":59011,"weight":0.15116},
{"Node_id":59013,"weight":0.2895},
{"Node_id":59261,"weight":0.01414},
{"Node_id":59262,"weight":0.00244},
{"Node_id":59266,"weight":0.061510004},
{"Node_id":59268,"weight":0.31099},
{"Node_id":59270,"weight":0.28305},
{"Node_id":59271,"weight":0.111899994},
{"Node_id":59274,"weight":0.032730002},
{"Node_id":59279,"weight":0.21302},
{"Node_id":59431,"weight":0.24600999},
{"Node_id":59432,"weight":0.036930002},
{"Node_id":59434,"weight":0.00124},
{"Node_id":59446,"weight":0.01418},
{"Node_id":59450,"weight":0.073},
{"Node_id":59451,"weight":0.19624999},
{"Node_id":59453,"weight":0.0612},
{"Node_id":59454,"weight":0.14384},
{"Node_id":59502,"weight":0.052710004},
{"Node_id":59503,"weight":0.09002},
{"Node_id":59507,"weight":0.27357},
{"Node_id":59510,"weight":0.04255},
{"Node_id":59569,"weight":0.00704},
{"Node_id":59571,"weight":0.1631},
{"Node_id":59572,"weight":0.19542},
{"Node_id":59589,"weight":0.028099999},
{"Node_id":59590,"weight":0.54685},
{"Node_id":59593,"weight":0.05797},
{"Node_id":59594,"weight":0.15279},
{"Node_id":59595,"weight":0.14835},
{"Node_id":59596,"weight":0.26761},
{"Node_id":59601,"weight":0.0638},
{"Node_id":59602,"weight":0.04751},
{"Node_id":59603,"weight":0.22028},
{"Node_id":59607,"weight":0.24423},
{"Node_id":59608,"weight":0.06195},
{"Node_id":59610,"weight":0.03714},
{"Node_id":59613,"weight":0.13334},
{"Node_id":59614,"weight":0.12803},
{"Node_id":59616,"weight":0.105900005},
{"Node_id":59617,"weight":0.14975},
{"Node_id":59618,"weight":0.06491},
{"Node_id":59619,"weight":0.11703},
{"Node_id":59630,"weight":0.12453999},
{"Node_id":59632,"weight":0.08559},
{"Node_id":59633,"weight":0.03064},
{"Node_id":59634,"weight":0.00812},
{"Node_id":59635,"weight":0.2375},
{"Node_id":59641,"weight":0.06522},
{"Node_id":59645,"weight":0.08545},
{"Node_id":59646,"weight":0.06256},
{"Node_id":59650,"weight":0.09061},
{"Node_id":59653,"weight":0.01121},
{"Node_id":59654,"weight":0.15729001},
{"Node_id":59656,"weight":0.00536},
{"Node_id":59658,"weight":0.13455},
{"Node_id":59671,"weight":0.082499996},
{"Node_id":59672,"weight":0.04785},
{"Node_id":59675,"weight":0.22764},
{"Node_id":59677,"weight":0.00256},
{"Node_id":59680,"weight":0.08274},
{"Node_id":59683,"weight":0.00752},
{"Node_id":59684,"weight":0.21103},
{"Node_id":59689,"weight":0.24643},
{"Node_id":59690,"weight":0.03722},
{"Node_id":59691,"weight":0.17955},
{"Node_id":59693,"weight":0.43694},
{"Node_id":59773,"weight":0.35362},
{"Node_id":59782,"weight":0.118980005},
{"Node_id":59787,"weight":0.06081},
{"Node_id":59795,"weight":0.18816},
{"Node_id":59797,"weight":0.07866},
{"Node_id":59798,"weight":0.12755999},
{"Node_id":59799,"weight":0.0056000003},
{"Node_id":59801,"weight":0.30343002},
{"Node_id":59869,"weight":0.08071},
{"Node_id":59870,"weight":0.17623},
{"Node_id":59871,"weight":0.048699997},
{"Node_id":59902,"weight":0.14723},
{"Node_id":59905,"weight":0.085250005},
{"Node_id":59906,"weight":0.21343999},
{"Node_id":59908,"weight":0.0588},
{"Node_id":59910,"weight":0.13738},
{"Node_id":59911,"weight":0.08731},
{"Node_id":59916,"weight":0.036480002},
{"Node_id":59917,"weight":0.08269},
{"Node_id":59918,"weight":0.09071},
{"Node_id":59930,"weight":0.33438},
{"Node_id":59935,"weight":0.15272},
{"Node_id":59938,"weight":0.03673},
{"Node_id":59941,"weight":0.04105},
{"Node_id":59981,"weight":0.37624},
{"Node_id":59982,"weight":0.19811},
{"Node_id":59983,"weight":0.01761},
{"Node_id":59984,"weight":0.007},
{"Node_id":59985,"weight":0.00656},
{"Node_id":59987,"weight":0.15049},
{"Node_id":59988,"weight":0.32934},
{"Node_id":59994,"weight":0.111090004},
{"Node_id":59995,"weight":0.39072},
{"Node_id":59997,"weight":0.32479998},
{"Node_id":59998,"weight":0.19624999},
{"Node_id":59999,"weight":0.35807},
{"Node_id":60001,"weight":0.06217},
{"Node_id":60003,"weight":0.03917},
{"Node_id":60011,"weight":0.26810998},
{"Node_id":60014,"weight":0.12134},
{"Node_id":60016,"weight":0.027700001},
{"Node_id":60018,"weight":0.24235001},
{"Node_id":60022,"weight":0.013979999},
{"Node_id":60032,"weight":0.012700001},
{"Node_id":60034,"weight":0.12122999},
{"Node_id":60040,"weight":0.2887},
{"Node_id":60041,"weight":0.27115},
{"Node_id":60042,"weight":0.09926},
{"Node_id":60043,"weight":0.20436001},
{"Node_id":60044,"weight":0.092769995},
{"Node_id":60047,"weight":0.09071},
{"Node_id":60048,"weight":0.22049999},
{"Node_id":60049,"weight":0.15885},
{"Node_id":60052,"weight":0.060060002},
{"Node_id":60056,"weight":0.61170995},
{"Node_id":60057,"weight":0.12414},
{"Node_id":60058,"weight":0.3776},
{"Node_id":60066,"weight":0.27462},
{"Node_id":60072,"weight":0.04845},
{"Node_id":60073,"weight":0.1469},
{"Node_id":60074,"weight":0.1334},
{"Node_id":60075,"weight":0.17082},
{"Node_id":60076,"weight":0.04171},
{"Node_id":60156,"weight":0.15354},
{"Node_id":60159,"weight":0.048699997},
{"Node_id":60162,"weight":0.0306},
{"Node_id":60165,"weight":0.13279},
{"Node_id":60167,"weight":0.03801},
{"Node_id":60170,"weight":0.05697},
{"Node_id":60175,"weight":0.057669997},
{"Node_id":60176,"weight":0.32876},
{"Node_id":60178,"weight":0.10611},
{"Node_id":60199,"weight":0.17687},
{"Node_id":60200,"weight":0.16664},
{"Node_id":60201,"weight":0.04883},
{"Node_id":60205,"weight":0.15163},
{"Node_id":60310,"weight":0.20377},
{"Node_id":60314,"weight":0.50294},
{"Node_id":60316,"weight":0.0231},
{"Node_id":60322,"weight":0.0555},
{"Node_id":60323,"weight":0.062480003},
{"Node_id":60326,"weight":0.08823},
{"Node_id":60359,"weight":0.00696},
{"Node_id":60360,"weight":0.20785001},
{"Node_id":60361,"weight":0.06402},
{"Node_id":60363,"weight":0.02351},
{"Node_id":60364,"weight":0.122930005},
{"Node_id":60367,"weight":0.02696},
{"Node_id":60371,"weight":0.09544},
{"Node_id":60372,"weight":0.16135},
{"Node_id":60373,"weight":0.15575},
{"Node_id":60375,"weight":0.115269996},
{"Node_id":60377,"weight":0.013619999},
{"Node_id":60378,"weight":0.1575},
{"Node_id":60382,"weight":0.18983},
{"Node_id":60384,"weight":0.20615001},
{"Node_id":60386,"weight":0.22576001},
{"Node_id":60387,"weight":0.16405},
{"Node_id":60415,"weight":0.02509},
{"Node_id":61085,"weight":0.16121},
{"Node_id":61172,"weight":0.03335},
{"Node_id":61180,"weight":0.18782},
{"Node_id":61181,"weight":0.058450002},
{"Node_id":61183,"weight":0.052539997},
{"Node_id":61186,"weight":0.11336},
{"Node_id":61188,"weight":0.06327},
{"Node_id":61189,"weight":0.11282001},
{"Node_id":61196,"weight":0.0227},
{"Node_id":61201,"weight":0.04566},
{"Node_id":61203,"weight":0.10237},
{"Node_id":61206,"weight":0.23136},
{"Node_id":61208,"weight":0.08891},
{"Node_id":61212,"weight":0.06771},
{"Node_id":61214,"weight":0.01314},
{"Node_id":61218,"weight":0.044940002},
{"Node_id":61222,"weight":0.06442},
{"Node_id":61224,"weight":0.07676},
{"Node_id":61225,"weight":0.07852},
{"Node_id":61226,"weight":8.8E-4},
{"Node_id":61227,"weight":0.119200006},
{"Node_id":61228,"weight":0.10408},
{"Node_id":61232,"weight":0.02144},
{"Node_id":61234,"weight":0.31296998},
{"Node_id":61315,"weight":0.16575},
{"Node_id":61316,"weight":0.17051001},
{"Node_id":61317,"weight":0.46683997},
{"Node_id":61319,"weight":0.26321},
{"Node_id":61320,"weight":0.03191},
{"Node_id":61321,"weight":0.24824},
{"Node_id":61323,"weight":0.21654001},
{"Node_id":61325,"weight":0.10585},
{"Node_id":61373,"weight":0.062480003},
{"Node_id":61376,"weight":0.22402},
{"Node_id":61419,"weight":0.1372},
{"Node_id":61421,"weight":0.1145},
{"Node_id":61422,"weight":0.07141},
{"Node_id":61423,"weight":0.00444},
{"Node_id":61424,"weight":0.19161001},
{"Node_id":61496,"weight":0.22298999},
{"Node_id":61505,"weight":0.13807},
{"Node_id":61506,"weight":0.17283},
{"Node_id":61507,"weight":0.07671},
{"Node_id":61508,"weight":0.013420001},
{"Node_id":61509,"weight":0.0162},
{"Node_id":61513,"weight":0.16405},
{"Node_id":61522,"weight":0.13926001},
{"Node_id":61523,"weight":0.035120003},
{"Node_id":61524,"weight":0.109280005},
{"Node_id":61526,"weight":0.21774001},
{"Node_id":61527,"weight":0.07295},
{"Node_id":61536,"weight":0.08463},
{"Node_id":61538,"weight":0.153},
{"Node_id":61541,"weight":0.25327},
{"Node_id":61542,"weight":0.12639001},
{"Node_id":61543,"weight":0.080290005},
{"Node_id":61544,"weight":0.35582},
{"Node_id":61545,"weight":0.062480003},
{"Node_id":61546,"weight":0.11292},
{"Node_id":61547,"weight":0.1726},
{"Node_id":61549,"weight":0.14429},
{"Node_id":61550,"weight":0.23160999},
{"Node_id":61552,"weight":0.0568},
{"Node_id":61560,"weight":0.02221},
{"Node_id":61561,"weight":0.08703},
{"Node_id":61565,"weight":0.21568},
{"Node_id":61566,"weight":0.08449},
{"Node_id":61567,"weight":0.0052},
{"Node_id":61683,"weight":0.16215},
{"Node_id":61688,"weight":0.17955},
{"Node_id":61689,"weight":0.10585},
{"Node_id":61692,"weight":0.03146},
{"Node_id":61694,"weight":0.01547},
{"Node_id":61701,"weight":0.33652002},
{"Node_id":61702,"weight":0.09659},
{"Node_id":61748,"weight":0.04251},
{"Node_id":61749,"weight":0.086500004},
{"Node_id":61766,"weight":0.07875},
{"Node_id":61767,"weight":0.0039999997},
{"Node_id":61784,"weight":0.29508},
{"Node_id":61792,"weight":0.09321},
{"Node_id":61813,"weight":0.00324},
{"Node_id":61814,"weight":0.05417},
{"Node_id":61815,"weight":0.0037999998},
{"Node_id":61816,"weight":0.071270004},
{"Node_id":61819,"weight":0.105900005},
{"Node_id":61820,"weight":0.11859},
{"Node_id":61931,"weight":0.08731},
{"Node_id":61932,"weight":0.05749},
{"Node_id":61934,"weight":0.05915},
{"Node_id":61935,"weight":0.32178},
{"Node_id":61944,"weight":0.110819995},
{"Node_id":61945,"weight":0.050019998},
{"Node_id":61969,"weight":0.27166},
{"Node_id":61970,"weight":0.44191998},
{"Node_id":61975,"weight":0.115380004},
{"Node_id":61976,"weight":0.18178001},
{"Node_id":61984,"weight":0.106630005},
{"Node_id":61986,"weight":0.00588},
{"Node_id":61987,"weight":0.06937},
{"Node_id":61989,"weight":0.14901},
{"Node_id":61992,"weight":0.13547},
{"Node_id":61993,"weight":0.093159996},
{"Node_id":61997,"weight":0.15541},
{"Node_id":61998,"weight":0.15899},
{"Node_id":62002,"weight":0.05915},
{"Node_id":62003,"weight":0.00304},
{"Node_id":62005,"weight":0.15252},
{"Node_id":62007,"weight":0.21774001},
{"Node_id":62009,"weight":0.15068999},
{"Node_id":62011,"weight":0.12100001},
{"Node_id":62012,"weight":0.04309},
{"Node_id":62013,"weight":0.41318002},
{"Node_id":62015,"weight":0.47473997},
{"Node_id":62017,"weight":0.015829999},
{"Node_id":62019,"weight":0.09346},
{"Node_id":62025,"weight":0.03938},
{"Node_id":62026,"weight":0.0045600003},
{"Node_id":62027,"weight":0.31272},
{"Node_id":62030,"weight":0.03747},
{"Node_id":62031,"weight":0.14835},
{"Node_id":62033,"weight":0.05702},
{"Node_id":62035,"weight":0.011770001},
{"Node_id":62036,"weight":0.09164},
{"Node_id":62039,"weight":0.047009997},
{"Node_id":62040,"weight":0.07875},
{"Node_id":62041,"weight":0.01688},
{"Node_id":62044,"weight":0.08993},
{"Node_id":62047,"weight":0.061860003},
{"Node_id":62050,"weight":0.12089},
{"Node_id":62087,"weight":0.01559},
{"Node_id":62091,"weight":0.186},
{"Node_id":62128,"weight":0.06695},
{"Node_id":62129,"weight":0.067},
{"Node_id":62131,"weight":0.00508},
{"Node_id":62137,"weight":0.06098},
{"Node_id":62138,"weight":0.52933},
{"Node_id":62139,"weight":0.2658},
{"Node_id":62140,"weight":0.19773999},
{"Node_id":62141,"weight":0.03942},
{"Node_id":62144,"weight":0.008160001},
{"Node_id":62149,"weight":0.02843},
{"Node_id":62151,"weight":0.08886},
{"Node_id":62153,"weight":0.24368998},
{"Node_id":62158,"weight":0.12558},
{"Node_id":62159,"weight":0.22918999},
{"Node_id":62190,"weight":0.28633},
{"Node_id":62192,"weight":0.028760001},
{"Node_id":62196,"weight":0.31498},
{"Node_id":62201,"weight":0.043849997},
{"Node_id":62206,"weight":0.0315},
{"Node_id":62210,"weight":0.08349},
{"Node_id":62211,"weight":0.06678},
{"Node_id":62213,"weight":0.07945},
{"Node_id":62214,"weight":0.13123},
{"Node_id":62297,"weight":0.29423},
{"Node_id":62298,"weight":0.38567},
{"Node_id":62299,"weight":0.23002999},
{"Node_id":62303,"weight":0.25137},
{"Node_id":62305,"weight":0.033469997},
{"Node_id":62306,"weight":0.01218},
{"Node_id":62308,"weight":0.05309},
{"Node_id":62311,"weight":0.22483},
{"Node_id":62314,"weight":0.008649999},
{"Node_id":62316,"weight":0.09759},
{"Node_id":62320,"weight":0.01471},
{"Node_id":62321,"weight":0.14500001},
{"Node_id":62322,"weight":0.12253},
{"Node_id":62327,"weight":0.11881},
{"Node_id":62328,"weight":0.21807},
{"Node_id":62330,"weight":0.14014},
{"Node_id":62331,"weight":0.077920005},
{"Node_id":62333,"weight":0.00488},
{"Node_id":62335,"weight":0.06508},
{"Node_id":62336,"weight":0.14274},
{"Node_id":62341,"weight":0.29487},
{"Node_id":62346,"weight":0.14967999},
{"Node_id":62384,"weight":0.04811},
{"Node_id":62385,"weight":0.13358},
{"Node_id":62387,"weight":0.19615},
{"Node_id":62392,"weight":0.08478},
{"Node_id":62395,"weight":0.0781},
{"Node_id":62396,"weight":0.00128},
{"Node_id":62399,"weight":0.12552},
{"Node_id":62400,"weight":0.06111},
{"Node_id":62401,"weight":0.04021},
{"Node_id":62402,"weight":0.15259},
{"Node_id":62407,"weight":0.083399996},
{"Node_id":62408,"weight":0.071679994},
{"Node_id":62409,"weight":0.18371001},
{"Node_id":62410,"weight":0.113900006},
{"Node_id":62424,"weight":0.08857},
{"Node_id":62432,"weight":0.09095},
{"Node_id":62435,"weight":0.02359},
{"Node_id":62437,"weight":0.00284},
{"Node_id":62552,"weight":0.13034001},
{"Node_id":62633,"weight":0.08703},
{"Node_id":62635,"weight":0.05871},
{"Node_id":62665,"weight":0.10366},
{"Node_id":62667,"weight":0.28285998},
{"Node_id":62776,"weight":0.00156},
{"Node_id":62778,"weight":0.39072},
{"Node_id":62780,"weight":0.01017},
{"Node_id":62784,"weight":0.06673},
{"Node_id":62787,"weight":0.1397},
{"Node_id":62792,"weight":0.16464},
{"Node_id":62793,"weight":0.06575},
{"Node_id":62822,"weight":0.0876},
{"Node_id":62875,"weight":0.02112},
{"Node_id":62876,"weight":0.04912},
{"Node_id":62877,"weight":0.07186},
{"Node_id":62878,"weight":0.019140001},
{"Node_id":62889,"weight":0.108},
{"Node_id":62890,"weight":0.08511},
{"Node_id":62892,"weight":0.10848},
{"Node_id":62896,"weight":0.01218},
{"Node_id":62898,"weight":0.01547},
{"Node_id":62900,"weight":0.05057},
{"Node_id":62911,"weight":0.51100004},
{"Node_id":62915,"weight":0.24533},
{"Node_id":62917,"weight":0.15721999},
{"Node_id":62919,"weight":0.089389995},
{"Node_id":62920,"weight":0.0465},
{"Node_id":62922,"weight":0.14474},
{"Node_id":62936,"weight":0.20019},
{"Node_id":62939,"weight":0.03154},
{"Node_id":62942,"weight":0.00148},
{"Node_id":62943,"weight":0.19652},
{"Node_id":62962,"weight":0.04201},
{"Node_id":62965,"weight":0.21610999},
{"Node_id":62966,"weight":0.12517},
{"Node_id":62968,"weight":0.20466001},
{"Node_id":62972,"weight":0.1397},
{"Node_id":62973,"weight":0.15022},
{"Node_id":62978,"weight":0.05155},
{"Node_id":62982,"weight":0.07213},
{"Node_id":62985,"weight":0.19532},
{"Node_id":62988,"weight":0.39604002},
{"Node_id":62990,"weight":0.025619999},
{"Node_id":62992,"weight":0.13141},
{"Node_id":62996,"weight":0.22907},
{"Node_id":62998,"weight":0.22095},
{"Node_id":63001,"weight":0.08833},
{"Node_id":63004,"weight":0.04545},
{"Node_id":63006,"weight":0.13825001},
{"Node_id":63009,"weight":0.5077},
{"Node_id":63010,"weight":0.01636},
{"Node_id":63013,"weight":0.01049},
{"Node_id":63017,"weight":0.06879},
{"Node_id":63018,"weight":7.2E-4},
{"Node_id":63019,"weight":0.03673},
{"Node_id":63146,"weight":0.0125400005},
{"Node_id":63147,"weight":0.08114},
{"Node_id":63149,"weight":0.06168},
{"Node_id":63153,"weight":0.11931},
{"Node_id":63156,"weight":0.086449996},
{"Node_id":63219,"weight":0.13584},
{"Node_id":63340,"weight":0.23124},
{"Node_id":63342,"weight":0.0038400001},
{"Node_id":63343,"weight":0.12465},
{"Node_id":63346,"weight":0.07091},
{"Node_id":63347,"weight":0.07245},
{"Node_id":63350,"weight":0.12111},
{"Node_id":63352,"weight":0.00336},
{"Node_id":63354,"weight":0.083969995},
{"Node_id":63358,"weight":0.118920006},
{"Node_id":63359,"weight":0.01648},
{"Node_id":63361,"weight":0.018649999},
{"Node_id":63366,"weight":0.13596},
{"Node_id":63367,"weight":0.09906},
{"Node_id":63368,"weight":0.118980005},
{"Node_id":63369,"weight":0.26547},
{"Node_id":63372,"weight":0.0504},
{"Node_id":63374,"weight":0.07154},
{"Node_id":63375,"weight":0.39021},
{"Node_id":63386,"weight":0.14828},
{"Node_id":63392,"weight":0.026069999},
{"Node_id":63394,"weight":0.14901},
{"Node_id":63395,"weight":0.18202999},
{"Node_id":63396,"weight":0.28191},
{"Node_id":63397,"weight":0.23247},
{"Node_id":63458,"weight":0.35075},
{"Node_id":63467,"weight":0.15793},
{"Node_id":63468,"weight":0.06897},
{"Node_id":63469,"weight":0.2877},
{"Node_id":63471,"weight":0.05155},
{"Node_id":63473,"weight":0.067760006},
{"Node_id":63476,"weight":0.09296},
{"Node_id":63478,"weight":0.03607},
{"Node_id":63480,"weight":0.055760004},
{"Node_id":63483,"weight":0.02599},
{"Node_id":63486,"weight":0.32397002},
{"Node_id":63487,"weight":0.02233},
{"Node_id":63488,"weight":0.21418},
{"Node_id":63490,"weight":0.02814},
{"Node_id":63493,"weight":0.16732},
{"Node_id":63495,"weight":0.04263},
{"Node_id":63496,"weight":0.04126},
{"Node_id":63554,"weight":0.15856001},
{"Node_id":63555,"weight":0.17703},
{"Node_id":63559,"weight":0.0259},
{"Node_id":63626,"weight":0.19277},
{"Node_id":63627,"weight":0.28171998},
{"Node_id":63639,"weight":0.42259997},
{"Node_id":63642,"weight":0.110020004},
{"Node_id":63856,"weight":0.07227},
{"Node_id":63857,"weight":0.03351},
{"Node_id":63861,"weight":0.029210001},
{"Node_id":63862,"weight":0.17623},
{"Node_id":63863,"weight":0.22072999},
{"Node_id":63867,"weight":0.28362},
{"Node_id":63913,"weight":0.09455},
{"Node_id":63920,"weight":0.30207},
{"Node_id":63922,"weight":0.25897998},
{"Node_id":63925,"weight":0.05275},
{"Node_id":63927,"weight":0.17687},
{"Node_id":63933,"weight":0.00977},
{"Node_id":63934,"weight":0.08269},
{"Node_id":63976,"weight":0.25549},
{"Node_id":63979,"weight":0.22955},
{"Node_id":63982,"weight":0.0112499995},
{"Node_id":63984,"weight":0.17503999},
{"Node_id":63986,"weight":0.10684},
{"Node_id":64042,"weight":0.01515},
{"Node_id":64044,"weight":0.00324},
{"Node_id":64046,"weight":0.62126005},
{"Node_id":64047,"weight":0.075840004},
{"Node_id":64062,"weight":0.027129998},
{"Node_id":64067,"weight":0.02786},
{"Node_id":64085,"weight":0.02655},
{"Node_id":64086,"weight":0.053179998},
{"Node_id":64087,"weight":0.12179001},
{"Node_id":64088,"weight":0.55689},
{"Node_id":64092,"weight":0.31472},
{"Node_id":64093,"weight":0.07409},
{"Node_id":64094,"weight":0.01442},
{"Node_id":64096,"weight":0.0315},
{"Node_id":64097,"weight":0.03607},
{"Node_id":64102,"weight":0.20328},
{"Node_id":64104,"weight":0.070099995},
{"Node_id":64142,"weight":0.0038400001},
{"Node_id":64173,"weight":0.15082},
{"Node_id":64175,"weight":0.04794},
{"Node_id":64255,"weight":0.08631},
{"Node_id":64284,"weight":0.20695},
{"Node_id":64285,"weight":0.27931002},
{"Node_id":64286,"weight":0.21418},
{"Node_id":64287,"weight":0.00752},
{"Node_id":64322,"weight":0.01575},
{"Node_id":64328,"weight":0.07118},
{"Node_id":64329,"weight":0.03277},
{"Node_id":64332,"weight":0.27894002},
{"Node_id":64333,"weight":0.03252},
{"Node_id":64346,"weight":0.17623},
{"Node_id":64348,"weight":0.12998},
{"Node_id":64373,"weight":0.02241},
{"Node_id":64377,"weight":0.23775999},
{"Node_id":64378,"weight":0.02974},
{"Node_id":64380,"weight":0.03458},
{"Node_id":64384,"weight":0.103719994},
{"Node_id":64386,"weight":0.1172},
{"Node_id":64510,"weight":0.08731},
{"Node_id":64511,"weight":0.16739},
{"Node_id":64512,"weight":0.03117},
{"Node_id":64552,"weight":0.1465},
{"Node_id":64553,"weight":0.00937},
{"Node_id":64554,"weight":0.080010004},
{"Node_id":64555,"weight":0.10585},
{"Node_id":64556,"weight":0.45751},
{"Node_id":64559,"weight":0.18816},
{"Node_id":64560,"weight":0.05468},
{"Node_id":64561,"weight":0.02896},
{"Node_id":64567,"weight":0.01487},
{"Node_id":64568,"weight":0.01386},
{"Node_id":64569,"weight":0.051340003},
{"Node_id":64574,"weight":0.09619},
{"Node_id":64575,"weight":0.17159},
{"Node_id":64576,"weight":0.09639},
{"Node_id":64578,"weight":0.087699994},
{"Node_id":64581,"weight":0.1822},
{"Node_id":64582,"weight":0.00929},
{"Node_id":64583,"weight":0.08549},
{"Node_id":64584,"weight":0.18278},
{"Node_id":64586,"weight":0.35922},
{"Node_id":64587,"weight":0.12797001},
{"Node_id":64588,"weight":0.15068999},
{"Node_id":64589,"weight":0.16397001},
{"Node_id":64590,"weight":0.07341},
{"Node_id":64625,"weight":0.06508},
{"Node_id":64627,"weight":0.22185},
{"Node_id":64634,"weight":0.17647001},
{"Node_id":64636,"weight":0.01688},
{"Node_id":64638,"weight":0.06327},
{"Node_id":64640,"weight":0.19542},
{"Node_id":64643,"weight":0.15109},
{"Node_id":64645,"weight":0.20685},
{"Node_id":64647,"weight":0.057059996},
{"Node_id":64648,"weight":0.12581},
{"Node_id":64651,"weight":0.10933},
{"Node_id":64653,"weight":0.05236},
{"Node_id":64655,"weight":0.13267}]