[{"Node_id":203,"weight":2.806},
{"Node_id":204,"weight":5.077},
{"Node_id":205,"weight":1.4178},
{"Node_id":206,"weight":4.1064},
{"Node_id":207,"weight":2.0695},
{"Node_id":208,"weight":1.6085},
{"Node_id":209,"weight":2.2196},
{"Node_id":210,"weight":1.6027},
{"Node_id":211,"weight":2.0907},
{"Node_id":212,"weight":2.9635},
{"Node_id":213,"weight":3.9549},
{"Node_id":214,"weight":1.4474},
{"Node_id":215,"weight":1.7051},
{"Node_id":216,"weight":2.3996},
{"Node_id":217,"weight":1.7433},
{"Node_id":218,"weight":2.1807},
{"Node_id":219,"weight":2.3866},
{"Node_id":220,"weight":1.3919},
{"Node_id":221,"weight":2.0928},
{"Node_id":224,"weight":4.5751},
{"Node_id":225,"weight":1.8481},
{"Node_id":226,"weight":2.0938},
{"Node_id":227,"weight":1.9615},
{"Node_id":228,"weight":2.0299},
{"Node_id":229,"weight":2.3433},
{"Node_id":230,"weight":1.7159},
{"Node_id":231,"weight":2.5504},
{"Node_id":232,"weight":2.9765},
{"Node_id":233,"weight":2.5519},
{"Node_id":234,"weight":1.8523},
{"Node_id":235,"weight":2.3648},
{"Node_id":238,"weight":1.4868},
{"Node_id":239,"weight":1.4481},
{"Node_id":240,"weight":1.4384},
{"Node_id":241,"weight":5.2933},
{"Node_id":242,"weight":1.4313},
{"Node_id":243,"weight":3.3287},
{"Node_id":244,"weight":1.9305},
{"Node_id":245,"weight":4.8078},
{"Node_id":246,"weight":2.5195},
{"Node_id":247,"weight":1.3882},
{"Node_id":248,"weight":3.2151},
{"Node_id":249,"weight":2.3271},
{"Node_id":250,"weight":1.6208},
{"Node_id":251,"weight":4.6469},
{"Node_id":252,"weight":2.2943},
{"Node_id":253,"weight":3.4523},
{"Node_id":254,"weight":1.4617},
{"Node_id":255,"weight":1.4313},
{"Node_id":256,"weight":3.0978},
{"Node_id":257,"weight":1.6142},
{"Node_id":258,"weight":1.3869},
{"Node_id":259,"weight":3.0006},
{"Node_id":260,"weight":2.8691},
{"Node_id":261,"weight":1.7276},
{"Node_id":262,"weight":1.3982},
{"Node_id":263,"weight":1.8869},
{"Node_id":264,"weight":2.0918},
{"Node_id":269,"weight":2.7604},
{"Node_id":270,"weight":1.7647},
{"Node_id":271,"weight":3.4225},
{"Node_id":272,"weight":3.1651},
{"Node_id":273,"weight":2.6482},
{"Node_id":274,"weight":1.6434},
{"Node_id":275,"weight":2.6662},
{"Node_id":276,"weight":1.5204},
{"Node_id":277,"weight":1.8704},
{"Node_id":278,"weight":1.4455},
{"Node_id":279,"weight":1.452},
{"Node_id":280,"weight":3.6677},
{"Node_id":281,"weight":2.9722},
{"Node_id":282,"weight":1.6405},
{"Node_id":285,"weight":3.511},
{"Node_id":286,"weight":1.6627},
{"Node_id":287,"weight":3.1173},
{"Node_id":288,"weight":2.2752},
{"Node_id":289,"weight":1.6049},
{"Node_id":290,"weight":1.6612},
{"Node_id":291,"weight":2.9786},
{"Node_id":292,"weight":1.9496},
{"Node_id":293,"weight":1.7151},
{"Node_id":296,"weight":1.8037},
{"Node_id":297,"weight":1.7448},
{"Node_id":298,"weight":1.9197},
{"Node_id":299,"weight":2.6369},
{"Node_id":335,"weight":1.4494},
{"Node_id":336,"weight":4.4024},
{"Node_id":337,"weight":2.1397},
{"Node_id":338,"weight":1.4822},
{"Node_id":339,"weight":3.7852},
{"Node_id":340,"weight":1.9487},
{"Node_id":341,"weight":2.1218},
{"Node_id":342,"weight":2.2242},
{"Node_id":343,"weight":1.9972},
{"Node_id":344,"weight":5.9496},
{"Node_id":347,"weight":2.9298},
{"Node_id":350,"weight":4.1711},
{"Node_id":351,"weight":2.4142},
{"Node_id":352,"weight":2.4838},
{"Node_id":353,"weight":2.4629},
{"Node_id":354,"weight":3.2676},
{"Node_id":355,"weight":4.6259},
{"Node_id":356,"weight":4.5555},
{"Node_id":357,"weight":1.7865},
{"Node_id":358,"weight":1.4862},
{"Node_id":359,"weight":1.8921},
{"Node_id":360,"weight":1.5055},
{"Node_id":361,"weight":1.4261},
{"Node_id":362,"weight":1.7551},
{"Node_id":363,"weight":1.8652},
{"Node_id":364,"weight":5.2539},
{"Node_id":365,"weight":1.4815},
{"Node_id":366,"weight":1.4287},
{"Node_id":367,"weight":1.5451},
{"Node_id":368,"weight":1.6229},
{"Node_id":369,"weight":4.2051},
{"Node_id":370,"weight":2.579},
{"Node_id":371,"weight":1.5885},
{"Node_id":372,"weight":2.883},
{"Node_id":375,"weight":3.4591},
{"Node_id":376,"weight":2.5654},
{"Node_id":379,"weight":7.8236},
{"Node_id":389,"weight":1.5225},
{"Node_id":390,"weight":2.2494},
{"Node_id":391,"weight":2.5669},
{"Node_id":392,"weight":3.2452},
{"Node_id":393,"weight":2.8439},
{"Node_id":394,"weight":2.3371},
{"Node_id":395,"weight":1.3913},
{"Node_id":396,"weight":4.3066},
{"Node_id":397,"weight":2.7712},
{"Node_id":398,"weight":5.077},
{"Node_id":399,"weight":1.9386},
{"Node_id":403,"weight":2.2425},
{"Node_id":404,"weight":2.0144},
{"Node_id":405,"weight":1.4955},
{"Node_id":406,"weight":1.4364},
{"Node_id":407,"weight":1.7639},
{"Node_id":408,"weight":4.872},
{"Node_id":412,"weight":2.2967},
{"Node_id":413,"weight":1.4855},
{"Node_id":414,"weight":3.0297},
{"Node_id":415,"weight":1.421},
{"Node_id":416,"weight":1.9487},
{"Node_id":417,"weight":2.6434},
{"Node_id":418,"weight":1.6777},
{"Node_id":419,"weight":1.5008},
{"Node_id":420,"weight":2.9765},
{"Node_id":421,"weight":1.7082},
{"Node_id":422,"weight":2.4168},
{"Node_id":655,"weight":5.4217},
{"Node_id":656,"weight":5.5429},
{"Node_id":657,"weight":2.5534},
{"Node_id":658,"weight":1.4223},
{"Node_id":659,"weight":2.2728},
{"Node_id":660,"weight":3.3377},
{"Node_id":719,"weight":5.045},
{"Node_id":720,"weight":3.8766},
{"Node_id":721,"weight":1.719},
{"Node_id":722,"weight":1.7354},
{"Node_id":723,"weight":2.4768},
{"Node_id":724,"weight":1.7198},
{"Node_id":727,"weight":3.6076},
{"Node_id":728,"weight":3.4523},
{"Node_id":729,"weight":3.6273},
{"Node_id":730,"weight":3.7401},
{"Node_id":731,"weight":2.0338},
{"Node_id":732,"weight":1.6906},
{"Node_id":733,"weight":3.6718},
{"Node_id":734,"weight":2.1418},
{"Node_id":735,"weight":1.6419},
{"Node_id":736,"weight":1.8549},
{"Node_id":737,"weight":2.0212},
{"Node_id":738,"weight":3.3808},
{"Node_id":739,"weight":3.8469},
{"Node_id":740,"weight":3.305},
{"Node_id":741,"weight":1.4742},
{"Node_id":744,"weight":1.5464},
{"Node_id":745,"weight":2.0575},
{"Node_id":746,"weight":1.7922},
{"Node_id":749,"weight":4.1579},
{"Node_id":750,"weight":1.615},
{"Node_id":751,"weight":5.4927},
{"Node_id":754,"weight":3.7446},
{"Node_id":757,"weight":3.5075},
{"Node_id":758,"weight":1.7472},
{"Node_id":759,"weight":1.4001},
{"Node_id":760,"weight":3.6885},
{"Node_id":761,"weight":2.5519},
{"Node_id":762,"weight":1.8145},
{"Node_id":763,"weight":3.8372},
{"Node_id":764,"weight":2.0615},
{"Node_id":765,"weight":2.0785},
{"Node_id":766,"weight":2.1654},
{"Node_id":767,"weight":1.6114},
{"Node_id":768,"weight":1.812},
{"Node_id":769,"weight":1.9143},
{"Node_id":770,"weight":1.7567},
{"Node_id":771,"weight":2.1862},
{"Node_id":772,"weight":2.1906},
{"Node_id":773,"weight":2.7357},
{"Node_id":774,"weight":2.9465},
{"Node_id":775,"weight":2.1249},
{"Node_id":776,"weight":3.6432},
{"Node_id":777,"weight":5.1441},
{"Node_id":778,"weight":5.2734},
{"Node_id":779,"weight":3.0978},
{"Node_id":780,"weight":3.8132},
{"Node_id":781,"weight":5.045},
{"Node_id":782,"weight":2.401},
{"Node_id":783,"weight":2.101},
{"Node_id":784,"weight":1.515},
{"Node_id":787,"weight":3.0644},
{"Node_id":788,"weight":3.0366},
{"Node_id":789,"weight":2.3039},
{"Node_id":790,"weight":1.7849},
{"Node_id":791,"weight":3.0184},
{"Node_id":792,"weight":1.886},
{"Node_id":793,"weight":2.0038},
{"Node_id":794,"weight":2.025},
{"Node_id":804,"weight":1.9206},
{"Node_id":805,"weight":2.4329},
{"Node_id":806,"weight":3.9658},
{"Node_id":807,"weight":2.5579},
{"Node_id":808,"weight":2.0192},
{"Node_id":811,"weight":2.8135},
{"Node_id":812,"weight":2.8381},
{"Node_id":813,"weight":2.889},
{"Node_id":814,"weight":2.0338},
{"Node_id":815,"weight":3.0667},
{"Node_id":816,"weight":1.9323},
{"Node_id":817,"weight":1.7237},
{"Node_id":818,"weight":1.7599},
{"Node_id":819,"weight":2.3015},
{"Node_id":820,"weight":1.4881},
{"Node_id":821,"weight":1.3988},
{"Node_id":822,"weight":2.9786},
{"Node_id":823,"weight":3.3652},
{"Node_id":824,"weight":2.6337},
{"Node_id":825,"weight":1.5485},
{"Node_id":826,"weight":2.5297},
{"Node_id":827,"weight":1.5327},
{"Node_id":828,"weight":1.7663},
{"Node_id":829,"weight":1.9423},
{"Node_id":830,"weight":1.4422},
{"Node_id":831,"weight":1.5885},
{"Node_id":832,"weight":1.5729},
{"Node_id":833,"weight":1.5306},
{"Node_id":834,"weight":2.7409},
{"Node_id":863,"weight":1.6657},
{"Node_id":864,"weight":1.4052},
{"Node_id":865,"weight":1.6324},
{"Node_id":866,"weight":2.8711},
{"Node_id":867,"weight":5.0933},
{"Node_id":868,"weight":1.5659},
{"Node_id":869,"weight":1.4782},
{"Node_id":870,"weight":2.6761},
{"Node_id":871,"weight":2.4796},
{"Node_id":872,"weight":2.6337},
{"Node_id":873,"weight":5.4927},
{"Node_id":876,"weight":2.0928},
{"Node_id":885,"weight":1.4862},
{"Node_id":886,"weight":1.4435},
{"Node_id":887,"weight":4.8458},
{"Node_id":888,"weight":2.1622},
{"Node_id":889,"weight":1.8253},
{"Node_id":890,"weight":2.1928},
{"Node_id":891,"weight":1.587},
{"Node_id":892,"weight":1.656},
{"Node_id":893,"weight":2.4684},
{"Node_id":894,"weight":3.511},
{"Node_id":895,"weight":1.5368},
{"Node_id":896,"weight":1.6027},
{"Node_id":897,"weight":1.733},
{"Node_id":898,"weight":1.8609},
{"Node_id":901,"weight":3.6312},
{"Node_id":902,"weight":2.3699},
{"Node_id":903,"weight":2.6928},
{"Node_id":904,"weight":3.3903},
{"Node_id":905,"weight":2.2943},
{"Node_id":908,"weight":1.9597},
{"Node_id":909,"weight":2.1376},
{"Node_id":910,"weight":2.6147},
{"Node_id":911,"weight":2.0485},
{"Node_id":912,"weight":1.8438},
{"Node_id":913,"weight":2.97},
{"Node_id":914,"weight":4.1513},
{"Node_id":915,"weight":2.9031},
{"Node_id":916,"weight":1.5197},
{"Node_id":917,"weight":3.4356},
{"Node_id":918,"weight":4.4538},
{"Node_id":919,"weight":3.2507},
{"Node_id":920,"weight":1.4775},
{"Node_id":921,"weight":3.6595},
{"Node_id":922,"weight":1.4769},
{"Node_id":923,"weight":4.7832},
{"Node_id":924,"weight":1.8354},
{"Node_id":925,"weight":2.7857},
{"Node_id":926,"weight":3.3468},
{"Node_id":927,"weight":4.284},
{"Node_id":928,"weight":1.8643},
{"Node_id":929,"weight":2.1354},
{"Node_id":930,"weight":1.8153},
{"Node_id":933,"weight":2.5882},
{"Node_id":934,"weight":2.1774},
{"Node_id":935,"weight":4.0049},
{"Node_id":936,"weight":2.9444},
{"Node_id":937,"weight":2.6466},
{"Node_id":938,"weight":2.1796},
{"Node_id":939,"weight":3.3079},
{"Node_id":940,"weight":3.562},
{"Node_id":941,"weight":1.6164},
{"Node_id":942,"weight":1.9915},
{"Node_id":943,"weight":2.4994},
{"Node_id":944,"weight":2.6022},
{"Node_id":945,"weight":1.5603},
{"Node_id":946,"weight":2.2716},
{"Node_id":947,"weight":3.3287},
{"Node_id":948,"weight":1.7543},
{"Node_id":949,"weight":3.3468},
{"Node_id":950,"weight":1.9098},
{"Node_id":951,"weight":1.8078},
{"Node_id":952,"weight":2.4519},
{"Node_id":953,"weight":3.3138},
{"Node_id":954,"weight":2.6434},
{"Node_id":955,"weight":2.9939},
{"Node_id":956,"weight":1.8379},
{"Node_id":957,"weight":1.7711},
{"Node_id":958,"weight":3.0072},
{"Node_id":959,"weight":1.5485},
{"Node_id":960,"weight":1.4585},
{"Node_id":961,"weight":3.1222},
{"Node_id":962,"weight":2.1752},
{"Node_id":963,"weight":2.6321},
{"Node_id":964,"weight":2.7183},
{"Node_id":965,"weight":3.5694},
{"Node_id":966,"weight":3.1026},
{"Node_id":967,"weight":2.4315},
{"Node_id":968,"weight":1.4868},
{"Node_id":969,"weight":1.6785},
{"Node_id":970,"weight":2.2576},
{"Node_id":971,"weight":3.1625},
{"Node_id":972,"weight":1.827},
{"Node_id":973,"weight":2.3814},
{"Node_id":974,"weight":2.6761},
{"Node_id":975,"weight":1.7988},
{"Node_id":976,"weight":5.9118},
{"Node_id":977,"weight":2.4342},
{"Node_id":978,"weight":1.4461},
{"Node_id":979,"weight":3.4356},
{"Node_id":995,"weight":1.4982},
{"Node_id":996,"weight":2.3827},
{"Node_id":997,"weight":2.1514},
{"Node_id":998,"weight":1.421},
{"Node_id":999,"weight":4.2546},
{"Node_id":1000,"weight":2.889},
{"Node_id":1001,"weight":2.6162},
{"Node_id":1004,"weight":4.508},
{"Node_id":1007,"weight":2.6401},
{"Node_id":1010,"weight":2.1197},
{"Node_id":1011,"weight":1.9161},
{"Node_id":1047,"weight":2.4643},
{"Node_id":1048,"weight":2.1145},
{"Node_id":1049,"weight":1.7105},
{"Node_id":1050,"weight":2.1239},
{"Node_id":1051,"weight":1.8834},
{"Node_id":1052,"weight":2.7115},
{"Node_id":1053,"weight":2.3597},
{"Node_id":1054,"weight":1.6383},
{"Node_id":1055,"weight":1.4624},
{"Node_id":1056,"weight":3.6392},
{"Node_id":1057,"weight":1.7338},
{"Node_id":1058,"weight":4.3776},
{"Node_id":1059,"weight":1.7089},
{"Node_id":1060,"weight":1.4789},
{"Node_id":1061,"weight":3.2591},
{"Node_id":1062,"weight":3.3871},
{"Node_id":1063,"weight":2.9277},
{"Node_id":1064,"weight":4.5653},
{"Node_id":1065,"weight":3.2178},
{"Node_id":1066,"weight":2.321},
{"Node_id":1067,"weight":2.2073},
{"Node_id":1068,"weight":1.5779},
{"Node_id":1069,"weight":3.8085},
{"Node_id":1070,"weight":1.6186},
{"Node_id":1071,"weight":6.8113},
{"Node_id":1072,"weight":1.6179},
{"Node_id":1073,"weight":1.7377},
{"Node_id":1074,"weight":2.4588},
{"Node_id":1075,"weight":1.6478},
{"Node_id":1076,"weight":1.5231},
{"Node_id":1077,"weight":2.342},
{"Node_id":1078,"weight":1.4644},
{"Node_id":1079,"weight":2.0595},
{"Node_id":1080,"weight":2.2681},
{"Node_id":1082,"weight":1.5109},
{"Node_id":1083,"weight":2.4519},
{"Node_id":1084,"weight":1.7105},
{"Node_id":1087,"weight":3.3871},
{"Node_id":1088,"weight":1.5807},
{"Node_id":1089,"weight":2.7586},
{"Node_id":1090,"weight":2.885},
{"Node_id":1091,"weight":4.5653},
{"Node_id":1092,"weight":3.3683},
{"Node_id":1093,"weight":2.7374},
{"Node_id":1096,"weight":2.0485},
{"Node_id":1097,"weight":1.8261},
{"Node_id":1098,"weight":2.9593},
{"Node_id":1099,"weight":2.0565},
{"Node_id":1100,"weight":2.5123},
{"Node_id":1101,"weight":1.4121},
{"Node_id":1102,"weight":2.2061},
{"Node_id":1103,"weight":1.7136},
{"Node_id":1104,"weight":2.2799},
{"Node_id":1105,"weight":1.7182},
{"Node_id":1108,"weight":2.0605},
{"Node_id":1109,"weight":3.6233},
{"Node_id":1112,"weight":2.6242},
{"Node_id":1113,"weight":1.5771},
{"Node_id":1114,"weight":1.5402},
{"Node_id":1115,"weight":3.2591},
{"Node_id":1116,"weight":1.6754},
{"Node_id":1117,"weight":1.5238},
{"Node_id":1118,"weight":2.0096},
{"Node_id":1119,"weight":2.8381},
{"Node_id":1120,"weight":2.1155},
{"Node_id":1121,"weight":1.5687},
{"Node_id":1122,"weight":1.4014},
{"Node_id":1123,"weight":1.7417},
{"Node_id":1124,"weight":2.3699},
{"Node_id":1127,"weight":1.6078},
{"Node_id":1128,"weight":1.7857},
{"Node_id":1129,"weight":3.562},
{"Node_id":1130,"weight":2.8633},
{"Node_id":1134,"weight":1.9259},
{"Node_id":1135,"weight":2.6662},
{"Node_id":1136,"weight":3.5326},
{"Node_id":1137,"weight":4.0163},
{"Node_id":1138,"weight":3.226},
{"Node_id":1139,"weight":1.7051},
{"Node_id":1140,"weight":2.9113},
{"Node_id":1141,"weight":1.8913},
{"Node_id":1144,"weight":1.6085},
{"Node_id":1145,"weight":1.5999},
{"Node_id":1146,"weight":3.0738},
{"Node_id":1147,"weight":1.5878},
{"Node_id":1239,"weight":3.0117},
{"Node_id":1240,"weight":2.2907},
{"Node_id":1244,"weight":2.0038},
{"Node_id":1245,"weight":3.5398},
{"Node_id":1246,"weight":1.8379},
{"Node_id":1247,"weight":1.3907},
{"Node_id":1248,"weight":3.0786},
{"Node_id":1249,"weight":4.0049},
{"Node_id":1250,"weight":3.4969},
{"Node_id":1251,"weight":1.7841},
{"Node_id":1252,"weight":2.4966},
{"Node_id":1253,"weight":4.9126},
{"Node_id":1254,"weight":3.562},
{"Node_id":1255,"weight":4.9548},
{"Node_id":1256,"weight":4.7592},
{"Node_id":1257,"weight":2.1873},
{"Node_id":1267,"weight":3.0184},
{"Node_id":1268,"weight":1.4572},
{"Node_id":1372,"weight":2.4994},
{"Node_id":1373,"weight":5.4448},
{"Node_id":1374,"weight":1.7988},
{"Node_id":1375,"weight":1.6412},
{"Node_id":1376,"weight":1.4802},
{"Node_id":1377,"weight":1.4683},
{"Node_id":1378,"weight":4.0634},
{"Node_id":1379,"weight":2.895},
{"Node_id":1380,"weight":3.3347},
{"Node_id":1381,"weight":1.6508},
{"Node_id":1382,"weight":3.3777},
{"Node_id":1383,"weight":2.9072},
{"Node_id":1384,"weight":1.4178},
{"Node_id":1385,"weight":2.4881},
{"Node_id":1386,"weight":2.3788},
{"Node_id":1387,"weight":2.9614},
{"Node_id":1388,"weight":1.6664},
{"Node_id":1389,"weight":1.7963},
{"Node_id":1390,"weight":1.9143},
{"Node_id":1391,"weight":1.6523},
{"Node_id":1392,"weight":1.6538},
{"Node_id":1393,"weight":1.9036},
{"Node_id":1394,"weight":1.7776},
{"Node_id":1395,"weight":3.3999},
{"Node_id":1396,"weight":2.3584},
{"Node_id":1397,"weight":2.1785},
{"Node_id":1398,"weight":2.5224},
{"Node_id":1399,"weight":2.4601},
{"Node_id":1400,"weight":1.7074},
{"Node_id":1401,"weight":1.8834},
{"Node_id":1402,"weight":1.8921},
{"Node_id":1403,"weight":1.39},
{"Node_id":1404,"weight":2.2106},
{"Node_id":1405,"weight":1.9241},
{"Node_id":1406,"weight":1.6627},
{"Node_id":1407,"weight":3.0667},
{"Node_id":1408,"weight":2.0605},
{"Node_id":1409,"weight":2.2895},
{"Node_id":1410,"weight":1.43},
{"Node_id":1411,"weight":2.4698},
{"Node_id":1412,"weight":2.7694},
{"Node_id":1413,"weight":1.6982},
{"Node_id":1414,"weight":2.4505},
{"Node_id":1415,"weight":2.8305},
{"Node_id":1416,"weight":1.7825},
{"Node_id":1469,"weight":1.702},
{"Node_id":1536,"weight":2.9133},
{"Node_id":1552,"weight":1.4546},
{"Node_id":1553,"weight":1.6186},
{"Node_id":1554,"weight":2.4754},
{"Node_id":1555,"weight":1.8756},
{"Node_id":1581,"weight":1.4217},
{"Node_id":1618,"weight":1.5701},
{"Node_id":1736,"weight":1.9532},
{"Node_id":1862,"weight":3.2071},
{"Node_id":1863,"weight":1.7988},
{"Node_id":1958,"weight":3.3529},
{"Node_id":2001,"weight":2.658},
{"Node_id":2016,"weight":2.5371},
{"Node_id":2017,"weight":5.9496},
{"Node_id":2044,"weight":1.5589},
{"Node_id":2045,"weight":2.7098},
{"Node_id":2161,"weight":1.7543},
{"Node_id":2162,"weight":1.9746},
{"Node_id":2235,"weight":1.4729},
{"Node_id":2257,"weight":2.4754},
{"Node_id":2258,"weight":2.4302},
{"Node_id":2298,"weight":1.7898},
{"Node_id":2299,"weight":1.7043},
{"Node_id":2300,"weight":1.6612},
{"Node_id":2301,"weight":1.8669},
{"Node_id":2302,"weight":1.6762},
{"Node_id":2303,"weight":2.2208},
{"Node_id":2304,"weight":3.0297},
{"Node_id":2305,"weight":2.4262},
{"Node_id":2306,"weight":2.4155},
{"Node_id":2307,"weight":3.2017},
{"Node_id":2308,"weight":2.4866},
{"Node_id":2309,"weight":2.9939},
{"Node_id":2310,"weight":4.4538},
{"Node_id":2311,"weight":2.1796},
{"Node_id":2312,"weight":1.8523},
{"Node_id":2313,"weight":2.0038},
{"Node_id":2314,"weight":1.9934},
{"Node_id":2315,"weight":1.5652},
{"Node_id":2316,"weight":1.6792},
{"Node_id":2317,"weight":1.561},
{"Node_id":2318,"weight":1.5892},
{"Node_id":2319,"weight":1.6006},
{"Node_id":2320,"weight":1.7377},
{"Node_id":2321,"weight":2.3321},
{"Node_id":2322,"weight":2.0202},
{"Node_id":2323,"weight":4.284},
{"Node_id":2324,"weight":3.4969},
{"Node_id":2325,"weight":1.5736},
{"Node_id":2326,"weight":1.7857},
{"Node_id":2327,"weight":2.3271},
{"Node_id":2328,"weight":1.873},
{"Node_id":2329,"weight":2.0685},
{"Node_id":2330,"weight":1.8506},
{"Node_id":2331,"weight":2.5609},
{"Node_id":2332,"weight":1.6034},
{"Node_id":2333,"weight":2.0358},
{"Node_id":2334,"weight":3.3808},
{"Node_id":2335,"weight":2.2599},
{"Node_id":2336,"weight":3.6801},
{"Node_id":2337,"weight":5.1441},
{"Node_id":2338,"weight":4.0396},
{"Node_id":2339,"weight":2.1611},
{"Node_id":2340,"weight":4.7832},
{"Node_id":2341,"weight":3.4258},
{"Node_id":2342,"weight":2.6662},
{"Node_id":2343,"weight":2.4208},
{"Node_id":2344,"weight":1.5687},
{"Node_id":2345,"weight":2.8191},
{"Node_id":2346,"weight":1.4935},
{"Node_id":2347,"weight":1.7362},
{"Node_id":2350,"weight":6.1637},
{"Node_id":2351,"weight":1.9359},
{"Node_id":2352,"weight":3.3287},
{"Node_id":2353,"weight":3.0458},
{"Node_id":2354,"weight":2.1165},
{"Node_id":2355,"weight":1.5022},
{"Node_id":2356,"weight":2.5066},
{"Node_id":2359,"weight":1.4281},
{"Node_id":2360,"weight":2.4089},
{"Node_id":2361,"weight":1.7615},
{"Node_id":2362,"weight":1.4995},
{"Node_id":2363,"weight":1.9597},
{"Node_id":2364,"weight":2.955},
{"Node_id":2367,"weight":2.4235},
{"Node_id":2368,"weight":1.6634},
{"Node_id":2414,"weight":1.6883},
{"Node_id":2437,"weight":3.2676},
{"Node_id":2439,"weight":2.1062},
{"Node_id":2440,"weight":1.5949},
{"Node_id":2441,"weight":2.0705},
{"Node_id":2442,"weight":5.1441},
{"Node_id":2443,"weight":1.9018},
{"Node_id":2444,"weight":1.5582},
{"Node_id":2445,"weight":1.9477},
{"Node_id":2446,"weight":3.4095},
{"Node_id":2447,"weight":1.798},
{"Node_id":2448,"weight":3.8132},
{"Node_id":2449,"weight":5.1794},
{"Node_id":2450,"weight":8.1114},
{"Node_id":2451,"weight":3.5732},
{"Node_id":2452,"weight":6.5699},
{"Node_id":2453,"weight":1.8506},
{"Node_id":2454,"weight":3.2098},
{"Node_id":2455,"weight":2.1665},
{"Node_id":2458,"weight":2.0959},
{"Node_id":2459,"weight":3.1099},
{"Node_id":2460,"weight":2.2907},
{"Node_id":2461,"weight":5.2734},
{"Node_id":2462,"weight":3.8372},
{"Node_id":2463,"weight":1.6649},
{"Node_id":2464,"weight":2.5775},
{"Node_id":2465,"weight":3.0929},
{"Node_id":2466,"weight":1.7036},
{"Node_id":2467,"weight":2.5297},
{"Node_id":2468,"weight":1.917},
{"Node_id":2469,"weight":1.5416},
{"Node_id":2470,"weight":2.5913},
{"Node_id":2471,"weight":2.2006},
{"Node_id":2472,"weight":2.2073},
{"Node_id":2473,"weight":1.7346},
{"Node_id":2474,"weight":1.7252},
{"Node_id":2475,"weight":2.2871},
{"Node_id":2476,"weight":2.375},
{"Node_id":2477,"weight":1.9487},
{"Node_id":2478,"weight":2.5684},
{"Node_id":2479,"weight":2.4221},
{"Node_id":2480,"weight":1.6523},
{"Node_id":2481,"weight":2.1031},
{"Node_id":2482,"weight":1.7607},
{"Node_id":2483,"weight":1.4045},
{"Node_id":2484,"weight":2.3321},
{"Node_id":2485,"weight":3.5146},
{"Node_id":2486,"weight":3.7991},
{"Node_id":2487,"weight":2.5534},
{"Node_id":2488,"weight":2.2028},
{"Node_id":2489,"weight":1.9896},
{"Node_id":2490,"weight":1.8843},
{"Node_id":2491,"weight":2.8381},
{"Node_id":2492,"weight":1.5076},
{"Node_id":2493,"weight":2.184},
{"Node_id":2494,"weight":2.0416},
{"Node_id":2495,"weight":3.7579},
{"Node_id":2496,"weight":1.9296},
{"Node_id":2497,"weight":2.1093},
{"Node_id":2498,"weight":2.7876},
{"Node_id":2499,"weight":2.2657},
{"Node_id":2500,"weight":3.1651},
{"Node_id":2501,"weight":4.0163},
{"Node_id":2502,"weight":2.0192},
{"Node_id":2503,"weight":2.6678},
{"Node_id":2504,"weight":2.4768},
{"Node_id":2505,"weight":1.5245},
{"Node_id":2506,"weight":4.7954},
{"Node_id":2507,"weight":1.9896},
{"Node_id":2508,"weight":2.3075},
{"Node_id":2509,"weight":2.5023},
{"Node_id":2510,"weight":1.421},
{"Node_id":2511,"weight":1.7151},
{"Node_id":2512,"weight":1.5575},
{"Node_id":2513,"weight":1.9634},
{"Node_id":2534,"weight":2.5312},
{"Node_id":2556,"weight":3.1651},
{"Node_id":2572,"weight":2.0231},
{"Node_id":2587,"weight":2.6945},
{"Node_id":2588,"weight":3.6843},
{"Node_id":2589,"weight":2.6037},
{"Node_id":2604,"weight":3.6233},
{"Node_id":2605,"weight":2.5341},
{"Node_id":2606,"weight":2.6482},
{"Node_id":2607,"weight":2.2095},
{"Node_id":2608,"weight":2.2634},
{"Node_id":2609,"weight":1.653},
{"Node_id":2610,"weight":1.397},
{"Node_id":2611,"weight":2.5166},
{"Node_id":2612,"weight":1.9468},
{"Node_id":2613,"weight":2.0338},
{"Node_id":2614,"weight":1.7528},
{"Node_id":2615,"weight":1.53},
{"Node_id":2690,"weight":1.8128},
{"Node_id":2691,"weight":2.9808},
{"Node_id":2692,"weight":4.2402},
{"Node_id":2693,"weight":1.935},
{"Node_id":2694,"weight":1.6792},
{"Node_id":2695,"weight":3.2591},
{"Node_id":2696,"weight":1.6538},
{"Node_id":2697,"weight":2.1568},
{"Node_id":2698,"weight":3.1781},
{"Node_id":2699,"weight":2.881},
{"Node_id":2700,"weight":1.4848},
{"Node_id":2701,"weight":1.5793},
{"Node_id":2702,"weight":3.1833},
{"Node_id":2703,"weight":2.7857},
{"Node_id":2704,"weight":1.659},
{"Node_id":2705,"weight":1.6754},
{"Node_id":2706,"weight":1.7575},
{"Node_id":2707,"weight":2.2955},
{"Node_id":2708,"weight":2.0202},
{"Node_id":2709,"weight":2.7235},
{"Node_id":2710,"weight":2.1796},
{"Node_id":2711,"weight":2.7339},
{"Node_id":2712,"weight":3.3967},
{"Node_id":2713,"weight":2.4208},
{"Node_id":2714,"weight":1.5652},
{"Node_id":2715,"weight":2.6945},
{"Node_id":2716,"weight":4.1064},
{"Node_id":2720,"weight":1.5259},
{"Node_id":2721,"weight":2.1312},
{"Node_id":2722,"weight":1.5002},
{"Node_id":2723,"weight":6.3182},
{"Node_id":2724,"weight":2.0745},
{"Node_id":2725,"weight":1.4822},
{"Node_id":2726,"weight":1.4848},
{"Node_id":2727,"weight":2.0436},
{"Node_id":2728,"weight":1.9905},
{"Node_id":2729,"weight":2.4852},
{"Node_id":2730,"weight":1.8643},
{"Node_id":2731,"weight":3.1651},
{"Node_id":2732,"weight":3.7357},
{"Node_id":2733,"weight":1.3932},
{"Node_id":2734,"weight":1.4975},
{"Node_id":2735,"weight":1.8037},
{"Node_id":2736,"weight":1.5963},
{"Node_id":2737,"weight":2.5224},
{"Node_id":2738,"weight":3.842},
{"Node_id":2739,"weight":2.1622},
{"Node_id":2740,"weight":1.8515},
{"Node_id":2741,"weight":5.8401},
{"Node_id":2742,"weight":1.6906},
{"Node_id":2743,"weight":1.7736},
{"Node_id":2744,"weight":1.9296},
{"Node_id":2745,"weight":2.7857},
{"Node_id":2746,"weight":2.3546},
{"Node_id":2747,"weight":3.776},
{"Node_id":2748,"weight":4.0694},
{"Node_id":2749,"weight":2.4671},
{"Node_id":2750,"weight":2.173},
{"Node_id":2751,"weight":1.752},
{"Node_id":2752,"weight":2.0038},
{"Node_id":2753,"weight":1.4371},
{"Node_id":2754,"weight":2.7081},
{"Node_id":2755,"weight":1.4835},
{"Node_id":2756,"weight":1.9962},
{"Node_id":2757,"weight":2.727},
{"Node_id":2758,"weight":2.2517},
{"Node_id":2759,"weight":2.3648},
{"Node_id":2760,"weight":3.596},
{"Node_id":2761,"weight":2.6257},
{"Node_id":2762,"weight":2.4275},
{"Node_id":2763,"weight":1.9277},
{"Node_id":2764,"weight":2.3866},
{"Node_id":2765,"weight":5.3992},
{"Node_id":2766,"weight":1.4624},
{"Node_id":2767,"weight":1.5485},
{"Node_id":2768,"weight":2.3395},
{"Node_id":2769,"weight":1.8895},
{"Node_id":2770,"weight":2.4588},
{"Node_id":2771,"weight":2.2799},
{"Node_id":2772,"weight":2.8652},
{"Node_id":2773,"weight":1.5062},
{"Node_id":2774,"weight":1.4881},
{"Node_id":2775,"weight":1.5842},
{"Node_id":2776,"weight":1.4921},
{"Node_id":2777,"weight":1.8078},
{"Node_id":2778,"weight":1.776},
{"Node_id":2779,"weight":3.305},
{"Node_id":2780,"weight":2.5959},
{"Node_id":2781,"weight":1.6974},
{"Node_id":2782,"weight":2.2196},
{"Node_id":2783,"weight":1.4848},
{"Node_id":2784,"weight":2.881},
{"Node_id":2785,"weight":1.7401},
{"Node_id":2786,"weight":2.3234},
{"Node_id":2787,"weight":1.6208},
{"Node_id":2788,"weight":2.6563},
{"Node_id":2789,"weight":1.6486},
{"Node_id":2790,"weight":1.9332},
{"Node_id":2791,"weight":1.8523},
{"Node_id":2792,"weight":2.8229},
{"Node_id":2793,"weight":2.5579},
{"Node_id":2815,"weight":2.0907},
{"Node_id":2816,"weight":6.0725},
{"Node_id":2817,"weight":2.8574},
{"Node_id":2818,"weight":1.4178},
{"Node_id":2819,"weight":1.5992},
{"Node_id":2820,"weight":2.1719},
{"Node_id":2821,"weight":1.5035},
{"Node_id":2822,"weight":1.3882},
{"Node_id":2823,"weight":2.2576},
{"Node_id":2824,"weight":3.3652},
{"Node_id":2825,"weight":2.5254},
{"Node_id":2826,"weight":1.7105},
{"Node_id":2827,"weight":4.8458},
{"Node_id":2828,"weight":2.2552},
{"Node_id":2829,"weight":1.3988},
{"Node_id":2830,"weight":1.4172},
{"Node_id":2831,"weight":1.6523},
{"Node_id":2832,"weight":1.7963},
{"Node_id":2833,"weight":4.1002},
{"Node_id":2834,"weight":2.5066},
{"Node_id":2835,"weight":2.5385},
{"Node_id":2836,"weight":2.877},
{"Node_id":2837,"weight":1.9523},
{"Node_id":2838,"weight":2.5714},
{"Node_id":2839,"weight":1.4565},
{"Node_id":2840,"weight":1.744},
{"Node_id":2841,"weight":1.6732},
{"Node_id":2842,"weight":1.798},
{"Node_id":2843,"weight":1.9305},
{"Node_id":2844,"weight":1.4229},
{"Node_id":2845,"weight":1.543},
{"Node_id":2846,"weight":4.1711},
{"Node_id":2847,"weight":2.6711},
{"Node_id":2848,"weight":2.205},
{"Node_id":2849,"weight":3.1347},
{"Node_id":2850,"weight":1.4815},
{"Node_id":2851,"weight":1.752},
{"Node_id":2852,"weight":3.0252},
{"Node_id":2853,"weight":1.6368},
{"Node_id":2854,"weight":2.9593},
{"Node_id":2855,"weight":3.1964},
{"Node_id":2856,"weight":2.0565},
{"Node_id":2857,"weight":1.9296},
{"Node_id":2858,"weight":1.8136},
{"Node_id":2859,"weight":2.2242},
{"Node_id":2860,"weight":2.3571},
{"Node_id":2861,"weight":3.8038},
{"Node_id":2862,"weight":2.0938},
{"Node_id":2863,"weight":2.0745},
{"Node_id":2864,"weight":2.5123},
{"Node_id":2865,"weight":1.5786},
{"Node_id":2866,"weight":1.726},
{"Node_id":2867,"weight":1.4663},
{"Node_id":2868,"weight":2.6563},
{"Node_id":2869,"weight":1.4147},
{"Node_id":2870,"weight":2.9011},
{"Node_id":2871,"weight":5.2347},
{"Node_id":2872,"weight":3.4095},
{"Node_id":2873,"weight":3.4225},
{"Node_id":2874,"weight":1.8557},
{"Node_id":2875,"weight":2.6498},
{"Node_id":2876,"weight":2.1134},
{"Node_id":2877,"weight":2.366},
{"Node_id":2878,"weight":1.9395},
{"Node_id":2879,"weight":3.1859},
{"Node_id":2880,"weight":2.2907},
{"Node_id":2881,"weight":1.8337},
{"Node_id":2882,"weight":1.5652},
{"Node_id":2883,"weight":2.543},
{"Node_id":2884,"weight":5.8061},
{"Node_id":2885,"weight":3.6969},
{"Node_id":2886,"weight":2.1774},
{"Node_id":2887,"weight":1.4795},
{"Node_id":2888,"weight":1.3944},
{"Node_id":2889,"weight":2.3222},
{"Node_id":2890,"weight":1.8012},
{"Node_id":2891,"weight":5.2933},
{"Node_id":2894,"weight":1.5652},
{"Node_id":2895,"weight":2.5944},
{"Node_id":2896,"weight":2.0856},
{"Node_id":2897,"weight":1.5029},
{"Node_id":2898,"weight":2.8751},
{"Node_id":2899,"weight":1.5361},
{"Node_id":2900,"weight":3.2342},
{"Node_id":2901,"weight":1.9432},
{"Node_id":2902,"weight":1.639},
{"Node_id":2903,"weight":2.0436},
{"Node_id":2906,"weight":5.7105},
{"Node_id":2943,"weight":1.8834},
{"Node_id":2944,"weight":1.6657},
{"Node_id":2945,"weight":2.0918},
{"Node_id":2946,"weight":4.8588},
{"Node_id":2947,"weight":2.9257},
{"Node_id":2948,"weight":3.4323},
{"Node_id":2958,"weight":1.8756},
{"Node_id":3014,"weight":4.1982},
{"Node_id":3015,"weight":3.6392},
{"Node_id":3016,"weight":1.9727},
{"Node_id":3017,"weight":5.7414},
{"Node_id":3018,"weight":3.0929},
{"Node_id":3019,"weight":2.3609},
{"Node_id":3020,"weight":1.7113},
{"Node_id":3021,"weight":1.4268},
{"Node_id":3024,"weight":2.9896},
{"Node_id":3025,"weight":2.0938},
{"Node_id":3026,"weight":3.6718},
{"Node_id":3027,"weight":2.1124},
{"Node_id":3028,"weight":2.5519},
{"Node_id":3029,"weight":2.3445},
{"Node_id":3030,"weight":1.5527},
{"Node_id":3031,"weight":1.752},
{"Node_id":3032,"weight":2.7658},
{"Node_id":3033,"weight":1.9241},
{"Node_id":3034,"weight":1.8506},
{"Node_id":3035,"weight":2.4951},
{"Node_id":3036,"weight":3.3168},
{"Node_id":3037,"weight":1.9368},
{"Node_id":3038,"weight":2.2599},
{"Node_id":3039,"weight":1.8532},
{"Node_id":3040,"weight":2.2379},
{"Node_id":3041,"weight":1.8379},
{"Node_id":3042,"weight":3.6718},
{"Node_id":3043,"weight":1.6317},
{"Node_id":3044,"weight":3.7624},
{"Node_id":3045,"weight":1.5617},
{"Node_id":3046,"weight":1.8566},
{"Node_id":3047,"weight":1.8575},
{"Node_id":3048,"weight":1.6013},
{"Node_id":3052,"weight":2.508},
{"Node_id":3053,"weight":1.4198},
{"Node_id":3054,"weight":2.4478},
{"Node_id":3055,"weight":1.4474},
{"Node_id":3056,"weight":3.0229},
{"Node_id":3057,"weight":2.0377},
{"Node_id":3058,"weight":1.5218},
{"Node_id":3291,"weight":4.833},
{"Node_id":3292,"weight":1.5485},
{"Node_id":3293,"weight":2.3063},
{"Node_id":3294,"weight":1.8957},
{"Node_id":3297,"weight":4.1914},
{"Node_id":3298,"weight":4.3534},
{"Node_id":3299,"weight":1.6302},
{"Node_id":3300,"weight":1.8738},
{"Node_id":3301,"weight":1.5245},
{"Node_id":3302,"weight":5.0294},
{"Node_id":3303,"weight":1.5807},
{"Node_id":3304,"weight":3.8716},
{"Node_id":3305,"weight":2.2907},
{"Node_id":3306,"weight":2.6612},
{"Node_id":3307,"weight":2.2061},
{"Node_id":3308,"weight":1.5218},
{"Node_id":3309,"weight":2.2017},
{"Node_id":3310,"weight":5.3771},
{"Node_id":3311,"weight":2.3918},
{"Node_id":3312,"weight":1.5327},
{"Node_id":3313,"weight":1.5527},
{"Node_id":3314,"weight":2.2448},
{"Node_id":3458,"weight":5.2347},
{"Node_id":3459,"weight":1.9606},
{"Node_id":3460,"weight":1.7719},
{"Node_id":3461,"weight":1.4474},
{"Node_id":3462,"weight":2.4768},
{"Node_id":3473,"weight":1.7417},
{"Node_id":3474,"weight":2.9808},
{"Node_id":3477,"weight":1.4128},
{"Node_id":3478,"weight":1.5992},
{"Node_id":3479,"weight":1.6762},
{"Node_id":3480,"weight":2.0212},
{"Node_id":3481,"weight":3.0389},
{"Node_id":3482,"weight":3.3377},
{"Node_id":3527,"weight":2.6337},
{"Node_id":3528,"weight":1.7448},
{"Node_id":3529,"weight":1.6331},
{"Node_id":3530,"weight":2.0397},
{"Node_id":3531,"weight":1.7464},
{"Node_id":3532,"weight":1.9802},
{"Node_id":3533,"weight":2.027},
{"Node_id":3534,"weight":1.5828},
{"Node_id":3535,"weight":3.0504},
{"Node_id":3536,"weight":1.4281},
{"Node_id":3537,"weight":2.1557},
{"Node_id":3538,"weight":1.7881},
{"Node_id":3547,"weight":2.645},
{"Node_id":3548,"weight":1.575},
{"Node_id":3594,"weight":4.212},
{"Node_id":3595,"weight":3.5326},
{"Node_id":3596,"weight":3.248},
{"Node_id":3597,"weight":1.4526},
{"Node_id":3637,"weight":2.9917},
{"Node_id":3638,"weight":1.5779},
{"Node_id":3639,"weight":2.1503},
{"Node_id":3640,"weight":1.465},
{"Node_id":3641,"weight":1.9811},
{"Node_id":3642,"weight":1.4526},
{"Node_id":3643,"weight":1.5771},
{"Node_id":3644,"weight":1.8062},
{"Node_id":3645,"weight":2.0125},
{"Node_id":3646,"weight":5.7414},
{"Node_id":3647,"weight":4.1318},
{"Node_id":3648,"weight":2.5371},
{"Node_id":3649,"weight":2.1323},
{"Node_id":3650,"weight":1.4223},
{"Node_id":3651,"weight":4.3858},
{"Node_id":3652,"weight":4.4364},
{"Node_id":3653,"weight":1.4064},
{"Node_id":3654,"weight":1.4533},
{"Node_id":3655,"weight":1.513},
{"Node_id":3656,"weight":1.7036},
{"Node_id":3657,"weight":2.1218},
{"Node_id":3658,"weight":4.4451},
{"Node_id":3659,"weight":1.6538},
{"Node_id":3660,"weight":2.2185},
{"Node_id":3661,"weight":1.7535},
{"Node_id":3662,"weight":2.102},
{"Node_id":3663,"weight":1.397},
{"Node_id":3664,"weight":2.0685},
{"Node_id":3665,"weight":1.8851},
{"Node_id":3666,"weight":1.8379},
{"Node_id":3667,"weight":5.6515},
{"Node_id":3668,"weight":1.8992},
{"Node_id":3669,"weight":1.7939},
{"Node_id":3670,"weight":2.0125},
{"Node_id":3671,"weight":2.5594},
{"Node_id":3672,"weight":1.7244},
{"Node_id":3673,"weight":3.6969},
{"Node_id":3674,"weight":3.1703},
{"Node_id":3675,"weight":1.5184},
{"Node_id":3676,"weight":1.3869},
{"Node_id":3677,"weight":2.1829},
{"Node_id":3678,"weight":2.2196},
{"Node_id":3679,"weight":1.9597},
{"Node_id":3680,"weight":2.8477},
{"Node_id":3681,"weight":1.6694},
{"Node_id":3682,"weight":3.577},
{"Node_id":3683,"weight":2.889},
{"Node_id":3684,"weight":2.885},
{"Node_id":3685,"weight":1.5259},
{"Node_id":3686,"weight":3.8567},
{"Node_id":3687,"weight":3.3079},
{"Node_id":3688,"weight":1.8354},
{"Node_id":3689,"weight":1.7736},
{"Node_id":3690,"weight":3.714},
{"Node_id":3691,"weight":1.8371},
{"Node_id":3692,"weight":2.9808},
{"Node_id":3693,"weight":2.9614},
{"Node_id":3694,"weight":3.4934},
{"Node_id":3695,"weight":1.3882},
{"Node_id":3696,"weight":1.7623},
{"Node_id":3697,"weight":2.3711},
{"Node_id":3698,"weight":1.4313},
{"Node_id":3699,"weight":1.5527},
{"Node_id":3700,"weight":2.2599},
{"Node_id":3701,"weight":2.0029},
{"Node_id":3702,"weight":2.6596},
{"Node_id":3703,"weight":1.9359},
{"Node_id":3704,"weight":2.9381},
{"Node_id":3705,"weight":2.9174},
{"Node_id":3706,"weight":1.6171},
{"Node_id":3707,"weight":1.8103},
{"Node_id":3708,"weight":1.5334},
{"Node_id":3709,"weight":2.887},
{"Node_id":3710,"weight":1.8186},
{"Node_id":3711,"weight":1.9542},
{"Node_id":3722,"weight":1.6785},
{"Node_id":3723,"weight":3.0006},
{"Node_id":3724,"weight":2.1785},
{"Node_id":3725,"weight":3.0786},
{"Node_id":3726,"weight":3.8275},
{"Node_id":3727,"weight":1.7881},
{"Node_id":3728,"weight":3.055},
{"Node_id":3729,"weight":1.9662},
{"Node_id":3730,"weight":2.4671},
{"Node_id":3731,"weight":3.2905},
{"Node_id":3732,"weight":1.901},
{"Node_id":3733,"weight":1.9802},
{"Node_id":3734,"weight":1.9802},
{"Node_id":3735,"weight":7.8236},
{"Node_id":3739,"weight":1.6913},
{"Node_id":3740,"weight":2.645},
{"Node_id":3741,"weight":4.0163},
{"Node_id":3742,"weight":1.4915},
{"Node_id":3743,"weight":1.5347},
{"Node_id":3744,"weight":2.6531},
{"Node_id":3745,"weight":2.2611},
{"Node_id":3824,"weight":4.3454},
{"Node_id":3825,"weight":2.8248},
{"Node_id":3828,"weight":2.4994},
{"Node_id":3829,"weight":1.748},
{"Node_id":3830,"weight":1.4855},
{"Node_id":3831,"weight":2.764},
{"Node_id":3832,"weight":1.8721},
{"Node_id":3833,"weight":2.4492},
{"Node_id":3834,"weight":1.8904},
{"Node_id":3835,"weight":1.9783},
{"Node_id":3836,"weight":1.6508},
{"Node_id":3837,"weight":2.1302},
{"Node_id":3838,"weight":2.4356},
{"Node_id":3839,"weight":2.0897},
{"Node_id":3840,"weight":3.1322},
{"Node_id":3841,"weight":1.956},
{"Node_id":3842,"weight":4.5362},
{"Node_id":3843,"weight":2.8574},
{"Node_id":3846,"weight":4.6053},
{"Node_id":3847,"weight":2.7839},
{"Node_id":3848,"weight":1.5177},
{"Node_id":3849,"weight":1.414},
{"Node_id":3850,"weight":1.7496},
{"Node_id":3851,"weight":2.0318},
{"Node_id":3852,"weight":3.2424},
{"Node_id":3853,"weight":1.8756},
{"Node_id":3917,"weight":2.5371},
{"Node_id":3918,"weight":1.414},
{"Node_id":3919,"weight":2.4643},
{"Node_id":3948,"weight":1.8128},
{"Node_id":3949,"weight":1.4461},
{"Node_id":3950,"weight":2.0446},
{"Node_id":3951,"weight":2.5821},
{"Node_id":3952,"weight":3.4761},
{"Node_id":3953,"weight":1.5062},
{"Node_id":3954,"weight":2.0989},
{"Node_id":3955,"weight":2.3788},
{"Node_id":3956,"weight":1.5485},
{"Node_id":3957,"weight":4.4108},
{"Node_id":3960,"weight":1.4384},
{"Node_id":3961,"weight":2.7551},
{"Node_id":3962,"weight":1.7409},
{"Node_id":3963,"weight":2.1333},
{"Node_id":3964,"weight":1.9634},
{"Node_id":3965,"weight":1.8111},
{"Node_id":3966,"weight":2.7604},
{"Node_id":3967,"weight":1.5779},
{"Node_id":3968,"weight":4.1383},
{"Node_id":3969,"weight":1.4565},
{"Node_id":3970,"weight":3.6233},
{"Node_id":3971,"weight":1.7599},
{"Node_id":3972,"weight":2.5806},
{"Node_id":3973,"weight":1.4096},
{"Node_id":3974,"weight":3.9072},
{"Node_id":3975,"weight":1.8211},
{"Node_id":3976,"weight":2.5312},
{"Node_id":3977,"weight":1.8037},
{"Node_id":3978,"weight":2.9657},
{"Node_id":3979,"weight":2.6514},
{"Node_id":3980,"weight":1.4229},
{"Node_id":3981,"weight":2.7132},
{"Node_id":3982,"weight":1.8404},
{"Node_id":3983,"weight":1.9332},
{"Node_id":3984,"weight":2.5867},
{"Node_id":3985,"weight":1.6694},
{"Node_id":3986,"weight":4.119},
{"Node_id":3987,"weight":2.4937},
{"Node_id":3988,"weight":3.9992},
{"Node_id":3989,"weight":1.9268},
{"Node_id":3990,"weight":1.4351},
{"Node_id":3991,"weight":1.5361},
{"Node_id":3992,"weight":1.6501},
{"Node_id":3993,"weight":1.9001},
{"Node_id":4019,"weight":1.5396},
{"Node_id":4020,"weight":1.4409},
{"Node_id":4021,"weight":6.0299},
{"Node_id":4022,"weight":1.8037},
{"Node_id":4023,"weight":2.1939},
{"Node_id":4024,"weight":1.5143},
{"Node_id":4025,"weight":1.8203},
{"Node_id":4026,"weight":1.5055},
{"Node_id":4027,"weight":1.8575},
{"Node_id":4028,"weight":2.2402},
{"Node_id":4029,"weight":4.8588},
{"Node_id":4030,"weight":1.4274},
{"Node_id":4031,"weight":2.0948},
{"Node_id":4032,"weight":2.1503},
{"Node_id":4033,"weight":2.1051},
{"Node_id":4034,"weight":1.726},
{"Node_id":4035,"weight":1.9395},
{"Node_id":4036,"weight":1.3982},
{"Node_id":4037,"weight":3.248},
{"Node_id":4038,"weight":1.5687},
{"Node_id":4039,"weight":2.3395},
{"Node_id":4040,"weight":1.6128},
{"Node_id":4041,"weight":1.3919},
{"Node_id":4042,"weight":1.5568},
{"Node_id":4043,"weight":1.6361},
{"Node_id":4044,"weight":2.6928},
{"Node_id":4045,"weight":2.891},
{"Node_id":4046,"weight":2.6844},
{"Node_id":4047,"weight":7.1301},
{"Node_id":4048,"weight":1.9597},
{"Node_id":4054,"weight":1.893},
{"Node_id":4055,"weight":3.9176},
{"Node_id":4056,"weight":2.3198},
{"Node_id":4057,"weight":2.6678},
{"Node_id":4058,"weight":2.0948},
{"Node_id":4059,"weight":1.8592},
{"Node_id":4060,"weight":4.7357},
{"Node_id":4061,"weight":2.3309},
{"Node_id":4062,"weight":1.4185},
{"Node_id":4063,"weight":1.7615},
{"Node_id":4064,"weight":1.4644},
{"Node_id":4065,"weight":3.1729},
{"Node_id":4066,"weight":2.6794},
{"Node_id":4067,"weight":2.97},
{"Node_id":4068,"weight":1.4611},
{"Node_id":4074,"weight":2.2344},
{"Node_id":4075,"weight":2.6777},
{"Node_id":4076,"weight":1.7043},
{"Node_id":4077,"weight":2.0877},
{"Node_id":4078,"weight":1.822},
{"Node_id":4079,"weight":3.1755},
{"Node_id":4080,"weight":1.6244},
{"Node_id":4081,"weight":1.5389},
{"Node_id":4082,"weight":2.0907},
{"Node_id":4083,"weight":1.843},
{"Node_id":4084,"weight":3.5732},
{"Node_id":4085,"weight":1.7971},
{"Node_id":4086,"weight":2.9962},
{"Node_id":4087,"weight":2.3198},
{"Node_id":4088,"weight":2.4275},
{"Node_id":4089,"weight":1.4835},
{"Node_id":4090,"weight":1.6501},
{"Node_id":4091,"weight":1.832},
{"Node_id":4092,"weight":1.39},
{"Node_id":4093,"weight":2.3358},
{"Node_id":4094,"weight":1.9662},
{"Node_id":4095,"weight":1.6815},
{"Node_id":4096,"weight":1.9802},
{"Node_id":4097,"weight":3.5253},
{"Node_id":4098,"weight":2.7986},
{"Node_id":4099,"weight":2.6744},
{"Node_id":4100,"weight":2.5224},
{"Node_id":4110,"weight":3.8372},
{"Node_id":4111,"weight":2.5975},
{"Node_id":4112,"weight":2.3546},
{"Node_id":4115,"weight":1.6471},
{"Node_id":4116,"weight":2.2529},
{"Node_id":4117,"weight":4.2546},
{"Node_id":4118,"weight":3.3777},
{"Node_id":4119,"weight":2.6289},
{"Node_id":4120,"weight":1.7719},
{"Node_id":4121,"weight":2.8324},
{"Node_id":4122,"weight":1.8843},
{"Node_id":4123,"weight":2.0877},
{"Node_id":4124,"weight":2.5929},
{"Node_id":4125,"weight":1.6777},
{"Node_id":4126,"weight":4.2915},
{"Node_id":4127,"weight":1.4409},
{"Node_id":4128,"weight":1.4644},
{"Node_id":4129,"weight":3.3591},
{"Node_id":4130,"weight":2.1884},
{"Node_id":4131,"weight":2.9298},
{"Node_id":4132,"weight":3.4761},
{"Node_id":4133,"weight":4.4988},
{"Node_id":4134,"weight":3.7669},
{"Node_id":4211,"weight":2.7676},
{"Node_id":4212,"weight":1.8878},
{"Node_id":4213,"weight":3.7313},
{"Node_id":4214,"weight":2.2599},
{"Node_id":4215,"weight":4.0514},
{"Node_id":4216,"weight":2.9195},
{"Node_id":4217,"weight":1.7728},
{"Node_id":4218,"weight":1.3976},
{"Node_id":4219,"weight":1.7504},
{"Node_id":4220,"weight":1.6853},
{"Node_id":4221,"weight":1.9868},
{"Node_id":4222,"weight":2.1589},
{"Node_id":4223,"weight":2.3149},
{"Node_id":4224,"weight":2.3879},
{"Node_id":4225,"weight":4.8458},
{"Node_id":4226,"weight":1.4915},
{"Node_id":4227,"weight":2.239},
{"Node_id":4228,"weight":2.1643},
{"Node_id":4229,"weight":2.5489},
{"Node_id":4230,"weight":1.6649},
{"Node_id":4231,"weight":1.6702},
{"Node_id":4232,"weight":3.5657},
{"Node_id":4233,"weight":1.9783},
{"Node_id":4234,"weight":1.7939},
{"Node_id":4235,"weight":5.3771},
{"Node_id":4236,"weight":2.0456},
{"Node_id":4237,"weight":3.4969},
{"Node_id":4238,"weight":2.0456},
{"Node_id":4250,"weight":2.0948},
{"Node_id":4251,"weight":2.0525},
{"Node_id":4252,"weight":5.0609},
{"Node_id":4253,"weight":4.3066},
{"Node_id":4254,"weight":3.1099},
{"Node_id":4255,"weight":2.6131},
{"Node_id":4256,"weight":1.8245},
{"Node_id":4257,"weight":1.8245},
{"Node_id":4258,"weight":1.4455},
{"Node_id":4285,"weight":2.145},
{"Node_id":4286,"weight":3.055},
{"Node_id":4356,"weight":2.3088},
{"Node_id":4357,"weight":1.5252},
{"Node_id":4358,"weight":1.9487},
{"Node_id":4359,"weight":1.513},
{"Node_id":4360,"weight":1.6597},
{"Node_id":4361,"weight":2.2402},
{"Node_id":4362,"weight":3.2342},
{"Node_id":4363,"weight":2.2787},
{"Node_id":4364,"weight":2.173},
{"Node_id":4365,"weight":4.3297},
{"Node_id":4366,"weight":2.7586},
{"Node_id":4367,"weight":1.8295},
{"Node_id":4368,"weight":2.6596},
{"Node_id":4369,"weight":2.3508},
{"Node_id":4370,"weight":5.2734},
{"Node_id":4371,"weight":3.9072},
{"Node_id":4372,"weight":5.7732},
{"Node_id":4373,"weight":1.3951},
{"Node_id":4399,"weight":3.2205},
{"Node_id":4400,"weight":1.5779},
{"Node_id":4401,"weight":3.9495},
{"Node_id":4402,"weight":2.0918},
{"Node_id":4403,"weight":1.7833},
{"Node_id":4404,"weight":1.4795},
{"Node_id":4405,"weight":1.3907},
{"Node_id":4406,"weight":1.5694},
{"Node_id":4407,"weight":1.6762},
{"Node_id":4408,"weight":2.8267},
{"Node_id":4409,"weight":2.1785},
{"Node_id":4410,"weight":1.6171},
{"Node_id":4411,"weight":1.3882},
{"Node_id":4412,"weight":4.7242},
{"Node_id":4413,"weight":2.5415},
{"Node_id":4414,"weight":2.0397},
{"Node_id":4415,"weight":1.58},
{"Node_id":4416,"weight":1.5437},
{"Node_id":4417,"weight":1.8295},
{"Node_id":4418,"weight":2.4698},
{"Node_id":4419,"weight":1.9305},
{"Node_id":4420,"weight":3.8132},
{"Node_id":4421,"weight":1.9036},
{"Node_id":4422,"weight":1.8054},
{"Node_id":4423,"weight":1.6244},
{"Node_id":4424,"weight":1.5506},
{"Node_id":4425,"weight":1.8851},
{"Node_id":4426,"weight":1.6471},
{"Node_id":4427,"weight":3.1912},
{"Node_id":4428,"weight":1.5687},
{"Node_id":4429,"weight":1.4598},
{"Node_id":4430,"weight":2.2344},
{"Node_id":4431,"weight":2.0048},
{"Node_id":4432,"weight":2.5094},
{"Node_id":4433,"weight":2.1796},
{"Node_id":4450,"weight":6.1171},
{"Node_id":4451,"weight":1.7623},
{"Node_id":4452,"weight":1.4481},
{"Node_id":4455,"weight":4.7592},
{"Node_id":4456,"weight":2.2129},
{"Node_id":4540,"weight":3.1651},
{"Node_id":4541,"weight":2.3284},
{"Node_id":4607,"weight":3.7313},
{"Node_id":4644,"weight":1.3932},
{"Node_id":4698,"weight":1.822},
{"Node_id":4699,"weight":1.7464},
{"Node_id":4726,"weight":1.3913},
{"Node_id":4748,"weight":1.5779},
{"Node_id":4813,"weight":2.8458},
{"Node_id":4966,"weight":1.6936},
{"Node_id":5077,"weight":1.8379},
{"Node_id":5078,"weight":1.9802},
{"Node_id":5104,"weight":1.3894},
{"Node_id":5105,"weight":1.9746},
{"Node_id":5117,"weight":1.8834},
{"Node_id":5152,"weight":2.5268},
{"Node_id":5153,"weight":1.469},
{"Node_id":5154,"weight":2.8229},
{"Node_id":5155,"weight":3.3197},
{"Node_id":5156,"weight":3.5289},
{"Node_id":5157,"weight":1.6013},
{"Node_id":5158,"weight":1.5204},
{"Node_id":5159,"weight":3.5807},
{"Node_id":5160,"weight":2.0605},
{"Node_id":5161,"weight":1.7036},
{"Node_id":5162,"weight":1.7206},
{"Node_id":5163,"weight":2.1302},
{"Node_id":5164,"weight":1.7881},
{"Node_id":5165,"weight":1.7159},
{"Node_id":5166,"weight":4.3297},
{"Node_id":5167,"weight":1.6493},
{"Node_id":5168,"weight":1.7206},
{"Node_id":5171,"weight":1.5624},
{"Node_id":5172,"weight":1.6013},
{"Node_id":5173,"weight":4.6363},
{"Node_id":5180,"weight":2.7029},
{"Node_id":5181,"weight":3.504},
{"Node_id":5182,"weight":1.6553},
{"Node_id":5183,"weight":1.5715},
{"Node_id":5184,"weight":1.9423},
{"Node_id":5185,"weight":1.4481},
{"Node_id":5186,"weight":1.4494},
{"Node_id":5187,"weight":1.5575},
{"Node_id":5188,"weight":5.045},
{"Node_id":5189,"weight":2.1687},
{"Node_id":5190,"weight":1.9915},
{"Node_id":5191,"weight":2.7132},
{"Node_id":5192,"weight":1.9296},
{"Node_id":5193,"weight":2.1072},
{"Node_id":5194,"weight":3.842},
{"Node_id":5195,"weight":1.9259},
{"Node_id":5196,"weight":2.2344},
{"Node_id":5197,"weight":1.5757},
{"Node_id":5198,"weight":2.9852},
{"Node_id":5199,"weight":2.102},
{"Node_id":5200,"weight":1.9423},
{"Node_id":5201,"weight":1.8557},
{"Node_id":5202,"weight":2.2517},
{"Node_id":5203,"weight":2.6911},
{"Node_id":5204,"weight":4.1513},
{"Node_id":5205,"weight":2.9786},
{"Node_id":5206,"weight":5.5957},
{"Node_id":5207,"weight":1.8362},
{"Node_id":5208,"weight":2.7201},
{"Node_id":5209,"weight":2.1796},
{"Node_id":5210,"weight":1.8904},
{"Node_id":5211,"weight":3.2992},
{"Node_id":5212,"weight":1.9764},
{"Node_id":5213,"weight":1.7963},
{"Node_id":5214,"weight":2.1},
{"Node_id":5215,"weight":2.3321},
{"Node_id":5216,"weight":2.3584},
{"Node_id":5217,"weight":3.0574},
{"Node_id":5218,"weight":2.3866},
{"Node_id":5219,"weight":1.5245},
{"Node_id":5220,"weight":1.8387},
{"Node_id":5221,"weight":3.4095},
{"Node_id":5222,"weight":1.9943},
{"Node_id":5301,"weight":2.0416},
{"Node_id":5302,"weight":2.127},
{"Node_id":5303,"weight":2.6811},
{"Node_id":5304,"weight":1.8695},
{"Node_id":5305,"weight":2.0309},
{"Node_id":5306,"weight":2.1124},
{"Node_id":5307,"weight":4.5653},
{"Node_id":5308,"weight":2.3996},
{"Node_id":5309,"weight":1.4881},
{"Node_id":5310,"weight":2.7287},
{"Node_id":5311,"weight":3.0905},
{"Node_id":5312,"weight":2.0887},
{"Node_id":5313,"weight":1.4513},
{"Node_id":5349,"weight":3.4624},
{"Node_id":5350,"weight":1.4147},
{"Node_id":5351,"weight":1.552},
{"Node_id":5352,"weight":3.0139},
{"Node_id":5353,"weight":4.1064},
{"Node_id":5354,"weight":3.6595},
{"Node_id":5355,"weight":1.7276},
{"Node_id":5386,"weight":2.4533},
{"Node_id":5387,"weight":2.4221},
{"Node_id":5388,"weight":2.9011},
{"Node_id":5389,"weight":2.274},
{"Node_id":5390,"weight":2.8691},
{"Node_id":5391,"weight":1.397},
{"Node_id":5392,"weight":1.8992},
{"Node_id":5393,"weight":1.5157},
{"Node_id":5394,"weight":2.8496},
{"Node_id":5395,"weight":1.8295},
{"Node_id":5396,"weight":1.6273},
{"Node_id":5441,"weight":1.3982},
{"Node_id":5462,"weight":1.699},
{"Node_id":5463,"weight":2.1176},
{"Node_id":5470,"weight":2.7462},
{"Node_id":5471,"weight":2.1796},
{"Node_id":5472,"weight":2.1218},
{"Node_id":5473,"weight":1.532},
{"Node_id":5474,"weight":2.8496},
{"Node_id":5475,"weight":3.8038},
{"Node_id":5476,"weight":1.9241},
{"Node_id":5477,"weight":3.5004},
{"Node_id":5478,"weight":2.3635},
{"Node_id":5479,"weight":1.4513},
{"Node_id":5480,"weight":1.5218},
{"Node_id":5481,"weight":1.6951},
{"Node_id":5482,"weight":1.9089},
{"Node_id":5485,"weight":2.1557},
{"Node_id":5486,"weight":3.0857},
{"Node_id":5487,"weight":2.5852},
{"Node_id":5488,"weight":4.7242},
{"Node_id":5489,"weight":1.956},
{"Node_id":5490,"weight":2.8535},
{"Node_id":5491,"weight":2.1972},
{"Node_id":5492,"weight":2.3609},
{"Node_id":5493,"weight":3.1347},
{"Node_id":5494,"weight":1.9981},
{"Node_id":5495,"weight":4.9264},
{"Node_id":5496,"weight":2.2979},
{"Node_id":5497,"weight":3.5217},
{"Node_id":5498,"weight":2.4909},
{"Node_id":5499,"weight":1.5191},
{"Node_id":5500,"weight":2.1302},
{"Node_id":5501,"weight":1.6967},
{"Node_id":5502,"weight":2.61},
{"Node_id":5503,"weight":2.1493},
{"Node_id":5504,"weight":2.2895},
{"Node_id":5505,"weight":3.1075},
{"Node_id":5506,"weight":1.5444},
{"Node_id":5507,"weight":1.5177},
{"Node_id":5508,"weight":1.4683},
{"Node_id":5511,"weight":1.587},
{"Node_id":5512,"weight":2.5714},
{"Node_id":5513,"weight":1.5527},
{"Node_id":5514,"weight":2.7894},
{"Node_id":5515,"weight":1.4147},
{"Node_id":5516,"weight":1.6739},
{"Node_id":5517,"weight":1.7906},
{"Node_id":5518,"weight":6.264},
{"Node_id":5519,"weight":2.4075},
{"Node_id":5524,"weight":6.2126},
{"Node_id":5525,"weight":3.0072},
{"Node_id":5526,"weight":3.8275},
{"Node_id":5527,"weight":3.5362},
{"Node_id":5528,"weight":1.9287},
{"Node_id":5529,"weight":2.5836},
{"Node_id":5530,"weight":2.0202},
{"Node_id":5531,"weight":1.9305},
{"Node_id":5532,"weight":1.4749},
{"Node_id":5533,"weight":2.2967},
{"Node_id":5534,"weight":2.9195},
{"Node_id":5626,"weight":2.3271},
{"Node_id":5627,"weight":1.7535},
{"Node_id":5637,"weight":3.0343},
{"Node_id":5641,"weight":2.2835},
{"Node_id":5642,"weight":6.9068},
{"Node_id":5643,"weight":1.8678},
{"Node_id":5647,"weight":2.7218},
{"Node_id":5648,"weight":1.8404},
{"Node_id":5649,"weight":1.3944},
{"Node_id":5650,"weight":2.2587},
{"Node_id":5651,"weight":1.7074},
{"Node_id":5652,"weight":3.776},
{"Node_id":5653,"weight":4.6363},
{"Node_id":5654,"weight":3.9936},
{"Node_id":5655,"weight":2.231},
{"Node_id":5656,"weight":1.7028},
{"Node_id":5657,"weight":1.9386},
{"Node_id":5658,"weight":1.7144},
{"Node_id":5659,"weight":1.6442},
{"Node_id":5664,"weight":1.4191},
{"Node_id":5665,"weight":1.6229},
{"Node_id":5666,"weight":1.7417},
{"Node_id":5667,"weight":3.6636},
{"Node_id":5668,"weight":1.6853},
{"Node_id":5669,"weight":2.2402},
{"Node_id":5670,"weight":5.4217},
{"Node_id":5692,"weight":2.3234},
{"Node_id":5711,"weight":5.3555},
{"Node_id":5712,"weight":2.441},
{"Node_id":5713,"weight":1.5506},
{"Node_id":5714,"weight":2.9874},
{"Node_id":5724,"weight":1.7971},
{"Node_id":5725,"weight":1.6442},
{"Node_id":5726,"weight":1.3869},
{"Node_id":5730,"weight":2.2253},
{"Node_id":5731,"weight":3.2619},
{"Node_id":5732,"weight":3.0252},
{"Node_id":5748,"weight":1.886},
{"Node_id":5749,"weight":2.0887},
{"Node_id":5756,"weight":1.6545},
{"Node_id":5757,"weight":1.9905},
{"Node_id":5758,"weight":2.1312},
{"Node_id":5771,"weight":1.6013},
{"Node_id":5772,"weight":2.2705},
{"Node_id":5773,"weight":2.3259},
{"Node_id":5774,"weight":1.5015},
{"Node_id":5775,"weight":1.6339},
{"Node_id":5776,"weight":4.4716},
{"Node_id":5777,"weight":2.0897},
{"Node_id":5778,"weight":2.1665},
{"Node_id":5779,"weight":2.5836},
{"Node_id":5780,"weight":1.9578},
{"Node_id":5781,"weight":3.7991},
{"Node_id":5782,"weight":2.3559},
{"Node_id":5783,"weight":2.3996},
{"Node_id":5784,"weight":1.4982},
{"Node_id":5785,"weight":1.6605},
{"Node_id":5786,"weight":1.9802},
{"Node_id":5787,"weight":2.2129},
{"Node_id":5788,"weight":2.9215},
{"Node_id":5789,"weight":2.5944},
{"Node_id":5792,"weight":2.9614},
{"Node_id":5793,"weight":2.1072},
{"Node_id":5797,"weight":1.8021},
{"Node_id":5861,"weight":2.9133},
{"Node_id":5862,"weight":1.5076},
{"Node_id":5863,"weight":2.3622},
{"Node_id":5864,"weight":2.9423},
{"Node_id":5865,"weight":2.9874},
{"Node_id":5866,"weight":2.0826},
{"Node_id":5867,"weight":1.726},
{"Node_id":5868,"weight":1.7433},
{"Node_id":5869,"weight":2.223},
{"Node_id":5870,"weight":2.7081},
{"Node_id":5871,"weight":2.936},
{"Node_id":5875,"weight":1.9905},
{"Node_id":5876,"weight":1.9018},
{"Node_id":5877,"weight":4.1711},
{"Node_id":5878,"weight":1.4683},
{"Node_id":5879,"weight":2.0695},
{"Node_id":5901,"weight":3.8085},
{"Node_id":5902,"weight":1.3894},
{"Node_id":5903,"weight":4.6053},
{"Node_id":5904,"weight":4.4896},
{"Node_id":5905,"weight":3.4591},
{"Node_id":5906,"weight":2.2859},
{"Node_id":5907,"weight":1.5076},
{"Node_id":5908,"weight":1.6085},
{"Node_id":5909,"weight":1.4134},
{"Node_id":5910,"weight":2.0555},
{"Node_id":5914,"weight":1.9615},
{"Node_id":5915,"weight":2.1397},
{"Node_id":5916,"weight":2.885},
{"Node_id":5917,"weight":2.3673},
{"Node_id":5918,"weight":1.9359},
{"Node_id":5921,"weight":1.812},
{"Node_id":5922,"weight":2.3471},
{"Node_id":5923,"weight":2.1525},
{"Node_id":5924,"weight":2.2979},
{"Node_id":5925,"weight":4.9264},
{"Node_id":5926,"weight":3.4591},
{"Node_id":5927,"weight":3.4865},
{"Node_id":5928,"weight":2.2716},
{"Node_id":5929,"weight":1.5878},
{"Node_id":5930,"weight":4.9126},
{"Node_id":5931,"weight":1.3951},
{"Node_id":5932,"weight":2.2599},
{"Node_id":5933,"weight":2.1983},
{"Node_id":5934,"weight":1.6694},
{"Node_id":5935,"weight":2.0836},
{"Node_id":5936,"weight":1.8532},
{"Node_id":5937,"weight":2.5564},
{"Node_id":5938,"weight":2.4089},
{"Node_id":5939,"weight":2.1514},
{"Node_id":5942,"weight":1.4565},
{"Node_id":5944,"weight":3.1247},
{"Node_id":5946,"weight":2.4221},
{"Node_id":5947,"weight":1.7639},
{"Node_id":5948,"weight":2.6962},
{"Node_id":5958,"weight":3.8666},
{"Node_id":5959,"weight":1.5471},
{"Node_id":5960,"weight":1.6898},
{"Node_id":5961,"weight":1.3951},
{"Node_id":5962,"weight":1.6449},
{"Node_id":5963,"weight":2.0705},
{"Node_id":5964,"weight":1.8575},
{"Node_id":5965,"weight":3.2178},
{"Node_id":5966,"weight":2.6337},
{"Node_id":5967,"weight":2.5489},
{"Node_id":5968,"weight":2.0635},
{"Node_id":5969,"weight":2.6194},
{"Node_id":5970,"weight":1.656},
{"Node_id":5971,"weight":2.1939},
{"Node_id":5972,"weight":1.5694},
{"Node_id":5973,"weight":1.7631},
{"Node_id":5974,"weight":1.4255},
{"Node_id":5975,"weight":3.9441},
{"Node_id":5976,"weight":1.4268},
{"Node_id":5977,"weight":1.4403},
{"Node_id":5978,"weight":2.7081},
{"Node_id":5979,"weight":1.6383},
{"Node_id":5980,"weight":1.4808},
{"Node_id":5981,"weight":1.7496},
{"Node_id":5984,"weight":2.7115},
{"Node_id":5987,"weight":2.0655},
{"Node_id":5988,"weight":1.6694},
{"Node_id":5989,"weight":1.5771},
{"Node_id":5990,"weight":1.86},
{"Node_id":5991,"weight":5.7732},
{"Node_id":5992,"weight":4.2402},
{"Node_id":5993,"weight":2.5594},
{"Node_id":6030,"weight":2.2196},
{"Node_id":6031,"weight":2.6178},
{"Node_id":6032,"weight":4.5951},
{"Node_id":6033,"weight":3.7898},
{"Node_id":6034,"weight":2.9678},
{"Node_id":6070,"weight":3.4934},
{"Node_id":6071,"weight":1.7315},
{"Node_id":6072,"weight":1.8103},
{"Node_id":6073,"weight":2.6695},
{"Node_id":6074,"weight":1.5673},
{"Node_id":6075,"weight":3.5732},
{"Node_id":6076,"weight":2.0338},
{"Node_id":6077,"weight":2.8652},
{"Node_id":6078,"weight":2.3395},
{"Node_id":6079,"weight":2.4574},
{"Node_id":6080,"weight":3.1099},
{"Node_id":6081,"weight":2.5944},
{"Node_id":6082,"weight":2.1557},
{"Node_id":6083,"weight":3.449},
{"Node_id":6084,"weight":3.7991},
{"Node_id":6085,"weight":1.8712},
{"Node_id":6086,"weight":5.3992},
{"Node_id":6087,"weight":1.8913},
{"Node_id":6090,"weight":2.0231},
{"Node_id":6091,"weight":1.9359},
{"Node_id":6092,"weight":1.4306},
{"Node_id":6093,"weight":3.3438},
{"Node_id":6094,"weight":3.1807},
{"Node_id":6095,"weight":1.467},
{"Node_id":6096,"weight":3.0095},
{"Node_id":6099,"weight":2.5224},
{"Node_id":6100,"weight":2.0645},
{"Node_id":6101,"weight":1.5513},
{"Node_id":6102,"weight":2.5745},
{"Node_id":6103,"weight":1.4756},
{"Node_id":6132,"weight":2.4451},
{"Node_id":6133,"weight":2.239},
{"Node_id":6134,"weight":2.879},
{"Node_id":6135,"weight":1.879},
{"Node_id":6136,"weight":3.8469},
{"Node_id":6137,"weight":1.9662},
{"Node_id":6138,"weight":1.5849},
{"Node_id":6141,"weight":2.401},
{"Node_id":6151,"weight":1.7159},
{"Node_id":6152,"weight":1.5062},
{"Node_id":6153,"weight":2.3609},
{"Node_id":6154,"weight":1.7752},
{"Node_id":6155,"weight":2.0115},
{"Node_id":6156,"weight":1.8087},
{"Node_id":6157,"weight":1.4396},
{"Node_id":6158,"weight":2.1862},
{"Node_id":6159,"weight":2.0846},
{"Node_id":6160,"weight":3.1148},
{"Node_id":6161,"weight":1.5252},
{"Node_id":6162,"weight":4.2546},
{"Node_id":6163,"weight":4.0514},
{"Node_id":6164,"weight":2.6482},
{"Node_id":6165,"weight":1.983},
{"Node_id":6166,"weight":1.712},
{"Node_id":6167,"weight":6.6441},
{"Node_id":6246,"weight":3.7898},
{"Node_id":6247,"weight":1.9736},
{"Node_id":6250,"weight":1.4941},
{"Node_id":6251,"weight":3.504},
{"Node_id":6252,"weight":1.5715},
{"Node_id":6253,"weight":3.3652},
{"Node_id":6254,"weight":2.6645},
{"Node_id":6255,"weight":4.0634},
{"Node_id":6256,"weight":3.2178},
{"Node_id":6257,"weight":2.3003},
{"Node_id":6258,"weight":2.6695},
{"Node_id":6259,"weight":4.3614},
{"Node_id":6260,"weight":6.1171},
{"Node_id":6261,"weight":2.3699},
{"Node_id":6262,"weight":3.7806},
{"Node_id":6263,"weight":2.2219},
{"Node_id":6264,"weight":3.6352},
{"Node_id":6265,"weight":1.6171},
{"Node_id":6266,"weight":3.9713},
{"Node_id":6267,"weight":1.983},
{"Node_id":6268,"weight":2.4866},
{"Node_id":6269,"weight":1.5603},
{"Node_id":6270,"weight":5.6232},
{"Node_id":6271,"weight":3.5075},
{"Node_id":6274,"weight":2.5283},
{"Node_id":6275,"weight":1.4435},
{"Node_id":6276,"weight":1.9708},
{"Node_id":6277,"weight":1.7385},
{"Node_id":6278,"weight":2.1546},
{"Node_id":6284,"weight":2.7081},
{"Node_id":6285,"weight":2.0545},
{"Node_id":6286,"weight":3.3591},
{"Node_id":6287,"weight":2.0318},
{"Node_id":6288,"weight":3.7624},
{"Node_id":6289,"weight":2.0918},
{"Node_id":6290,"weight":3.4624},
{"Node_id":6291,"weight":2.6353},
{"Node_id":6292,"weight":2.0755},
{"Node_id":6293,"weight":2.6353},
{"Node_id":6294,"weight":1.4795},
{"Node_id":6295,"weight":1.7599},
{"Node_id":6296,"weight":1.4306},
{"Node_id":6297,"weight":1.78},
{"Node_id":6298,"weight":2.0221},
{"Node_id":6299,"weight":1.4332},
{"Node_id":6300,"weight":2.8248},
{"Node_id":6301,"weight":3.2452},
{"Node_id":6305,"weight":2.0595},
{"Node_id":6306,"weight":3.1912},
{"Node_id":6309,"weight":1.6288},
{"Node_id":6310,"weight":1.5743},
{"Node_id":6311,"weight":3.9713},
{"Node_id":6342,"weight":1.5828},
{"Node_id":6343,"weight":2.0309},
{"Node_id":6344,"weight":1.4663},
{"Node_id":6345,"weight":1.7082},
{"Node_id":6346,"weight":1.4928},
{"Node_id":6349,"weight":2.9113},
{"Node_id":6350,"weight":1.5231},
{"Node_id":6351,"weight":2.8116},
{"Node_id":6352,"weight":1.5062},
{"Node_id":6353,"weight":2.7166},
{"Node_id":6354,"weight":2.3458},
{"Node_id":6355,"weight":2.5181},
{"Node_id":6356,"weight":2.7857},
{"Node_id":6357,"weight":1.6739},
{"Node_id":6358,"weight":2.2646},
{"Node_id":6359,"weight":4.9548},
{"Node_id":6360,"weight":3.4456},
{"Node_id":6361,"weight":1.7028},
{"Node_id":6362,"weight":2.0348},
{"Node_id":6363,"weight":2.5066},
{"Node_id":6364,"weight":1.68},
{"Node_id":6365,"weight":1.9802},
{"Node_id":6366,"weight":4.2331},
{"Node_id":6367,"weight":2.2106},
{"Node_id":6368,"weight":2.3699},
{"Node_id":6369,"weight":4.2619},
{"Node_id":6370,"weight":2.2017},
{"Node_id":6371,"weight":2.441},
{"Node_id":6372,"weight":1.602},
{"Node_id":6373,"weight":2.1939},
{"Node_id":6380,"weight":2.0625},
{"Node_id":6381,"weight":2.4712},
{"Node_id":6382,"weight":2.4698},
{"Node_id":6383,"weight":2.645},
{"Node_id":6384,"weight":2.0348},
{"Node_id":6388,"weight":1.6739},
{"Node_id":6389,"weight":2.0735},
{"Node_id":6390,"weight":1.5506},
{"Node_id":6391,"weight":3.0343},
{"Node_id":6392,"weight":2.5474},
{"Node_id":6393,"weight":1.5701},
{"Node_id":6394,"weight":2.0358},
{"Node_id":6395,"weight":3.9441},
{"Node_id":6396,"weight":2.5385},
{"Node_id":6397,"weight":1.866},
{"Node_id":6398,"weight":1.8506},
{"Node_id":6399,"weight":2.877},
{"Node_id":6400,"weight":1.5204},
{"Node_id":6479,"weight":1.7776},
{"Node_id":6480,"weight":2.8613},
{"Node_id":6481,"weight":1.5934},
{"Node_id":6506,"weight":2.6563},
{"Node_id":6507,"weight":1.8261},
{"Node_id":6586,"weight":1.8286},
{"Node_id":6587,"weight":2.1407},
{"Node_id":6588,"weight":2.4115},
{"Node_id":6589,"weight":2.5297},
{"Node_id":6590,"weight":1.7639},
{"Node_id":6622,"weight":1.3982},
{"Node_id":6623,"weight":2.5699},
{"Node_id":6624,"weight":1.7005},
{"Node_id":6681,"weight":3.005},
{"Node_id":6682,"weight":1.5035},
{"Node_id":6727,"weight":6.3182},
{"Node_id":6728,"weight":1.7512},
{"Node_id":6729,"weight":5.5957},
{"Node_id":6730,"weight":1.4749},
{"Node_id":6731,"weight":4.1846},
{"Node_id":6732,"weight":2.9571},
{"Node_id":6733,"weight":1.4507},
{"Node_id":6734,"weight":4.4988},
{"Node_id":6735,"weight":2.0715},
{"Node_id":6736,"weight":1.7528},
{"Node_id":6737,"weight":1.6747},
{"Node_id":6738,"weight":1.6295},
{"Node_id":6739,"weight":3.3871},
{"Node_id":6740,"weight":1.9551},
{"Node_id":6741,"weight":2.6006},
{"Node_id":6744,"weight":1.6936},
{"Node_id":6745,"weight":2.1103},
{"Node_id":6746,"weight":2.1376},
{"Node_id":6747,"weight":1.6405},
{"Node_id":6748,"weight":2.4671},
{"Node_id":6749,"weight":1.5423},
{"Node_id":6750,"weight":1.4624},
{"Node_id":6751,"weight":6.3182},
{"Node_id":6777,"weight":2.2529},
{"Node_id":6802,"weight":3.6352},
{"Node_id":6817,"weight":4.3297},
{"Node_id":6818,"weight":2.0585},
{"Node_id":6821,"weight":2.1643},
{"Node_id":6822,"weight":3.6115},
{"Node_id":6823,"weight":1.854},
{"Node_id":6824,"weight":2.7515},
{"Node_id":6825,"weight":1.8738},
{"Node_id":6826,"weight":2.0846},
{"Node_id":6829,"weight":2.1983},
{"Node_id":6830,"weight":1.5666},
{"Node_id":6831,"weight":3.9658},
{"Node_id":6832,"weight":1.886},
{"Node_id":6833,"weight":1.7955},
{"Node_id":6834,"weight":2.3173},
{"Node_id":6835,"weight":1.9441},
{"Node_id":6836,"weight":1.5279},
{"Node_id":6837,"weight":2.2017},
{"Node_id":6838,"weight":1.5204},
{"Node_id":6839,"weight":2.6596},
{"Node_id":6840,"weight":2.9939},
{"Node_id":6841,"weight":1.5764},
{"Node_id":6842,"weight":1.5123},
{"Node_id":6843,"weight":2.5729},
{"Node_id":6844,"weight":2.1578},
{"Node_id":6845,"weight":2.1407},
{"Node_id":6846,"weight":1.6353},
{"Node_id":6847,"weight":2.3892},
{"Node_id":6848,"weight":2.3039},
{"Node_id":6849,"weight":2.7046},
{"Node_id":6850,"weight":1.6164},
{"Node_id":6851,"weight":1.8295},
{"Node_id":6852,"weight":3.6273},
{"Node_id":6853,"weight":2.9195},
{"Node_id":6858,"weight":1.8566},
{"Node_id":6859,"weight":2.2483},
{"Node_id":6860,"weight":2.2174},
{"Node_id":6861,"weight":2.3533},
{"Node_id":6862,"weight":3.0028},
{"Node_id":6863,"weight":1.5471},
{"Node_id":6864,"weight":3.2017},
{"Node_id":6865,"weight":2.366},
{"Node_id":6866,"weight":2.9195},
{"Node_id":6867,"weight":2.6466},
{"Node_id":6868,"weight":3.416},
{"Node_id":6869,"weight":1.4236},
{"Node_id":6870,"weight":4.0455},
{"Node_id":6871,"weight":2.1687},
{"Node_id":6874,"weight":1.4968},
{"Node_id":6875,"weight":1.5631},
{"Node_id":6876,"weight":2.6482},
{"Node_id":6877,"weight":2.2811},
{"Node_id":6878,"weight":3.5884},
{"Node_id":6879,"weight":1.9746},
{"Node_id":6880,"weight":3.449},
{"Node_id":6881,"weight":1.9332},
{"Node_id":6882,"weight":2.223},
{"Node_id":6883,"weight":2.7931},
{"Node_id":6889,"weight":3.1651},
{"Node_id":6890,"weight":1.4928},
{"Node_id":6894,"weight":3.1124},
{"Node_id":6895,"weight":3.1002},
{"Node_id":6896,"weight":2.2028},
{"Node_id":6897,"weight":3.9124},
{"Node_id":6898,"weight":3.8372},
{"Node_id":6899,"weight":2.7694},
{"Node_id":6900,"weight":4.0574},
{"Node_id":6901,"weight":7.418},
{"Node_id":6904,"weight":2.4288},
{"Node_id":6905,"weight":4.0514},
{"Node_id":6906,"weight":1.5293},
{"Node_id":6907,"weight":1.5396},
{"Node_id":6910,"weight":1.7939},
{"Node_id":6911,"weight":2.4329},
{"Node_id":6926,"weight":1.4598},
{"Node_id":6927,"weight":2.4155},
{"Node_id":6930,"weight":8.1114},
{"Node_id":6931,"weight":1.6434},
{"Node_id":6934,"weight":2.0067},
{"Node_id":6935,"weight":2.0019},
{"Node_id":6936,"weight":3.6432},
{"Node_id":6937,"weight":2.1884},
{"Node_id":6938,"weight":2.2174},
{"Node_id":6939,"weight":2.0836},
{"Node_id":6940,"weight":2.0289},
{"Node_id":6941,"weight":2.6777},
{"Node_id":6942,"weight":2.9465},
{"Node_id":6963,"weight":1.7028},
{"Node_id":6964,"weight":1.7013},
{"Node_id":6965,"weight":2.4356},
{"Node_id":6966,"weight":1.6747},
{"Node_id":6967,"weight":1.4736},
{"Node_id":6968,"weight":2.1145},
{"Node_id":6969,"weight":1.5029},
{"Node_id":6970,"weight":1.5409},
{"Node_id":6971,"weight":1.8669},
{"Node_id":6972,"weight":3.8227},
{"Node_id":6973,"weight":1.7409},
{"Node_id":6974,"weight":2.6037},
{"Node_id":6975,"weight":2.7912},
{"Node_id":6976,"weight":1.9468},
{"Node_id":6977,"weight":4.9989},
{"Node_id":6978,"weight":1.4855},
{"Node_id":6979,"weight":1.843},
{"Node_id":6980,"weight":1.8773},
{"Node_id":6981,"weight":2.8633},
{"Node_id":6982,"weight":6.3182},
{"Node_id":6983,"weight":2.2196},
{"Node_id":6984,"weight":3.1002},
{"Node_id":6985,"weight":1.5306},
{"Node_id":6986,"weight":3.3591},
{"Node_id":6987,"weight":1.5347},
{"Node_id":6988,"weight":1.4468},
{"Node_id":6989,"weight":1.6649},
{"Node_id":6990,"weight":1.7599},
{"Node_id":6991,"weight":2.2425},
{"Node_id":6992,"weight":2.0615},
{"Node_id":6993,"weight":1.3875},
{"Node_id":6994,"weight":2.321},
{"Node_id":6995,"weight":4.4538},
{"Node_id":6996,"weight":1.4789},
{"Node_id":6997,"weight":1.4572},
{"Node_id":6998,"weight":2.6678},
{"Node_id":6999,"weight":6.5008},
{"Node_id":7000,"weight":5.4685},
{"Node_id":7001,"weight":1.7575},
{"Node_id":7002,"weight":1.9662},
{"Node_id":7003,"weight":1.532},
{"Node_id":7004,"weight":1.5002},
{"Node_id":7005,"weight":1.4578},
{"Node_id":7006,"weight":4.3858},
{"Node_id":7009,"weight":3.2876},
{"Node_id":7010,"weight":3.6885},
{"Node_id":7011,"weight":2.0058},
{"Node_id":7012,"weight":2.0397},
{"Node_id":7013,"weight":1.6523},
{"Node_id":7014,"weight":6.4362},
{"Node_id":7015,"weight":1.86},
{"Node_id":7016,"weight":1.6959},
{"Node_id":7017,"weight":2.1643},
{"Node_id":7018,"weight":1.5736},
{"Node_id":7136,"weight":1.6822},
{"Node_id":7137,"weight":1.9395},
{"Node_id":7138,"weight":1.5245},
{"Node_id":7139,"weight":3.6554},
{"Node_id":7140,"weight":3.3714},
{"Node_id":7143,"weight":1.4585},
{"Node_id":7198,"weight":1.6982},
{"Node_id":7199,"weight":2.1093},
{"Node_id":7200,"weight":2.2669},
{"Node_id":7201,"weight":2.521},
{"Node_id":7202,"weight":1.9839},
{"Node_id":7203,"weight":2.4248},
{"Node_id":7204,"weight":1.752},
{"Node_id":7205,"weight":2.576},
{"Node_id":7261,"weight":2.4383},
{"Node_id":7262,"weight":1.9934},
{"Node_id":7263,"weight":1.8913},
{"Node_id":7264,"weight":4.4108},
{"Node_id":7265,"weight":1.9597},
{"Node_id":7266,"weight":1.659},
{"Node_id":7273,"weight":1.9223},
{"Node_id":7274,"weight":2.0173},
{"Node_id":7275,"weight":3.9604},
{"Node_id":7383,"weight":2.7986},
{"Node_id":7384,"weight":2.579},
{"Node_id":7385,"weight":2.205},
{"Node_id":7386,"weight":3.504},
{"Node_id":7387,"weight":1.4624},
{"Node_id":7393,"weight":3.6554},
{"Node_id":7394,"weight":5.8753},
{"Node_id":7395,"weight":2.7046},
{"Node_id":7396,"weight":1.4422},
{"Node_id":7397,"weight":3.4899},
{"Node_id":7398,"weight":2.6995},
{"Node_id":7399,"weight":3.0833},
{"Node_id":7400,"weight":1.6501},
{"Node_id":7401,"weight":2.5609},
{"Node_id":7402,"weight":2.4049},
{"Node_id":7403,"weight":2.2276},
{"Node_id":7404,"weight":3.248},
{"Node_id":7405,"weight":2.1376},
{"Node_id":7406,"weight":1.5694},
{"Node_id":7407,"weight":1.901},
{"Node_id":7408,"weight":1.9792},
{"Node_id":7409,"weight":1.9487},
{"Node_id":7410,"weight":3.1026},
{"Node_id":7411,"weight":1.4172},
{"Node_id":7418,"weight":3.1807},
{"Node_id":7419,"weight":3.0762},
{"Node_id":7420,"weight":4.1383},
{"Node_id":7421,"weight":1.683},
{"Node_id":7422,"weight":2.4615},
{"Node_id":7423,"weight":1.719},
{"Node_id":7424,"weight":2.214},
{"Node_id":7425,"weight":1.7639},
{"Node_id":7426,"weight":1.4709},
{"Node_id":7427,"weight":2.0725},
{"Node_id":7428,"weight":1.517},
{"Node_id":7429,"weight":1.6747},
{"Node_id":7435,"weight":2.027},
{"Node_id":7436,"weight":3.714},
{"Node_id":7437,"weight":2.3112},
{"Node_id":7438,"weight":1.6605},
{"Node_id":7439,"weight":1.9886},
{"Node_id":7440,"weight":4.7832},
{"Node_id":7441,"weight":1.9377},
{"Node_id":7442,"weight":1.8128},
{"Node_id":7452,"weight":1.4115},
{"Node_id":7453,"weight":3.1938},
{"Node_id":7454,"weight":2.5415},
{"Node_id":7455,"weight":1.5548},
{"Node_id":7456,"weight":1.5807},
{"Node_id":7457,"weight":2.2356},
{"Node_id":7458,"weight":2.3136},
{"Node_id":7459,"weight":1.7607},
{"Node_id":7460,"weight":3.4356},
{"Node_id":7461,"weight":2.6728},
{"Node_id":7462,"weight":1.628},
{"Node_id":7463,"weight":1.5225},
{"Node_id":7485,"weight":3.4865},
{"Node_id":7486,"weight":4.226},
{"Node_id":7523,"weight":1.6875},
{"Node_id":7524,"weight":4.6793},
{"Node_id":7525,"weight":1.6792},
{"Node_id":7526,"weight":2.0775},
{"Node_id":7527,"weight":2.6777},
{"Node_id":7528,"weight":3.2619},
{"Node_id":7529,"weight":1.6288},
{"Node_id":7530,"weight":4.8458},
{"Node_id":7531,"weight":1.822},
{"Node_id":7532,"weight":2.6482},
{"Node_id":7533,"weight":4.9264},
{"Node_id":7534,"weight":1.4115},
{"Node_id":7535,"weight":5.11},
{"Node_id":7536,"weight":3.3777},
{"Node_id":7537,"weight":2.2413},
{"Node_id":7538,"weight":2.5195},
{"Node_id":7539,"weight":3.3347},
{"Node_id":7540,"weight":2.1557},
{"Node_id":7541,"weight":1.4921},
{"Node_id":7542,"weight":3.1447},
{"Node_id":7543,"weight":1.6657},
{"Node_id":7544,"weight":3.9604},
{"Node_id":7545,"weight":2.5254},
{"Node_id":7546,"weight":5.2159},
{"Node_id":7547,"weight":2.1546},
{"Node_id":7548,"weight":2.3124},
{"Node_id":7549,"weight":1.5143},
{"Node_id":7550,"weight":3.6718},
{"Node_id":7551,"weight":2.576},
{"Node_id":7552,"weight":2.3879},
{"Node_id":7553,"weight":3.3903},
{"Node_id":7556,"weight":2.2752},
{"Node_id":7557,"weight":2.342},
{"Node_id":7558,"weight":3.3529},
{"Node_id":7559,"weight":1.5423},
{"Node_id":7560,"weight":2.9593},
{"Node_id":7561,"weight":1.6754},
{"Node_id":7562,"weight":3.3621},
{"Node_id":7563,"weight":1.8396},
{"Node_id":7618,"weight":2.2775},
{"Node_id":7619,"weight":2.2859},
{"Node_id":7620,"weight":2.4574},
{"Node_id":7621,"weight":3.0006},
{"Node_id":7622,"weight":2.3149},
{"Node_id":7623,"weight":2.5181},
{"Node_id":7624,"weight":1.5327},
{"Node_id":7625,"weight":1.5143},
{"Node_id":7626,"weight":2.5729},
{"Node_id":7737,"weight":2.9962},
{"Node_id":7748,"weight":2.173},
{"Node_id":7749,"weight":2.9786},
{"Node_id":7750,"weight":2.7322},
{"Node_id":7751,"weight":1.4185},
{"Node_id":7752,"weight":3.1124},
{"Node_id":7755,"weight":2.1386},
{"Node_id":7966,"weight":3.105},
{"Node_id":7967,"weight":2.3699},
{"Node_id":7968,"weight":3.3317},
{"Node_id":7969,"weight":1.5109},
{"Node_id":7972,"weight":3.4258},
{"Node_id":7973,"weight":1.6777},
{"Node_id":7974,"weight":1.5029},
{"Node_id":7975,"weight":2.6979},
{"Node_id":7976,"weight":3.3347},
{"Node_id":7977,"weight":2.1482},
{"Node_id":7978,"weight":2.397},
{"Node_id":7979,"weight":2.9765},
{"Node_id":7980,"weight":1.9588},
{"Node_id":8024,"weight":2.3763},
{"Node_id":8025,"weight":1.4229},
{"Node_id":8026,"weight":3.3347},
{"Node_id":8027,"weight":2.5867},
{"Node_id":8028,"weight":1.9404},
{"Node_id":8029,"weight":1.8904},
{"Node_id":8030,"weight":2.4089},
{"Node_id":8033,"weight":3.8132},
{"Node_id":8034,"weight":2.5579},
{"Node_id":8035,"weight":1.9107},
{"Node_id":8036,"weight":1.4396},
{"Node_id":8037,"weight":2.1632},
{"Node_id":8038,"weight":2.481},
{"Node_id":8039,"weight":3.0667},
{"Node_id":8040,"weight":2.3711},
{"Node_id":8041,"weight":2.1654},
{"Node_id":8042,"weight":1.7213},
{"Node_id":8043,"weight":2.274},
{"Node_id":8044,"weight":1.8387},
{"Node_id":8045,"weight":2.2657},
{"Node_id":8046,"weight":2.3259},
{"Node_id":8085,"weight":1.532},
{"Node_id":8086,"weight":3.5845},
{"Node_id":8087,"weight":1.9551},
{"Node_id":8088,"weight":2.1752},
{"Node_id":8089,"weight":1.8816},
{"Node_id":8090,"weight":2.7374},
{"Node_id":8091,"weight":1.4026},
{"Node_id":8094,"weight":1.3888},
{"Node_id":8095,"weight":4.5951},
{"Node_id":8096,"weight":1.9551},
{"Node_id":8097,"weight":3.8918},
{"Node_id":8098,"weight":1.4611},
{"Node_id":8099,"weight":1.7151},
{"Node_id":8100,"weight":1.4166},
{"Node_id":8101,"weight":3.9992},
{"Node_id":8112,"weight":4.226},
{"Node_id":8113,"weight":1.5527},
{"Node_id":8114,"weight":2.0555},
{"Node_id":8151,"weight":3.416},
{"Node_id":8152,"weight":2.8516},
{"Node_id":8153,"weight":2.0856},
{"Node_id":8154,"weight":2.0745},
{"Node_id":8155,"weight":2.0959},
{"Node_id":8156,"weight":2.1482},
{"Node_id":8157,"weight":1.568},
{"Node_id":8158,"weight":3.0435},
{"Node_id":8159,"weight":1.5701},
{"Node_id":8160,"weight":2.0755},
{"Node_id":8161,"weight":1.5589},
{"Node_id":8162,"weight":1.4261},
{"Node_id":8163,"weight":2.9444},
{"Node_id":8164,"weight":2.474},
{"Node_id":8165,"weight":2.4615},
{"Node_id":8172,"weight":2.5564},
{"Node_id":8173,"weight":1.3982},
{"Node_id":8174,"weight":2.1249},
{"Node_id":8175,"weight":2.61},
{"Node_id":8176,"weight":4.9126},
{"Node_id":8177,"weight":2.599},
{"Node_id":8178,"weight":1.532},
{"Node_id":8179,"weight":1.7268},
{"Node_id":8180,"weight":1.465},
{"Node_id":8181,"weight":2.5239},
{"Node_id":8198,"weight":3.1885},
{"Node_id":8199,"weight":2.7115},
{"Node_id":8200,"weight":2.9529},
{"Node_id":8201,"weight":3.6115},
{"Node_id":8202,"weight":4.0221},
{"Node_id":8203,"weight":2.7166},
{"Node_id":8204,"weight":1.421},
{"Node_id":8205,"weight":2.8023},
{"Node_id":8206,"weight":2.0407},
{"Node_id":8207,"weight":3.0905},
{"Node_id":8208,"weight":3.3999},
{"Node_id":8209,"weight":2.2775},
{"Node_id":8210,"weight":2.4657},
{"Node_id":8213,"weight":2.5564},
{"Node_id":8214,"weight":1.8878},
{"Node_id":8215,"weight":2.8613},
{"Node_id":8216,"weight":2.0397},
{"Node_id":8217,"weight":2.145},
{"Node_id":8253,"weight":1.6997},
{"Node_id":8254,"weight":1.8965},
{"Node_id":8283,"weight":2.6257},
{"Node_id":8284,"weight":3.9441},
{"Node_id":8285,"weight":1.3988},
{"Node_id":8286,"weight":2.6645},
{"Node_id":8287,"weight":1.6493},
{"Node_id":8288,"weight":4.8203},
{"Node_id":8367,"weight":1.8379},
{"Node_id":8368,"weight":4.0279},
{"Node_id":8388,"weight":1.6442},
{"Node_id":8389,"weight":2.3983},
{"Node_id":8393,"weight":2.3571},
{"Node_id":8394,"weight":2.5283},
{"Node_id":8395,"weight":2.5459},
{"Node_id":8396,"weight":1.656},
{"Node_id":8397,"weight":3.0667},
{"Node_id":8398,"weight":3.1472},
{"Node_id":8408,"weight":1.8128},
{"Node_id":8413,"weight":1.7583},
{"Node_id":8414,"weight":3.1755},
{"Node_id":8429,"weight":1.5506},
{"Node_id":8431,"weight":1.7881},
{"Node_id":8432,"weight":4.4538},
{"Node_id":8433,"weight":1.8128},
{"Node_id":8437,"weight":2.3371},
{"Node_id":8438,"weight":1.9953},
{"Node_id":8439,"weight":3.7226},
{"Node_id":8440,"weight":4.4192},
{"Node_id":8441,"weight":1.8825},
{"Node_id":8442,"weight":1.8421},
{"Node_id":8453,"weight":1.469},
{"Node_id":8454,"weight":2.9657},
{"Node_id":8455,"weight":2.6894},
{"Node_id":8456,"weight":2.7339},
{"Node_id":8459,"weight":2.7115},
{"Node_id":8460,"weight":3.7535},
{"Node_id":8461,"weight":2.4102},
{"Node_id":8462,"weight":1.8337},
{"Node_id":8463,"weight":6.8113},
{"Node_id":8478,"weight":1.5341},
{"Node_id":8479,"weight":2.4181},
{"Node_id":8480,"weight":3.2178},
{"Node_id":8481,"weight":1.4166},
{"Node_id":8482,"weight":2.3483},
{"Node_id":8488,"weight":1.9606},
{"Node_id":8489,"weight":1.6515},
{"Node_id":8490,"weight":1.5002},
{"Node_id":8491,"weight":1.5534},
{"Node_id":8492,"weight":2.5254},
{"Node_id":8493,"weight":2.6353},
{"Node_id":8494,"weight":2.4262},
{"Node_id":8495,"weight":2.4248},
{"Node_id":8496,"weight":2.5519},
{"Node_id":8609,"weight":2.2943},
{"Node_id":8610,"weight":5.7105},
{"Node_id":8611,"weight":2.5609},
{"Node_id":8612,"weight":2.1983},
{"Node_id":8613,"weight":1.7417},
{"Node_id":8614,"weight":2.1113},
{"Node_id":8648,"weight":5.077},
{"Node_id":8649,"weight":2.2764},
{"Node_id":8650,"weight":6.4362},
{"Node_id":8651,"weight":1.3944},
{"Node_id":8652,"weight":2.0525},
{"Node_id":8653,"weight":3.0481},
{"Node_id":8654,"weight":4.5951},
{"Node_id":8655,"weight":2.9444},
{"Node_id":8656,"weight":1.4242},
{"Node_id":8657,"weight":3.0072},
{"Node_id":8658,"weight":2.7287},
{"Node_id":8659,"weight":1.726},
{"Node_id":8660,"weight":2.4505},
{"Node_id":8661,"weight":2.3408},
{"Node_id":8662,"weight":3.449},
{"Node_id":8663,"weight":5.0141},
{"Node_id":8664,"weight":3.2704},
{"Node_id":8665,"weight":1.7151},
{"Node_id":8666,"weight":2.0565},
{"Node_id":8669,"weight":2.599},
{"Node_id":8670,"weight":1.793},
{"Node_id":8671,"weight":3.3683},
{"Node_id":8672,"weight":1.9699},
{"Node_id":8673,"weight":2.5975},
{"Node_id":8674,"weight":2.1461},
{"Node_id":8675,"weight":1.4565},
{"Node_id":8676,"weight":2.4464},
{"Node_id":8677,"weight":2.4288},
{"Node_id":8678,"weight":1.4198},
{"Node_id":8679,"weight":1.5548},
{"Node_id":8680,"weight":2.5821},
{"Node_id":8681,"weight":1.5002},
{"Node_id":8682,"weight":3.4934},
{"Node_id":8683,"weight":3.1075},
{"Node_id":8684,"weight":1.9089},
{"Node_id":8685,"weight":2.4881},
{"Node_id":8686,"weight":1.4941},
{"Node_id":8689,"weight":7.418},
{"Node_id":8690,"weight":2.145},
{"Node_id":8697,"weight":3.1912},
{"Node_id":8698,"weight":3.3438},
{"Node_id":8699,"weight":4.3143},
{"Node_id":8700,"weight":1.6368},
{"Node_id":8722,"weight":2.1386},
{"Node_id":8723,"weight":1.4915},
{"Node_id":8724,"weight":3.248},
{"Node_id":8725,"weight":2.173},
{"Node_id":8726,"weight":2.7569},
{"Node_id":8727,"weight":1.6085},
{"Node_id":8728,"weight":3.1885},
{"Node_id":8729,"weight":1.6099},
{"Node_id":8730,"weight":4.0514},
{"Node_id":8733,"weight":2.4796},
{"Node_id":8738,"weight":1.7393},
{"Node_id":8739,"weight":3.9936},
{"Node_id":8740,"weight":1.5225},
{"Node_id":8741,"weight":2.0775},
{"Node_id":8742,"weight":1.8228},
{"Node_id":8743,"weight":2.2811},
{"Node_id":8744,"weight":1.8869},
{"Node_id":8745,"weight":1.5942},
{"Node_id":8746,"weight":1.6099},
{"Node_id":8747,"weight":1.5177},
{"Node_id":8748,"weight":1.6027},
{"Node_id":8749,"weight":1.5204},
{"Node_id":8750,"weight":2.2471},
{"Node_id":8751,"weight":1.6523},
{"Node_id":8752,"weight":5.0141},
{"Node_id":8753,"weight":2.7766},
{"Node_id":8754,"weight":4.833},
{"Node_id":8755,"weight":2.2084},
{"Node_id":8756,"weight":3.6392},
{"Node_id":8757,"weight":2.7876},
{"Node_id":8758,"weight":4.7474},
{"Node_id":16182,"weight":1.9214},
{"Node_id":16184,"weight":1.5992},
{"Node_id":16186,"weight":2.184},
{"Node_id":16187,"weight":3.483},
{"Node_id":16188,"weight":2.2799},
{"Node_id":16189,"weight":2.0505},
{"Node_id":16190,"weight":1.9802},
{"Node_id":16191,"weight":2.5051},
{"Node_id":16192,"weight":2.7115},
{"Node_id":16195,"weight":2.4994},
{"Node_id":16196,"weight":2.7218},
{"Node_id":16197,"weight":3.6636},
{"Node_id":16198,"weight":1.6493},
{"Node_id":16199,"weight":4.0396},
{"Node_id":16200,"weight":2.0367},
{"Node_id":16201,"weight":1.4319},
{"Node_id":16202,"weight":3.8918},
{"Node_id":16203,"weight":2.3699},
{"Node_id":16204,"weight":1.8825},
{"Node_id":16205,"weight":1.9924},
{"Node_id":16206,"weight":2.5459},
{"Node_id":16207,"weight":2.6645},
{"Node_id":16208,"weight":2.321},
{"Node_id":16209,"weight":1.6936},
{"Node_id":16210,"weight":4.1254},
{"Node_id":16213,"weight":2.1397},
{"Node_id":16214,"weight":2.4195},
{"Node_id":16215,"weight":1.4064},
{"Node_id":16216,"weight":1.8203},
{"Node_id":16217,"weight":4.1846},
{"Node_id":16223,"weight":3.0006},
{"Node_id":16224,"weight":2.7912},
{"Node_id":16227,"weight":2.5959},
{"Node_id":16228,"weight":1.6702},
{"Node_id":16229,"weight":2.9298},
{"Node_id":16230,"weight":3.7945},
{"Node_id":16233,"weight":1.587},
{"Node_id":16234,"weight":1.5736},
{"Node_id":16235,"weight":1.9597},
{"Node_id":16236,"weight":1.9569},
{"Node_id":16237,"weight":1.4474},
{"Node_id":16238,"weight":1.9468},
{"Node_id":16239,"weight":2.0241},
{"Node_id":16260,"weight":1.4371},
{"Node_id":16261,"weight":2.4866},
{"Node_id":16262,"weight":1.7922},
{"Node_id":16263,"weight":1.5259},
{"Node_id":16264,"weight":3.2124},
{"Node_id":16265,"weight":2.5123},
{"Node_id":16266,"weight":1.832},
{"Node_id":16267,"weight":4.7357},
{"Node_id":16268,"weight":1.744},
{"Node_id":16269,"weight":1.748},
{"Node_id":16270,"weight":2.0192},
{"Node_id":16271,"weight":2.0241},
{"Node_id":16272,"weight":1.8643},
{"Node_id":16273,"weight":3.4127},
{"Node_id":16274,"weight":1.7036},
{"Node_id":16275,"weight":2.5852},
{"Node_id":16276,"weight":1.9001},
{"Node_id":16277,"weight":2.0846},
{"Node_id":16278,"weight":3.9713},
{"Node_id":16279,"weight":3.2963},
{"Node_id":16280,"weight":2.0212},
{"Node_id":16281,"weight":1.3976},
{"Node_id":16282,"weight":1.5513},
{"Node_id":16283,"weight":1.8203},
{"Node_id":16284,"weight":1.5492},
{"Node_id":16285,"weight":2.0456},
{"Node_id":16286,"weight":1.7036},
{"Node_id":16287,"weight":2.0595},
{"Node_id":16288,"weight":4.7954},
{"Node_id":16289,"weight":1.4217},
{"Node_id":16290,"weight":1.8421},
{"Node_id":16291,"weight":1.8421},
{"Node_id":16292,"weight":1.4624},
{"Node_id":16293,"weight":3.429},
{"Node_id":16294,"weight":2.764},
{"Node_id":16295,"weight":2.001},
{"Node_id":16296,"weight":1.6353},
{"Node_id":16297,"weight":1.4539},
{"Node_id":16298,"weight":4.219},
{"Node_id":16299,"weight":3.0667},
{"Node_id":16300,"weight":4.226},
{"Node_id":16301,"weight":1.5361},
{"Node_id":16313,"weight":2.7949},
{"Node_id":16314,"weight":1.5638},
{"Node_id":16317,"weight":1.7583},
{"Node_id":16318,"weight":2.4102},
{"Node_id":16323,"weight":7.6004},
{"Node_id":16324,"weight":1.6034},
{"Node_id":16325,"weight":1.9197},
{"Node_id":16326,"weight":1.5259},
{"Node_id":16327,"weight":1.8421},
{"Node_id":16328,"weight":1.9532},
{"Node_id":16329,"weight":2.1928},
{"Node_id":16330,"weight":1.6493},
{"Node_id":16331,"weight":1.9395},
{"Node_id":16332,"weight":2.3983},
{"Node_id":16333,"weight":2.2634},
{"Node_id":16334,"weight":2.2253},
{"Node_id":16335,"weight":3.9176},
{"Node_id":16336,"weight":2.4369},
{"Node_id":16337,"weight":2.3271},
{"Node_id":16338,"weight":3.1026},
{"Node_id":16339,"weight":1.5764},
{"Node_id":16340,"weight":1.7097},
{"Node_id":16341,"weight":2.7115},
{"Node_id":16346,"weight":1.4261},
{"Node_id":16347,"weight":4.2766},
{"Node_id":16348,"weight":6.0725},
{"Node_id":16349,"weight":3.2397},
{"Node_id":16350,"weight":2.3763},
{"Node_id":16351,"weight":5.2159},
{"Node_id":16352,"weight":2.6006},
{"Node_id":16353,"weight":2.7857},
{"Node_id":16354,"weight":3.3714},
{"Node_id":16355,"weight":1.5666},
{"Node_id":16356,"weight":2.6612},
{"Node_id":16357,"weight":1.886},
{"Node_id":16358,"weight":1.866},
{"Node_id":16359,"weight":1.5327},
{"Node_id":16360,"weight":2.1218},
{"Node_id":16361,"weight":1.5123},
{"Node_id":16362,"weight":3.596},
{"Node_id":16363,"weight":1.7013},
{"Node_id":16364,"weight":2.0348},
{"Node_id":16365,"weight":2.887},
{"Node_id":16366,"weight":2.2287},
{"Node_id":16487,"weight":1.7136},
{"Node_id":16488,"weight":1.6875},
{"Node_id":16489,"weight":3.3227},
{"Node_id":16490,"weight":3.2733},
{"Node_id":16542,"weight":1.7833},
{"Node_id":16587,"weight":1.9287},
{"Node_id":16813,"weight":2.8172},
{"Node_id":17003,"weight":2.5654},
{"Node_id":17004,"weight":1.4281},
{"Node_id":17005,"weight":2.0887}]