[{"Node_id":0,"weight":2.3198},
{"Node_id":1,"weight":2.6678},
{"Node_id":2,"weight":2.0948},
{"Node_id":3,"weight":1.8592},
{"Node_id":4,"weight":4.7357},
{"Node_id":5,"weight":2.3309},
{"Node_id":6,"weight":1.4185},
{"Node_id":7,"weight":1.7615},
{"Node_id":8,"weight":1.4644},
{"Node_id":9,"weight":3.1729},
{"Node_id":10,"weight":2.6794},
{"Node_id":11,"weight":2.97},
{"Node_id":12,"weight":1.4611},
{"Node_id":18,"weight":2.2344},
{"Node_id":19,"weight":2.6777},
{"Node_id":20,"weight":1.7043},
{"Node_id":21,"weight":2.0877},
{"Node_id":22,"weight":1.822},
{"Node_id":23,"weight":3.1755},
{"Node_id":24,"weight":1.6244},
{"Node_id":25,"weight":1.5389},
{"Node_id":26,"weight":2.0907},
{"Node_id":27,"weight":1.843},
{"Node_id":28,"weight":3.5732},
{"Node_id":29,"weight":1.7971},
{"Node_id":30,"weight":2.9962},
{"Node_id":31,"weight":2.3198},
{"Node_id":32,"weight":2.4275},
{"Node_id":33,"weight":1.4835},
{"Node_id":34,"weight":1.6501},
{"Node_id":35,"weight":1.832},
{"Node_id":36,"weight":1.39},
{"Node_id":37,"weight":2.3358},
{"Node_id":38,"weight":1.9662},
{"Node_id":39,"weight":1.6815},
{"Node_id":40,"weight":1.9802},
{"Node_id":41,"weight":3.5253},
{"Node_id":42,"weight":2.7986},
{"Node_id":43,"weight":2.6744},
{"Node_id":44,"weight":2.5224},
{"Node_id":54,"weight":3.8372},
{"Node_id":55,"weight":2.5975},
{"Node_id":56,"weight":2.3546},
{"Node_id":59,"weight":1.6471},
{"Node_id":60,"weight":2.2529},
{"Node_id":61,"weight":4.2546},
{"Node_id":62,"weight":3.3777},
{"Node_id":63,"weight":2.6289},
{"Node_id":64,"weight":1.7719},
{"Node_id":65,"weight":2.8324},
{"Node_id":66,"weight":1.8843},
{"Node_id":67,"weight":2.0877},
{"Node_id":68,"weight":2.5929},
{"Node_id":69,"weight":1.6777},
{"Node_id":70,"weight":4.2915},
{"Node_id":71,"weight":1.4409},
{"Node_id":72,"weight":1.4644},
{"Node_id":73,"weight":3.3591},
{"Node_id":74,"weight":2.1884},
{"Node_id":75,"weight":2.9298},
{"Node_id":76,"weight":3.4761},
{"Node_id":77,"weight":4.4988},
{"Node_id":78,"weight":3.7669},
{"Node_id":155,"weight":2.7676},
{"Node_id":156,"weight":1.8878},
{"Node_id":157,"weight":3.7313},
{"Node_id":158,"weight":2.2599},
{"Node_id":159,"weight":4.0514},
{"Node_id":160,"weight":2.9195},
{"Node_id":161,"weight":1.7728},
{"Node_id":162,"weight":1.3976},
{"Node_id":163,"weight":1.7504},
{"Node_id":164,"weight":1.6853},
{"Node_id":165,"weight":1.9868},
{"Node_id":166,"weight":2.1589},
{"Node_id":167,"weight":2.3149},
{"Node_id":168,"weight":2.3879},
{"Node_id":169,"weight":4.8458},
{"Node_id":170,"weight":1.4915},
{"Node_id":171,"weight":2.239},
{"Node_id":172,"weight":2.1643},
{"Node_id":173,"weight":2.5489},
{"Node_id":174,"weight":1.6649},
{"Node_id":175,"weight":1.6702},
{"Node_id":176,"weight":3.5657},
{"Node_id":177,"weight":1.9783},
{"Node_id":178,"weight":1.7939},
{"Node_id":179,"weight":5.3771},
{"Node_id":180,"weight":2.0456},
{"Node_id":181,"weight":3.4969},
{"Node_id":182,"weight":2.0456},
{"Node_id":194,"weight":2.0948},
{"Node_id":195,"weight":2.0525},
{"Node_id":196,"weight":5.0609},
{"Node_id":197,"weight":4.3066},
{"Node_id":198,"weight":3.1099},
{"Node_id":199,"weight":2.6131},
{"Node_id":200,"weight":1.8245},
{"Node_id":201,"weight":1.8245},
{"Node_id":202,"weight":1.4455},
{"Node_id":229,"weight":2.145},
{"Node_id":230,"weight":3.055},
{"Node_id":300,"weight":2.3088},
{"Node_id":301,"weight":1.5252},
{"Node_id":302,"weight":1.9487},
{"Node_id":303,"weight":1.513},
{"Node_id":304,"weight":1.6597},
{"Node_id":305,"weight":2.2402},
{"Node_id":306,"weight":3.2342},
{"Node_id":307,"weight":2.2787},
{"Node_id":308,"weight":2.173},
{"Node_id":309,"weight":4.3297},
{"Node_id":310,"weight":2.7586},
{"Node_id":311,"weight":1.8295},
{"Node_id":312,"weight":2.6596},
{"Node_id":313,"weight":2.3508},
{"Node_id":314,"weight":5.2734},
{"Node_id":315,"weight":3.9072},
{"Node_id":316,"weight":5.7732},
{"Node_id":317,"weight":1.3951},
{"Node_id":343,"weight":3.2205},
{"Node_id":344,"weight":1.5779},
{"Node_id":345,"weight":3.9495},
{"Node_id":346,"weight":2.0918},
{"Node_id":347,"weight":1.7833},
{"Node_id":348,"weight":1.4795},
{"Node_id":349,"weight":1.3907},
{"Node_id":350,"weight":1.5694},
{"Node_id":351,"weight":1.6762},
{"Node_id":352,"weight":2.8267},
{"Node_id":353,"weight":2.1785},
{"Node_id":354,"weight":1.6171},
{"Node_id":355,"weight":1.3882},
{"Node_id":356,"weight":4.7242},
{"Node_id":357,"weight":2.5415},
{"Node_id":358,"weight":2.0397},
{"Node_id":359,"weight":1.58},
{"Node_id":360,"weight":1.5437},
{"Node_id":361,"weight":1.8295},
{"Node_id":362,"weight":2.4698},
{"Node_id":363,"weight":1.9305},
{"Node_id":364,"weight":3.8132},
{"Node_id":365,"weight":1.9036},
{"Node_id":366,"weight":1.8054},
{"Node_id":367,"weight":1.6244},
{"Node_id":368,"weight":1.5506},
{"Node_id":369,"weight":1.8851},
{"Node_id":370,"weight":1.6471},
{"Node_id":371,"weight":3.1912},
{"Node_id":372,"weight":1.5687},
{"Node_id":373,"weight":1.4598},
{"Node_id":374,"weight":2.2344},
{"Node_id":375,"weight":2.0048},
{"Node_id":376,"weight":2.5094},
{"Node_id":377,"weight":2.1796},
{"Node_id":394,"weight":6.1171},
{"Node_id":395,"weight":1.7623},
{"Node_id":396,"weight":1.4481},
{"Node_id":399,"weight":4.7592},
{"Node_id":400,"weight":2.2129},
{"Node_id":484,"weight":3.1651},
{"Node_id":485,"weight":2.3284},
{"Node_id":551,"weight":3.7313},
{"Node_id":588,"weight":1.3932},
{"Node_id":642,"weight":1.822},
{"Node_id":643,"weight":1.7464},
{"Node_id":670,"weight":1.3913},
{"Node_id":692,"weight":1.5779},
{"Node_id":757,"weight":2.8458},
{"Node_id":910,"weight":1.6936},
{"Node_id":1021,"weight":1.8379},
{"Node_id":1022,"weight":1.9802},
{"Node_id":1048,"weight":1.3894},
{"Node_id":1049,"weight":1.9746},
{"Node_id":1061,"weight":1.8834},
{"Node_id":1096,"weight":2.5268},
{"Node_id":1097,"weight":1.469},
{"Node_id":1098,"weight":2.8229},
{"Node_id":1099,"weight":3.3197},
{"Node_id":1100,"weight":3.5289},
{"Node_id":1101,"weight":1.6013},
{"Node_id":1102,"weight":1.5204},
{"Node_id":1103,"weight":3.5807},
{"Node_id":1104,"weight":2.0605},
{"Node_id":1105,"weight":1.7036},
{"Node_id":1106,"weight":1.7206},
{"Node_id":1107,"weight":2.1302},
{"Node_id":1108,"weight":1.7881},
{"Node_id":1109,"weight":1.7159},
{"Node_id":1110,"weight":4.3297},
{"Node_id":1111,"weight":1.6493},
{"Node_id":1112,"weight":1.7206},
{"Node_id":1115,"weight":1.5624},
{"Node_id":1116,"weight":1.6013},
{"Node_id":1117,"weight":4.6363},
{"Node_id":1124,"weight":2.7029},
{"Node_id":1125,"weight":3.504},
{"Node_id":1126,"weight":1.6553},
{"Node_id":1127,"weight":1.5715},
{"Node_id":1128,"weight":1.9423},
{"Node_id":1129,"weight":1.4481},
{"Node_id":1130,"weight":1.4494},
{"Node_id":1131,"weight":1.5575},
{"Node_id":1132,"weight":5.045},
{"Node_id":1133,"weight":2.1687},
{"Node_id":1134,"weight":1.9915},
{"Node_id":1135,"weight":2.7132},
{"Node_id":1136,"weight":1.9296},
{"Node_id":1137,"weight":2.1072},
{"Node_id":1138,"weight":3.842},
{"Node_id":1139,"weight":1.9259},
{"Node_id":1140,"weight":2.2344},
{"Node_id":1141,"weight":1.5757},
{"Node_id":1142,"weight":2.9852},
{"Node_id":1143,"weight":2.102},
{"Node_id":1144,"weight":1.9423},
{"Node_id":1145,"weight":1.8557},
{"Node_id":1146,"weight":2.2517},
{"Node_id":1147,"weight":2.6911},
{"Node_id":1148,"weight":4.1513},
{"Node_id":1149,"weight":2.9786},
{"Node_id":1150,"weight":5.5957},
{"Node_id":1151,"weight":1.8362},
{"Node_id":1152,"weight":2.7201},
{"Node_id":1153,"weight":2.1796},
{"Node_id":1154,"weight":1.8904},
{"Node_id":1155,"weight":3.2992},
{"Node_id":1156,"weight":1.9764},
{"Node_id":1157,"weight":1.7963},
{"Node_id":1158,"weight":2.1},
{"Node_id":1159,"weight":2.3321},
{"Node_id":1160,"weight":2.3584},
{"Node_id":1161,"weight":3.0574},
{"Node_id":1162,"weight":2.3866},
{"Node_id":1163,"weight":1.5245},
{"Node_id":1164,"weight":1.8387},
{"Node_id":1165,"weight":3.4095},
{"Node_id":1166,"weight":1.9943},
{"Node_id":1245,"weight":2.0416},
{"Node_id":1246,"weight":2.127},
{"Node_id":1247,"weight":2.6811},
{"Node_id":1248,"weight":1.8695},
{"Node_id":1249,"weight":2.0309},
{"Node_id":1250,"weight":2.1124},
{"Node_id":1251,"weight":4.5653},
{"Node_id":1252,"weight":2.3996},
{"Node_id":1253,"weight":1.4881},
{"Node_id":1254,"weight":2.7287},
{"Node_id":1255,"weight":3.0905},
{"Node_id":1256,"weight":2.0887},
{"Node_id":1257,"weight":1.4513},
{"Node_id":1293,"weight":3.4624},
{"Node_id":1294,"weight":1.4147},
{"Node_id":1295,"weight":1.552},
{"Node_id":1296,"weight":3.0139},
{"Node_id":1297,"weight":4.1064},
{"Node_id":1298,"weight":3.6595},
{"Node_id":1299,"weight":1.7276},
{"Node_id":1330,"weight":2.4533},
{"Node_id":1331,"weight":2.4221},
{"Node_id":1332,"weight":2.9011},
{"Node_id":1333,"weight":2.274},
{"Node_id":1334,"weight":2.8691},
{"Node_id":1335,"weight":1.397},
{"Node_id":1336,"weight":1.8992},
{"Node_id":1337,"weight":1.5157},
{"Node_id":1338,"weight":2.8496},
{"Node_id":1339,"weight":1.8295},
{"Node_id":1340,"weight":1.6273},
{"Node_id":1385,"weight":1.3982},
{"Node_id":1406,"weight":1.699},
{"Node_id":1407,"weight":2.1176},
{"Node_id":1414,"weight":2.7462},
{"Node_id":1415,"weight":2.1796},
{"Node_id":1416,"weight":2.1218},
{"Node_id":1417,"weight":1.532},
{"Node_id":1418,"weight":2.8496},
{"Node_id":1419,"weight":3.8038},
{"Node_id":1420,"weight":1.9241},
{"Node_id":1421,"weight":3.5004},
{"Node_id":1422,"weight":2.3635},
{"Node_id":1423,"weight":1.4513},
{"Node_id":1424,"weight":1.5218},
{"Node_id":1425,"weight":1.6951},
{"Node_id":1426,"weight":1.9089},
{"Node_id":1429,"weight":2.1557},
{"Node_id":1430,"weight":3.0857},
{"Node_id":1431,"weight":2.5852},
{"Node_id":1432,"weight":4.7242},
{"Node_id":1433,"weight":1.956},
{"Node_id":1434,"weight":2.8535},
{"Node_id":1435,"weight":2.1972},
{"Node_id":1436,"weight":2.3609},
{"Node_id":1437,"weight":3.1347},
{"Node_id":1438,"weight":1.9981},
{"Node_id":1439,"weight":4.9264},
{"Node_id":1440,"weight":2.2979},
{"Node_id":1441,"weight":3.5217},
{"Node_id":1442,"weight":2.4909},
{"Node_id":1443,"weight":1.5191},
{"Node_id":1444,"weight":2.1302},
{"Node_id":1445,"weight":1.6967},
{"Node_id":1446,"weight":2.61},
{"Node_id":1447,"weight":2.1493},
{"Node_id":1448,"weight":2.2895},
{"Node_id":1449,"weight":3.1075},
{"Node_id":1450,"weight":1.5444},
{"Node_id":1451,"weight":1.5177},
{"Node_id":1452,"weight":1.4683},
{"Node_id":1455,"weight":1.587},
{"Node_id":1456,"weight":2.5714},
{"Node_id":1457,"weight":1.5527},
{"Node_id":1458,"weight":2.7894},
{"Node_id":1459,"weight":1.4147},
{"Node_id":1460,"weight":1.6739},
{"Node_id":1461,"weight":1.7906},
{"Node_id":1462,"weight":6.264},
{"Node_id":1463,"weight":2.4075},
{"Node_id":1468,"weight":6.2126},
{"Node_id":1469,"weight":3.0072},
{"Node_id":1470,"weight":3.8275},
{"Node_id":1471,"weight":3.5362},
{"Node_id":1472,"weight":1.9287},
{"Node_id":1473,"weight":2.5836},
{"Node_id":1474,"weight":2.0202},
{"Node_id":1475,"weight":1.9305},
{"Node_id":1476,"weight":1.4749},
{"Node_id":1477,"weight":2.2967},
{"Node_id":1478,"weight":2.9195},
{"Node_id":1570,"weight":2.3271},
{"Node_id":1571,"weight":1.7535},
{"Node_id":1581,"weight":3.0343},
{"Node_id":1585,"weight":2.2835},
{"Node_id":1586,"weight":6.9068},
{"Node_id":1587,"weight":1.8678},
{"Node_id":1591,"weight":2.7218},
{"Node_id":1592,"weight":1.8404},
{"Node_id":1593,"weight":1.3944},
{"Node_id":1594,"weight":2.2587},
{"Node_id":1595,"weight":1.7074},
{"Node_id":1596,"weight":3.776},
{"Node_id":1597,"weight":4.6363},
{"Node_id":1598,"weight":3.9936},
{"Node_id":1599,"weight":2.231},
{"Node_id":1600,"weight":1.7028},
{"Node_id":1601,"weight":1.9386},
{"Node_id":1602,"weight":1.7144},
{"Node_id":1603,"weight":1.6442},
{"Node_id":1608,"weight":1.4191},
{"Node_id":1609,"weight":1.6229},
{"Node_id":1610,"weight":1.7417},
{"Node_id":1611,"weight":3.6636},
{"Node_id":1612,"weight":1.6853},
{"Node_id":1613,"weight":2.2402},
{"Node_id":1614,"weight":5.4217},
{"Node_id":1636,"weight":2.3234},
{"Node_id":1655,"weight":5.3555},
{"Node_id":1656,"weight":2.441},
{"Node_id":1657,"weight":1.5506},
{"Node_id":1658,"weight":2.9874},
{"Node_id":1668,"weight":1.7971},
{"Node_id":1669,"weight":1.6442},
{"Node_id":1670,"weight":1.3869},
{"Node_id":1674,"weight":2.2253},
{"Node_id":1675,"weight":3.2619},
{"Node_id":1676,"weight":3.0252},
{"Node_id":1692,"weight":1.886},
{"Node_id":1693,"weight":2.0887},
{"Node_id":1700,"weight":1.6545},
{"Node_id":1701,"weight":1.9905},
{"Node_id":1702,"weight":2.1312},
{"Node_id":1715,"weight":1.6013},
{"Node_id":1716,"weight":2.2705},
{"Node_id":1717,"weight":2.3259},
{"Node_id":1718,"weight":1.5015},
{"Node_id":1719,"weight":1.6339},
{"Node_id":1720,"weight":4.4716},
{"Node_id":1721,"weight":2.0897},
{"Node_id":1722,"weight":2.1665},
{"Node_id":1723,"weight":2.5836},
{"Node_id":1724,"weight":1.9578},
{"Node_id":1725,"weight":3.7991},
{"Node_id":1726,"weight":2.3559},
{"Node_id":1727,"weight":2.3996},
{"Node_id":1728,"weight":1.4982},
{"Node_id":1729,"weight":1.6605},
{"Node_id":1730,"weight":1.9802},
{"Node_id":1731,"weight":2.2129},
{"Node_id":1732,"weight":2.9215},
{"Node_id":1733,"weight":2.5944},
{"Node_id":1736,"weight":2.9614},
{"Node_id":1737,"weight":2.1072},
{"Node_id":1741,"weight":1.8021},
{"Node_id":1805,"weight":2.9133},
{"Node_id":1806,"weight":1.5076},
{"Node_id":1807,"weight":2.3622},
{"Node_id":1808,"weight":2.9423},
{"Node_id":1809,"weight":2.9874},
{"Node_id":1810,"weight":2.0826},
{"Node_id":1811,"weight":1.726},
{"Node_id":1812,"weight":1.7433},
{"Node_id":1813,"weight":2.223},
{"Node_id":1814,"weight":2.7081},
{"Node_id":1815,"weight":2.936},
{"Node_id":1819,"weight":1.9905},
{"Node_id":1820,"weight":1.9018},
{"Node_id":1821,"weight":4.1711},
{"Node_id":1822,"weight":1.4683},
{"Node_id":1823,"weight":2.0695},
{"Node_id":1845,"weight":3.8085},
{"Node_id":1846,"weight":1.3894},
{"Node_id":1847,"weight":4.6053},
{"Node_id":1848,"weight":4.4896},
{"Node_id":1849,"weight":3.4591},
{"Node_id":1850,"weight":2.2859},
{"Node_id":1851,"weight":1.5076},
{"Node_id":1852,"weight":1.6085},
{"Node_id":1853,"weight":1.4134},
{"Node_id":1854,"weight":2.0555},
{"Node_id":1858,"weight":1.9615},
{"Node_id":1859,"weight":2.1397},
{"Node_id":1860,"weight":2.885},
{"Node_id":1861,"weight":2.3673},
{"Node_id":1862,"weight":1.9359},
{"Node_id":1865,"weight":1.812},
{"Node_id":1866,"weight":2.3471},
{"Node_id":1867,"weight":2.1525},
{"Node_id":1868,"weight":2.2979},
{"Node_id":1869,"weight":4.9264},
{"Node_id":1870,"weight":3.4591},
{"Node_id":1871,"weight":3.4865},
{"Node_id":1872,"weight":2.2716},
{"Node_id":1873,"weight":1.5878},
{"Node_id":1874,"weight":4.9126},
{"Node_id":1875,"weight":1.3951},
{"Node_id":1876,"weight":2.2599},
{"Node_id":1877,"weight":2.1983},
{"Node_id":1878,"weight":1.6694},
{"Node_id":1879,"weight":2.0836},
{"Node_id":1880,"weight":1.8532},
{"Node_id":1881,"weight":2.5564},
{"Node_id":1882,"weight":2.4089},
{"Node_id":1883,"weight":2.1514},
{"Node_id":1886,"weight":1.4565},
{"Node_id":1890,"weight":2.4221},
{"Node_id":1891,"weight":1.7639},
{"Node_id":1892,"weight":2.6962},
{"Node_id":1902,"weight":3.8666},
{"Node_id":1903,"weight":1.5471},
{"Node_id":1904,"weight":1.6898},
{"Node_id":1905,"weight":1.3951},
{"Node_id":1906,"weight":1.6449},
{"Node_id":1907,"weight":2.0705},
{"Node_id":1908,"weight":1.8575},
{"Node_id":1909,"weight":3.2178},
{"Node_id":1910,"weight":2.6337},
{"Node_id":1911,"weight":2.5489},
{"Node_id":1912,"weight":2.0635},
{"Node_id":1913,"weight":2.6194},
{"Node_id":1914,"weight":1.656},
{"Node_id":1915,"weight":2.1939},
{"Node_id":1916,"weight":1.5694},
{"Node_id":1917,"weight":1.7631},
{"Node_id":1918,"weight":1.4255},
{"Node_id":1919,"weight":3.9441},
{"Node_id":1920,"weight":1.4268},
{"Node_id":1921,"weight":1.4403},
{"Node_id":1922,"weight":2.7081},
{"Node_id":1923,"weight":1.6383},
{"Node_id":1924,"weight":1.4808},
{"Node_id":1925,"weight":1.7496},
{"Node_id":1928,"weight":2.7115},
{"Node_id":1931,"weight":2.0655},
{"Node_id":1932,"weight":1.6694},
{"Node_id":1933,"weight":1.5771},
{"Node_id":1934,"weight":1.86},
{"Node_id":1935,"weight":5.7732},
{"Node_id":1936,"weight":4.2402},
{"Node_id":1937,"weight":2.5594},
{"Node_id":1974,"weight":2.2196},
{"Node_id":1975,"weight":2.6178},
{"Node_id":1976,"weight":4.5951},
{"Node_id":1977,"weight":3.7898},
{"Node_id":1978,"weight":2.9678},
{"Node_id":2014,"weight":3.4934},
{"Node_id":2015,"weight":1.7315},
{"Node_id":2016,"weight":1.8103},
{"Node_id":2017,"weight":2.6695},
{"Node_id":2018,"weight":1.5673},
{"Node_id":2019,"weight":3.5732},
{"Node_id":2020,"weight":2.0338},
{"Node_id":2021,"weight":2.8652},
{"Node_id":2022,"weight":2.3395},
{"Node_id":2023,"weight":2.4574},
{"Node_id":2024,"weight":3.1099},
{"Node_id":2025,"weight":2.5944},
{"Node_id":2026,"weight":2.1557},
{"Node_id":2027,"weight":3.449},
{"Node_id":2028,"weight":3.7991},
{"Node_id":2029,"weight":1.8712},
{"Node_id":2030,"weight":5.3992},
{"Node_id":2031,"weight":1.8913},
{"Node_id":2034,"weight":2.0231},
{"Node_id":2035,"weight":1.9359},
{"Node_id":2036,"weight":1.4306},
{"Node_id":2037,"weight":3.3438},
{"Node_id":2038,"weight":3.1807},
{"Node_id":2039,"weight":1.467},
{"Node_id":2040,"weight":3.0095},
{"Node_id":2043,"weight":2.5224},
{"Node_id":2044,"weight":2.0645},
{"Node_id":2045,"weight":1.5513},
{"Node_id":2046,"weight":2.5745},
{"Node_id":2047,"weight":1.4756},
{"Node_id":2076,"weight":2.4451},
{"Node_id":2077,"weight":2.239},
{"Node_id":2078,"weight":2.879},
{"Node_id":2079,"weight":1.879},
{"Node_id":2080,"weight":3.8469},
{"Node_id":2081,"weight":1.9662},
{"Node_id":2082,"weight":1.5849},
{"Node_id":2085,"weight":2.401},
{"Node_id":2095,"weight":1.7159},
{"Node_id":2096,"weight":1.5062},
{"Node_id":2097,"weight":2.3609},
{"Node_id":2098,"weight":1.7752},
{"Node_id":2099,"weight":2.0115},
{"Node_id":2100,"weight":1.8087},
{"Node_id":2101,"weight":1.4396},
{"Node_id":2102,"weight":2.1862},
{"Node_id":2103,"weight":2.0846},
{"Node_id":2104,"weight":3.1148},
{"Node_id":2105,"weight":1.5252},
{"Node_id":2106,"weight":4.2546},
{"Node_id":2107,"weight":4.0514},
{"Node_id":2108,"weight":2.6482},
{"Node_id":2109,"weight":1.983},
{"Node_id":2110,"weight":1.712},
{"Node_id":2111,"weight":6.6441},
{"Node_id":2190,"weight":3.7898},
{"Node_id":2191,"weight":1.9736},
{"Node_id":2194,"weight":1.4941},
{"Node_id":2195,"weight":3.504},
{"Node_id":2196,"weight":1.5715},
{"Node_id":2197,"weight":3.3652},
{"Node_id":2198,"weight":2.6645},
{"Node_id":2199,"weight":4.0634},
{"Node_id":2200,"weight":3.2178},
{"Node_id":2201,"weight":2.3003},
{"Node_id":2202,"weight":2.6695},
{"Node_id":2203,"weight":4.3614},
{"Node_id":2204,"weight":6.1171},
{"Node_id":2205,"weight":2.3699},
{"Node_id":2206,"weight":3.7806},
{"Node_id":2207,"weight":2.2219},
{"Node_id":2208,"weight":3.6352},
{"Node_id":2209,"weight":1.6171},
{"Node_id":2210,"weight":3.9713},
{"Node_id":2211,"weight":1.983},
{"Node_id":2212,"weight":2.4866},
{"Node_id":2213,"weight":1.5603},
{"Node_id":2214,"weight":5.6232},
{"Node_id":2215,"weight":3.5075},
{"Node_id":2218,"weight":2.5283},
{"Node_id":2219,"weight":1.4435},
{"Node_id":2220,"weight":1.9708},
{"Node_id":2221,"weight":1.7385},
{"Node_id":2222,"weight":2.1546},
{"Node_id":2228,"weight":2.7081},
{"Node_id":2229,"weight":2.0545},
{"Node_id":2230,"weight":3.3591},
{"Node_id":2231,"weight":2.0318},
{"Node_id":2232,"weight":3.7624},
{"Node_id":2233,"weight":2.0918},
{"Node_id":2234,"weight":3.4624},
{"Node_id":2235,"weight":2.6353},
{"Node_id":2236,"weight":2.0755},
{"Node_id":2237,"weight":2.6353},
{"Node_id":2238,"weight":1.4795},
{"Node_id":2239,"weight":1.7599},
{"Node_id":2240,"weight":1.4306},
{"Node_id":2241,"weight":1.78},
{"Node_id":2242,"weight":2.0221},
{"Node_id":2243,"weight":1.4332},
{"Node_id":2244,"weight":2.8248},
{"Node_id":2245,"weight":3.2452},
{"Node_id":2249,"weight":2.0595},
{"Node_id":2250,"weight":3.1912},
{"Node_id":2253,"weight":1.6288},
{"Node_id":2254,"weight":1.5743},
{"Node_id":2255,"weight":3.9713},
{"Node_id":2286,"weight":1.5828},
{"Node_id":2287,"weight":2.0309},
{"Node_id":2288,"weight":1.4663},
{"Node_id":2289,"weight":1.7082},
{"Node_id":2290,"weight":1.4928},
{"Node_id":2293,"weight":2.9113},
{"Node_id":2294,"weight":1.5231},
{"Node_id":2295,"weight":2.8116},
{"Node_id":2296,"weight":1.5062},
{"Node_id":2297,"weight":2.7166},
{"Node_id":2298,"weight":2.3458},
{"Node_id":2299,"weight":2.5181},
{"Node_id":2300,"weight":2.7857},
{"Node_id":2301,"weight":1.6739},
{"Node_id":2302,"weight":2.2646},
{"Node_id":2303,"weight":4.9548},
{"Node_id":2304,"weight":3.4456},
{"Node_id":2305,"weight":1.7028},
{"Node_id":2306,"weight":2.0348},
{"Node_id":2307,"weight":2.5066},
{"Node_id":2308,"weight":1.68},
{"Node_id":2309,"weight":1.9802},
{"Node_id":2310,"weight":4.2331},
{"Node_id":2311,"weight":2.2106},
{"Node_id":2312,"weight":2.3699},
{"Node_id":2313,"weight":4.2619},
{"Node_id":2314,"weight":2.2017},
{"Node_id":2315,"weight":2.441},
{"Node_id":2316,"weight":1.602},
{"Node_id":2317,"weight":2.1939},
{"Node_id":2324,"weight":2.0625},
{"Node_id":2325,"weight":2.4712},
{"Node_id":2326,"weight":2.4698},
{"Node_id":2327,"weight":2.645},
{"Node_id":2328,"weight":2.0348},
{"Node_id":2332,"weight":1.6739},
{"Node_id":2333,"weight":2.0735},
{"Node_id":2334,"weight":1.5506},
{"Node_id":2335,"weight":3.0343},
{"Node_id":2336,"weight":2.5474},
{"Node_id":2337,"weight":1.5701},
{"Node_id":2338,"weight":2.0358},
{"Node_id":2339,"weight":3.9441},
{"Node_id":2340,"weight":2.5385},
{"Node_id":2341,"weight":1.866},
{"Node_id":2342,"weight":1.8506},
{"Node_id":2343,"weight":2.877},
{"Node_id":2344,"weight":1.5204},
{"Node_id":2423,"weight":1.7776},
{"Node_id":2424,"weight":2.8613},
{"Node_id":2425,"weight":1.5934},
{"Node_id":2450,"weight":2.6563},
{"Node_id":2451,"weight":1.8261},
{"Node_id":2530,"weight":1.8286},
{"Node_id":2531,"weight":2.1407},
{"Node_id":2532,"weight":2.4115},
{"Node_id":2533,"weight":2.5297},
{"Node_id":2534,"weight":1.7639},
{"Node_id":2566,"weight":1.3982},
{"Node_id":2567,"weight":2.5699},
{"Node_id":2568,"weight":1.7005},
{"Node_id":2625,"weight":3.005},
{"Node_id":2626,"weight":1.5035},
{"Node_id":2671,"weight":6.3182},
{"Node_id":2672,"weight":1.7512},
{"Node_id":2673,"weight":5.5957},
{"Node_id":2674,"weight":1.4749},
{"Node_id":2675,"weight":4.1846},
{"Node_id":2676,"weight":2.9571},
{"Node_id":2677,"weight":1.4507},
{"Node_id":2678,"weight":4.4988},
{"Node_id":2679,"weight":2.0715},
{"Node_id":2680,"weight":1.7528},
{"Node_id":2681,"weight":1.6747},
{"Node_id":2682,"weight":1.6295},
{"Node_id":2683,"weight":3.3871},
{"Node_id":2684,"weight":1.9551},
{"Node_id":2685,"weight":2.6006},
{"Node_id":2688,"weight":1.6936},
{"Node_id":2689,"weight":2.1103},
{"Node_id":2690,"weight":2.1376},
{"Node_id":2691,"weight":1.6405},
{"Node_id":2692,"weight":2.4671},
{"Node_id":2693,"weight":1.5423},
{"Node_id":2694,"weight":1.4624},
{"Node_id":2695,"weight":6.3182},
{"Node_id":2721,"weight":2.2529},
{"Node_id":2746,"weight":3.6352},
{"Node_id":2761,"weight":4.3297},
{"Node_id":2762,"weight":2.0585},
{"Node_id":2765,"weight":2.1643},
{"Node_id":2766,"weight":3.6115},
{"Node_id":2767,"weight":1.854},
{"Node_id":2768,"weight":2.7515},
{"Node_id":2769,"weight":1.8738},
{"Node_id":2770,"weight":2.0846},
{"Node_id":2773,"weight":2.1983},
{"Node_id":2774,"weight":1.5666},
{"Node_id":2775,"weight":3.9658},
{"Node_id":2776,"weight":1.886},
{"Node_id":2777,"weight":1.7955},
{"Node_id":2778,"weight":2.3173},
{"Node_id":2779,"weight":1.9441},
{"Node_id":2780,"weight":1.5279},
{"Node_id":2781,"weight":2.2017},
{"Node_id":2782,"weight":1.5204},
{"Node_id":2783,"weight":2.6596},
{"Node_id":2784,"weight":2.9939},
{"Node_id":2785,"weight":1.5764},
{"Node_id":2786,"weight":1.5123},
{"Node_id":2787,"weight":2.5729},
{"Node_id":2788,"weight":2.1578},
{"Node_id":2789,"weight":2.1407},
{"Node_id":2790,"weight":1.6353},
{"Node_id":2791,"weight":2.3892},
{"Node_id":2792,"weight":2.3039},
{"Node_id":2793,"weight":2.7046},
{"Node_id":2794,"weight":1.6164},
{"Node_id":2795,"weight":1.8295},
{"Node_id":2796,"weight":3.6273},
{"Node_id":2797,"weight":2.9195},
{"Node_id":2802,"weight":1.8566},
{"Node_id":2803,"weight":2.2483},
{"Node_id":2804,"weight":2.2174},
{"Node_id":2805,"weight":2.3533},
{"Node_id":2806,"weight":3.0028},
{"Node_id":2807,"weight":1.5471},
{"Node_id":2808,"weight":3.2017},
{"Node_id":2809,"weight":2.366},
{"Node_id":2810,"weight":2.9195},
{"Node_id":2811,"weight":2.6466},
{"Node_id":2812,"weight":3.416},
{"Node_id":2813,"weight":1.4236},
{"Node_id":2814,"weight":4.0455},
{"Node_id":2815,"weight":2.1687},
{"Node_id":2818,"weight":1.4968},
{"Node_id":2819,"weight":1.5631},
{"Node_id":2820,"weight":2.6482},
{"Node_id":2821,"weight":2.2811},
{"Node_id":2822,"weight":3.5884},
{"Node_id":2823,"weight":1.9746},
{"Node_id":2824,"weight":3.449},
{"Node_id":2825,"weight":1.9332},
{"Node_id":2826,"weight":2.223},
{"Node_id":2827,"weight":2.7931},
{"Node_id":2833,"weight":3.1651},
{"Node_id":2834,"weight":1.4928},
{"Node_id":2838,"weight":3.1124},
{"Node_id":2839,"weight":3.1002},
{"Node_id":2840,"weight":2.2028},
{"Node_id":2841,"weight":3.9124},
{"Node_id":2842,"weight":3.8372},
{"Node_id":2843,"weight":2.7694},
{"Node_id":2844,"weight":4.0574},
{"Node_id":2845,"weight":7.418},
{"Node_id":2848,"weight":2.4288},
{"Node_id":2849,"weight":4.0514},
{"Node_id":2850,"weight":1.5293},
{"Node_id":2851,"weight":1.5396},
{"Node_id":2854,"weight":1.7939},
{"Node_id":2855,"weight":2.4329},
{"Node_id":2870,"weight":1.4598},
{"Node_id":2871,"weight":2.4155},
{"Node_id":2874,"weight":8.1114},
{"Node_id":2875,"weight":1.6434},
{"Node_id":2878,"weight":2.0067},
{"Node_id":2879,"weight":2.0019},
{"Node_id":2880,"weight":3.6432},
{"Node_id":2881,"weight":2.1884},
{"Node_id":2882,"weight":2.2174},
{"Node_id":2883,"weight":2.0836},
{"Node_id":2884,"weight":2.0289},
{"Node_id":2885,"weight":2.6777},
{"Node_id":2886,"weight":2.9465},
{"Node_id":2907,"weight":1.7028},
{"Node_id":2908,"weight":1.7013},
{"Node_id":2909,"weight":2.4356},
{"Node_id":2910,"weight":1.6747},
{"Node_id":2911,"weight":1.4736},
{"Node_id":2912,"weight":2.1145},
{"Node_id":2913,"weight":1.5029},
{"Node_id":2914,"weight":1.5409},
{"Node_id":2915,"weight":1.8669},
{"Node_id":2916,"weight":3.8227},
{"Node_id":2917,"weight":1.7409},
{"Node_id":2918,"weight":2.6037},
{"Node_id":2919,"weight":2.7912},
{"Node_id":2920,"weight":1.9468},
{"Node_id":2921,"weight":4.9989},
{"Node_id":2922,"weight":1.4855},
{"Node_id":2923,"weight":1.843},
{"Node_id":2924,"weight":1.8773},
{"Node_id":2925,"weight":2.8633},
{"Node_id":2926,"weight":6.3182},
{"Node_id":2927,"weight":2.2196},
{"Node_id":2928,"weight":3.1002},
{"Node_id":2929,"weight":1.5306},
{"Node_id":2930,"weight":3.3591},
{"Node_id":2931,"weight":1.5347},
{"Node_id":2932,"weight":1.4468},
{"Node_id":2933,"weight":1.6649},
{"Node_id":2934,"weight":1.7599},
{"Node_id":2935,"weight":2.2425},
{"Node_id":2936,"weight":2.0615},
{"Node_id":2937,"weight":1.3875},
{"Node_id":2938,"weight":2.321},
{"Node_id":2939,"weight":4.4538},
{"Node_id":2940,"weight":1.4789},
{"Node_id":2941,"weight":1.4572},
{"Node_id":2942,"weight":2.6678},
{"Node_id":2943,"weight":6.5008},
{"Node_id":2944,"weight":5.4685},
{"Node_id":2945,"weight":1.7575},
{"Node_id":2946,"weight":1.9662},
{"Node_id":2947,"weight":1.532},
{"Node_id":2948,"weight":1.5002},
{"Node_id":2949,"weight":1.4578},
{"Node_id":2950,"weight":4.3858},
{"Node_id":2953,"weight":3.2876},
{"Node_id":2954,"weight":3.6885},
{"Node_id":2955,"weight":2.0058},
{"Node_id":2956,"weight":2.0397},
{"Node_id":2957,"weight":1.6523},
{"Node_id":2958,"weight":6.4362},
{"Node_id":2959,"weight":1.86},
{"Node_id":2960,"weight":1.6959},
{"Node_id":2961,"weight":2.1643},
{"Node_id":2962,"weight":1.5736},
{"Node_id":3080,"weight":1.6822},
{"Node_id":3081,"weight":1.9395},
{"Node_id":3082,"weight":1.5245},
{"Node_id":3083,"weight":3.6554},
{"Node_id":3084,"weight":3.3714},
{"Node_id":3087,"weight":1.4585},
{"Node_id":3142,"weight":1.6982},
{"Node_id":3143,"weight":2.1093},
{"Node_id":3144,"weight":2.2669},
{"Node_id":3145,"weight":2.521},
{"Node_id":3146,"weight":1.9839},
{"Node_id":3147,"weight":2.4248},
{"Node_id":3148,"weight":1.752},
{"Node_id":3149,"weight":2.576},
{"Node_id":3205,"weight":2.4383},
{"Node_id":3206,"weight":1.9934},
{"Node_id":3207,"weight":1.8913},
{"Node_id":3208,"weight":4.4108},
{"Node_id":3209,"weight":1.9597},
{"Node_id":3210,"weight":1.659},
{"Node_id":3217,"weight":1.9223},
{"Node_id":3218,"weight":2.0173},
{"Node_id":3219,"weight":3.9604},
{"Node_id":3327,"weight":2.7986},
{"Node_id":3328,"weight":2.579},
{"Node_id":3329,"weight":2.205},
{"Node_id":3330,"weight":3.504},
{"Node_id":3331,"weight":1.4624},
{"Node_id":3337,"weight":3.6554},
{"Node_id":3338,"weight":5.8753},
{"Node_id":3339,"weight":2.7046},
{"Node_id":3340,"weight":1.4422},
{"Node_id":3341,"weight":3.4899},
{"Node_id":3342,"weight":2.6995},
{"Node_id":3343,"weight":3.0833},
{"Node_id":3344,"weight":1.6501},
{"Node_id":3345,"weight":2.5609},
{"Node_id":3346,"weight":2.4049},
{"Node_id":3347,"weight":2.2276},
{"Node_id":3348,"weight":3.248},
{"Node_id":3349,"weight":2.1376},
{"Node_id":3350,"weight":1.5694},
{"Node_id":3351,"weight":1.901},
{"Node_id":3352,"weight":1.9792},
{"Node_id":3353,"weight":1.9487},
{"Node_id":3354,"weight":3.1026},
{"Node_id":3355,"weight":1.4172},
{"Node_id":3362,"weight":3.1807},
{"Node_id":3363,"weight":3.0762},
{"Node_id":3364,"weight":4.1383},
{"Node_id":3365,"weight":1.683},
{"Node_id":3366,"weight":2.4615},
{"Node_id":3367,"weight":1.719},
{"Node_id":3368,"weight":2.214},
{"Node_id":3369,"weight":1.7639},
{"Node_id":3370,"weight":1.4709},
{"Node_id":3371,"weight":2.0725},
{"Node_id":3372,"weight":1.517},
{"Node_id":3373,"weight":1.6747},
{"Node_id":3379,"weight":2.027},
{"Node_id":3380,"weight":3.714},
{"Node_id":3381,"weight":2.3112},
{"Node_id":3382,"weight":1.6605},
{"Node_id":3383,"weight":1.9886},
{"Node_id":3384,"weight":4.7832},
{"Node_id":3385,"weight":1.9377},
{"Node_id":3386,"weight":1.8128},
{"Node_id":3396,"weight":1.4115},
{"Node_id":3397,"weight":3.1938},
{"Node_id":3398,"weight":2.5415},
{"Node_id":3399,"weight":1.5548},
{"Node_id":3400,"weight":1.5807},
{"Node_id":3401,"weight":2.2356},
{"Node_id":3402,"weight":2.3136},
{"Node_id":3403,"weight":1.7607},
{"Node_id":3404,"weight":3.4356},
{"Node_id":3405,"weight":2.6728},
{"Node_id":3406,"weight":1.628},
{"Node_id":3407,"weight":1.5225},
{"Node_id":3429,"weight":3.4865},
{"Node_id":3430,"weight":4.226},
{"Node_id":3467,"weight":1.6875},
{"Node_id":3468,"weight":4.6793},
{"Node_id":3469,"weight":1.6792},
{"Node_id":3470,"weight":2.0775},
{"Node_id":3471,"weight":2.6777},
{"Node_id":3472,"weight":3.2619},
{"Node_id":3473,"weight":1.6288},
{"Node_id":3474,"weight":4.8458},
{"Node_id":3475,"weight":1.822},
{"Node_id":3476,"weight":2.6482},
{"Node_id":3477,"weight":4.9264},
{"Node_id":3478,"weight":1.4115},
{"Node_id":3479,"weight":5.11},
{"Node_id":3480,"weight":3.3777},
{"Node_id":3481,"weight":2.2413},
{"Node_id":3482,"weight":2.5195},
{"Node_id":3483,"weight":3.3347},
{"Node_id":3484,"weight":2.1557},
{"Node_id":3485,"weight":1.4921},
{"Node_id":3486,"weight":3.1447},
{"Node_id":3487,"weight":1.6657},
{"Node_id":3488,"weight":3.9604},
{"Node_id":3489,"weight":2.5254},
{"Node_id":3490,"weight":5.2159},
{"Node_id":3491,"weight":2.1546},
{"Node_id":3492,"weight":2.3124},
{"Node_id":3493,"weight":1.5143},
{"Node_id":3494,"weight":3.6718},
{"Node_id":3495,"weight":2.576},
{"Node_id":3496,"weight":2.3879},
{"Node_id":3497,"weight":3.3903},
{"Node_id":3500,"weight":2.2752},
{"Node_id":3501,"weight":2.342},
{"Node_id":3502,"weight":3.3529},
{"Node_id":3503,"weight":1.5423},
{"Node_id":3504,"weight":2.9593},
{"Node_id":3505,"weight":1.6754},
{"Node_id":3506,"weight":3.3621},
{"Node_id":3507,"weight":1.8396},
{"Node_id":3562,"weight":2.2775},
{"Node_id":3563,"weight":2.2859},
{"Node_id":3564,"weight":2.4574},
{"Node_id":3565,"weight":3.0006},
{"Node_id":3566,"weight":2.3149},
{"Node_id":3567,"weight":2.5181},
{"Node_id":3568,"weight":1.5327},
{"Node_id":3569,"weight":1.5143},
{"Node_id":3570,"weight":2.5729},
{"Node_id":3681,"weight":2.9962},
{"Node_id":3692,"weight":2.173},
{"Node_id":3693,"weight":2.9786},
{"Node_id":3694,"weight":2.7322},
{"Node_id":3695,"weight":1.4185},
{"Node_id":3696,"weight":3.1124},
{"Node_id":3699,"weight":2.1386},
{"Node_id":8738,"weight":1.9214},
{"Node_id":8740,"weight":1.5992},
{"Node_id":8742,"weight":2.184},
{"Node_id":8743,"weight":3.483},
{"Node_id":8744,"weight":2.2799},
{"Node_id":8745,"weight":2.0505},
{"Node_id":8746,"weight":1.9802},
{"Node_id":8747,"weight":2.5051},
{"Node_id":8748,"weight":2.7115},
{"Node_id":8751,"weight":2.4994},
{"Node_id":8752,"weight":2.7218},
{"Node_id":8753,"weight":3.6636},
{"Node_id":8754,"weight":1.6493},
{"Node_id":8755,"weight":4.0396},
{"Node_id":8756,"weight":2.0367},
{"Node_id":8757,"weight":1.4319},
{"Node_id":8758,"weight":3.8918},
{"Node_id":8759,"weight":2.3699},
{"Node_id":8760,"weight":1.8825},
{"Node_id":8761,"weight":1.9924},
{"Node_id":8762,"weight":2.5459},
{"Node_id":8763,"weight":2.6645},
{"Node_id":8764,"weight":2.321},
{"Node_id":8765,"weight":1.6936},
{"Node_id":8766,"weight":4.1254},
{"Node_id":8769,"weight":2.1397},
{"Node_id":8770,"weight":2.4195},
{"Node_id":8771,"weight":1.4064},
{"Node_id":8772,"weight":1.8203},
{"Node_id":8773,"weight":4.1846},
{"Node_id":8779,"weight":3.0006},
{"Node_id":8780,"weight":2.7912},
{"Node_id":8783,"weight":2.5959},
{"Node_id":8784,"weight":1.6702},
{"Node_id":8785,"weight":2.9298},
{"Node_id":8786,"weight":3.7945},
{"Node_id":8789,"weight":1.587},
{"Node_id":8790,"weight":1.5736},
{"Node_id":8791,"weight":1.9597},
{"Node_id":8792,"weight":1.9569},
{"Node_id":8793,"weight":1.4474},
{"Node_id":8794,"weight":1.9468},
{"Node_id":8795,"weight":2.0241},
{"Node_id":8816,"weight":1.4371},
{"Node_id":8817,"weight":2.4866},
{"Node_id":8818,"weight":1.7922},
{"Node_id":8819,"weight":1.5259},
{"Node_id":8820,"weight":3.2124},
{"Node_id":8821,"weight":2.5123},
{"Node_id":8822,"weight":1.832},
{"Node_id":8823,"weight":4.7357},
{"Node_id":8824,"weight":1.744},
{"Node_id":8825,"weight":1.748},
{"Node_id":8826,"weight":2.0192},
{"Node_id":8827,"weight":2.0241},
{"Node_id":8828,"weight":1.8643},
{"Node_id":8829,"weight":3.4127},
{"Node_id":8830,"weight":1.7036},
{"Node_id":8831,"weight":2.5852},
{"Node_id":8832,"weight":1.9001},
{"Node_id":8833,"weight":2.0846},
{"Node_id":8834,"weight":3.9713},
{"Node_id":8835,"weight":3.2963},
{"Node_id":8836,"weight":2.0212},
{"Node_id":8837,"weight":1.3976},
{"Node_id":8838,"weight":1.5513},
{"Node_id":8839,"weight":1.8203},
{"Node_id":8840,"weight":1.5492},
{"Node_id":8841,"weight":2.0456},
{"Node_id":8842,"weight":1.7036},
{"Node_id":8843,"weight":2.0595},
{"Node_id":8844,"weight":4.7954},
{"Node_id":8845,"weight":1.4217},
{"Node_id":8846,"weight":1.8421},
{"Node_id":8847,"weight":1.8421},
{"Node_id":8848,"weight":1.4624},
{"Node_id":8849,"weight":3.429},
{"Node_id":8850,"weight":2.764},
{"Node_id":8851,"weight":2.001},
{"Node_id":8852,"weight":1.6353},
{"Node_id":8853,"weight":1.4539},
{"Node_id":8854,"weight":4.219},
{"Node_id":8855,"weight":3.0667},
{"Node_id":8856,"weight":4.226},
{"Node_id":8857,"weight":1.5361},
{"Node_id":8869,"weight":2.7949},
{"Node_id":8870,"weight":1.5638},
{"Node_id":8873,"weight":1.7583},
{"Node_id":8874,"weight":2.4102},
{"Node_id":8879,"weight":7.6004},
{"Node_id":8880,"weight":1.6034},
{"Node_id":8881,"weight":1.9197},
{"Node_id":8882,"weight":1.5259},
{"Node_id":8883,"weight":1.8421},
{"Node_id":8884,"weight":1.9532},
{"Node_id":8885,"weight":2.1928},
{"Node_id":8886,"weight":1.6493},
{"Node_id":8887,"weight":1.9395},
{"Node_id":8888,"weight":2.3983},
{"Node_id":8889,"weight":2.2634},
{"Node_id":8890,"weight":2.2253},
{"Node_id":8891,"weight":3.9176},
{"Node_id":8892,"weight":2.4369},
{"Node_id":8893,"weight":2.3271},
{"Node_id":8894,"weight":3.1026},
{"Node_id":8895,"weight":1.5764},
{"Node_id":8896,"weight":1.7097},
{"Node_id":8897,"weight":2.7115},
{"Node_id":8902,"weight":1.4261},
{"Node_id":8903,"weight":4.2766},
{"Node_id":8904,"weight":6.0725},
{"Node_id":8905,"weight":3.2397},
{"Node_id":8906,"weight":2.3763},
{"Node_id":8907,"weight":5.2159},
{"Node_id":8908,"weight":2.6006},
{"Node_id":8909,"weight":2.7857},
{"Node_id":8910,"weight":3.3714},
{"Node_id":8911,"weight":1.5666},
{"Node_id":8912,"weight":2.6612},
{"Node_id":8913,"weight":1.886},
{"Node_id":8914,"weight":1.866},
{"Node_id":8915,"weight":1.5327},
{"Node_id":8916,"weight":2.1218},
{"Node_id":8917,"weight":1.5123},
{"Node_id":8918,"weight":3.596},
{"Node_id":8919,"weight":1.7013},
{"Node_id":8920,"weight":2.0348},
{"Node_id":8921,"weight":2.887},
{"Node_id":8922,"weight":2.2287},
{"Node_id":9043,"weight":1.7136},
{"Node_id":9044,"weight":1.6875},
{"Node_id":9045,"weight":3.3227},
{"Node_id":9046,"weight":3.2733},
{"Node_id":9098,"weight":1.7833},
{"Node_id":9143,"weight":1.9287},
{"Node_id":9369,"weight":2.8172},
{"Node_id":9559,"weight":2.5654},
{"Node_id":9560,"weight":1.4281},
{"Node_id":9561,"weight":2.0887},
{"Node_id":9794,"weight":2.806},
{"Node_id":9795,"weight":5.077},
{"Node_id":9796,"weight":1.4178},
{"Node_id":9797,"weight":4.1064},
{"Node_id":9798,"weight":2.0695},
{"Node_id":9799,"weight":1.6085},
{"Node_id":9800,"weight":2.2196},
{"Node_id":9801,"weight":1.6027},
{"Node_id":9802,"weight":2.0907},
{"Node_id":9803,"weight":2.9635},
{"Node_id":9804,"weight":3.9549},
{"Node_id":9805,"weight":1.4474},
{"Node_id":9806,"weight":1.7051},
{"Node_id":9807,"weight":2.3996},
{"Node_id":9808,"weight":1.7433},
{"Node_id":9809,"weight":2.1807},
{"Node_id":9810,"weight":2.3866},
{"Node_id":9811,"weight":1.3919},
{"Node_id":9812,"weight":2.0928},
{"Node_id":9815,"weight":4.5751},
{"Node_id":9816,"weight":1.8481},
{"Node_id":9817,"weight":2.0938},
{"Node_id":9818,"weight":1.9615},
{"Node_id":9819,"weight":2.0299},
{"Node_id":9820,"weight":2.3433},
{"Node_id":9821,"weight":1.7159},
{"Node_id":9822,"weight":2.5504},
{"Node_id":9823,"weight":2.9765},
{"Node_id":9824,"weight":2.5519},
{"Node_id":9825,"weight":1.8523},
{"Node_id":9826,"weight":2.3648},
{"Node_id":9829,"weight":1.4868},
{"Node_id":9830,"weight":1.4481},
{"Node_id":9831,"weight":1.4384},
{"Node_id":9832,"weight":5.2933},
{"Node_id":9833,"weight":1.4313},
{"Node_id":9834,"weight":3.3287},
{"Node_id":9835,"weight":1.9305},
{"Node_id":9836,"weight":4.8078},
{"Node_id":9837,"weight":2.5195},
{"Node_id":9838,"weight":1.3882},
{"Node_id":9839,"weight":3.2151},
{"Node_id":9840,"weight":2.3271},
{"Node_id":9841,"weight":1.6208},
{"Node_id":9842,"weight":4.6469},
{"Node_id":9843,"weight":2.2943},
{"Node_id":9844,"weight":3.4523},
{"Node_id":9845,"weight":1.4617},
{"Node_id":9846,"weight":1.4313},
{"Node_id":9847,"weight":3.0978},
{"Node_id":9848,"weight":1.6142},
{"Node_id":9849,"weight":1.3869},
{"Node_id":9850,"weight":3.0006},
{"Node_id":9851,"weight":2.8691},
{"Node_id":9852,"weight":1.7276},
{"Node_id":9853,"weight":1.3982},
{"Node_id":9854,"weight":1.8869},
{"Node_id":9855,"weight":2.0918},
{"Node_id":9860,"weight":2.7604},
{"Node_id":9861,"weight":1.7647},
{"Node_id":9862,"weight":3.4225},
{"Node_id":9863,"weight":3.1651},
{"Node_id":9864,"weight":2.6482},
{"Node_id":9865,"weight":1.6434},
{"Node_id":9866,"weight":2.6662},
{"Node_id":9867,"weight":1.5204},
{"Node_id":9868,"weight":1.8704},
{"Node_id":9869,"weight":1.4455},
{"Node_id":9870,"weight":1.452},
{"Node_id":9871,"weight":3.6677},
{"Node_id":9872,"weight":2.9722},
{"Node_id":9873,"weight":1.6405},
{"Node_id":9876,"weight":3.511},
{"Node_id":9877,"weight":1.6627},
{"Node_id":9878,"weight":3.1173},
{"Node_id":9879,"weight":2.2752},
{"Node_id":9880,"weight":1.6049},
{"Node_id":9881,"weight":1.6612},
{"Node_id":9882,"weight":2.9786},
{"Node_id":9883,"weight":1.9496},
{"Node_id":9884,"weight":1.7151},
{"Node_id":9887,"weight":1.8037},
{"Node_id":9888,"weight":1.7448},
{"Node_id":9889,"weight":1.9197},
{"Node_id":9890,"weight":2.6369},
{"Node_id":9926,"weight":1.4494},
{"Node_id":9927,"weight":4.4024},
{"Node_id":9928,"weight":2.1397},
{"Node_id":9929,"weight":1.4822},
{"Node_id":9930,"weight":3.7852},
{"Node_id":9931,"weight":1.9487},
{"Node_id":9932,"weight":2.1218},
{"Node_id":9933,"weight":2.2242},
{"Node_id":9934,"weight":1.9972},
{"Node_id":9935,"weight":5.9496},
{"Node_id":9938,"weight":2.9298},
{"Node_id":9941,"weight":4.1711},
{"Node_id":9942,"weight":2.4142},
{"Node_id":9943,"weight":2.4838},
{"Node_id":9944,"weight":2.4629},
{"Node_id":9945,"weight":3.2676},
{"Node_id":9946,"weight":4.6259},
{"Node_id":9947,"weight":4.5555},
{"Node_id":9948,"weight":1.7865},
{"Node_id":9949,"weight":1.4862},
{"Node_id":9950,"weight":1.8921},
{"Node_id":9951,"weight":1.5055},
{"Node_id":9952,"weight":1.4261},
{"Node_id":9953,"weight":1.7551},
{"Node_id":9954,"weight":1.8652},
{"Node_id":9955,"weight":5.2539},
{"Node_id":9956,"weight":1.4815},
{"Node_id":9957,"weight":1.4287},
{"Node_id":9958,"weight":1.5451},
{"Node_id":9959,"weight":1.6229},
{"Node_id":9960,"weight":4.2051},
{"Node_id":9961,"weight":2.579},
{"Node_id":9962,"weight":1.5885},
{"Node_id":9963,"weight":2.883},
{"Node_id":9966,"weight":3.4591},
{"Node_id":9967,"weight":2.5654},
{"Node_id":9970,"weight":7.8236},
{"Node_id":9980,"weight":1.5225},
{"Node_id":9981,"weight":2.2494},
{"Node_id":9982,"weight":2.5669},
{"Node_id":9983,"weight":3.2452},
{"Node_id":9984,"weight":2.8439},
{"Node_id":9985,"weight":2.3371},
{"Node_id":9986,"weight":1.3913},
{"Node_id":9987,"weight":4.3066},
{"Node_id":9988,"weight":2.7712},
{"Node_id":9989,"weight":5.077},
{"Node_id":9990,"weight":1.9386},
{"Node_id":9994,"weight":2.2425},
{"Node_id":9995,"weight":2.0144},
{"Node_id":9996,"weight":1.4955},
{"Node_id":9997,"weight":1.4364},
{"Node_id":9998,"weight":1.7639},
{"Node_id":9999,"weight":4.872},
{"Node_id":10003,"weight":2.2967},
{"Node_id":10004,"weight":1.4855},
{"Node_id":10005,"weight":3.0297},
{"Node_id":10006,"weight":1.421},
{"Node_id":10007,"weight":1.9487},
{"Node_id":10008,"weight":2.6434},
{"Node_id":10009,"weight":1.6777},
{"Node_id":10010,"weight":1.5008},
{"Node_id":10011,"weight":2.9765},
{"Node_id":10012,"weight":1.7082},
{"Node_id":10013,"weight":2.4168},
{"Node_id":10246,"weight":5.4217},
{"Node_id":10247,"weight":5.5429},
{"Node_id":10248,"weight":2.5534},
{"Node_id":10249,"weight":1.4223},
{"Node_id":10250,"weight":2.2728},
{"Node_id":10251,"weight":3.3377},
{"Node_id":10310,"weight":5.045},
{"Node_id":10311,"weight":3.8766},
{"Node_id":10312,"weight":1.719},
{"Node_id":10313,"weight":1.7354},
{"Node_id":10314,"weight":2.4768},
{"Node_id":10315,"weight":1.7198},
{"Node_id":10318,"weight":3.6076},
{"Node_id":10319,"weight":3.4523},
{"Node_id":10320,"weight":3.6273},
{"Node_id":10321,"weight":3.7401},
{"Node_id":10322,"weight":2.0338},
{"Node_id":10323,"weight":1.6906},
{"Node_id":10324,"weight":3.6718},
{"Node_id":10325,"weight":2.1418},
{"Node_id":10326,"weight":1.6419},
{"Node_id":10327,"weight":1.8549},
{"Node_id":10328,"weight":2.0212},
{"Node_id":10329,"weight":3.3808},
{"Node_id":10330,"weight":3.8469},
{"Node_id":10331,"weight":3.305},
{"Node_id":10332,"weight":1.4742},
{"Node_id":10335,"weight":1.5464},
{"Node_id":10336,"weight":2.0575},
{"Node_id":10337,"weight":1.7922},
{"Node_id":10340,"weight":4.1579},
{"Node_id":10341,"weight":1.615},
{"Node_id":10342,"weight":5.4927},
{"Node_id":10345,"weight":3.7446},
{"Node_id":10348,"weight":3.5075},
{"Node_id":10349,"weight":1.7472},
{"Node_id":10350,"weight":1.4001},
{"Node_id":10351,"weight":3.6885},
{"Node_id":10352,"weight":2.5519},
{"Node_id":10353,"weight":1.8145},
{"Node_id":10354,"weight":3.8372},
{"Node_id":10355,"weight":2.0615},
{"Node_id":10356,"weight":2.0785},
{"Node_id":10357,"weight":2.1654},
{"Node_id":10358,"weight":1.6114},
{"Node_id":10359,"weight":1.812},
{"Node_id":10360,"weight":1.9143},
{"Node_id":10361,"weight":1.7567},
{"Node_id":10362,"weight":2.1862},
{"Node_id":10363,"weight":2.1906},
{"Node_id":10364,"weight":2.7357},
{"Node_id":10365,"weight":2.9465},
{"Node_id":10366,"weight":2.1249},
{"Node_id":10367,"weight":3.6432},
{"Node_id":10368,"weight":5.1441},
{"Node_id":10369,"weight":5.2734},
{"Node_id":10370,"weight":3.0978},
{"Node_id":10371,"weight":3.8132},
{"Node_id":10372,"weight":5.045},
{"Node_id":10373,"weight":2.401},
{"Node_id":10374,"weight":2.101},
{"Node_id":10375,"weight":1.515},
{"Node_id":10378,"weight":3.0644},
{"Node_id":10379,"weight":3.0366},
{"Node_id":10380,"weight":2.3039},
{"Node_id":10381,"weight":1.7849},
{"Node_id":10382,"weight":3.0184},
{"Node_id":10383,"weight":1.886},
{"Node_id":10384,"weight":2.0038},
{"Node_id":10385,"weight":2.025},
{"Node_id":10395,"weight":1.9206},
{"Node_id":10396,"weight":2.4329},
{"Node_id":10397,"weight":3.9658},
{"Node_id":10398,"weight":2.5579},
{"Node_id":10399,"weight":2.0192},
{"Node_id":10402,"weight":2.8135},
{"Node_id":10403,"weight":2.8381},
{"Node_id":10404,"weight":2.889},
{"Node_id":10405,"weight":2.0338},
{"Node_id":10406,"weight":3.0667},
{"Node_id":10407,"weight":1.9323},
{"Node_id":10408,"weight":1.7237},
{"Node_id":10409,"weight":1.7599},
{"Node_id":10410,"weight":2.3015},
{"Node_id":10411,"weight":1.4881},
{"Node_id":10412,"weight":1.3988},
{"Node_id":10413,"weight":2.9786},
{"Node_id":10414,"weight":3.3652},
{"Node_id":10415,"weight":2.6337},
{"Node_id":10416,"weight":1.5485},
{"Node_id":10417,"weight":2.5297},
{"Node_id":10418,"weight":1.5327},
{"Node_id":10419,"weight":1.7663},
{"Node_id":10420,"weight":1.9423},
{"Node_id":10421,"weight":1.4422},
{"Node_id":10422,"weight":1.5885},
{"Node_id":10423,"weight":1.5729},
{"Node_id":10424,"weight":1.5306},
{"Node_id":10425,"weight":2.7409},
{"Node_id":10454,"weight":1.6657},
{"Node_id":10455,"weight":1.4052},
{"Node_id":10456,"weight":1.6324},
{"Node_id":10457,"weight":2.8711},
{"Node_id":10458,"weight":5.0933},
{"Node_id":10459,"weight":1.5659},
{"Node_id":10460,"weight":1.4782},
{"Node_id":10461,"weight":2.6761},
{"Node_id":10462,"weight":2.4796},
{"Node_id":10463,"weight":2.6337},
{"Node_id":10464,"weight":5.4927},
{"Node_id":10467,"weight":2.0928},
{"Node_id":10476,"weight":1.4862},
{"Node_id":10477,"weight":1.4435},
{"Node_id":10478,"weight":4.8458},
{"Node_id":10479,"weight":2.1622},
{"Node_id":10480,"weight":1.8253},
{"Node_id":10481,"weight":2.1928},
{"Node_id":10482,"weight":1.587},
{"Node_id":10483,"weight":1.656},
{"Node_id":10484,"weight":2.4684},
{"Node_id":10485,"weight":3.511},
{"Node_id":10486,"weight":1.5368},
{"Node_id":10487,"weight":1.6027},
{"Node_id":10488,"weight":1.733},
{"Node_id":10489,"weight":1.8609},
{"Node_id":10492,"weight":3.6312},
{"Node_id":10493,"weight":2.3699},
{"Node_id":10494,"weight":2.6928},
{"Node_id":10495,"weight":3.3903},
{"Node_id":10496,"weight":2.2943},
{"Node_id":10499,"weight":1.9597},
{"Node_id":10500,"weight":2.1376},
{"Node_id":10501,"weight":2.6147},
{"Node_id":10502,"weight":2.0485},
{"Node_id":10503,"weight":1.8438},
{"Node_id":10504,"weight":2.97},
{"Node_id":10505,"weight":4.1513},
{"Node_id":10506,"weight":2.9031},
{"Node_id":10507,"weight":1.5197},
{"Node_id":10508,"weight":3.4356},
{"Node_id":10509,"weight":4.4538},
{"Node_id":10510,"weight":3.2507},
{"Node_id":10511,"weight":1.4775},
{"Node_id":10512,"weight":3.6595},
{"Node_id":10513,"weight":1.4769},
{"Node_id":10514,"weight":4.7832},
{"Node_id":10515,"weight":1.8354},
{"Node_id":10516,"weight":2.7857},
{"Node_id":10517,"weight":3.3468},
{"Node_id":10518,"weight":4.284},
{"Node_id":10519,"weight":1.8643},
{"Node_id":10520,"weight":2.1354},
{"Node_id":10521,"weight":1.8153},
{"Node_id":10524,"weight":2.5882},
{"Node_id":10525,"weight":2.1774},
{"Node_id":10526,"weight":4.0049},
{"Node_id":10527,"weight":2.9444},
{"Node_id":10528,"weight":2.6466},
{"Node_id":10529,"weight":2.1796},
{"Node_id":10530,"weight":3.3079},
{"Node_id":10531,"weight":3.562},
{"Node_id":10532,"weight":1.6164},
{"Node_id":10533,"weight":1.9915},
{"Node_id":10534,"weight":2.4994},
{"Node_id":10535,"weight":2.6022},
{"Node_id":10536,"weight":1.5603},
{"Node_id":10537,"weight":2.2716},
{"Node_id":10538,"weight":3.3287},
{"Node_id":10539,"weight":1.7543},
{"Node_id":10540,"weight":3.3468},
{"Node_id":10541,"weight":1.9098},
{"Node_id":10542,"weight":1.8078},
{"Node_id":10543,"weight":2.4519},
{"Node_id":10544,"weight":3.3138},
{"Node_id":10545,"weight":2.6434},
{"Node_id":10546,"weight":2.9939},
{"Node_id":10547,"weight":1.8379},
{"Node_id":10548,"weight":1.7711},
{"Node_id":10549,"weight":3.0072},
{"Node_id":10550,"weight":1.5485},
{"Node_id":10551,"weight":1.4585},
{"Node_id":10552,"weight":3.1222},
{"Node_id":10553,"weight":2.1752},
{"Node_id":10554,"weight":2.6321},
{"Node_id":10555,"weight":2.7183},
{"Node_id":10556,"weight":3.5694},
{"Node_id":10557,"weight":3.1026},
{"Node_id":10558,"weight":2.4315},
{"Node_id":10559,"weight":1.4868},
{"Node_id":10560,"weight":1.6785},
{"Node_id":10561,"weight":2.2576},
{"Node_id":10562,"weight":3.1625},
{"Node_id":10563,"weight":1.827},
{"Node_id":10564,"weight":2.3814},
{"Node_id":10565,"weight":2.6761},
{"Node_id":10566,"weight":1.7988},
{"Node_id":10567,"weight":5.9118},
{"Node_id":10568,"weight":2.4342},
{"Node_id":10569,"weight":1.4461},
{"Node_id":10570,"weight":3.4356},
{"Node_id":10586,"weight":1.4982},
{"Node_id":10587,"weight":2.3827},
{"Node_id":10588,"weight":2.1514},
{"Node_id":10589,"weight":1.421},
{"Node_id":10590,"weight":4.2546},
{"Node_id":10591,"weight":2.889},
{"Node_id":10592,"weight":2.6162},
{"Node_id":10595,"weight":4.508},
{"Node_id":10598,"weight":2.6401},
{"Node_id":10601,"weight":2.1197},
{"Node_id":10602,"weight":1.9161},
{"Node_id":10638,"weight":2.4643},
{"Node_id":10639,"weight":2.1145},
{"Node_id":10640,"weight":1.7105},
{"Node_id":10641,"weight":2.1239},
{"Node_id":10642,"weight":1.8834},
{"Node_id":10643,"weight":2.7115},
{"Node_id":10644,"weight":2.3597},
{"Node_id":10645,"weight":1.6383},
{"Node_id":10646,"weight":1.4624},
{"Node_id":10647,"weight":3.6392},
{"Node_id":10648,"weight":1.7338},
{"Node_id":10649,"weight":4.3776},
{"Node_id":10650,"weight":1.7089},
{"Node_id":10651,"weight":1.4789},
{"Node_id":10652,"weight":3.2591},
{"Node_id":10653,"weight":3.3871},
{"Node_id":10654,"weight":2.9277},
{"Node_id":10655,"weight":4.5653},
{"Node_id":10656,"weight":3.2178},
{"Node_id":10657,"weight":2.321},
{"Node_id":10658,"weight":2.2073},
{"Node_id":10659,"weight":1.5779},
{"Node_id":10660,"weight":3.8085},
{"Node_id":10661,"weight":1.6186},
{"Node_id":10662,"weight":6.8113},
{"Node_id":10663,"weight":1.6179},
{"Node_id":10664,"weight":1.7377},
{"Node_id":10665,"weight":2.4588},
{"Node_id":10666,"weight":1.6478},
{"Node_id":10667,"weight":1.5231},
{"Node_id":10668,"weight":2.342},
{"Node_id":10669,"weight":1.4644},
{"Node_id":10670,"weight":2.0595},
{"Node_id":10671,"weight":2.2681},
{"Node_id":10678,"weight":3.3871},
{"Node_id":10679,"weight":1.5807},
{"Node_id":10680,"weight":2.7586},
{"Node_id":10681,"weight":2.885},
{"Node_id":10682,"weight":4.5653},
{"Node_id":10683,"weight":3.3683},
{"Node_id":10684,"weight":2.7374},
{"Node_id":10687,"weight":2.0485},
{"Node_id":10688,"weight":1.8261},
{"Node_id":10689,"weight":2.9593},
{"Node_id":10690,"weight":2.0565},
{"Node_id":10691,"weight":2.5123},
{"Node_id":10692,"weight":1.4121},
{"Node_id":10693,"weight":2.2061},
{"Node_id":10694,"weight":1.7136},
{"Node_id":10695,"weight":2.2799},
{"Node_id":10696,"weight":1.7182},
{"Node_id":10699,"weight":2.0605},
{"Node_id":10700,"weight":3.6233},
{"Node_id":10703,"weight":2.6242},
{"Node_id":10704,"weight":1.5771},
{"Node_id":10705,"weight":1.5402},
{"Node_id":10706,"weight":3.2591},
{"Node_id":10707,"weight":1.6754},
{"Node_id":10708,"weight":1.5238},
{"Node_id":10709,"weight":2.0096},
{"Node_id":10710,"weight":2.8381},
{"Node_id":10711,"weight":2.1155},
{"Node_id":10712,"weight":1.5687},
{"Node_id":10713,"weight":1.4014},
{"Node_id":10714,"weight":1.7417},
{"Node_id":10715,"weight":2.3699},
{"Node_id":10718,"weight":1.6078},
{"Node_id":10719,"weight":1.7857},
{"Node_id":10720,"weight":3.562},
{"Node_id":10721,"weight":2.8633},
{"Node_id":10725,"weight":1.9259},
{"Node_id":10726,"weight":2.6662},
{"Node_id":10727,"weight":3.5326},
{"Node_id":10728,"weight":4.0163},
{"Node_id":10729,"weight":3.226},
{"Node_id":10730,"weight":1.7051},
{"Node_id":10731,"weight":2.9113},
{"Node_id":10732,"weight":1.8913},
{"Node_id":10735,"weight":1.6085},
{"Node_id":10736,"weight":1.5999},
{"Node_id":10737,"weight":3.0738},
{"Node_id":10738,"weight":1.5878},
{"Node_id":10830,"weight":3.0117},
{"Node_id":10831,"weight":2.2907},
{"Node_id":10835,"weight":2.0038},
{"Node_id":10836,"weight":3.5398},
{"Node_id":10837,"weight":1.8379},
{"Node_id":10838,"weight":1.3907},
{"Node_id":10839,"weight":3.0786},
{"Node_id":10840,"weight":4.0049},
{"Node_id":10841,"weight":3.4969},
{"Node_id":10842,"weight":1.7841},
{"Node_id":10843,"weight":2.4966},
{"Node_id":10844,"weight":4.9126},
{"Node_id":10845,"weight":3.562},
{"Node_id":10846,"weight":4.9548},
{"Node_id":10847,"weight":4.7592},
{"Node_id":10848,"weight":2.1873},
{"Node_id":10858,"weight":3.0184},
{"Node_id":10859,"weight":1.4572},
{"Node_id":10963,"weight":2.4994},
{"Node_id":10964,"weight":5.4448},
{"Node_id":10965,"weight":1.7988},
{"Node_id":10966,"weight":1.6412},
{"Node_id":10967,"weight":1.4802},
{"Node_id":10968,"weight":1.4683},
{"Node_id":10969,"weight":4.0634},
{"Node_id":10970,"weight":2.895},
{"Node_id":10971,"weight":3.3347},
{"Node_id":10972,"weight":1.6508},
{"Node_id":10973,"weight":3.3777},
{"Node_id":10974,"weight":2.9072},
{"Node_id":10975,"weight":1.4178},
{"Node_id":10976,"weight":2.4881},
{"Node_id":10977,"weight":2.3788},
{"Node_id":10978,"weight":2.9614},
{"Node_id":10979,"weight":1.6664},
{"Node_id":10980,"weight":1.7963},
{"Node_id":10981,"weight":1.9143},
{"Node_id":10982,"weight":1.6523},
{"Node_id":10983,"weight":1.6538},
{"Node_id":10984,"weight":1.9036},
{"Node_id":10985,"weight":1.7776},
{"Node_id":10986,"weight":3.3999},
{"Node_id":10987,"weight":2.3584},
{"Node_id":10988,"weight":2.1785},
{"Node_id":10989,"weight":2.5224},
{"Node_id":10990,"weight":2.4601},
{"Node_id":10991,"weight":1.7074},
{"Node_id":10992,"weight":1.8834},
{"Node_id":10993,"weight":1.8921},
{"Node_id":10994,"weight":1.39},
{"Node_id":10995,"weight":2.2106},
{"Node_id":10996,"weight":1.9241},
{"Node_id":10997,"weight":1.6627},
{"Node_id":10998,"weight":3.0667},
{"Node_id":10999,"weight":2.0605},
{"Node_id":11000,"weight":2.2895},
{"Node_id":11001,"weight":1.43},
{"Node_id":11002,"weight":2.4698},
{"Node_id":11003,"weight":2.7694},
{"Node_id":11006,"weight":2.8305},
{"Node_id":11007,"weight":1.7825},
{"Node_id":11060,"weight":1.702},
{"Node_id":11127,"weight":2.9133},
{"Node_id":11143,"weight":1.4546},
{"Node_id":11144,"weight":1.6186},
{"Node_id":11145,"weight":2.4754},
{"Node_id":11146,"weight":1.8756},
{"Node_id":11172,"weight":1.4217},
{"Node_id":11209,"weight":1.5701},
{"Node_id":11327,"weight":1.9532},
{"Node_id":11453,"weight":3.2071},
{"Node_id":11454,"weight":1.7988},
{"Node_id":11549,"weight":3.3529},
{"Node_id":11592,"weight":2.658},
{"Node_id":11607,"weight":2.5371},
{"Node_id":11608,"weight":5.9496},
{"Node_id":11635,"weight":1.5589},
{"Node_id":11636,"weight":2.7098},
{"Node_id":11752,"weight":1.7543},
{"Node_id":11753,"weight":1.9746},
{"Node_id":11826,"weight":1.4729},
{"Node_id":11848,"weight":2.4754},
{"Node_id":11849,"weight":2.4302},
{"Node_id":11889,"weight":1.7898},
{"Node_id":11890,"weight":1.7043},
{"Node_id":11891,"weight":1.6612},
{"Node_id":11892,"weight":1.8669},
{"Node_id":11893,"weight":1.6762},
{"Node_id":11894,"weight":2.2208},
{"Node_id":11895,"weight":3.0297},
{"Node_id":11896,"weight":2.4262},
{"Node_id":11897,"weight":2.4155},
{"Node_id":11898,"weight":3.2017},
{"Node_id":11899,"weight":2.4866},
{"Node_id":11900,"weight":2.9939},
{"Node_id":11901,"weight":4.4538},
{"Node_id":11902,"weight":2.1796},
{"Node_id":11903,"weight":1.8523},
{"Node_id":11904,"weight":2.0038},
{"Node_id":11905,"weight":1.9934},
{"Node_id":11906,"weight":1.5652},
{"Node_id":11907,"weight":1.6792},
{"Node_id":11908,"weight":1.561},
{"Node_id":11909,"weight":1.5892},
{"Node_id":11910,"weight":1.6006},
{"Node_id":11911,"weight":1.7377},
{"Node_id":11912,"weight":2.3321},
{"Node_id":11913,"weight":2.0202},
{"Node_id":11914,"weight":4.284},
{"Node_id":11915,"weight":3.4969},
{"Node_id":11916,"weight":1.5736},
{"Node_id":11917,"weight":1.7857},
{"Node_id":11918,"weight":2.3271},
{"Node_id":11919,"weight":1.873},
{"Node_id":11920,"weight":2.0685},
{"Node_id":11921,"weight":1.8506},
{"Node_id":11922,"weight":2.5609},
{"Node_id":11923,"weight":1.6034},
{"Node_id":11924,"weight":2.0358},
{"Node_id":11925,"weight":3.3808},
{"Node_id":11926,"weight":2.2599},
{"Node_id":11927,"weight":3.6801},
{"Node_id":11928,"weight":5.1441},
{"Node_id":11929,"weight":4.0396},
{"Node_id":11930,"weight":2.1611},
{"Node_id":11931,"weight":4.7832},
{"Node_id":11932,"weight":3.4258},
{"Node_id":11933,"weight":2.6662},
{"Node_id":11934,"weight":2.4208},
{"Node_id":11935,"weight":1.5687},
{"Node_id":11936,"weight":2.8191},
{"Node_id":11937,"weight":1.4935},
{"Node_id":11938,"weight":1.7362},
{"Node_id":11941,"weight":6.1637},
{"Node_id":11942,"weight":1.9359},
{"Node_id":11943,"weight":3.3287},
{"Node_id":11944,"weight":3.0458},
{"Node_id":11945,"weight":2.1165},
{"Node_id":11946,"weight":1.5022},
{"Node_id":11947,"weight":2.5066},
{"Node_id":11950,"weight":1.4281},
{"Node_id":11951,"weight":2.4089},
{"Node_id":11952,"weight":1.7615},
{"Node_id":11953,"weight":1.4995},
{"Node_id":11954,"weight":1.9597},
{"Node_id":11955,"weight":2.955},
{"Node_id":11958,"weight":2.4235},
{"Node_id":11959,"weight":1.6634},
{"Node_id":12005,"weight":1.6883},
{"Node_id":12028,"weight":3.2676},
{"Node_id":12030,"weight":2.1062},
{"Node_id":12031,"weight":1.5949},
{"Node_id":12032,"weight":2.0705},
{"Node_id":12033,"weight":5.1441},
{"Node_id":12034,"weight":1.9018},
{"Node_id":12035,"weight":1.5582},
{"Node_id":12036,"weight":1.9477},
{"Node_id":12037,"weight":3.4095},
{"Node_id":12038,"weight":1.798},
{"Node_id":12039,"weight":3.8132},
{"Node_id":12040,"weight":5.1794},
{"Node_id":12041,"weight":8.1114},
{"Node_id":12042,"weight":3.5732},
{"Node_id":12043,"weight":6.5699},
{"Node_id":12044,"weight":1.8506},
{"Node_id":12045,"weight":3.2098},
{"Node_id":12046,"weight":2.1665},
{"Node_id":12049,"weight":2.0959},
{"Node_id":12050,"weight":3.1099},
{"Node_id":12051,"weight":2.2907},
{"Node_id":12052,"weight":5.2734},
{"Node_id":12053,"weight":3.8372},
{"Node_id":12054,"weight":1.6649},
{"Node_id":12055,"weight":2.5775},
{"Node_id":12056,"weight":3.0929},
{"Node_id":12057,"weight":1.7036},
{"Node_id":12058,"weight":2.5297},
{"Node_id":12059,"weight":1.917},
{"Node_id":12060,"weight":1.5416},
{"Node_id":12061,"weight":2.5913},
{"Node_id":12062,"weight":2.2006},
{"Node_id":12063,"weight":2.2073},
{"Node_id":12064,"weight":1.7346},
{"Node_id":12065,"weight":1.7252},
{"Node_id":12066,"weight":2.2871},
{"Node_id":12067,"weight":2.375},
{"Node_id":12068,"weight":1.9487},
{"Node_id":12069,"weight":2.5684},
{"Node_id":12070,"weight":2.4221},
{"Node_id":12071,"weight":1.6523},
{"Node_id":12072,"weight":2.1031},
{"Node_id":12073,"weight":1.7607},
{"Node_id":12074,"weight":1.4045},
{"Node_id":12075,"weight":2.3321},
{"Node_id":12076,"weight":3.5146},
{"Node_id":12077,"weight":3.7991},
{"Node_id":12078,"weight":2.5534},
{"Node_id":12079,"weight":2.2028},
{"Node_id":12080,"weight":1.9896},
{"Node_id":12081,"weight":1.8843},
{"Node_id":12082,"weight":2.8381},
{"Node_id":12083,"weight":1.5076},
{"Node_id":12084,"weight":2.184},
{"Node_id":12085,"weight":2.0416},
{"Node_id":12086,"weight":3.7579},
{"Node_id":12087,"weight":1.9296},
{"Node_id":12088,"weight":2.1093},
{"Node_id":12089,"weight":2.7876},
{"Node_id":12090,"weight":2.2657},
{"Node_id":12091,"weight":3.1651},
{"Node_id":12092,"weight":4.0163},
{"Node_id":12093,"weight":2.0192},
{"Node_id":12094,"weight":2.6678},
{"Node_id":12095,"weight":2.4768},
{"Node_id":12096,"weight":1.5245},
{"Node_id":12097,"weight":4.7954},
{"Node_id":12098,"weight":1.9896},
{"Node_id":12099,"weight":2.3075},
{"Node_id":12100,"weight":2.5023},
{"Node_id":12101,"weight":1.421},
{"Node_id":12102,"weight":1.7151},
{"Node_id":12103,"weight":1.5575},
{"Node_id":12104,"weight":1.9634},
{"Node_id":12125,"weight":2.5312},
{"Node_id":12147,"weight":3.1651},
{"Node_id":12163,"weight":2.0231},
{"Node_id":12178,"weight":2.6945},
{"Node_id":12179,"weight":3.6843},
{"Node_id":12180,"weight":2.6037},
{"Node_id":12195,"weight":3.6233},
{"Node_id":12196,"weight":2.5341},
{"Node_id":12197,"weight":2.6482},
{"Node_id":12198,"weight":2.2095},
{"Node_id":12199,"weight":2.2634},
{"Node_id":12200,"weight":1.653},
{"Node_id":12201,"weight":1.397},
{"Node_id":12202,"weight":2.5166},
{"Node_id":12203,"weight":1.9468},
{"Node_id":12204,"weight":2.0338},
{"Node_id":12205,"weight":1.7528},
{"Node_id":12206,"weight":1.53},
{"Node_id":12281,"weight":1.8128},
{"Node_id":12282,"weight":2.9808},
{"Node_id":12283,"weight":4.2402},
{"Node_id":12284,"weight":1.935},
{"Node_id":12285,"weight":1.6792},
{"Node_id":12286,"weight":3.2591},
{"Node_id":12287,"weight":1.6538},
{"Node_id":12288,"weight":2.1568},
{"Node_id":12289,"weight":3.1781},
{"Node_id":12290,"weight":2.881},
{"Node_id":12291,"weight":1.4848},
{"Node_id":12292,"weight":1.5793},
{"Node_id":12293,"weight":3.1833},
{"Node_id":12294,"weight":2.7857},
{"Node_id":12295,"weight":1.659},
{"Node_id":12296,"weight":1.6754},
{"Node_id":12297,"weight":1.7575},
{"Node_id":12298,"weight":2.2955},
{"Node_id":12299,"weight":2.0202},
{"Node_id":12300,"weight":2.7235},
{"Node_id":12301,"weight":2.1796},
{"Node_id":12302,"weight":2.7339},
{"Node_id":12303,"weight":3.3967},
{"Node_id":12304,"weight":2.4208},
{"Node_id":12305,"weight":1.5652},
{"Node_id":12306,"weight":2.6945},
{"Node_id":12307,"weight":4.1064},
{"Node_id":12311,"weight":1.5259},
{"Node_id":12312,"weight":2.1312},
{"Node_id":12313,"weight":1.5002},
{"Node_id":12314,"weight":6.3182},
{"Node_id":12315,"weight":2.0745},
{"Node_id":12316,"weight":1.4822},
{"Node_id":12317,"weight":1.4848},
{"Node_id":12318,"weight":2.0436},
{"Node_id":12319,"weight":1.9905},
{"Node_id":12320,"weight":2.4852},
{"Node_id":12321,"weight":1.8643},
{"Node_id":12322,"weight":3.1651},
{"Node_id":12323,"weight":3.7357},
{"Node_id":12324,"weight":1.3932},
{"Node_id":12325,"weight":1.4975},
{"Node_id":12326,"weight":1.8037},
{"Node_id":12327,"weight":1.5963},
{"Node_id":12328,"weight":2.5224},
{"Node_id":12329,"weight":3.842},
{"Node_id":12330,"weight":2.1622},
{"Node_id":12331,"weight":1.8515},
{"Node_id":12332,"weight":5.8401},
{"Node_id":12333,"weight":1.6906},
{"Node_id":12334,"weight":1.7736},
{"Node_id":12335,"weight":1.9296},
{"Node_id":12336,"weight":2.7857},
{"Node_id":12337,"weight":2.3546},
{"Node_id":12338,"weight":3.776},
{"Node_id":12339,"weight":4.0694},
{"Node_id":12340,"weight":2.4671},
{"Node_id":12341,"weight":2.173},
{"Node_id":12342,"weight":1.752},
{"Node_id":12343,"weight":2.0038},
{"Node_id":12344,"weight":1.4371},
{"Node_id":12345,"weight":2.7081},
{"Node_id":12346,"weight":1.4835},
{"Node_id":12347,"weight":1.9962},
{"Node_id":12348,"weight":2.727},
{"Node_id":12349,"weight":2.2517},
{"Node_id":12350,"weight":2.3648},
{"Node_id":12351,"weight":3.596},
{"Node_id":12352,"weight":2.6257},
{"Node_id":12353,"weight":2.4275},
{"Node_id":12354,"weight":1.9277},
{"Node_id":12355,"weight":2.3866},
{"Node_id":12356,"weight":5.3992},
{"Node_id":12357,"weight":1.4624},
{"Node_id":12358,"weight":1.5485},
{"Node_id":12359,"weight":2.3395},
{"Node_id":12360,"weight":1.8895},
{"Node_id":12361,"weight":2.4588},
{"Node_id":12362,"weight":2.2799},
{"Node_id":12363,"weight":2.8652},
{"Node_id":12364,"weight":1.5062},
{"Node_id":12365,"weight":1.4881},
{"Node_id":12366,"weight":1.5842},
{"Node_id":12367,"weight":1.4921},
{"Node_id":12368,"weight":1.8078},
{"Node_id":12369,"weight":1.776},
{"Node_id":12370,"weight":3.305},
{"Node_id":12371,"weight":2.5959},
{"Node_id":12372,"weight":1.6974},
{"Node_id":12373,"weight":2.2196},
{"Node_id":12374,"weight":1.4848},
{"Node_id":12375,"weight":2.881},
{"Node_id":12376,"weight":1.7401},
{"Node_id":12377,"weight":2.3234},
{"Node_id":12378,"weight":1.6208},
{"Node_id":12379,"weight":2.6563},
{"Node_id":12380,"weight":1.6486},
{"Node_id":12381,"weight":1.9332},
{"Node_id":12382,"weight":1.8523},
{"Node_id":12383,"weight":2.8229},
{"Node_id":12384,"weight":2.5579},
{"Node_id":12406,"weight":2.0907},
{"Node_id":12407,"weight":6.0725},
{"Node_id":12408,"weight":2.8574},
{"Node_id":12409,"weight":1.4178},
{"Node_id":12410,"weight":1.5992},
{"Node_id":12411,"weight":2.1719},
{"Node_id":12412,"weight":1.5035},
{"Node_id":12413,"weight":1.3882},
{"Node_id":12414,"weight":2.2576},
{"Node_id":12415,"weight":3.3652},
{"Node_id":12416,"weight":2.5254},
{"Node_id":12417,"weight":1.7105},
{"Node_id":12418,"weight":4.8458},
{"Node_id":12419,"weight":2.2552},
{"Node_id":12420,"weight":1.3988},
{"Node_id":12421,"weight":1.4172},
{"Node_id":12422,"weight":1.6523},
{"Node_id":12423,"weight":1.7963},
{"Node_id":12424,"weight":4.1002},
{"Node_id":12425,"weight":2.5066},
{"Node_id":12426,"weight":2.5385},
{"Node_id":12427,"weight":2.877},
{"Node_id":12428,"weight":1.9523},
{"Node_id":12429,"weight":2.5714},
{"Node_id":12430,"weight":1.4565},
{"Node_id":12431,"weight":1.744},
{"Node_id":12432,"weight":1.6732},
{"Node_id":12433,"weight":1.798},
{"Node_id":12434,"weight":1.9305},
{"Node_id":12435,"weight":1.4229},
{"Node_id":12436,"weight":1.543},
{"Node_id":12437,"weight":4.1711},
{"Node_id":12438,"weight":2.6711},
{"Node_id":12439,"weight":2.205},
{"Node_id":12440,"weight":3.1347},
{"Node_id":12441,"weight":1.4815},
{"Node_id":12442,"weight":1.752},
{"Node_id":12443,"weight":3.0252},
{"Node_id":12444,"weight":1.6368},
{"Node_id":12445,"weight":2.9593},
{"Node_id":12446,"weight":3.1964},
{"Node_id":12447,"weight":2.0565},
{"Node_id":12448,"weight":1.9296},
{"Node_id":12449,"weight":1.8136},
{"Node_id":12450,"weight":2.2242},
{"Node_id":12451,"weight":2.3571},
{"Node_id":12452,"weight":3.8038},
{"Node_id":12453,"weight":2.0938},
{"Node_id":12454,"weight":2.0745},
{"Node_id":12455,"weight":2.5123},
{"Node_id":12456,"weight":1.5786},
{"Node_id":12457,"weight":1.726},
{"Node_id":12458,"weight":1.4663},
{"Node_id":12459,"weight":2.6563},
{"Node_id":12460,"weight":1.4147},
{"Node_id":12461,"weight":2.9011},
{"Node_id":12462,"weight":5.2347},
{"Node_id":12463,"weight":3.4095},
{"Node_id":12464,"weight":3.4225},
{"Node_id":12465,"weight":1.8557},
{"Node_id":12466,"weight":2.6498},
{"Node_id":12467,"weight":2.1134},
{"Node_id":12468,"weight":2.366},
{"Node_id":12469,"weight":1.9395},
{"Node_id":12470,"weight":3.1859},
{"Node_id":12471,"weight":2.2907},
{"Node_id":12472,"weight":1.8337},
{"Node_id":12473,"weight":1.5652},
{"Node_id":12474,"weight":2.543},
{"Node_id":12475,"weight":5.8061},
{"Node_id":12476,"weight":3.6969},
{"Node_id":12477,"weight":2.1774},
{"Node_id":12478,"weight":1.4795},
{"Node_id":12479,"weight":1.3944},
{"Node_id":12480,"weight":2.3222},
{"Node_id":12481,"weight":1.8012},
{"Node_id":12482,"weight":5.2933},
{"Node_id":12485,"weight":1.5652},
{"Node_id":12486,"weight":2.5944},
{"Node_id":12487,"weight":2.0856},
{"Node_id":12488,"weight":1.5029},
{"Node_id":12489,"weight":2.8751},
{"Node_id":12490,"weight":1.5361},
{"Node_id":12491,"weight":3.2342},
{"Node_id":12492,"weight":1.9432},
{"Node_id":12493,"weight":1.639},
{"Node_id":12494,"weight":2.0436},
{"Node_id":12497,"weight":5.7105},
{"Node_id":12534,"weight":1.8834},
{"Node_id":12535,"weight":1.6657},
{"Node_id":12536,"weight":2.0918},
{"Node_id":12537,"weight":4.8588},
{"Node_id":12538,"weight":2.9257},
{"Node_id":12539,"weight":3.4323},
{"Node_id":12549,"weight":1.8756},
{"Node_id":12605,"weight":4.1982},
{"Node_id":12606,"weight":3.6392},
{"Node_id":12607,"weight":1.9727},
{"Node_id":12608,"weight":5.7414},
{"Node_id":12609,"weight":3.0929},
{"Node_id":12610,"weight":2.3609},
{"Node_id":12611,"weight":1.7113},
{"Node_id":12612,"weight":1.4268},
{"Node_id":12615,"weight":2.9896},
{"Node_id":12616,"weight":2.0938},
{"Node_id":12617,"weight":3.6718},
{"Node_id":12618,"weight":2.1124},
{"Node_id":12619,"weight":2.5519},
{"Node_id":12620,"weight":2.3445},
{"Node_id":12621,"weight":1.5527},
{"Node_id":12622,"weight":1.752},
{"Node_id":12623,"weight":2.7658},
{"Node_id":12624,"weight":1.9241},
{"Node_id":12625,"weight":1.8506},
{"Node_id":12626,"weight":2.4951},
{"Node_id":12627,"weight":3.3168},
{"Node_id":12628,"weight":1.9368},
{"Node_id":12629,"weight":2.2599},
{"Node_id":12630,"weight":1.8532},
{"Node_id":12631,"weight":2.2379},
{"Node_id":12632,"weight":1.8379},
{"Node_id":12633,"weight":3.6718},
{"Node_id":12634,"weight":1.6317},
{"Node_id":12635,"weight":3.7624},
{"Node_id":12636,"weight":1.5617},
{"Node_id":12637,"weight":1.8566},
{"Node_id":12638,"weight":1.8575},
{"Node_id":12639,"weight":1.6013},
{"Node_id":12643,"weight":2.508},
{"Node_id":12644,"weight":1.4198},
{"Node_id":12645,"weight":2.4478},
{"Node_id":12646,"weight":1.4474},
{"Node_id":12647,"weight":3.0229},
{"Node_id":12648,"weight":2.0377},
{"Node_id":12649,"weight":1.5218},
{"Node_id":12882,"weight":4.833},
{"Node_id":12883,"weight":1.5485},
{"Node_id":12884,"weight":2.3063},
{"Node_id":12885,"weight":1.8957},
{"Node_id":12888,"weight":4.1914},
{"Node_id":12889,"weight":4.3534},
{"Node_id":12890,"weight":1.6302},
{"Node_id":12891,"weight":1.8738},
{"Node_id":12892,"weight":1.5245},
{"Node_id":12893,"weight":5.0294},
{"Node_id":12894,"weight":1.5807},
{"Node_id":12895,"weight":3.8716},
{"Node_id":12896,"weight":2.2907},
{"Node_id":12897,"weight":2.6612},
{"Node_id":12898,"weight":2.2061},
{"Node_id":12899,"weight":1.5218},
{"Node_id":12900,"weight":2.2017},
{"Node_id":12901,"weight":5.3771},
{"Node_id":12902,"weight":2.3918},
{"Node_id":12903,"weight":1.5327},
{"Node_id":12904,"weight":1.5527},
{"Node_id":12905,"weight":2.2448},
{"Node_id":13049,"weight":5.2347},
{"Node_id":13050,"weight":1.9606},
{"Node_id":13051,"weight":1.7719},
{"Node_id":13052,"weight":1.4474},
{"Node_id":13053,"weight":2.4768},
{"Node_id":13064,"weight":1.7417},
{"Node_id":13065,"weight":2.9808},
{"Node_id":13068,"weight":1.4128},
{"Node_id":13069,"weight":1.5992},
{"Node_id":13070,"weight":1.6762},
{"Node_id":13071,"weight":2.0212},
{"Node_id":13072,"weight":3.0389},
{"Node_id":13073,"weight":3.3377},
{"Node_id":13118,"weight":2.6337},
{"Node_id":13119,"weight":1.7448},
{"Node_id":13120,"weight":1.6331},
{"Node_id":13121,"weight":2.0397},
{"Node_id":13122,"weight":1.7464},
{"Node_id":13123,"weight":1.9802},
{"Node_id":13124,"weight":2.027},
{"Node_id":13125,"weight":1.5828},
{"Node_id":13126,"weight":3.0504},
{"Node_id":13127,"weight":1.4281},
{"Node_id":13128,"weight":2.1557},
{"Node_id":13129,"weight":1.7881},
{"Node_id":13138,"weight":2.645},
{"Node_id":13139,"weight":1.575},
{"Node_id":13332,"weight":3.105},
{"Node_id":13333,"weight":2.3699},
{"Node_id":13334,"weight":3.3317},
{"Node_id":13335,"weight":1.5109},
{"Node_id":13338,"weight":3.4258},
{"Node_id":13339,"weight":1.6777},
{"Node_id":13340,"weight":1.5029},
{"Node_id":13341,"weight":2.6979},
{"Node_id":13342,"weight":3.3347},
{"Node_id":13343,"weight":2.1482},
{"Node_id":13344,"weight":2.397},
{"Node_id":13345,"weight":2.9765},
{"Node_id":13346,"weight":1.9588},
{"Node_id":13390,"weight":2.3763},
{"Node_id":13391,"weight":1.4229},
{"Node_id":13392,"weight":3.3347},
{"Node_id":13393,"weight":2.5867},
{"Node_id":13394,"weight":1.9404},
{"Node_id":13395,"weight":1.8904},
{"Node_id":13396,"weight":2.4089},
{"Node_id":13399,"weight":3.8132},
{"Node_id":13400,"weight":2.5579},
{"Node_id":13401,"weight":1.9107},
{"Node_id":13402,"weight":1.4396},
{"Node_id":13403,"weight":2.1632},
{"Node_id":13404,"weight":2.481},
{"Node_id":13405,"weight":3.0667},
{"Node_id":13406,"weight":2.3711},
{"Node_id":13407,"weight":2.1654},
{"Node_id":13408,"weight":1.7213},
{"Node_id":13409,"weight":2.274},
{"Node_id":13410,"weight":1.8387},
{"Node_id":13411,"weight":2.2657},
{"Node_id":13412,"weight":2.3259},
{"Node_id":13451,"weight":1.532},
{"Node_id":13452,"weight":3.5845},
{"Node_id":13453,"weight":1.9551},
{"Node_id":13454,"weight":2.1752},
{"Node_id":13455,"weight":1.8816},
{"Node_id":13456,"weight":2.7374},
{"Node_id":13457,"weight":1.4026},
{"Node_id":13460,"weight":1.3888},
{"Node_id":13461,"weight":4.5951},
{"Node_id":13462,"weight":1.9551},
{"Node_id":13463,"weight":3.8918},
{"Node_id":13464,"weight":1.4611},
{"Node_id":13465,"weight":1.7151},
{"Node_id":13466,"weight":1.4166},
{"Node_id":13467,"weight":3.9992},
{"Node_id":13478,"weight":4.226},
{"Node_id":13479,"weight":1.5527},
{"Node_id":13480,"weight":2.0555},
{"Node_id":13517,"weight":3.416},
{"Node_id":13518,"weight":2.8516},
{"Node_id":13519,"weight":2.0856},
{"Node_id":13520,"weight":2.0745},
{"Node_id":13521,"weight":2.0959},
{"Node_id":13522,"weight":2.1482},
{"Node_id":13523,"weight":1.568},
{"Node_id":13524,"weight":3.0435},
{"Node_id":13525,"weight":1.5701},
{"Node_id":13526,"weight":2.0755},
{"Node_id":13527,"weight":1.5589},
{"Node_id":13528,"weight":1.4261},
{"Node_id":13529,"weight":2.9444},
{"Node_id":13530,"weight":2.474},
{"Node_id":13531,"weight":2.4615},
{"Node_id":13538,"weight":2.5564},
{"Node_id":13539,"weight":1.3982},
{"Node_id":13540,"weight":2.1249},
{"Node_id":13541,"weight":2.61},
{"Node_id":13542,"weight":4.9126},
{"Node_id":13543,"weight":2.599},
{"Node_id":13544,"weight":1.532},
{"Node_id":13545,"weight":1.7268},
{"Node_id":13546,"weight":1.465},
{"Node_id":13547,"weight":2.5239},
{"Node_id":13564,"weight":3.1885},
{"Node_id":13565,"weight":2.7115},
{"Node_id":13566,"weight":2.9529},
{"Node_id":13567,"weight":3.6115},
{"Node_id":13568,"weight":4.0221},
{"Node_id":13569,"weight":2.7166},
{"Node_id":13570,"weight":1.421},
{"Node_id":13571,"weight":2.8023},
{"Node_id":13572,"weight":2.0407},
{"Node_id":13573,"weight":3.0905},
{"Node_id":13574,"weight":3.3999},
{"Node_id":13575,"weight":2.2775},
{"Node_id":13576,"weight":2.4657},
{"Node_id":13579,"weight":2.5564},
{"Node_id":13580,"weight":1.8878},
{"Node_id":13581,"weight":2.8613},
{"Node_id":13582,"weight":2.0397},
{"Node_id":13583,"weight":2.145},
{"Node_id":13619,"weight":1.6997},
{"Node_id":13620,"weight":1.8965},
{"Node_id":13649,"weight":2.6257},
{"Node_id":13650,"weight":3.9441},
{"Node_id":13651,"weight":1.3988},
{"Node_id":13652,"weight":2.6645},
{"Node_id":13653,"weight":1.6493},
{"Node_id":13654,"weight":4.8203},
{"Node_id":13733,"weight":1.8379},
{"Node_id":13734,"weight":4.0279},
{"Node_id":13754,"weight":1.6442},
{"Node_id":13755,"weight":2.3983},
{"Node_id":13759,"weight":2.3571},
{"Node_id":13760,"weight":2.5283},
{"Node_id":13761,"weight":2.5459},
{"Node_id":13762,"weight":1.656},
{"Node_id":13763,"weight":3.0667},
{"Node_id":13764,"weight":3.1472},
{"Node_id":13774,"weight":1.8128},
{"Node_id":13779,"weight":1.7583},
{"Node_id":13780,"weight":3.1755},
{"Node_id":13795,"weight":1.5506},
{"Node_id":13797,"weight":1.7881},
{"Node_id":13798,"weight":4.4538},
{"Node_id":13799,"weight":1.8128},
{"Node_id":13803,"weight":2.3371},
{"Node_id":13804,"weight":1.9953},
{"Node_id":13805,"weight":3.7226},
{"Node_id":13806,"weight":4.4192},
{"Node_id":13807,"weight":1.8825},
{"Node_id":13808,"weight":1.8421},
{"Node_id":13819,"weight":1.469},
{"Node_id":13820,"weight":2.9657},
{"Node_id":13821,"weight":2.6894},
{"Node_id":13822,"weight":2.7339},
{"Node_id":13825,"weight":2.7115},
{"Node_id":13826,"weight":3.7535},
{"Node_id":13827,"weight":2.4102},
{"Node_id":13828,"weight":1.8337},
{"Node_id":13829,"weight":6.8113},
{"Node_id":13844,"weight":1.5341},
{"Node_id":13845,"weight":2.4181},
{"Node_id":13846,"weight":3.2178},
{"Node_id":13847,"weight":1.4166},
{"Node_id":13848,"weight":2.3483},
{"Node_id":13854,"weight":1.9606},
{"Node_id":13855,"weight":1.6515},
{"Node_id":13856,"weight":1.5002},
{"Node_id":13857,"weight":1.5534},
{"Node_id":13858,"weight":2.5254},
{"Node_id":13859,"weight":2.6353},
{"Node_id":13860,"weight":2.4262},
{"Node_id":13861,"weight":2.4248},
{"Node_id":13862,"weight":2.5519},
{"Node_id":13975,"weight":2.2943},
{"Node_id":13976,"weight":5.7105},
{"Node_id":13977,"weight":2.5609},
{"Node_id":13978,"weight":2.1983},
{"Node_id":13979,"weight":1.7417},
{"Node_id":13980,"weight":2.1113},
{"Node_id":14014,"weight":5.077},
{"Node_id":14015,"weight":2.2764},
{"Node_id":14016,"weight":6.4362},
{"Node_id":14017,"weight":1.3944},
{"Node_id":14018,"weight":2.0525},
{"Node_id":14019,"weight":3.0481},
{"Node_id":14020,"weight":4.5951},
{"Node_id":14021,"weight":2.9444},
{"Node_id":14022,"weight":1.4242},
{"Node_id":14023,"weight":3.0072},
{"Node_id":14024,"weight":2.7287},
{"Node_id":14025,"weight":1.726},
{"Node_id":14026,"weight":2.4505},
{"Node_id":14027,"weight":2.3408},
{"Node_id":14028,"weight":3.449},
{"Node_id":14029,"weight":5.0141},
{"Node_id":14030,"weight":3.2704},
{"Node_id":14031,"weight":1.7151},
{"Node_id":14032,"weight":2.0565},
{"Node_id":14035,"weight":2.599},
{"Node_id":14036,"weight":1.793},
{"Node_id":14037,"weight":3.3683},
{"Node_id":14038,"weight":1.9699},
{"Node_id":14039,"weight":2.5975},
{"Node_id":14040,"weight":2.1461},
{"Node_id":14041,"weight":1.4565},
{"Node_id":14042,"weight":2.4464},
{"Node_id":14043,"weight":2.4288},
{"Node_id":14044,"weight":1.4198},
{"Node_id":14045,"weight":1.5548},
{"Node_id":14046,"weight":2.5821},
{"Node_id":14047,"weight":1.5002},
{"Node_id":14048,"weight":3.4934},
{"Node_id":14049,"weight":3.1075},
{"Node_id":14050,"weight":1.9089},
{"Node_id":14051,"weight":2.4881},
{"Node_id":14052,"weight":1.4941},
{"Node_id":14055,"weight":7.418},
{"Node_id":14056,"weight":2.145},
{"Node_id":14063,"weight":3.1912},
{"Node_id":14064,"weight":3.3438},
{"Node_id":14065,"weight":4.3143},
{"Node_id":14066,"weight":1.6368},
{"Node_id":14088,"weight":2.1386},
{"Node_id":14089,"weight":1.4915},
{"Node_id":14090,"weight":3.248},
{"Node_id":14091,"weight":2.173},
{"Node_id":14092,"weight":2.7569},
{"Node_id":14093,"weight":1.6085},
{"Node_id":14094,"weight":3.1885},
{"Node_id":14095,"weight":1.6099},
{"Node_id":14096,"weight":4.0514},
{"Node_id":14099,"weight":2.4796},
{"Node_id":14104,"weight":1.7393},
{"Node_id":14105,"weight":3.9936},
{"Node_id":14106,"weight":1.5225},
{"Node_id":14107,"weight":2.0775},
{"Node_id":14108,"weight":1.8228},
{"Node_id":14109,"weight":2.2811},
{"Node_id":14110,"weight":1.8869},
{"Node_id":14111,"weight":1.5942},
{"Node_id":14112,"weight":1.6099},
{"Node_id":14113,"weight":1.5177},
{"Node_id":14114,"weight":1.6027},
{"Node_id":14115,"weight":1.5204},
{"Node_id":14116,"weight":2.2471},
{"Node_id":14117,"weight":1.6523},
{"Node_id":14118,"weight":5.0141},
{"Node_id":14119,"weight":2.7766},
{"Node_id":14120,"weight":4.833},
{"Node_id":14121,"weight":2.2084},
{"Node_id":14122,"weight":3.6392},
{"Node_id":14123,"weight":2.7876},
{"Node_id":14124,"weight":4.7474},
{"Node_id":19881,"weight":4.212},
{"Node_id":19882,"weight":3.5326},
{"Node_id":19883,"weight":3.248},
{"Node_id":19884,"weight":1.4526},
{"Node_id":19924,"weight":2.9917},
{"Node_id":19925,"weight":1.5779},
{"Node_id":19926,"weight":2.1503},
{"Node_id":19927,"weight":1.465},
{"Node_id":19928,"weight":1.9811},
{"Node_id":19929,"weight":1.4526},
{"Node_id":19930,"weight":1.5771},
{"Node_id":19931,"weight":1.8062},
{"Node_id":19932,"weight":2.0125},
{"Node_id":19933,"weight":5.7414},
{"Node_id":19934,"weight":4.1318},
{"Node_id":19935,"weight":2.5371},
{"Node_id":19936,"weight":2.1323},
{"Node_id":19937,"weight":1.4223},
{"Node_id":19938,"weight":4.3858},
{"Node_id":19939,"weight":4.4364},
{"Node_id":19940,"weight":1.4064},
{"Node_id":19941,"weight":1.4533},
{"Node_id":19942,"weight":1.513},
{"Node_id":19943,"weight":1.7036},
{"Node_id":19944,"weight":2.1218},
{"Node_id":19945,"weight":4.4451},
{"Node_id":19946,"weight":1.6538},
{"Node_id":19947,"weight":2.2185},
{"Node_id":19948,"weight":1.7535},
{"Node_id":19949,"weight":2.102},
{"Node_id":19950,"weight":1.397},
{"Node_id":19951,"weight":2.0685},
{"Node_id":19952,"weight":1.8851},
{"Node_id":19953,"weight":1.8379},
{"Node_id":19954,"weight":5.6515},
{"Node_id":19955,"weight":1.8992},
{"Node_id":19956,"weight":1.7939},
{"Node_id":19957,"weight":2.0125},
{"Node_id":19958,"weight":2.5594},
{"Node_id":19959,"weight":1.7244},
{"Node_id":19960,"weight":3.6969},
{"Node_id":19961,"weight":3.1703},
{"Node_id":19962,"weight":1.5184},
{"Node_id":19963,"weight":1.3869},
{"Node_id":19964,"weight":2.1829},
{"Node_id":19965,"weight":2.2196},
{"Node_id":19966,"weight":1.9597},
{"Node_id":19967,"weight":2.8477},
{"Node_id":19968,"weight":1.6694},
{"Node_id":19969,"weight":3.577},
{"Node_id":19970,"weight":2.889},
{"Node_id":19971,"weight":2.885},
{"Node_id":19972,"weight":1.5259},
{"Node_id":19973,"weight":3.8567},
{"Node_id":19974,"weight":3.3079},
{"Node_id":19975,"weight":1.8354},
{"Node_id":19976,"weight":1.7736},
{"Node_id":19977,"weight":3.714},
{"Node_id":19978,"weight":1.8371},
{"Node_id":19979,"weight":2.9808},
{"Node_id":19980,"weight":2.9614},
{"Node_id":19981,"weight":3.4934},
{"Node_id":19982,"weight":1.3882},
{"Node_id":19983,"weight":1.7623},
{"Node_id":19984,"weight":2.3711},
{"Node_id":19985,"weight":1.4313},
{"Node_id":19986,"weight":1.5527},
{"Node_id":19987,"weight":2.2599},
{"Node_id":19988,"weight":2.0029},
{"Node_id":19989,"weight":2.6596},
{"Node_id":19990,"weight":1.9359},
{"Node_id":19991,"weight":2.9381},
{"Node_id":19992,"weight":2.9174},
{"Node_id":19993,"weight":1.6171},
{"Node_id":19994,"weight":1.8103},
{"Node_id":19995,"weight":1.5334},
{"Node_id":19996,"weight":2.887},
{"Node_id":19997,"weight":1.8186},
{"Node_id":19998,"weight":1.9542},
{"Node_id":20009,"weight":1.6785},
{"Node_id":20010,"weight":3.0006},
{"Node_id":20011,"weight":2.1785},
{"Node_id":20012,"weight":3.0786},
{"Node_id":20013,"weight":3.8275},
{"Node_id":20014,"weight":1.7881},
{"Node_id":20015,"weight":3.055},
{"Node_id":20016,"weight":1.9662},
{"Node_id":20017,"weight":2.4671},
{"Node_id":20018,"weight":3.2905},
{"Node_id":20019,"weight":1.901},
{"Node_id":20020,"weight":1.9802},
{"Node_id":20021,"weight":1.9802},
{"Node_id":20022,"weight":7.8236},
{"Node_id":20026,"weight":1.6913},
{"Node_id":20027,"weight":2.645},
{"Node_id":20028,"weight":4.0163},
{"Node_id":20029,"weight":1.4915},
{"Node_id":20030,"weight":1.5347},
{"Node_id":20031,"weight":2.6531},
{"Node_id":20032,"weight":2.2611},
{"Node_id":20111,"weight":4.3454},
{"Node_id":20112,"weight":2.8248},
{"Node_id":20115,"weight":2.4994},
{"Node_id":20116,"weight":1.748},
{"Node_id":20117,"weight":1.4855},
{"Node_id":20118,"weight":2.764},
{"Node_id":20119,"weight":1.8721},
{"Node_id":20120,"weight":2.4492},
{"Node_id":20121,"weight":1.8904},
{"Node_id":20122,"weight":1.9783},
{"Node_id":20123,"weight":1.6508},
{"Node_id":20124,"weight":2.1302},
{"Node_id":20125,"weight":2.4356},
{"Node_id":20126,"weight":2.0897},
{"Node_id":20127,"weight":3.1322},
{"Node_id":20128,"weight":1.956},
{"Node_id":20129,"weight":4.5362},
{"Node_id":20130,"weight":2.8574},
{"Node_id":20133,"weight":4.6053},
{"Node_id":20134,"weight":2.7839},
{"Node_id":20135,"weight":1.5177},
{"Node_id":20136,"weight":1.414},
{"Node_id":20137,"weight":1.7496},
{"Node_id":20138,"weight":2.0318},
{"Node_id":20139,"weight":3.2424},
{"Node_id":20140,"weight":1.8756},
{"Node_id":20204,"weight":2.5371},
{"Node_id":20205,"weight":1.414},
{"Node_id":20206,"weight":2.4643},
{"Node_id":20235,"weight":1.8128},
{"Node_id":20236,"weight":1.4461},
{"Node_id":20237,"weight":2.0446},
{"Node_id":20238,"weight":2.5821},
{"Node_id":20239,"weight":3.4761},
{"Node_id":20240,"weight":1.5062},
{"Node_id":20241,"weight":2.0989},
{"Node_id":20242,"weight":2.3788},
{"Node_id":20243,"weight":1.5485},
{"Node_id":20244,"weight":4.4108},
{"Node_id":20247,"weight":1.4384},
{"Node_id":20248,"weight":2.7551},
{"Node_id":20249,"weight":1.7409},
{"Node_id":20250,"weight":2.1333},
{"Node_id":20251,"weight":1.9634},
{"Node_id":20252,"weight":1.8111},
{"Node_id":20253,"weight":2.7604},
{"Node_id":20254,"weight":1.5779},
{"Node_id":20255,"weight":4.1383},
{"Node_id":20256,"weight":1.4565},
{"Node_id":20257,"weight":3.6233},
{"Node_id":20258,"weight":1.7599},
{"Node_id":20259,"weight":2.5806},
{"Node_id":20260,"weight":1.4096},
{"Node_id":20261,"weight":3.9072},
{"Node_id":20262,"weight":1.8211},
{"Node_id":20263,"weight":2.5312},
{"Node_id":20264,"weight":1.8037},
{"Node_id":20265,"weight":2.9657},
{"Node_id":20266,"weight":2.6514},
{"Node_id":20267,"weight":1.4229},
{"Node_id":20268,"weight":2.7132},
{"Node_id":20269,"weight":1.8404},
{"Node_id":20270,"weight":1.9332},
{"Node_id":20271,"weight":2.5867},
{"Node_id":20272,"weight":1.6694},
{"Node_id":20273,"weight":4.119},
{"Node_id":20274,"weight":2.4937},
{"Node_id":20275,"weight":3.9992},
{"Node_id":20276,"weight":1.9268},
{"Node_id":20277,"weight":1.4351},
{"Node_id":20278,"weight":1.5361},
{"Node_id":20279,"weight":1.6501},
{"Node_id":20280,"weight":1.9001},
{"Node_id":20306,"weight":1.5396},
{"Node_id":20307,"weight":1.4409},
{"Node_id":20308,"weight":6.0299},
{"Node_id":20309,"weight":1.8037},
{"Node_id":20310,"weight":2.1939},
{"Node_id":20311,"weight":1.5143},
{"Node_id":20312,"weight":1.8203},
{"Node_id":20313,"weight":1.5055},
{"Node_id":20314,"weight":1.8575},
{"Node_id":20315,"weight":2.2402},
{"Node_id":20316,"weight":4.8588},
{"Node_id":20317,"weight":1.4274},
{"Node_id":20318,"weight":2.0948},
{"Node_id":20319,"weight":2.1503},
{"Node_id":20320,"weight":2.1051},
{"Node_id":20321,"weight":1.726},
{"Node_id":20322,"weight":1.9395},
{"Node_id":20323,"weight":1.3982},
{"Node_id":20324,"weight":3.248},
{"Node_id":20325,"weight":1.5687},
{"Node_id":20326,"weight":2.3395},
{"Node_id":20327,"weight":1.6128},
{"Node_id":20328,"weight":1.3919},
{"Node_id":20329,"weight":1.5568},
{"Node_id":20330,"weight":1.6361},
{"Node_id":20331,"weight":2.6928},
{"Node_id":20332,"weight":2.891},
{"Node_id":20333,"weight":2.6844},
{"Node_id":20334,"weight":7.1301},
{"Node_id":20335,"weight":1.9597},
{"Node_id":20341,"weight":1.893},
{"Node_id":20342,"weight":3.9176}]