[{"Node_id":194,"weight":2.806},
{"Node_id":195,"weight":5.077},
{"Node_id":196,"weight":1.4178},
{"Node_id":197,"weight":4.1064},
{"Node_id":198,"weight":2.0695},
{"Node_id":199,"weight":1.6085},
{"Node_id":200,"weight":2.2196},
{"Node_id":201,"weight":1.6027},
{"Node_id":202,"weight":2.0907},
{"Node_id":203,"weight":2.9635},
{"Node_id":204,"weight":3.9549},
{"Node_id":205,"weight":1.4474},
{"Node_id":206,"weight":1.7051},
{"Node_id":207,"weight":2.3996},
{"Node_id":208,"weight":1.7433},
{"Node_id":209,"weight":2.1807},
{"Node_id":210,"weight":2.3866},
{"Node_id":211,"weight":1.3919},
{"Node_id":212,"weight":2.0928},
{"Node_id":215,"weight":4.5751},
{"Node_id":216,"weight":1.8481},
{"Node_id":217,"weight":2.0938},
{"Node_id":218,"weight":1.9615},
{"Node_id":219,"weight":2.0299},
{"Node_id":220,"weight":2.3433},
{"Node_id":221,"weight":1.7159},
{"Node_id":222,"weight":2.5504},
{"Node_id":223,"weight":2.9765},
{"Node_id":224,"weight":2.5519},
{"Node_id":225,"weight":1.8523},
{"Node_id":226,"weight":2.3648},
{"Node_id":229,"weight":1.4868},
{"Node_id":230,"weight":1.4481},
{"Node_id":231,"weight":1.4384},
{"Node_id":232,"weight":5.2933},
{"Node_id":233,"weight":1.4313},
{"Node_id":234,"weight":3.3287},
{"Node_id":235,"weight":1.9305},
{"Node_id":236,"weight":4.8078},
{"Node_id":237,"weight":2.5195},
{"Node_id":238,"weight":1.3882},
{"Node_id":239,"weight":3.2151},
{"Node_id":240,"weight":2.3271},
{"Node_id":241,"weight":1.6208},
{"Node_id":242,"weight":4.6469},
{"Node_id":243,"weight":2.2943},
{"Node_id":244,"weight":3.4523},
{"Node_id":245,"weight":1.4617},
{"Node_id":246,"weight":1.4313},
{"Node_id":247,"weight":3.0978},
{"Node_id":248,"weight":1.6142},
{"Node_id":249,"weight":1.3869},
{"Node_id":250,"weight":3.0006},
{"Node_id":251,"weight":2.8691},
{"Node_id":252,"weight":1.7276},
{"Node_id":253,"weight":1.3982},
{"Node_id":254,"weight":1.8869},
{"Node_id":255,"weight":2.0918},
{"Node_id":260,"weight":2.7604},
{"Node_id":261,"weight":1.7647},
{"Node_id":262,"weight":3.4225},
{"Node_id":263,"weight":3.1651},
{"Node_id":264,"weight":2.6482},
{"Node_id":265,"weight":1.6434},
{"Node_id":266,"weight":2.6662},
{"Node_id":267,"weight":1.5204},
{"Node_id":268,"weight":1.8704},
{"Node_id":269,"weight":1.4455},
{"Node_id":270,"weight":1.452},
{"Node_id":271,"weight":3.6677},
{"Node_id":272,"weight":2.9722},
{"Node_id":273,"weight":1.6405},
{"Node_id":276,"weight":3.511},
{"Node_id":277,"weight":1.6627},
{"Node_id":278,"weight":3.1173},
{"Node_id":279,"weight":2.2752},
{"Node_id":280,"weight":1.6049},
{"Node_id":281,"weight":1.6612},
{"Node_id":282,"weight":2.9786},
{"Node_id":283,"weight":1.9496},
{"Node_id":284,"weight":1.7151},
{"Node_id":287,"weight":1.8037},
{"Node_id":288,"weight":1.7448},
{"Node_id":289,"weight":1.9197},
{"Node_id":290,"weight":2.6369},
{"Node_id":326,"weight":1.4494},
{"Node_id":327,"weight":4.4024},
{"Node_id":328,"weight":2.1397},
{"Node_id":329,"weight":1.4822},
{"Node_id":330,"weight":3.7852},
{"Node_id":331,"weight":1.9487},
{"Node_id":332,"weight":2.1218},
{"Node_id":333,"weight":2.2242},
{"Node_id":334,"weight":1.9972},
{"Node_id":335,"weight":5.9496},
{"Node_id":338,"weight":2.9298},
{"Node_id":341,"weight":4.1711},
{"Node_id":342,"weight":2.4142},
{"Node_id":343,"weight":2.4838},
{"Node_id":344,"weight":2.4629},
{"Node_id":345,"weight":3.2676},
{"Node_id":346,"weight":4.6259},
{"Node_id":347,"weight":4.5555},
{"Node_id":348,"weight":1.7865},
{"Node_id":349,"weight":1.4862},
{"Node_id":350,"weight":1.8921},
{"Node_id":351,"weight":1.5055},
{"Node_id":352,"weight":1.4261},
{"Node_id":353,"weight":1.7551},
{"Node_id":354,"weight":1.8652},
{"Node_id":355,"weight":5.2539},
{"Node_id":356,"weight":1.4815},
{"Node_id":357,"weight":1.4287},
{"Node_id":358,"weight":1.5451},
{"Node_id":359,"weight":1.6229},
{"Node_id":360,"weight":4.2051},
{"Node_id":361,"weight":2.579},
{"Node_id":362,"weight":1.5885},
{"Node_id":363,"weight":2.883},
{"Node_id":366,"weight":3.4591},
{"Node_id":367,"weight":2.5654},
{"Node_id":370,"weight":7.8236},
{"Node_id":380,"weight":1.5225},
{"Node_id":381,"weight":2.2494},
{"Node_id":382,"weight":2.5669},
{"Node_id":383,"weight":3.2452},
{"Node_id":384,"weight":2.8439},
{"Node_id":385,"weight":2.3371},
{"Node_id":386,"weight":1.3913},
{"Node_id":387,"weight":4.3066},
{"Node_id":388,"weight":2.7712},
{"Node_id":389,"weight":5.077},
{"Node_id":390,"weight":1.9386},
{"Node_id":394,"weight":2.2425},
{"Node_id":395,"weight":2.0144},
{"Node_id":396,"weight":1.4955},
{"Node_id":397,"weight":1.4364},
{"Node_id":398,"weight":1.7639},
{"Node_id":399,"weight":4.872},
{"Node_id":403,"weight":2.2967},
{"Node_id":404,"weight":1.4855},
{"Node_id":405,"weight":3.0297},
{"Node_id":406,"weight":1.421},
{"Node_id":407,"weight":1.9487},
{"Node_id":408,"weight":2.6434},
{"Node_id":409,"weight":1.6777},
{"Node_id":410,"weight":1.5008},
{"Node_id":411,"weight":2.9765},
{"Node_id":412,"weight":1.7082},
{"Node_id":413,"weight":2.4168},
{"Node_id":646,"weight":5.4217},
{"Node_id":647,"weight":5.5429},
{"Node_id":648,"weight":2.5534},
{"Node_id":649,"weight":1.4223},
{"Node_id":650,"weight":2.2728},
{"Node_id":651,"weight":3.3377},
{"Node_id":710,"weight":5.045},
{"Node_id":711,"weight":3.8766},
{"Node_id":712,"weight":1.719},
{"Node_id":713,"weight":1.7354},
{"Node_id":714,"weight":2.4768},
{"Node_id":715,"weight":1.7198},
{"Node_id":718,"weight":3.6076},
{"Node_id":719,"weight":3.4523},
{"Node_id":720,"weight":3.6273},
{"Node_id":721,"weight":3.7401},
{"Node_id":722,"weight":2.0338},
{"Node_id":723,"weight":1.6906},
{"Node_id":724,"weight":3.6718},
{"Node_id":725,"weight":2.1418},
{"Node_id":726,"weight":1.6419},
{"Node_id":727,"weight":1.8549},
{"Node_id":728,"weight":2.0212},
{"Node_id":729,"weight":3.3808},
{"Node_id":730,"weight":3.8469},
{"Node_id":731,"weight":3.305},
{"Node_id":732,"weight":1.4742},
{"Node_id":735,"weight":1.5464},
{"Node_id":736,"weight":2.0575},
{"Node_id":737,"weight":1.7922},
{"Node_id":740,"weight":4.1579},
{"Node_id":741,"weight":1.615},
{"Node_id":742,"weight":5.4927},
{"Node_id":745,"weight":3.7446},
{"Node_id":748,"weight":3.5075},
{"Node_id":749,"weight":1.7472},
{"Node_id":750,"weight":1.4001},
{"Node_id":751,"weight":3.6885},
{"Node_id":752,"weight":2.5519},
{"Node_id":753,"weight":1.8145},
{"Node_id":754,"weight":3.8372},
{"Node_id":755,"weight":2.0615},
{"Node_id":756,"weight":2.0785},
{"Node_id":757,"weight":2.1654},
{"Node_id":758,"weight":1.6114},
{"Node_id":759,"weight":1.812},
{"Node_id":760,"weight":1.9143},
{"Node_id":761,"weight":1.7567},
{"Node_id":762,"weight":2.1862},
{"Node_id":763,"weight":2.1906},
{"Node_id":764,"weight":2.7357},
{"Node_id":765,"weight":2.9465},
{"Node_id":766,"weight":2.1249},
{"Node_id":767,"weight":3.6432},
{"Node_id":768,"weight":5.1441},
{"Node_id":769,"weight":5.2734},
{"Node_id":770,"weight":3.0978},
{"Node_id":771,"weight":3.8132},
{"Node_id":772,"weight":5.045},
{"Node_id":773,"weight":2.401},
{"Node_id":774,"weight":2.101},
{"Node_id":775,"weight":1.515},
{"Node_id":778,"weight":3.0644},
{"Node_id":779,"weight":3.0366},
{"Node_id":780,"weight":2.3039},
{"Node_id":781,"weight":1.7849},
{"Node_id":782,"weight":3.0184},
{"Node_id":783,"weight":1.886},
{"Node_id":784,"weight":2.0038},
{"Node_id":785,"weight":2.025},
{"Node_id":795,"weight":1.9206},
{"Node_id":796,"weight":2.4329},
{"Node_id":797,"weight":3.9658},
{"Node_id":798,"weight":2.5579},
{"Node_id":799,"weight":2.0192},
{"Node_id":802,"weight":2.8135},
{"Node_id":803,"weight":2.8381},
{"Node_id":804,"weight":2.889},
{"Node_id":805,"weight":2.0338},
{"Node_id":806,"weight":3.0667},
{"Node_id":807,"weight":1.9323},
{"Node_id":808,"weight":1.7237},
{"Node_id":809,"weight":1.7599},
{"Node_id":810,"weight":2.3015},
{"Node_id":811,"weight":1.4881},
{"Node_id":812,"weight":1.3988},
{"Node_id":813,"weight":2.9786},
{"Node_id":814,"weight":3.3652},
{"Node_id":815,"weight":2.6337},
{"Node_id":816,"weight":1.5485},
{"Node_id":817,"weight":2.5297},
{"Node_id":818,"weight":1.5327},
{"Node_id":819,"weight":1.7663},
{"Node_id":820,"weight":1.9423},
{"Node_id":821,"weight":1.4422},
{"Node_id":822,"weight":1.5885},
{"Node_id":823,"weight":1.5729},
{"Node_id":824,"weight":1.5306},
{"Node_id":825,"weight":2.7409},
{"Node_id":854,"weight":1.6657},
{"Node_id":855,"weight":1.4052},
{"Node_id":856,"weight":1.6324},
{"Node_id":857,"weight":2.8711},
{"Node_id":858,"weight":5.0933},
{"Node_id":859,"weight":1.5659},
{"Node_id":860,"weight":1.4782},
{"Node_id":861,"weight":2.6761},
{"Node_id":862,"weight":2.4796},
{"Node_id":863,"weight":2.6337},
{"Node_id":864,"weight":5.4927},
{"Node_id":867,"weight":2.0928},
{"Node_id":876,"weight":1.4862},
{"Node_id":877,"weight":1.4435},
{"Node_id":878,"weight":4.8458},
{"Node_id":879,"weight":2.1622},
{"Node_id":880,"weight":1.8253},
{"Node_id":881,"weight":2.1928},
{"Node_id":882,"weight":1.587},
{"Node_id":883,"weight":1.656},
{"Node_id":884,"weight":2.4684},
{"Node_id":885,"weight":3.511},
{"Node_id":886,"weight":1.5368},
{"Node_id":887,"weight":1.6027},
{"Node_id":888,"weight":1.733},
{"Node_id":889,"weight":1.8609},
{"Node_id":892,"weight":3.6312},
{"Node_id":893,"weight":2.3699},
{"Node_id":894,"weight":2.6928},
{"Node_id":895,"weight":3.3903},
{"Node_id":896,"weight":2.2943},
{"Node_id":899,"weight":1.9597},
{"Node_id":900,"weight":2.1376},
{"Node_id":901,"weight":2.6147},
{"Node_id":902,"weight":2.0485},
{"Node_id":903,"weight":1.8438},
{"Node_id":904,"weight":2.97},
{"Node_id":905,"weight":4.1513},
{"Node_id":906,"weight":2.9031},
{"Node_id":907,"weight":1.5197},
{"Node_id":908,"weight":3.4356},
{"Node_id":909,"weight":4.4538},
{"Node_id":910,"weight":3.2507},
{"Node_id":911,"weight":1.4775},
{"Node_id":912,"weight":3.6595},
{"Node_id":913,"weight":1.4769},
{"Node_id":914,"weight":4.7832},
{"Node_id":915,"weight":1.8354},
{"Node_id":916,"weight":2.7857},
{"Node_id":917,"weight":3.3468},
{"Node_id":918,"weight":4.284},
{"Node_id":919,"weight":1.8643},
{"Node_id":920,"weight":2.1354},
{"Node_id":921,"weight":1.8153},
{"Node_id":924,"weight":2.5882},
{"Node_id":925,"weight":2.1774},
{"Node_id":926,"weight":4.0049},
{"Node_id":927,"weight":2.9444},
{"Node_id":928,"weight":2.6466},
{"Node_id":929,"weight":2.1796},
{"Node_id":930,"weight":3.3079},
{"Node_id":931,"weight":3.562},
{"Node_id":932,"weight":1.6164},
{"Node_id":933,"weight":1.9915},
{"Node_id":934,"weight":2.4994},
{"Node_id":935,"weight":2.6022},
{"Node_id":936,"weight":1.5603},
{"Node_id":937,"weight":2.2716},
{"Node_id":938,"weight":3.3287},
{"Node_id":939,"weight":1.7543},
{"Node_id":940,"weight":3.3468},
{"Node_id":941,"weight":1.9098},
{"Node_id":942,"weight":1.8078},
{"Node_id":943,"weight":2.4519},
{"Node_id":944,"weight":3.3138},
{"Node_id":945,"weight":2.6434},
{"Node_id":946,"weight":2.9939},
{"Node_id":947,"weight":1.8379},
{"Node_id":948,"weight":1.7711},
{"Node_id":949,"weight":3.0072},
{"Node_id":950,"weight":1.5485},
{"Node_id":951,"weight":1.4585},
{"Node_id":952,"weight":3.1222},
{"Node_id":953,"weight":2.1752},
{"Node_id":954,"weight":2.6321},
{"Node_id":955,"weight":2.7183},
{"Node_id":956,"weight":3.5694},
{"Node_id":957,"weight":3.1026},
{"Node_id":958,"weight":2.4315},
{"Node_id":959,"weight":1.4868},
{"Node_id":960,"weight":1.6785},
{"Node_id":961,"weight":2.2576},
{"Node_id":962,"weight":3.1625},
{"Node_id":963,"weight":1.827},
{"Node_id":964,"weight":2.3814},
{"Node_id":965,"weight":2.6761},
{"Node_id":966,"weight":1.7988},
{"Node_id":967,"weight":5.9118},
{"Node_id":968,"weight":2.4342},
{"Node_id":969,"weight":1.4461},
{"Node_id":970,"weight":3.4356},
{"Node_id":986,"weight":1.4982},
{"Node_id":987,"weight":2.3827},
{"Node_id":988,"weight":2.1514},
{"Node_id":989,"weight":1.421},
{"Node_id":990,"weight":4.2546},
{"Node_id":991,"weight":2.889},
{"Node_id":992,"weight":2.6162},
{"Node_id":995,"weight":4.508},
{"Node_id":998,"weight":2.6401},
{"Node_id":1001,"weight":2.1197},
{"Node_id":1002,"weight":1.9161},
{"Node_id":1038,"weight":2.4643},
{"Node_id":1039,"weight":2.1145},
{"Node_id":1040,"weight":1.7105},
{"Node_id":1041,"weight":2.1239},
{"Node_id":1042,"weight":1.8834},
{"Node_id":1043,"weight":2.7115},
{"Node_id":1044,"weight":2.3597},
{"Node_id":1045,"weight":1.6383},
{"Node_id":1046,"weight":1.4624},
{"Node_id":1047,"weight":3.6392},
{"Node_id":1048,"weight":1.7338},
{"Node_id":1049,"weight":4.3776},
{"Node_id":1050,"weight":1.7089},
{"Node_id":1051,"weight":1.4789},
{"Node_id":1052,"weight":3.2591},
{"Node_id":1053,"weight":3.3871},
{"Node_id":1054,"weight":2.9277},
{"Node_id":1055,"weight":4.5653},
{"Node_id":1056,"weight":3.2178},
{"Node_id":1057,"weight":2.321},
{"Node_id":1058,"weight":2.2073},
{"Node_id":1059,"weight":1.5779},
{"Node_id":1060,"weight":3.8085},
{"Node_id":1061,"weight":1.6186},
{"Node_id":1062,"weight":6.8113},
{"Node_id":1063,"weight":1.6179},
{"Node_id":1064,"weight":1.7377},
{"Node_id":1065,"weight":2.4588},
{"Node_id":1066,"weight":1.6478},
{"Node_id":1067,"weight":1.5231},
{"Node_id":1068,"weight":2.342},
{"Node_id":1069,"weight":1.4644},
{"Node_id":1070,"weight":2.0595},
{"Node_id":1071,"weight":2.2681},
{"Node_id":1073,"weight":1.5109},
{"Node_id":1074,"weight":2.4519},
{"Node_id":1075,"weight":1.7105},
{"Node_id":1078,"weight":3.3871},
{"Node_id":1079,"weight":1.5807},
{"Node_id":1080,"weight":2.7586},
{"Node_id":1081,"weight":2.885},
{"Node_id":1082,"weight":4.5653},
{"Node_id":1083,"weight":3.3683},
{"Node_id":1084,"weight":2.7374},
{"Node_id":1087,"weight":2.0485},
{"Node_id":1088,"weight":1.8261},
{"Node_id":1089,"weight":2.9593},
{"Node_id":1090,"weight":2.0565},
{"Node_id":1091,"weight":2.5123},
{"Node_id":1092,"weight":1.4121},
{"Node_id":1093,"weight":2.2061},
{"Node_id":1094,"weight":1.7136},
{"Node_id":1095,"weight":2.2799},
{"Node_id":1096,"weight":1.7182},
{"Node_id":1099,"weight":2.0605},
{"Node_id":1100,"weight":3.6233},
{"Node_id":1103,"weight":2.6242},
{"Node_id":1104,"weight":1.5771},
{"Node_id":1105,"weight":1.5402},
{"Node_id":1106,"weight":3.2591},
{"Node_id":1107,"weight":1.6754},
{"Node_id":1108,"weight":1.5238},
{"Node_id":1109,"weight":2.0096},
{"Node_id":1110,"weight":2.8381},
{"Node_id":1111,"weight":2.1155},
{"Node_id":1112,"weight":1.5687},
{"Node_id":1113,"weight":1.4014},
{"Node_id":1114,"weight":1.7417},
{"Node_id":1115,"weight":2.3699},
{"Node_id":1118,"weight":1.6078},
{"Node_id":1119,"weight":1.7857},
{"Node_id":1120,"weight":3.562},
{"Node_id":1121,"weight":2.8633},
{"Node_id":1125,"weight":1.9259},
{"Node_id":1126,"weight":2.6662},
{"Node_id":1127,"weight":3.5326},
{"Node_id":1128,"weight":4.0163},
{"Node_id":1129,"weight":3.226},
{"Node_id":1130,"weight":1.7051},
{"Node_id":1131,"weight":2.9113},
{"Node_id":1132,"weight":1.8913},
{"Node_id":1135,"weight":1.6085},
{"Node_id":1136,"weight":1.5999},
{"Node_id":1137,"weight":3.0738},
{"Node_id":1138,"weight":1.5878},
{"Node_id":1230,"weight":3.0117},
{"Node_id":1231,"weight":2.2907},
{"Node_id":1235,"weight":2.0038},
{"Node_id":1236,"weight":3.5398},
{"Node_id":1237,"weight":1.8379},
{"Node_id":1238,"weight":1.3907},
{"Node_id":1239,"weight":3.0786},
{"Node_id":1240,"weight":4.0049},
{"Node_id":1241,"weight":3.4969},
{"Node_id":1242,"weight":1.7841},
{"Node_id":1243,"weight":2.4966},
{"Node_id":1244,"weight":4.9126},
{"Node_id":1245,"weight":3.562},
{"Node_id":1246,"weight":4.9548},
{"Node_id":1247,"weight":4.7592},
{"Node_id":1248,"weight":2.1873},
{"Node_id":1258,"weight":3.0184},
{"Node_id":1259,"weight":1.4572},
{"Node_id":1363,"weight":2.4994},
{"Node_id":1364,"weight":5.4448},
{"Node_id":1365,"weight":1.7988},
{"Node_id":1366,"weight":1.6412},
{"Node_id":1367,"weight":1.4802},
{"Node_id":1368,"weight":1.4683},
{"Node_id":1369,"weight":4.0634},
{"Node_id":1370,"weight":2.895},
{"Node_id":1371,"weight":3.3347},
{"Node_id":1372,"weight":1.6508},
{"Node_id":1373,"weight":3.3777},
{"Node_id":1374,"weight":2.9072},
{"Node_id":1375,"weight":1.4178},
{"Node_id":1376,"weight":2.4881},
{"Node_id":1377,"weight":2.3788},
{"Node_id":1378,"weight":2.9614},
{"Node_id":1379,"weight":1.6664},
{"Node_id":1380,"weight":1.7963},
{"Node_id":1381,"weight":1.9143},
{"Node_id":1382,"weight":1.6523},
{"Node_id":1383,"weight":1.6538},
{"Node_id":1384,"weight":1.9036},
{"Node_id":1385,"weight":1.7776},
{"Node_id":1386,"weight":3.3999},
{"Node_id":1387,"weight":2.3584},
{"Node_id":1388,"weight":2.1785},
{"Node_id":1389,"weight":2.5224},
{"Node_id":1390,"weight":2.4601},
{"Node_id":1391,"weight":1.7074},
{"Node_id":1392,"weight":1.8834},
{"Node_id":1393,"weight":1.8921},
{"Node_id":1394,"weight":1.39},
{"Node_id":1395,"weight":2.2106},
{"Node_id":1396,"weight":1.9241},
{"Node_id":1397,"weight":1.6627},
{"Node_id":1398,"weight":3.0667},
{"Node_id":1399,"weight":2.0605},
{"Node_id":1400,"weight":2.2895},
{"Node_id":1401,"weight":1.43},
{"Node_id":1402,"weight":2.4698},
{"Node_id":1403,"weight":2.7694},
{"Node_id":1404,"weight":1.6982},
{"Node_id":1405,"weight":2.4505},
{"Node_id":1406,"weight":2.8305},
{"Node_id":1407,"weight":1.7825},
{"Node_id":1460,"weight":1.702},
{"Node_id":1527,"weight":2.9133},
{"Node_id":1543,"weight":1.4546},
{"Node_id":1544,"weight":1.6186},
{"Node_id":1545,"weight":2.4754},
{"Node_id":1546,"weight":1.8756},
{"Node_id":1572,"weight":1.4217},
{"Node_id":1609,"weight":1.5701},
{"Node_id":1727,"weight":1.9532},
{"Node_id":1853,"weight":3.2071},
{"Node_id":1854,"weight":1.7988},
{"Node_id":1949,"weight":3.3529},
{"Node_id":1992,"weight":2.658},
{"Node_id":2007,"weight":2.5371},
{"Node_id":2008,"weight":5.9496},
{"Node_id":2035,"weight":1.5589},
{"Node_id":2036,"weight":2.7098},
{"Node_id":2152,"weight":1.7543},
{"Node_id":2153,"weight":1.9746},
{"Node_id":2226,"weight":1.4729},
{"Node_id":2248,"weight":2.4754},
{"Node_id":2249,"weight":2.4302},
{"Node_id":2289,"weight":1.7898},
{"Node_id":2290,"weight":1.7043},
{"Node_id":2291,"weight":1.6612},
{"Node_id":2292,"weight":1.8669},
{"Node_id":2293,"weight":1.6762},
{"Node_id":2294,"weight":2.2208},
{"Node_id":2295,"weight":3.0297},
{"Node_id":2296,"weight":2.4262},
{"Node_id":2297,"weight":2.4155},
{"Node_id":2298,"weight":3.2017},
{"Node_id":2299,"weight":2.4866},
{"Node_id":2300,"weight":2.9939},
{"Node_id":2301,"weight":4.4538},
{"Node_id":2302,"weight":2.1796},
{"Node_id":2303,"weight":1.8523},
{"Node_id":2304,"weight":2.0038},
{"Node_id":2305,"weight":1.9934},
{"Node_id":2306,"weight":1.5652},
{"Node_id":2307,"weight":1.6792},
{"Node_id":2308,"weight":1.561},
{"Node_id":2309,"weight":1.5892},
{"Node_id":2310,"weight":1.6006},
{"Node_id":2311,"weight":1.7377},
{"Node_id":2312,"weight":2.3321},
{"Node_id":2313,"weight":2.0202},
{"Node_id":2314,"weight":4.284},
{"Node_id":2315,"weight":3.4969},
{"Node_id":2316,"weight":1.5736},
{"Node_id":2317,"weight":1.7857},
{"Node_id":2318,"weight":2.3271},
{"Node_id":2319,"weight":1.873},
{"Node_id":2320,"weight":2.0685},
{"Node_id":2321,"weight":1.8506},
{"Node_id":2322,"weight":2.5609},
{"Node_id":2323,"weight":1.6034},
{"Node_id":2324,"weight":2.0358},
{"Node_id":2325,"weight":3.3808},
{"Node_id":2326,"weight":2.2599},
{"Node_id":2327,"weight":3.6801},
{"Node_id":2328,"weight":5.1441},
{"Node_id":2329,"weight":4.0396},
{"Node_id":2330,"weight":2.1611},
{"Node_id":2331,"weight":4.7832},
{"Node_id":2332,"weight":3.4258},
{"Node_id":2333,"weight":2.6662},
{"Node_id":2334,"weight":2.4208},
{"Node_id":2335,"weight":1.5687},
{"Node_id":2336,"weight":2.8191},
{"Node_id":2337,"weight":1.4935},
{"Node_id":2338,"weight":1.7362},
{"Node_id":2341,"weight":6.1637},
{"Node_id":2342,"weight":1.9359},
{"Node_id":2343,"weight":3.3287},
{"Node_id":2344,"weight":3.0458},
{"Node_id":2345,"weight":2.1165},
{"Node_id":2346,"weight":1.5022},
{"Node_id":2347,"weight":2.5066},
{"Node_id":2350,"weight":1.4281},
{"Node_id":2351,"weight":2.4089},
{"Node_id":2352,"weight":1.7615},
{"Node_id":2353,"weight":1.4995},
{"Node_id":2354,"weight":1.9597},
{"Node_id":2355,"weight":2.955},
{"Node_id":2358,"weight":2.4235},
{"Node_id":2359,"weight":1.6634},
{"Node_id":2405,"weight":1.6883},
{"Node_id":2428,"weight":3.2676},
{"Node_id":2430,"weight":2.1062},
{"Node_id":2431,"weight":1.5949},
{"Node_id":2432,"weight":2.0705},
{"Node_id":2433,"weight":5.1441},
{"Node_id":2434,"weight":1.9018},
{"Node_id":2435,"weight":1.5582},
{"Node_id":2436,"weight":1.9477},
{"Node_id":2437,"weight":3.4095},
{"Node_id":2438,"weight":1.798},
{"Node_id":2439,"weight":3.8132},
{"Node_id":2440,"weight":5.1794},
{"Node_id":2441,"weight":8.1114},
{"Node_id":2442,"weight":3.5732},
{"Node_id":2443,"weight":6.5699},
{"Node_id":2444,"weight":1.8506},
{"Node_id":2445,"weight":3.2098},
{"Node_id":2446,"weight":2.1665},
{"Node_id":2449,"weight":2.0959},
{"Node_id":2450,"weight":3.1099},
{"Node_id":2451,"weight":2.2907},
{"Node_id":2452,"weight":5.2734},
{"Node_id":2453,"weight":3.8372},
{"Node_id":2454,"weight":1.6649},
{"Node_id":2455,"weight":2.5775},
{"Node_id":2456,"weight":3.0929},
{"Node_id":2457,"weight":1.7036},
{"Node_id":2458,"weight":2.5297},
{"Node_id":2459,"weight":1.917},
{"Node_id":2460,"weight":1.5416},
{"Node_id":2461,"weight":2.5913},
{"Node_id":2462,"weight":2.2006},
{"Node_id":2463,"weight":2.2073},
{"Node_id":2464,"weight":1.7346},
{"Node_id":2465,"weight":1.7252},
{"Node_id":2466,"weight":2.2871},
{"Node_id":2467,"weight":2.375},
{"Node_id":2468,"weight":1.9487},
{"Node_id":2469,"weight":2.5684},
{"Node_id":2470,"weight":2.4221},
{"Node_id":2471,"weight":1.6523},
{"Node_id":2472,"weight":2.1031},
{"Node_id":2473,"weight":1.7607},
{"Node_id":2474,"weight":1.4045},
{"Node_id":2475,"weight":2.3321},
{"Node_id":2476,"weight":3.5146},
{"Node_id":2477,"weight":3.7991},
{"Node_id":2478,"weight":2.5534},
{"Node_id":2479,"weight":2.2028},
{"Node_id":2480,"weight":1.9896},
{"Node_id":2481,"weight":1.8843},
{"Node_id":2482,"weight":2.8381},
{"Node_id":2483,"weight":1.5076},
{"Node_id":2484,"weight":2.184},
{"Node_id":2485,"weight":2.0416},
{"Node_id":2486,"weight":3.7579},
{"Node_id":2487,"weight":1.9296},
{"Node_id":2488,"weight":2.1093},
{"Node_id":2489,"weight":2.7876},
{"Node_id":2490,"weight":2.2657},
{"Node_id":2491,"weight":3.1651},
{"Node_id":2492,"weight":4.0163},
{"Node_id":2493,"weight":2.0192},
{"Node_id":2494,"weight":2.6678},
{"Node_id":2495,"weight":2.4768},
{"Node_id":2496,"weight":1.5245},
{"Node_id":2497,"weight":4.7954},
{"Node_id":2498,"weight":1.9896},
{"Node_id":2499,"weight":2.3075},
{"Node_id":2500,"weight":2.5023},
{"Node_id":2501,"weight":1.421},
{"Node_id":2502,"weight":1.7151},
{"Node_id":2503,"weight":1.5575},
{"Node_id":2504,"weight":1.9634},
{"Node_id":2525,"weight":2.5312},
{"Node_id":2547,"weight":3.1651},
{"Node_id":2563,"weight":2.0231},
{"Node_id":2578,"weight":2.6945},
{"Node_id":2579,"weight":3.6843},
{"Node_id":2580,"weight":2.6037},
{"Node_id":2595,"weight":3.6233},
{"Node_id":2596,"weight":2.5341},
{"Node_id":2597,"weight":2.6482},
{"Node_id":2598,"weight":2.2095},
{"Node_id":2599,"weight":2.2634},
{"Node_id":2600,"weight":1.653},
{"Node_id":2601,"weight":1.397},
{"Node_id":2602,"weight":2.5166},
{"Node_id":2603,"weight":1.9468},
{"Node_id":2604,"weight":2.0338},
{"Node_id":2605,"weight":1.7528},
{"Node_id":2606,"weight":1.53},
{"Node_id":2681,"weight":1.8128},
{"Node_id":2682,"weight":2.9808},
{"Node_id":2683,"weight":4.2402},
{"Node_id":2684,"weight":1.935},
{"Node_id":2685,"weight":1.6792},
{"Node_id":2686,"weight":3.2591},
{"Node_id":2687,"weight":1.6538},
{"Node_id":2688,"weight":2.1568},
{"Node_id":2689,"weight":3.1781},
{"Node_id":2690,"weight":2.881},
{"Node_id":2691,"weight":1.4848},
{"Node_id":2692,"weight":1.5793},
{"Node_id":2693,"weight":3.1833},
{"Node_id":2694,"weight":2.7857},
{"Node_id":2695,"weight":1.659},
{"Node_id":2696,"weight":1.6754},
{"Node_id":2697,"weight":1.7575},
{"Node_id":2698,"weight":2.2955},
{"Node_id":2699,"weight":2.0202},
{"Node_id":2700,"weight":2.7235},
{"Node_id":2701,"weight":2.1796},
{"Node_id":2702,"weight":2.7339},
{"Node_id":2703,"weight":3.3967},
{"Node_id":2704,"weight":2.4208},
{"Node_id":2705,"weight":1.5652},
{"Node_id":2706,"weight":2.6945},
{"Node_id":2707,"weight":4.1064},
{"Node_id":2711,"weight":1.5259},
{"Node_id":2712,"weight":2.1312},
{"Node_id":2713,"weight":1.5002},
{"Node_id":2714,"weight":6.3182},
{"Node_id":2715,"weight":2.0745},
{"Node_id":2716,"weight":1.4822},
{"Node_id":2717,"weight":1.4848},
{"Node_id":2718,"weight":2.0436},
{"Node_id":2719,"weight":1.9905},
{"Node_id":2720,"weight":2.4852},
{"Node_id":2721,"weight":1.8643},
{"Node_id":2722,"weight":3.1651},
{"Node_id":2723,"weight":3.7357},
{"Node_id":2724,"weight":1.3932},
{"Node_id":2725,"weight":1.4975},
{"Node_id":2726,"weight":1.8037},
{"Node_id":2727,"weight":1.5963},
{"Node_id":2728,"weight":2.5224},
{"Node_id":2729,"weight":3.842},
{"Node_id":2730,"weight":2.1622},
{"Node_id":2731,"weight":1.8515},
{"Node_id":2732,"weight":5.8401},
{"Node_id":2733,"weight":1.6906},
{"Node_id":2734,"weight":1.7736},
{"Node_id":2735,"weight":1.9296},
{"Node_id":2736,"weight":2.7857},
{"Node_id":2737,"weight":2.3546},
{"Node_id":2738,"weight":3.776},
{"Node_id":2739,"weight":4.0694},
{"Node_id":2740,"weight":2.4671},
{"Node_id":2741,"weight":2.173},
{"Node_id":2742,"weight":1.752},
{"Node_id":2743,"weight":2.0038},
{"Node_id":2744,"weight":1.4371},
{"Node_id":2745,"weight":2.7081},
{"Node_id":2746,"weight":1.4835},
{"Node_id":2747,"weight":1.9962},
{"Node_id":2748,"weight":2.727},
{"Node_id":2749,"weight":2.2517},
{"Node_id":2750,"weight":2.3648},
{"Node_id":2751,"weight":3.596},
{"Node_id":2752,"weight":2.6257},
{"Node_id":2753,"weight":2.4275},
{"Node_id":2754,"weight":1.9277},
{"Node_id":2755,"weight":2.3866},
{"Node_id":2756,"weight":5.3992},
{"Node_id":2757,"weight":1.4624},
{"Node_id":2758,"weight":1.5485},
{"Node_id":2759,"weight":2.3395},
{"Node_id":2760,"weight":1.8895},
{"Node_id":2761,"weight":2.4588},
{"Node_id":2762,"weight":2.2799},
{"Node_id":2763,"weight":2.8652},
{"Node_id":2764,"weight":1.5062},
{"Node_id":2765,"weight":1.4881},
{"Node_id":2766,"weight":1.5842},
{"Node_id":2767,"weight":1.4921},
{"Node_id":2768,"weight":1.8078},
{"Node_id":2769,"weight":1.776},
{"Node_id":2770,"weight":3.305},
{"Node_id":2771,"weight":2.5959},
{"Node_id":2772,"weight":1.6974},
{"Node_id":2773,"weight":2.2196},
{"Node_id":2774,"weight":1.4848},
{"Node_id":2775,"weight":2.881},
{"Node_id":2776,"weight":1.7401},
{"Node_id":2777,"weight":2.3234},
{"Node_id":2778,"weight":1.6208},
{"Node_id":2779,"weight":2.6563},
{"Node_id":2780,"weight":1.6486},
{"Node_id":2781,"weight":1.9332},
{"Node_id":2782,"weight":1.8523},
{"Node_id":2783,"weight":2.8229},
{"Node_id":2784,"weight":2.5579},
{"Node_id":2806,"weight":2.0907},
{"Node_id":2807,"weight":6.0725},
{"Node_id":2808,"weight":2.8574},
{"Node_id":2809,"weight":1.4178},
{"Node_id":2810,"weight":1.5992},
{"Node_id":2811,"weight":2.1719},
{"Node_id":2812,"weight":1.5035},
{"Node_id":2813,"weight":1.3882},
{"Node_id":2814,"weight":2.2576},
{"Node_id":2815,"weight":3.3652},
{"Node_id":2816,"weight":2.5254},
{"Node_id":2817,"weight":1.7105},
{"Node_id":2818,"weight":4.8458},
{"Node_id":2819,"weight":2.2552},
{"Node_id":2820,"weight":1.3988},
{"Node_id":2821,"weight":1.4172},
{"Node_id":2822,"weight":1.6523},
{"Node_id":2823,"weight":1.7963},
{"Node_id":2824,"weight":4.1002},
{"Node_id":2825,"weight":2.5066},
{"Node_id":2826,"weight":2.5385},
{"Node_id":2827,"weight":2.877},
{"Node_id":2828,"weight":1.9523},
{"Node_id":2829,"weight":2.5714},
{"Node_id":2830,"weight":1.4565},
{"Node_id":2831,"weight":1.744},
{"Node_id":2832,"weight":1.6732},
{"Node_id":2833,"weight":1.798},
{"Node_id":2834,"weight":1.9305},
{"Node_id":2835,"weight":1.4229},
{"Node_id":2836,"weight":1.543},
{"Node_id":2837,"weight":4.1711},
{"Node_id":2838,"weight":2.6711},
{"Node_id":2839,"weight":2.205},
{"Node_id":2840,"weight":3.1347},
{"Node_id":2841,"weight":1.4815},
{"Node_id":2842,"weight":1.752},
{"Node_id":2843,"weight":3.0252},
{"Node_id":2844,"weight":1.6368},
{"Node_id":2845,"weight":2.9593},
{"Node_id":2846,"weight":3.1964},
{"Node_id":2847,"weight":2.0565},
{"Node_id":2848,"weight":1.9296},
{"Node_id":2849,"weight":1.8136},
{"Node_id":2850,"weight":2.2242},
{"Node_id":2851,"weight":2.3571},
{"Node_id":2852,"weight":3.8038},
{"Node_id":2853,"weight":2.0938},
{"Node_id":2854,"weight":2.0745},
{"Node_id":2855,"weight":2.5123},
{"Node_id":2856,"weight":1.5786},
{"Node_id":2857,"weight":1.726},
{"Node_id":2858,"weight":1.4663},
{"Node_id":2859,"weight":2.6563},
{"Node_id":2860,"weight":1.4147},
{"Node_id":2861,"weight":2.9011},
{"Node_id":2862,"weight":5.2347},
{"Node_id":2863,"weight":3.4095},
{"Node_id":2864,"weight":3.4225},
{"Node_id":2865,"weight":1.8557},
{"Node_id":2866,"weight":2.6498},
{"Node_id":2867,"weight":2.1134},
{"Node_id":2868,"weight":2.366},
{"Node_id":2869,"weight":1.9395},
{"Node_id":2870,"weight":3.1859},
{"Node_id":2871,"weight":2.2907},
{"Node_id":2872,"weight":1.8337},
{"Node_id":2873,"weight":1.5652},
{"Node_id":2874,"weight":2.543},
{"Node_id":2875,"weight":5.8061},
{"Node_id":2876,"weight":3.6969},
{"Node_id":2877,"weight":2.1774},
{"Node_id":2878,"weight":1.4795},
{"Node_id":2879,"weight":1.3944},
{"Node_id":2880,"weight":2.3222},
{"Node_id":2881,"weight":1.8012},
{"Node_id":2882,"weight":5.2933},
{"Node_id":2885,"weight":1.5652},
{"Node_id":2886,"weight":2.5944},
{"Node_id":2887,"weight":2.0856},
{"Node_id":2888,"weight":1.5029},
{"Node_id":2889,"weight":2.8751},
{"Node_id":2890,"weight":1.5361},
{"Node_id":2891,"weight":3.2342},
{"Node_id":2892,"weight":1.9432},
{"Node_id":2893,"weight":1.639},
{"Node_id":2894,"weight":2.0436},
{"Node_id":2897,"weight":5.7105},
{"Node_id":2934,"weight":1.8834},
{"Node_id":2935,"weight":1.6657},
{"Node_id":2936,"weight":2.0918},
{"Node_id":2937,"weight":4.8588},
{"Node_id":2938,"weight":2.9257},
{"Node_id":2939,"weight":3.4323},
{"Node_id":2949,"weight":1.8756},
{"Node_id":3005,"weight":4.1982},
{"Node_id":3006,"weight":3.6392},
{"Node_id":3007,"weight":1.9727},
{"Node_id":3008,"weight":5.7414},
{"Node_id":3009,"weight":3.0929},
{"Node_id":3010,"weight":2.3609},
{"Node_id":3011,"weight":1.7113},
{"Node_id":3012,"weight":1.4268},
{"Node_id":3015,"weight":2.9896},
{"Node_id":3016,"weight":2.0938},
{"Node_id":3017,"weight":3.6718},
{"Node_id":3018,"weight":2.1124},
{"Node_id":3019,"weight":2.5519},
{"Node_id":3020,"weight":2.3445},
{"Node_id":3021,"weight":1.5527},
{"Node_id":3022,"weight":1.752},
{"Node_id":3023,"weight":2.7658},
{"Node_id":3024,"weight":1.9241},
{"Node_id":3025,"weight":1.8506},
{"Node_id":3026,"weight":2.4951},
{"Node_id":3027,"weight":3.3168},
{"Node_id":3028,"weight":1.9368},
{"Node_id":3029,"weight":2.2599},
{"Node_id":3030,"weight":1.8532},
{"Node_id":3031,"weight":2.2379},
{"Node_id":3032,"weight":1.8379},
{"Node_id":3033,"weight":3.6718},
{"Node_id":3034,"weight":1.6317},
{"Node_id":3035,"weight":3.7624},
{"Node_id":3036,"weight":1.5617},
{"Node_id":3037,"weight":1.8566},
{"Node_id":3038,"weight":1.8575},
{"Node_id":3039,"weight":1.6013},
{"Node_id":3043,"weight":2.508},
{"Node_id":3044,"weight":1.4198},
{"Node_id":3045,"weight":2.4478},
{"Node_id":3046,"weight":1.4474},
{"Node_id":3047,"weight":3.0229},
{"Node_id":3048,"weight":2.0377},
{"Node_id":3049,"weight":1.5218},
{"Node_id":3282,"weight":4.833},
{"Node_id":3283,"weight":1.5485},
{"Node_id":3284,"weight":2.3063},
{"Node_id":3285,"weight":1.8957},
{"Node_id":3288,"weight":4.1914},
{"Node_id":3289,"weight":4.3534},
{"Node_id":3290,"weight":1.6302},
{"Node_id":3291,"weight":1.8738},
{"Node_id":3292,"weight":1.5245},
{"Node_id":3293,"weight":5.0294},
{"Node_id":3294,"weight":1.5807},
{"Node_id":3295,"weight":3.8716},
{"Node_id":3296,"weight":2.2907},
{"Node_id":3297,"weight":2.6612},
{"Node_id":3298,"weight":2.2061},
{"Node_id":3299,"weight":1.5218},
{"Node_id":3300,"weight":2.2017},
{"Node_id":3301,"weight":5.3771},
{"Node_id":3302,"weight":2.3918},
{"Node_id":3303,"weight":1.5327},
{"Node_id":3304,"weight":1.5527},
{"Node_id":3305,"weight":2.2448},
{"Node_id":3449,"weight":5.2347},
{"Node_id":3450,"weight":1.9606},
{"Node_id":3451,"weight":1.7719},
{"Node_id":3452,"weight":1.4474},
{"Node_id":3453,"weight":2.4768},
{"Node_id":3464,"weight":1.7417},
{"Node_id":3465,"weight":2.9808},
{"Node_id":3468,"weight":1.4128},
{"Node_id":3469,"weight":1.5992},
{"Node_id":3470,"weight":1.6762},
{"Node_id":3471,"weight":2.0212},
{"Node_id":3472,"weight":3.0389},
{"Node_id":3473,"weight":3.3377},
{"Node_id":3518,"weight":2.6337},
{"Node_id":3519,"weight":1.7448},
{"Node_id":3520,"weight":1.6331},
{"Node_id":3521,"weight":2.0397},
{"Node_id":3522,"weight":1.7464},
{"Node_id":3523,"weight":1.9802},
{"Node_id":3524,"weight":2.027},
{"Node_id":3525,"weight":1.5828},
{"Node_id":3526,"weight":3.0504},
{"Node_id":3527,"weight":1.4281},
{"Node_id":3528,"weight":2.1557},
{"Node_id":3529,"weight":1.7881},
{"Node_id":3538,"weight":2.645},
{"Node_id":3539,"weight":1.575},
{"Node_id":3585,"weight":4.212},
{"Node_id":3586,"weight":3.5326},
{"Node_id":3587,"weight":3.248},
{"Node_id":3588,"weight":1.4526},
{"Node_id":3628,"weight":2.9917},
{"Node_id":3629,"weight":1.5779},
{"Node_id":3630,"weight":2.1503},
{"Node_id":3631,"weight":1.465},
{"Node_id":3632,"weight":1.9811},
{"Node_id":3633,"weight":1.4526},
{"Node_id":3634,"weight":1.5771},
{"Node_id":3635,"weight":1.8062},
{"Node_id":3636,"weight":2.0125},
{"Node_id":3637,"weight":5.7414},
{"Node_id":3638,"weight":4.1318},
{"Node_id":3639,"weight":2.5371},
{"Node_id":3640,"weight":2.1323},
{"Node_id":3641,"weight":1.4223},
{"Node_id":3642,"weight":4.3858},
{"Node_id":3643,"weight":4.4364},
{"Node_id":3644,"weight":1.4064},
{"Node_id":3645,"weight":1.4533},
{"Node_id":3646,"weight":1.513},
{"Node_id":3647,"weight":1.7036},
{"Node_id":3648,"weight":2.1218},
{"Node_id":3649,"weight":4.4451},
{"Node_id":3650,"weight":1.6538},
{"Node_id":3651,"weight":2.2185},
{"Node_id":3652,"weight":1.7535},
{"Node_id":3653,"weight":2.102},
{"Node_id":3654,"weight":1.397},
{"Node_id":3655,"weight":2.0685},
{"Node_id":3656,"weight":1.8851},
{"Node_id":3657,"weight":1.8379},
{"Node_id":3658,"weight":5.6515},
{"Node_id":3659,"weight":1.8992},
{"Node_id":3660,"weight":1.7939},
{"Node_id":3661,"weight":2.0125},
{"Node_id":3662,"weight":2.5594},
{"Node_id":3663,"weight":1.7244},
{"Node_id":3664,"weight":3.6969},
{"Node_id":3665,"weight":3.1703},
{"Node_id":3666,"weight":1.5184},
{"Node_id":3667,"weight":1.3869},
{"Node_id":3668,"weight":2.1829},
{"Node_id":3669,"weight":2.2196},
{"Node_id":3670,"weight":1.9597},
{"Node_id":3671,"weight":2.8477},
{"Node_id":3672,"weight":1.6694},
{"Node_id":3673,"weight":3.577},
{"Node_id":3674,"weight":2.889},
{"Node_id":3675,"weight":2.885},
{"Node_id":3676,"weight":1.5259},
{"Node_id":3677,"weight":3.8567},
{"Node_id":3678,"weight":3.3079},
{"Node_id":3679,"weight":1.8354},
{"Node_id":3680,"weight":1.7736},
{"Node_id":3681,"weight":3.714},
{"Node_id":3682,"weight":1.8371},
{"Node_id":3683,"weight":2.9808},
{"Node_id":3684,"weight":2.9614},
{"Node_id":3685,"weight":3.4934},
{"Node_id":3686,"weight":1.3882},
{"Node_id":3687,"weight":1.7623},
{"Node_id":3688,"weight":2.3711},
{"Node_id":3689,"weight":1.4313},
{"Node_id":3690,"weight":1.5527},
{"Node_id":3691,"weight":2.2599},
{"Node_id":3692,"weight":2.0029},
{"Node_id":3693,"weight":2.6596},
{"Node_id":3694,"weight":1.9359},
{"Node_id":3695,"weight":2.9381},
{"Node_id":3696,"weight":2.9174},
{"Node_id":3697,"weight":1.6171},
{"Node_id":3698,"weight":1.8103},
{"Node_id":3699,"weight":1.5334},
{"Node_id":3700,"weight":2.887},
{"Node_id":3701,"weight":1.8186},
{"Node_id":3702,"weight":1.9542},
{"Node_id":3713,"weight":1.6785},
{"Node_id":3714,"weight":3.0006},
{"Node_id":3715,"weight":2.1785},
{"Node_id":3716,"weight":3.0786},
{"Node_id":3717,"weight":3.8275},
{"Node_id":3718,"weight":1.7881},
{"Node_id":3719,"weight":3.055},
{"Node_id":3720,"weight":1.9662},
{"Node_id":3721,"weight":2.4671},
{"Node_id":3722,"weight":3.2905},
{"Node_id":3723,"weight":1.901},
{"Node_id":3724,"weight":1.9802},
{"Node_id":3725,"weight":1.9802},
{"Node_id":3726,"weight":7.8236},
{"Node_id":3730,"weight":1.6913},
{"Node_id":3731,"weight":2.645},
{"Node_id":3732,"weight":4.0163},
{"Node_id":3733,"weight":1.4915},
{"Node_id":3734,"weight":1.5347},
{"Node_id":3735,"weight":2.6531},
{"Node_id":3736,"weight":2.2611},
{"Node_id":3815,"weight":4.3454},
{"Node_id":3816,"weight":2.8248},
{"Node_id":3819,"weight":2.4994},
{"Node_id":3820,"weight":1.748},
{"Node_id":3821,"weight":1.4855},
{"Node_id":3822,"weight":2.764},
{"Node_id":3823,"weight":1.8721},
{"Node_id":3824,"weight":2.4492},
{"Node_id":3825,"weight":1.8904},
{"Node_id":3826,"weight":1.9783},
{"Node_id":3827,"weight":1.6508},
{"Node_id":3828,"weight":2.1302},
{"Node_id":3829,"weight":2.4356},
{"Node_id":3830,"weight":2.0897},
{"Node_id":3831,"weight":3.1322},
{"Node_id":3832,"weight":1.956},
{"Node_id":3833,"weight":4.5362},
{"Node_id":3834,"weight":2.8574},
{"Node_id":3837,"weight":4.6053},
{"Node_id":3838,"weight":2.7839},
{"Node_id":3839,"weight":1.5177},
{"Node_id":3840,"weight":1.414},
{"Node_id":3841,"weight":1.7496},
{"Node_id":3842,"weight":2.0318},
{"Node_id":3843,"weight":3.2424},
{"Node_id":3844,"weight":1.8756},
{"Node_id":3908,"weight":2.5371},
{"Node_id":3909,"weight":1.414},
{"Node_id":3910,"weight":2.4643},
{"Node_id":3939,"weight":1.8128},
{"Node_id":3940,"weight":1.4461},
{"Node_id":3941,"weight":2.0446},
{"Node_id":3942,"weight":2.5821},
{"Node_id":3943,"weight":3.4761},
{"Node_id":3944,"weight":1.5062},
{"Node_id":3945,"weight":2.0989},
{"Node_id":3946,"weight":2.3788},
{"Node_id":3947,"weight":1.5485},
{"Node_id":3948,"weight":4.4108},
{"Node_id":3951,"weight":1.4384},
{"Node_id":3952,"weight":2.7551},
{"Node_id":3953,"weight":1.7409},
{"Node_id":3954,"weight":2.1333},
{"Node_id":3955,"weight":1.9634},
{"Node_id":3956,"weight":1.8111},
{"Node_id":3957,"weight":2.7604},
{"Node_id":3958,"weight":1.5779},
{"Node_id":3959,"weight":4.1383},
{"Node_id":3960,"weight":1.4565},
{"Node_id":3961,"weight":3.6233},
{"Node_id":3962,"weight":1.7599},
{"Node_id":3963,"weight":2.5806},
{"Node_id":3964,"weight":1.4096},
{"Node_id":3965,"weight":3.9072},
{"Node_id":3966,"weight":1.8211},
{"Node_id":3967,"weight":2.5312},
{"Node_id":3968,"weight":1.8037},
{"Node_id":3969,"weight":2.9657},
{"Node_id":3970,"weight":2.6514},
{"Node_id":3971,"weight":1.4229},
{"Node_id":3972,"weight":2.7132},
{"Node_id":3973,"weight":1.8404},
{"Node_id":3974,"weight":1.9332},
{"Node_id":3975,"weight":2.5867},
{"Node_id":3976,"weight":1.6694},
{"Node_id":3977,"weight":4.119},
{"Node_id":3978,"weight":2.4937},
{"Node_id":3979,"weight":3.9992},
{"Node_id":3980,"weight":1.9268},
{"Node_id":3981,"weight":1.4351},
{"Node_id":3982,"weight":1.5361},
{"Node_id":3983,"weight":1.6501},
{"Node_id":3984,"weight":1.9001},
{"Node_id":3999,"weight":0.1294},
{"Node_id":4000,"weight":1.2721},
{"Node_id":4001,"weight":3.2676},
{"Node_id":4002,"weight":0.036},
{"Node_id":4003,"weight":2.8691},
{"Node_id":4008,"weight":2.7046},
{"Node_id":4009,"weight":0.5266},
{"Node_id":4010,"weight":0.49},
{"Node_id":4011,"weight":1.62},
{"Node_id":4012,"weight":2.1763},
{"Node_id":4013,"weight":0.6955},
{"Node_id":4014,"weight":2.5166},
{"Node_id":4015,"weight":5.4448},
{"Node_id":4016,"weight":1.9072},
{"Node_id":4017,"weight":0.6239},
{"Node_id":4018,"weight":0.9529},
{"Node_id":4019,"weight":1.0716},
{"Node_id":4020,"weight":0.944},
{"Node_id":4021,"weight":1.9569},
{"Node_id":4022,"weight":1.6822},
{"Node_id":4023,"weight":0.8274},
{"Node_id":4028,"weight":1.2856},
{"Node_id":4029,"weight":2.0755},
{"Node_id":4030,"weight":0.1519},
{"Node_id":4042,"weight":0.388},
{"Node_id":4043,"weight":1.2448},
{"Node_id":4047,"weight":0.7598},
{"Node_id":4049,"weight":2.498},
{"Node_id":4050,"weight":1.827},
{"Node_id":4073,"weight":4.0878},
{"Node_id":4074,"weight":1.8245},
{"Node_id":4075,"weight":2.173},
{"Node_id":4076,"weight":2.1741},
{"Node_id":4077,"weight":0.6803},
{"Node_id":4078,"weight":3.2876},
{"Node_id":4079,"weight":0.7755},
{"Node_id":4080,"weight":3.7011},
{"Node_id":4081,"weight":0.7829},
{"Node_id":4085,"weight":1.4435},
{"Node_id":4086,"weight":4.8588},
{"Node_id":4088,"weight":2.5459},
{"Node_id":4089,"weight":0.2258},
{"Node_id":4090,"weight":1.7089},
{"Node_id":4091,"weight":2.9153},
{"Node_id":4092,"weight":0.2302},
{"Node_id":4093,"weight":3.429},
{"Node_id":4096,"weight":0.3437},
{"Node_id":4097,"weight":0.2294},
{"Node_id":4100,"weight":0.9579},
{"Node_id":4103,"weight":0.3602},
{"Node_id":4104,"weight":3.6233},
{"Node_id":4105,"weight":1.6128},
{"Node_id":4106,"weight":2.1763},
{"Node_id":4107,"weight":4.8988},
{"Node_id":4108,"weight":1.7535},
{"Node_id":4109,"weight":0.6678},
{"Node_id":4110,"weight":1.0465},
{"Node_id":4111,"weight":0.8231},
{"Node_id":4130,"weight":1.4191},
{"Node_id":4131,"weight":1.1859},
{"Node_id":4136,"weight":1.6258},
{"Node_id":4137,"weight":0.3174},
{"Node_id":4140,"weight":0.9203},
{"Node_id":4141,"weight":0.9346},
{"Node_id":4142,"weight":2.5195},
{"Node_id":4143,"weight":1.0997},
{"Node_id":4144,"weight":1.08},
{"Node_id":4145,"weight":0.3293},
{"Node_id":4146,"weight":0.2055},
{"Node_id":4149,"weight":1.1698},
{"Node_id":4150,"weight":0.3756},
{"Node_id":4151,"weight":1.969},
{"Node_id":4152,"weight":0.5849},
{"Node_id":4153,"weight":0.216},
{"Node_id":4154,"weight":0.0532},
{"Node_id":4159,"weight":3.818},
{"Node_id":4160,"weight":0.2408},
{"Node_id":4161,"weight":3.7401},
{"Node_id":4162,"weight":0.9982},
{"Node_id":4163,"weight":0.4608},
{"Node_id":4164,"weight":0.2884},
{"Node_id":4165,"weight":1.5437},
{"Node_id":4166,"weight":1.1914},
{"Node_id":4167,"weight":0.7332},
{"Node_id":4168,"weight":0.9714},
{"Node_id":4169,"weight":0.9115},
{"Node_id":4170,"weight":0.4768},
{"Node_id":4171,"weight":0.2745},
{"Node_id":4172,"weight":0.9095},
{"Node_id":4173,"weight":0.1141},
{"Node_id":4174,"weight":0.1491},
{"Node_id":4175,"weight":0.4879},
{"Node_id":4178,"weight":0.1322},
{"Node_id":4179,"weight":0.5155},
{"Node_id":4300,"weight":0.6879},
{"Node_id":4301,"weight":1.8379},
{"Node_id":4302,"weight":1.2396},
{"Node_id":14484,"weight":1.9214},
{"Node_id":14488,"weight":2.184},
{"Node_id":14489,"weight":3.483},
{"Node_id":14490,"weight":2.2799},
{"Node_id":14491,"weight":2.0505},
{"Node_id":14492,"weight":1.9802},
{"Node_id":14493,"weight":2.5051},
{"Node_id":14497,"weight":2.4994},
{"Node_id":14498,"weight":2.7218},
{"Node_id":14499,"weight":3.6636},
{"Node_id":14500,"weight":1.6493},
{"Node_id":14501,"weight":4.0396},
{"Node_id":14502,"weight":2.0367},
{"Node_id":14503,"weight":1.4319},
{"Node_id":14504,"weight":3.8918},
{"Node_id":14505,"weight":2.3699},
{"Node_id":14506,"weight":1.8825},
{"Node_id":14507,"weight":1.9924},
{"Node_id":14508,"weight":2.5459},
{"Node_id":14509,"weight":2.6645},
{"Node_id":14510,"weight":2.321},
{"Node_id":14511,"weight":1.6936},
{"Node_id":14512,"weight":4.1254},
{"Node_id":14515,"weight":2.1397},
{"Node_id":14516,"weight":2.4195},
{"Node_id":14517,"weight":1.4064},
{"Node_id":14518,"weight":1.8203},
{"Node_id":14519,"weight":4.1846},
{"Node_id":14526,"weight":2.7912},
{"Node_id":14531,"weight":2.9298},
{"Node_id":14532,"weight":3.7945},
{"Node_id":14536,"weight":1.5736},
{"Node_id":14537,"weight":1.9597},
{"Node_id":14538,"weight":1.9569},
{"Node_id":14539,"weight":1.4474},
{"Node_id":14540,"weight":1.9468},
{"Node_id":14541,"weight":2.0241},
{"Node_id":14562,"weight":1.4371},
{"Node_id":14563,"weight":2.4866},
{"Node_id":14564,"weight":1.7922},
{"Node_id":14565,"weight":1.5259},
{"Node_id":14566,"weight":3.2124},
{"Node_id":14567,"weight":2.5123},
{"Node_id":14568,"weight":1.832},
{"Node_id":14569,"weight":4.7357},
{"Node_id":14570,"weight":1.744},
{"Node_id":14571,"weight":1.748},
{"Node_id":14574,"weight":1.8643},
{"Node_id":14575,"weight":3.4127},
{"Node_id":14576,"weight":1.7036},
{"Node_id":14577,"weight":2.5852},
{"Node_id":14579,"weight":2.0846},
{"Node_id":14580,"weight":3.9713},
{"Node_id":14581,"weight":3.2963},
{"Node_id":14582,"weight":2.0212},
{"Node_id":14583,"weight":1.3976},
{"Node_id":14584,"weight":1.5513},
{"Node_id":14585,"weight":1.8203},
{"Node_id":14586,"weight":1.5492},
{"Node_id":14587,"weight":2.0456},
{"Node_id":14588,"weight":1.7036},
{"Node_id":14589,"weight":2.0595},
{"Node_id":14590,"weight":4.7954},
{"Node_id":14593,"weight":1.8421},
{"Node_id":14594,"weight":1.4624},
{"Node_id":14595,"weight":3.429},
{"Node_id":14596,"weight":2.764},
{"Node_id":14597,"weight":2.001},
{"Node_id":14598,"weight":1.6353},
{"Node_id":14599,"weight":1.4539},
{"Node_id":14600,"weight":4.219},
{"Node_id":14601,"weight":3.0667},
{"Node_id":14616,"weight":1.5638},
{"Node_id":14619,"weight":1.7583},
{"Node_id":14620,"weight":2.4102},
{"Node_id":14625,"weight":7.6004},
{"Node_id":14626,"weight":1.6034},
{"Node_id":14629,"weight":1.8421},
{"Node_id":14630,"weight":1.9532},
{"Node_id":14631,"weight":2.1928},
{"Node_id":14632,"weight":1.6493},
{"Node_id":14633,"weight":1.9395},
{"Node_id":14634,"weight":2.3983},
{"Node_id":14635,"weight":2.2634},
{"Node_id":14636,"weight":2.2253},
{"Node_id":14638,"weight":2.4369},
{"Node_id":14639,"weight":2.3271},
{"Node_id":14640,"weight":3.1026},
{"Node_id":14641,"weight":1.5764},
{"Node_id":14642,"weight":1.7097},
{"Node_id":14643,"weight":2.7115},
{"Node_id":14648,"weight":1.4261},
{"Node_id":14649,"weight":4.2766},
{"Node_id":14650,"weight":6.0725},
{"Node_id":14651,"weight":3.2397},
{"Node_id":14652,"weight":2.3763},
{"Node_id":14653,"weight":5.2159},
{"Node_id":14654,"weight":2.6006},
{"Node_id":14655,"weight":2.7857},
{"Node_id":14656,"weight":3.3714},
{"Node_id":14657,"weight":1.5666},
{"Node_id":14658,"weight":2.6612},
{"Node_id":14659,"weight":1.886},
{"Node_id":14660,"weight":1.866},
{"Node_id":14661,"weight":1.5327},
{"Node_id":14662,"weight":2.1218},
{"Node_id":14663,"weight":1.5123},
{"Node_id":14664,"weight":3.596},
{"Node_id":14665,"weight":1.7013},
{"Node_id":14667,"weight":2.887},
{"Node_id":14668,"weight":2.2287},
{"Node_id":14790,"weight":1.6875},
{"Node_id":14791,"weight":3.3227},
{"Node_id":14792,"weight":3.2733},
{"Node_id":15115,"weight":2.8172},
{"Node_id":15305,"weight":2.5654},
{"Node_id":15306,"weight":1.4281},
{"Node_id":15307,"weight":2.0887}]