[{"Node_id":895,"weight":1.9214},
{"Node_id":899,"weight":2.184},
{"Node_id":900,"weight":3.483},
{"Node_id":901,"weight":2.2799},
{"Node_id":902,"weight":2.0505},
{"Node_id":903,"weight":1.9802},
{"Node_id":904,"weight":2.5051},
{"Node_id":908,"weight":2.4994},
{"Node_id":909,"weight":2.7218},
{"Node_id":910,"weight":3.6636},
{"Node_id":911,"weight":1.6493},
{"Node_id":912,"weight":4.0396},
{"Node_id":913,"weight":2.0367},
{"Node_id":914,"weight":1.4319},
{"Node_id":915,"weight":3.8918},
{"Node_id":916,"weight":2.3699},
{"Node_id":917,"weight":1.8825},
{"Node_id":918,"weight":1.9924},
{"Node_id":919,"weight":2.5459},
{"Node_id":920,"weight":2.6645},
{"Node_id":921,"weight":2.321},
{"Node_id":922,"weight":1.6936},
{"Node_id":923,"weight":4.1254},
{"Node_id":926,"weight":2.1397},
{"Node_id":927,"weight":2.4195},
{"Node_id":928,"weight":1.4064},
{"Node_id":929,"weight":1.8203},
{"Node_id":930,"weight":4.1846},
{"Node_id":937,"weight":2.7912},
{"Node_id":942,"weight":2.9298},
{"Node_id":943,"weight":3.7945},
{"Node_id":947,"weight":1.5736},
{"Node_id":948,"weight":1.9597},
{"Node_id":949,"weight":1.9569},
{"Node_id":950,"weight":1.4474},
{"Node_id":951,"weight":1.9468},
{"Node_id":952,"weight":2.0241},
{"Node_id":973,"weight":1.4371},
{"Node_id":974,"weight":2.4866},
{"Node_id":975,"weight":1.7922},
{"Node_id":976,"weight":1.5259},
{"Node_id":977,"weight":3.2124},
{"Node_id":978,"weight":2.5123},
{"Node_id":979,"weight":1.832},
{"Node_id":980,"weight":4.7357},
{"Node_id":981,"weight":1.744},
{"Node_id":982,"weight":1.748},
{"Node_id":985,"weight":1.8643},
{"Node_id":986,"weight":3.4127},
{"Node_id":987,"weight":1.7036},
{"Node_id":988,"weight":2.5852},
{"Node_id":990,"weight":2.0846},
{"Node_id":991,"weight":3.9713},
{"Node_id":992,"weight":3.2963},
{"Node_id":993,"weight":2.0212},
{"Node_id":994,"weight":1.3976},
{"Node_id":995,"weight":1.5513},
{"Node_id":996,"weight":1.8203},
{"Node_id":997,"weight":1.5492},
{"Node_id":998,"weight":2.0456},
{"Node_id":999,"weight":1.7036},
{"Node_id":1000,"weight":2.0595},
{"Node_id":1001,"weight":4.7954},
{"Node_id":1004,"weight":1.8421},
{"Node_id":1005,"weight":1.4624},
{"Node_id":1006,"weight":3.429},
{"Node_id":1007,"weight":2.764},
{"Node_id":1008,"weight":2.001},
{"Node_id":1009,"weight":1.6353},
{"Node_id":1010,"weight":1.4539},
{"Node_id":1011,"weight":4.219},
{"Node_id":1012,"weight":3.0667},
{"Node_id":1027,"weight":1.5638},
{"Node_id":1030,"weight":1.7583},
{"Node_id":1031,"weight":2.4102},
{"Node_id":1036,"weight":7.6004},
{"Node_id":1037,"weight":1.6034},
{"Node_id":1040,"weight":1.8421},
{"Node_id":1041,"weight":1.9532},
{"Node_id":1042,"weight":2.1928},
{"Node_id":1043,"weight":1.6493},
{"Node_id":1044,"weight":1.9395},
{"Node_id":1045,"weight":2.3983},
{"Node_id":1046,"weight":2.2634},
{"Node_id":1047,"weight":2.2253},
{"Node_id":1049,"weight":2.4369},
{"Node_id":1050,"weight":2.3271},
{"Node_id":1051,"weight":3.1026},
{"Node_id":1052,"weight":1.5764},
{"Node_id":1053,"weight":1.7097},
{"Node_id":1054,"weight":2.7115},
{"Node_id":1059,"weight":1.4261},
{"Node_id":1060,"weight":4.2766},
{"Node_id":1061,"weight":6.0725},
{"Node_id":1062,"weight":3.2397},
{"Node_id":1063,"weight":2.3763},
{"Node_id":1064,"weight":5.2159},
{"Node_id":1065,"weight":2.6006},
{"Node_id":1066,"weight":2.7857},
{"Node_id":1067,"weight":3.3714},
{"Node_id":1068,"weight":1.5666},
{"Node_id":1069,"weight":2.6612},
{"Node_id":1070,"weight":1.886},
{"Node_id":1071,"weight":1.866},
{"Node_id":1072,"weight":1.5327},
{"Node_id":1073,"weight":2.1218},
{"Node_id":1074,"weight":1.5123},
{"Node_id":1075,"weight":3.596},
{"Node_id":1076,"weight":1.7013},
{"Node_id":1078,"weight":2.887},
{"Node_id":1079,"weight":2.2287},
{"Node_id":1201,"weight":1.6875},
{"Node_id":1202,"weight":3.3227},
{"Node_id":1203,"weight":3.2733},
{"Node_id":1526,"weight":2.8172},
{"Node_id":1716,"weight":2.5654},
{"Node_id":1717,"weight":1.4281},
{"Node_id":1718,"weight":2.0887},
{"Node_id":1951,"weight":2.806},
{"Node_id":1952,"weight":5.077},
{"Node_id":1953,"weight":1.4178},
{"Node_id":1954,"weight":4.1064},
{"Node_id":1955,"weight":2.0695},
{"Node_id":1956,"weight":1.6085},
{"Node_id":1957,"weight":2.2196},
{"Node_id":1958,"weight":1.6027},
{"Node_id":1959,"weight":2.0907},
{"Node_id":1960,"weight":2.9635},
{"Node_id":1961,"weight":3.9549},
{"Node_id":1962,"weight":1.4474},
{"Node_id":1963,"weight":1.7051},
{"Node_id":1964,"weight":2.3996},
{"Node_id":1965,"weight":1.7433},
{"Node_id":1966,"weight":2.1807},
{"Node_id":1967,"weight":2.3866},
{"Node_id":1968,"weight":1.3919},
{"Node_id":1969,"weight":2.0928},
{"Node_id":1972,"weight":4.5751},
{"Node_id":1973,"weight":1.8481},
{"Node_id":1974,"weight":2.0938},
{"Node_id":1975,"weight":1.9615},
{"Node_id":1976,"weight":2.0299},
{"Node_id":1977,"weight":2.3433},
{"Node_id":1978,"weight":1.7159},
{"Node_id":1979,"weight":2.5504},
{"Node_id":1980,"weight":2.9765},
{"Node_id":1981,"weight":2.5519},
{"Node_id":1982,"weight":1.8523},
{"Node_id":1983,"weight":2.3648},
{"Node_id":1986,"weight":1.4868},
{"Node_id":1987,"weight":1.4481},
{"Node_id":1988,"weight":1.4384},
{"Node_id":1989,"weight":5.2933},
{"Node_id":1990,"weight":1.4313},
{"Node_id":1991,"weight":3.3287},
{"Node_id":1992,"weight":1.9305},
{"Node_id":1993,"weight":4.8078},
{"Node_id":1994,"weight":2.5195},
{"Node_id":1995,"weight":1.3882},
{"Node_id":1996,"weight":3.2151},
{"Node_id":1997,"weight":2.3271},
{"Node_id":1998,"weight":1.6208},
{"Node_id":1999,"weight":4.6469},
{"Node_id":2000,"weight":2.2943},
{"Node_id":2001,"weight":3.4523},
{"Node_id":2002,"weight":1.4617},
{"Node_id":2003,"weight":1.4313},
{"Node_id":2004,"weight":3.0978},
{"Node_id":2005,"weight":1.6142},
{"Node_id":2006,"weight":1.3869},
{"Node_id":2007,"weight":3.0006},
{"Node_id":2008,"weight":2.8691},
{"Node_id":2009,"weight":1.7276},
{"Node_id":2010,"weight":1.3982},
{"Node_id":2011,"weight":1.8869},
{"Node_id":2012,"weight":2.0918},
{"Node_id":2017,"weight":2.7604},
{"Node_id":2018,"weight":1.7647},
{"Node_id":2019,"weight":3.4225},
{"Node_id":2020,"weight":3.1651},
{"Node_id":2021,"weight":2.6482},
{"Node_id":2022,"weight":1.6434},
{"Node_id":2023,"weight":2.6662},
{"Node_id":2024,"weight":1.5204},
{"Node_id":2025,"weight":1.8704},
{"Node_id":2026,"weight":1.4455},
{"Node_id":2027,"weight":1.452},
{"Node_id":2028,"weight":3.6677},
{"Node_id":2029,"weight":2.9722},
{"Node_id":2030,"weight":1.6405},
{"Node_id":2033,"weight":3.511},
{"Node_id":2034,"weight":1.6627},
{"Node_id":2035,"weight":3.1173},
{"Node_id":2036,"weight":2.2752},
{"Node_id":2037,"weight":1.6049},
{"Node_id":2038,"weight":1.6612},
{"Node_id":2039,"weight":2.9786},
{"Node_id":2040,"weight":1.9496},
{"Node_id":2041,"weight":1.7151},
{"Node_id":2044,"weight":1.8037},
{"Node_id":2045,"weight":1.7448},
{"Node_id":2046,"weight":1.9197},
{"Node_id":2047,"weight":2.6369},
{"Node_id":2083,"weight":1.4494},
{"Node_id":2084,"weight":4.4024},
{"Node_id":2085,"weight":2.1397},
{"Node_id":2086,"weight":1.4822},
{"Node_id":2087,"weight":3.7852},
{"Node_id":2088,"weight":1.9487},
{"Node_id":2089,"weight":2.1218},
{"Node_id":2090,"weight":2.2242},
{"Node_id":2091,"weight":1.9972},
{"Node_id":2092,"weight":5.9496},
{"Node_id":2095,"weight":2.9298},
{"Node_id":2098,"weight":4.1711},
{"Node_id":2099,"weight":2.4142},
{"Node_id":2100,"weight":2.4838},
{"Node_id":2101,"weight":2.4629},
{"Node_id":2102,"weight":3.2676},
{"Node_id":2103,"weight":4.6259},
{"Node_id":2104,"weight":4.5555},
{"Node_id":2105,"weight":1.7865},
{"Node_id":2106,"weight":1.4862},
{"Node_id":2107,"weight":1.8921},
{"Node_id":2108,"weight":1.5055},
{"Node_id":2109,"weight":1.4261},
{"Node_id":2110,"weight":1.7551},
{"Node_id":2111,"weight":1.8652},
{"Node_id":2112,"weight":5.2539},
{"Node_id":2113,"weight":1.4815},
{"Node_id":2114,"weight":1.4287},
{"Node_id":2115,"weight":1.5451},
{"Node_id":2116,"weight":1.6229},
{"Node_id":2117,"weight":4.2051},
{"Node_id":2118,"weight":2.579},
{"Node_id":2119,"weight":1.5885},
{"Node_id":2120,"weight":2.883},
{"Node_id":2123,"weight":3.4591},
{"Node_id":2124,"weight":2.5654},
{"Node_id":2127,"weight":7.8236},
{"Node_id":2137,"weight":1.5225},
{"Node_id":2138,"weight":2.2494},
{"Node_id":2139,"weight":2.5669},
{"Node_id":2140,"weight":3.2452},
{"Node_id":2141,"weight":2.8439},
{"Node_id":2142,"weight":2.3371},
{"Node_id":2143,"weight":1.3913},
{"Node_id":2144,"weight":4.3066},
{"Node_id":2145,"weight":2.7712},
{"Node_id":2146,"weight":5.077},
{"Node_id":2147,"weight":1.9386},
{"Node_id":2151,"weight":2.2425},
{"Node_id":2152,"weight":2.0144},
{"Node_id":2153,"weight":1.4955},
{"Node_id":2154,"weight":1.4364},
{"Node_id":2155,"weight":1.7639},
{"Node_id":2156,"weight":4.872},
{"Node_id":2160,"weight":2.2967},
{"Node_id":2161,"weight":1.4855},
{"Node_id":2162,"weight":3.0297},
{"Node_id":2163,"weight":1.421},
{"Node_id":2164,"weight":1.9487},
{"Node_id":2165,"weight":2.6434},
{"Node_id":2166,"weight":1.6777},
{"Node_id":2167,"weight":1.5008},
{"Node_id":2168,"weight":2.9765},
{"Node_id":2169,"weight":1.7082},
{"Node_id":2170,"weight":2.4168},
{"Node_id":2403,"weight":5.4217},
{"Node_id":2404,"weight":5.5429},
{"Node_id":2405,"weight":2.5534},
{"Node_id":2406,"weight":1.4223},
{"Node_id":2407,"weight":2.2728},
{"Node_id":2408,"weight":3.3377},
{"Node_id":2467,"weight":5.045},
{"Node_id":2468,"weight":3.8766},
{"Node_id":2469,"weight":1.719},
{"Node_id":2470,"weight":1.7354},
{"Node_id":2471,"weight":2.4768},
{"Node_id":2472,"weight":1.7198},
{"Node_id":2475,"weight":3.6076},
{"Node_id":2476,"weight":3.4523},
{"Node_id":2477,"weight":3.6273},
{"Node_id":2478,"weight":3.7401},
{"Node_id":2479,"weight":2.0338},
{"Node_id":2480,"weight":1.6906},
{"Node_id":2481,"weight":3.6718},
{"Node_id":2482,"weight":2.1418},
{"Node_id":2483,"weight":1.6419},
{"Node_id":2484,"weight":1.8549},
{"Node_id":2485,"weight":2.0212},
{"Node_id":2486,"weight":3.3808},
{"Node_id":2487,"weight":3.8469},
{"Node_id":2488,"weight":3.305},
{"Node_id":2489,"weight":1.4742},
{"Node_id":2492,"weight":1.5464},
{"Node_id":2493,"weight":2.0575},
{"Node_id":2494,"weight":1.7922},
{"Node_id":2497,"weight":4.1579},
{"Node_id":2498,"weight":1.615},
{"Node_id":2499,"weight":5.4927},
{"Node_id":2502,"weight":3.7446},
{"Node_id":2505,"weight":3.5075},
{"Node_id":2506,"weight":1.7472},
{"Node_id":2507,"weight":1.4001},
{"Node_id":2508,"weight":3.6885},
{"Node_id":2509,"weight":2.5519},
{"Node_id":2510,"weight":1.8145},
{"Node_id":2511,"weight":3.8372},
{"Node_id":2512,"weight":2.0615},
{"Node_id":2513,"weight":2.0785},
{"Node_id":2514,"weight":2.1654},
{"Node_id":2515,"weight":1.6114},
{"Node_id":2516,"weight":1.812},
{"Node_id":2517,"weight":1.9143},
{"Node_id":2518,"weight":1.7567},
{"Node_id":2519,"weight":2.1862},
{"Node_id":2520,"weight":2.1906},
{"Node_id":2521,"weight":2.7357},
{"Node_id":2522,"weight":2.9465},
{"Node_id":2523,"weight":2.1249},
{"Node_id":2524,"weight":3.6432},
{"Node_id":2525,"weight":5.1441},
{"Node_id":2526,"weight":5.2734},
{"Node_id":2527,"weight":3.0978},
{"Node_id":2528,"weight":3.8132},
{"Node_id":2529,"weight":5.045},
{"Node_id":2530,"weight":2.401},
{"Node_id":2531,"weight":2.101},
{"Node_id":2532,"weight":1.515},
{"Node_id":2535,"weight":3.0644},
{"Node_id":2536,"weight":3.0366},
{"Node_id":2537,"weight":2.3039},
{"Node_id":2538,"weight":1.7849},
{"Node_id":2539,"weight":3.0184},
{"Node_id":2540,"weight":1.886},
{"Node_id":2541,"weight":2.0038},
{"Node_id":2542,"weight":2.025},
{"Node_id":2552,"weight":1.9206},
{"Node_id":2553,"weight":2.4329},
{"Node_id":2554,"weight":3.9658},
{"Node_id":2555,"weight":2.5579},
{"Node_id":2556,"weight":2.0192},
{"Node_id":2559,"weight":2.8135},
{"Node_id":2560,"weight":2.8381},
{"Node_id":2561,"weight":2.889},
{"Node_id":2562,"weight":2.0338},
{"Node_id":2563,"weight":3.0667},
{"Node_id":2564,"weight":1.9323},
{"Node_id":2565,"weight":1.7237},
{"Node_id":2566,"weight":1.7599},
{"Node_id":2567,"weight":2.3015},
{"Node_id":2568,"weight":1.4881},
{"Node_id":2569,"weight":1.3988},
{"Node_id":2570,"weight":2.9786},
{"Node_id":2571,"weight":3.3652},
{"Node_id":2572,"weight":2.6337},
{"Node_id":2573,"weight":1.5485},
{"Node_id":2574,"weight":2.5297},
{"Node_id":2575,"weight":1.5327},
{"Node_id":2576,"weight":1.7663},
{"Node_id":2577,"weight":1.9423},
{"Node_id":2578,"weight":1.4422},
{"Node_id":2579,"weight":1.5885},
{"Node_id":2580,"weight":1.5729},
{"Node_id":2581,"weight":1.5306},
{"Node_id":2582,"weight":2.7409},
{"Node_id":2611,"weight":1.6657},
{"Node_id":2612,"weight":1.4052},
{"Node_id":2613,"weight":1.6324},
{"Node_id":2614,"weight":2.8711},
{"Node_id":2615,"weight":5.0933},
{"Node_id":2616,"weight":1.5659},
{"Node_id":2617,"weight":1.4782},
{"Node_id":2618,"weight":2.6761},
{"Node_id":2619,"weight":2.4796},
{"Node_id":2620,"weight":2.6337},
{"Node_id":2621,"weight":5.4927},
{"Node_id":2624,"weight":2.0928},
{"Node_id":2633,"weight":1.4862},
{"Node_id":2634,"weight":1.4435},
{"Node_id":2635,"weight":4.8458},
{"Node_id":2636,"weight":2.1622},
{"Node_id":2637,"weight":1.8253},
{"Node_id":2638,"weight":2.1928},
{"Node_id":2639,"weight":1.587},
{"Node_id":2640,"weight":1.656},
{"Node_id":2641,"weight":2.4684},
{"Node_id":2642,"weight":3.511},
{"Node_id":2643,"weight":1.5368},
{"Node_id":2644,"weight":1.6027},
{"Node_id":2645,"weight":1.733},
{"Node_id":2646,"weight":1.8609},
{"Node_id":2649,"weight":3.6312},
{"Node_id":2650,"weight":2.3699},
{"Node_id":2651,"weight":2.6928},
{"Node_id":2652,"weight":3.3903},
{"Node_id":2653,"weight":2.2943},
{"Node_id":2656,"weight":1.9597},
{"Node_id":2657,"weight":2.1376},
{"Node_id":2658,"weight":2.6147},
{"Node_id":2659,"weight":2.0485},
{"Node_id":2660,"weight":1.8438},
{"Node_id":2661,"weight":2.97},
{"Node_id":2662,"weight":4.1513},
{"Node_id":2663,"weight":2.9031},
{"Node_id":2664,"weight":1.5197},
{"Node_id":2665,"weight":3.4356},
{"Node_id":2666,"weight":4.4538},
{"Node_id":2667,"weight":3.2507},
{"Node_id":2668,"weight":1.4775},
{"Node_id":2669,"weight":3.6595},
{"Node_id":2670,"weight":1.4769},
{"Node_id":2671,"weight":4.7832},
{"Node_id":2672,"weight":1.8354},
{"Node_id":2673,"weight":2.7857},
{"Node_id":2674,"weight":3.3468},
{"Node_id":2675,"weight":4.284},
{"Node_id":2676,"weight":1.8643},
{"Node_id":2677,"weight":2.1354},
{"Node_id":2678,"weight":1.8153},
{"Node_id":2681,"weight":2.5882},
{"Node_id":2682,"weight":2.1774},
{"Node_id":2683,"weight":4.0049},
{"Node_id":2684,"weight":2.9444},
{"Node_id":2685,"weight":2.6466},
{"Node_id":2686,"weight":2.1796},
{"Node_id":2687,"weight":3.3079},
{"Node_id":2688,"weight":3.562},
{"Node_id":2689,"weight":1.6164},
{"Node_id":2690,"weight":1.9915},
{"Node_id":2691,"weight":2.4994},
{"Node_id":2692,"weight":2.6022},
{"Node_id":2693,"weight":1.5603},
{"Node_id":2694,"weight":2.2716},
{"Node_id":2695,"weight":3.3287},
{"Node_id":2696,"weight":1.7543},
{"Node_id":2697,"weight":3.3468},
{"Node_id":2698,"weight":1.9098},
{"Node_id":2699,"weight":1.8078},
{"Node_id":2700,"weight":2.4519},
{"Node_id":2701,"weight":3.3138},
{"Node_id":2702,"weight":2.6434},
{"Node_id":2703,"weight":2.9939},
{"Node_id":2704,"weight":1.8379},
{"Node_id":2705,"weight":1.7711},
{"Node_id":2706,"weight":3.0072},
{"Node_id":2707,"weight":1.5485},
{"Node_id":2708,"weight":1.4585},
{"Node_id":2709,"weight":3.1222},
{"Node_id":2710,"weight":2.1752},
{"Node_id":2711,"weight":2.6321},
{"Node_id":2712,"weight":2.7183},
{"Node_id":2713,"weight":3.5694},
{"Node_id":2714,"weight":3.1026},
{"Node_id":2715,"weight":2.4315},
{"Node_id":2716,"weight":1.4868},
{"Node_id":2717,"weight":1.6785},
{"Node_id":2718,"weight":2.2576},
{"Node_id":2719,"weight":3.1625},
{"Node_id":2720,"weight":1.827},
{"Node_id":2721,"weight":2.3814},
{"Node_id":2722,"weight":2.6761},
{"Node_id":2723,"weight":1.7988},
{"Node_id":2724,"weight":5.9118},
{"Node_id":2725,"weight":2.4342},
{"Node_id":2726,"weight":1.4461},
{"Node_id":2727,"weight":3.4356},
{"Node_id":2743,"weight":1.4982},
{"Node_id":2744,"weight":2.3827},
{"Node_id":2745,"weight":2.1514},
{"Node_id":2746,"weight":1.421},
{"Node_id":2747,"weight":4.2546},
{"Node_id":2748,"weight":2.889},
{"Node_id":2749,"weight":2.6162},
{"Node_id":2752,"weight":4.508},
{"Node_id":2755,"weight":2.6401},
{"Node_id":2758,"weight":2.1197},
{"Node_id":2759,"weight":1.9161},
{"Node_id":2795,"weight":2.4643},
{"Node_id":2796,"weight":2.1145},
{"Node_id":2797,"weight":1.7105},
{"Node_id":2798,"weight":2.1239},
{"Node_id":2799,"weight":1.8834},
{"Node_id":2800,"weight":2.7115},
{"Node_id":2801,"weight":2.3597},
{"Node_id":2802,"weight":1.6383},
{"Node_id":2803,"weight":1.4624},
{"Node_id":2804,"weight":3.6392},
{"Node_id":2805,"weight":1.7338},
{"Node_id":2806,"weight":4.3776},
{"Node_id":2807,"weight":1.7089},
{"Node_id":2808,"weight":1.4789},
{"Node_id":2809,"weight":3.2591},
{"Node_id":2810,"weight":3.3871},
{"Node_id":2811,"weight":2.9277},
{"Node_id":2812,"weight":4.5653},
{"Node_id":2813,"weight":3.2178},
{"Node_id":2814,"weight":2.321},
{"Node_id":2815,"weight":2.2073},
{"Node_id":2816,"weight":1.5779},
{"Node_id":2817,"weight":3.8085},
{"Node_id":2818,"weight":1.6186},
{"Node_id":2819,"weight":6.8113},
{"Node_id":2820,"weight":1.6179},
{"Node_id":2821,"weight":1.7377},
{"Node_id":2822,"weight":2.4588},
{"Node_id":2823,"weight":1.6478},
{"Node_id":2824,"weight":1.5231},
{"Node_id":2825,"weight":2.342},
{"Node_id":2826,"weight":1.4644},
{"Node_id":2827,"weight":2.0595},
{"Node_id":2828,"weight":2.2681},
{"Node_id":2830,"weight":1.5109},
{"Node_id":2831,"weight":2.4519},
{"Node_id":2832,"weight":1.7105},
{"Node_id":2835,"weight":3.3871},
{"Node_id":2836,"weight":1.5807},
{"Node_id":2837,"weight":2.7586},
{"Node_id":2838,"weight":2.885},
{"Node_id":2839,"weight":4.5653},
{"Node_id":2840,"weight":3.3683},
{"Node_id":2841,"weight":2.7374},
{"Node_id":2844,"weight":2.0485},
{"Node_id":2845,"weight":1.8261},
{"Node_id":2846,"weight":2.9593},
{"Node_id":2847,"weight":2.0565},
{"Node_id":2848,"weight":2.5123},
{"Node_id":2849,"weight":1.4121},
{"Node_id":2850,"weight":2.2061},
{"Node_id":2851,"weight":1.7136},
{"Node_id":2852,"weight":2.2799},
{"Node_id":2853,"weight":1.7182},
{"Node_id":2856,"weight":2.0605},
{"Node_id":2857,"weight":3.6233},
{"Node_id":2860,"weight":2.6242},
{"Node_id":2861,"weight":1.5771},
{"Node_id":2862,"weight":1.5402},
{"Node_id":2863,"weight":3.2591},
{"Node_id":2864,"weight":1.6754},
{"Node_id":2865,"weight":1.5238},
{"Node_id":2866,"weight":2.0096},
{"Node_id":2867,"weight":2.8381},
{"Node_id":2868,"weight":2.1155},
{"Node_id":2869,"weight":1.5687},
{"Node_id":2870,"weight":1.4014},
{"Node_id":2871,"weight":1.7417},
{"Node_id":2872,"weight":2.3699},
{"Node_id":2875,"weight":1.6078},
{"Node_id":2876,"weight":1.7857},
{"Node_id":2877,"weight":3.562},
{"Node_id":2878,"weight":2.8633},
{"Node_id":2882,"weight":1.9259},
{"Node_id":2883,"weight":2.6662},
{"Node_id":2884,"weight":3.5326},
{"Node_id":2885,"weight":4.0163},
{"Node_id":2886,"weight":3.226},
{"Node_id":2887,"weight":1.7051},
{"Node_id":2888,"weight":2.9113},
{"Node_id":2889,"weight":1.8913},
{"Node_id":2892,"weight":1.6085},
{"Node_id":2893,"weight":1.5999},
{"Node_id":2894,"weight":3.0738},
{"Node_id":2895,"weight":1.5878},
{"Node_id":2987,"weight":3.0117},
{"Node_id":2988,"weight":2.2907},
{"Node_id":2992,"weight":2.0038},
{"Node_id":2993,"weight":3.5398},
{"Node_id":2994,"weight":1.8379},
{"Node_id":2995,"weight":1.3907},
{"Node_id":2996,"weight":3.0786},
{"Node_id":2997,"weight":4.0049},
{"Node_id":2998,"weight":3.4969},
{"Node_id":2999,"weight":1.7841},
{"Node_id":3000,"weight":2.4966},
{"Node_id":3001,"weight":4.9126},
{"Node_id":3002,"weight":3.562},
{"Node_id":3003,"weight":4.9548},
{"Node_id":3004,"weight":4.7592},
{"Node_id":3005,"weight":2.1873},
{"Node_id":3015,"weight":3.0184},
{"Node_id":3016,"weight":1.4572},
{"Node_id":3120,"weight":2.4994},
{"Node_id":3121,"weight":5.4448},
{"Node_id":3122,"weight":1.7988},
{"Node_id":3123,"weight":1.6412},
{"Node_id":3124,"weight":1.4802},
{"Node_id":3125,"weight":1.4683},
{"Node_id":3126,"weight":4.0634},
{"Node_id":3127,"weight":2.895},
{"Node_id":3128,"weight":3.3347},
{"Node_id":3129,"weight":1.6508},
{"Node_id":3130,"weight":3.3777},
{"Node_id":3131,"weight":2.9072},
{"Node_id":3132,"weight":1.4178},
{"Node_id":3133,"weight":2.4881},
{"Node_id":3134,"weight":2.3788},
{"Node_id":3135,"weight":2.9614},
{"Node_id":3136,"weight":1.6664},
{"Node_id":3137,"weight":1.7963},
{"Node_id":3138,"weight":1.9143},
{"Node_id":3139,"weight":1.6523},
{"Node_id":3140,"weight":1.6538},
{"Node_id":3141,"weight":1.9036},
{"Node_id":3142,"weight":1.7776},
{"Node_id":3143,"weight":3.3999},
{"Node_id":3144,"weight":2.3584},
{"Node_id":3145,"weight":2.1785},
{"Node_id":3146,"weight":2.5224},
{"Node_id":3147,"weight":2.4601},
{"Node_id":3148,"weight":1.7074},
{"Node_id":3149,"weight":1.8834},
{"Node_id":3150,"weight":1.8921},
{"Node_id":3151,"weight":1.39},
{"Node_id":3152,"weight":2.2106},
{"Node_id":3153,"weight":1.9241},
{"Node_id":3154,"weight":1.6627},
{"Node_id":3155,"weight":3.0667},
{"Node_id":3156,"weight":2.0605},
{"Node_id":3157,"weight":2.2895},
{"Node_id":3158,"weight":1.43},
{"Node_id":3159,"weight":2.4698},
{"Node_id":3160,"weight":2.7694},
{"Node_id":3161,"weight":1.6982},
{"Node_id":3162,"weight":2.4505},
{"Node_id":3163,"weight":2.8305},
{"Node_id":3164,"weight":1.7825},
{"Node_id":3217,"weight":1.702},
{"Node_id":3284,"weight":2.9133},
{"Node_id":3300,"weight":1.4546},
{"Node_id":3301,"weight":1.6186},
{"Node_id":3302,"weight":2.4754},
{"Node_id":3303,"weight":1.8756},
{"Node_id":3329,"weight":1.4217},
{"Node_id":3366,"weight":1.5701},
{"Node_id":3484,"weight":1.9532},
{"Node_id":3610,"weight":3.2071},
{"Node_id":3611,"weight":1.7988},
{"Node_id":3706,"weight":3.3529},
{"Node_id":3749,"weight":2.658},
{"Node_id":3764,"weight":2.5371},
{"Node_id":3765,"weight":5.9496},
{"Node_id":3792,"weight":1.5589},
{"Node_id":3793,"weight":2.7098},
{"Node_id":3909,"weight":1.7543},
{"Node_id":3910,"weight":1.9746},
{"Node_id":3983,"weight":1.4729},
{"Node_id":4005,"weight":2.4754},
{"Node_id":4006,"weight":2.4302},
{"Node_id":4046,"weight":1.7898},
{"Node_id":4047,"weight":1.7043},
{"Node_id":4048,"weight":1.6612},
{"Node_id":4049,"weight":1.8669},
{"Node_id":4050,"weight":1.6762},
{"Node_id":4051,"weight":2.2208},
{"Node_id":4052,"weight":3.0297},
{"Node_id":4053,"weight":2.4262},
{"Node_id":4054,"weight":2.4155},
{"Node_id":4055,"weight":3.2017},
{"Node_id":4056,"weight":2.4866},
{"Node_id":4057,"weight":2.9939},
{"Node_id":4058,"weight":4.4538},
{"Node_id":4059,"weight":2.1796},
{"Node_id":4060,"weight":1.8523},
{"Node_id":4061,"weight":2.0038},
{"Node_id":4062,"weight":1.9934},
{"Node_id":4063,"weight":1.5652},
{"Node_id":4064,"weight":1.6792},
{"Node_id":4065,"weight":1.561},
{"Node_id":4066,"weight":1.5892},
{"Node_id":4067,"weight":1.6006},
{"Node_id":4068,"weight":1.7377},
{"Node_id":4069,"weight":2.3321},
{"Node_id":4070,"weight":2.0202},
{"Node_id":4071,"weight":4.284},
{"Node_id":4072,"weight":3.4969},
{"Node_id":4073,"weight":1.5736},
{"Node_id":4074,"weight":1.7857},
{"Node_id":4075,"weight":2.3271},
{"Node_id":4076,"weight":1.873},
{"Node_id":4077,"weight":2.0685},
{"Node_id":4078,"weight":1.8506},
{"Node_id":4079,"weight":2.5609},
{"Node_id":4080,"weight":1.6034},
{"Node_id":4081,"weight":2.0358},
{"Node_id":4082,"weight":3.3808},
{"Node_id":4083,"weight":2.2599},
{"Node_id":4084,"weight":3.6801},
{"Node_id":4085,"weight":5.1441},
{"Node_id":4086,"weight":4.0396},
{"Node_id":4087,"weight":2.1611},
{"Node_id":4088,"weight":4.7832},
{"Node_id":4089,"weight":3.4258},
{"Node_id":4090,"weight":2.6662},
{"Node_id":4091,"weight":2.4208},
{"Node_id":4092,"weight":1.5687},
{"Node_id":4093,"weight":2.8191},
{"Node_id":4094,"weight":1.4935},
{"Node_id":4095,"weight":1.7362},
{"Node_id":4098,"weight":6.1637},
{"Node_id":4099,"weight":1.9359},
{"Node_id":4100,"weight":3.3287},
{"Node_id":4101,"weight":3.0458},
{"Node_id":4102,"weight":2.1165},
{"Node_id":4103,"weight":1.5022},
{"Node_id":4104,"weight":2.5066},
{"Node_id":4107,"weight":1.4281},
{"Node_id":4108,"weight":2.4089},
{"Node_id":4109,"weight":1.7615},
{"Node_id":4110,"weight":1.4995},
{"Node_id":4111,"weight":1.9597},
{"Node_id":4112,"weight":2.955},
{"Node_id":4115,"weight":2.4235},
{"Node_id":4116,"weight":1.6634},
{"Node_id":4162,"weight":1.6883},
{"Node_id":4185,"weight":3.2676},
{"Node_id":4187,"weight":2.1062},
{"Node_id":4188,"weight":1.5949},
{"Node_id":4189,"weight":2.0705},
{"Node_id":4190,"weight":5.1441},
{"Node_id":4191,"weight":1.9018},
{"Node_id":4192,"weight":1.5582},
{"Node_id":4193,"weight":1.9477},
{"Node_id":4194,"weight":3.4095},
{"Node_id":4195,"weight":1.798},
{"Node_id":4196,"weight":3.8132},
{"Node_id":4197,"weight":5.1794},
{"Node_id":4198,"weight":8.1114},
{"Node_id":4199,"weight":3.5732},
{"Node_id":4200,"weight":6.5699},
{"Node_id":4201,"weight":1.8506},
{"Node_id":4202,"weight":3.2098},
{"Node_id":4203,"weight":2.1665},
{"Node_id":4206,"weight":2.0959},
{"Node_id":4207,"weight":3.1099},
{"Node_id":4208,"weight":2.2907},
{"Node_id":4209,"weight":5.2734},
{"Node_id":4210,"weight":3.8372},
{"Node_id":4211,"weight":1.6649},
{"Node_id":4212,"weight":2.5775},
{"Node_id":4213,"weight":3.0929},
{"Node_id":4214,"weight":1.7036},
{"Node_id":4215,"weight":2.5297},
{"Node_id":4216,"weight":1.917},
{"Node_id":4217,"weight":1.5416},
{"Node_id":4218,"weight":2.5913},
{"Node_id":4219,"weight":2.2006},
{"Node_id":4220,"weight":2.2073},
{"Node_id":4221,"weight":1.7346},
{"Node_id":4222,"weight":1.7252},
{"Node_id":4223,"weight":2.2871},
{"Node_id":4224,"weight":2.375},
{"Node_id":4225,"weight":1.9487},
{"Node_id":4226,"weight":2.5684},
{"Node_id":4227,"weight":2.4221},
{"Node_id":4228,"weight":1.6523},
{"Node_id":4229,"weight":2.1031},
{"Node_id":4230,"weight":1.7607},
{"Node_id":4231,"weight":1.4045},
{"Node_id":4232,"weight":2.3321},
{"Node_id":4233,"weight":3.5146},
{"Node_id":4234,"weight":3.7991},
{"Node_id":4235,"weight":2.5534},
{"Node_id":4236,"weight":2.2028},
{"Node_id":4237,"weight":1.9896},
{"Node_id":4238,"weight":1.8843},
{"Node_id":4239,"weight":2.8381},
{"Node_id":4240,"weight":1.5076},
{"Node_id":4241,"weight":2.184},
{"Node_id":4242,"weight":2.0416},
{"Node_id":4243,"weight":3.7579},
{"Node_id":4244,"weight":1.9296},
{"Node_id":4245,"weight":2.1093},
{"Node_id":4246,"weight":2.7876},
{"Node_id":4247,"weight":2.2657},
{"Node_id":4248,"weight":3.1651},
{"Node_id":4249,"weight":4.0163},
{"Node_id":4250,"weight":2.0192},
{"Node_id":4251,"weight":2.6678},
{"Node_id":4252,"weight":2.4768},
{"Node_id":4253,"weight":1.5245},
{"Node_id":4254,"weight":4.7954},
{"Node_id":4255,"weight":1.9896},
{"Node_id":4256,"weight":2.3075},
{"Node_id":4257,"weight":2.5023},
{"Node_id":4258,"weight":1.421},
{"Node_id":4259,"weight":1.7151},
{"Node_id":4260,"weight":1.5575},
{"Node_id":4261,"weight":1.9634},
{"Node_id":4282,"weight":2.5312},
{"Node_id":4304,"weight":3.1651},
{"Node_id":4320,"weight":2.0231},
{"Node_id":4335,"weight":2.6945},
{"Node_id":4336,"weight":3.6843},
{"Node_id":4337,"weight":2.6037},
{"Node_id":4352,"weight":3.6233},
{"Node_id":4353,"weight":2.5341},
{"Node_id":4354,"weight":2.6482},
{"Node_id":4355,"weight":2.2095},
{"Node_id":4356,"weight":2.2634},
{"Node_id":4357,"weight":1.653},
{"Node_id":4358,"weight":1.397},
{"Node_id":4359,"weight":2.5166},
{"Node_id":4360,"weight":1.9468},
{"Node_id":4361,"weight":2.0338},
{"Node_id":4362,"weight":1.7528},
{"Node_id":4363,"weight":1.53},
{"Node_id":4438,"weight":1.8128},
{"Node_id":4439,"weight":2.9808},
{"Node_id":4440,"weight":4.2402},
{"Node_id":4441,"weight":1.935},
{"Node_id":4442,"weight":1.6792},
{"Node_id":4443,"weight":3.2591},
{"Node_id":4444,"weight":1.6538},
{"Node_id":4445,"weight":2.1568},
{"Node_id":4446,"weight":3.1781},
{"Node_id":4447,"weight":2.881},
{"Node_id":4448,"weight":1.4848},
{"Node_id":4449,"weight":1.5793},
{"Node_id":4450,"weight":3.1833},
{"Node_id":4451,"weight":2.7857},
{"Node_id":4452,"weight":1.659},
{"Node_id":4453,"weight":1.6754},
{"Node_id":4454,"weight":1.7575},
{"Node_id":4455,"weight":2.2955},
{"Node_id":4456,"weight":2.0202},
{"Node_id":4457,"weight":2.7235},
{"Node_id":4458,"weight":2.1796},
{"Node_id":4459,"weight":2.7339},
{"Node_id":4460,"weight":3.3967},
{"Node_id":4461,"weight":2.4208},
{"Node_id":4462,"weight":1.5652},
{"Node_id":4463,"weight":2.6945},
{"Node_id":4464,"weight":4.1064},
{"Node_id":4468,"weight":1.5259},
{"Node_id":4469,"weight":2.1312},
{"Node_id":4470,"weight":1.5002},
{"Node_id":4471,"weight":6.3182},
{"Node_id":4472,"weight":2.0745},
{"Node_id":4473,"weight":1.4822},
{"Node_id":4474,"weight":1.4848},
{"Node_id":4475,"weight":2.0436},
{"Node_id":4476,"weight":1.9905},
{"Node_id":4477,"weight":2.4852},
{"Node_id":4478,"weight":1.8643},
{"Node_id":4479,"weight":3.1651},
{"Node_id":4480,"weight":3.7357},
{"Node_id":4481,"weight":1.3932},
{"Node_id":4482,"weight":1.4975},
{"Node_id":4483,"weight":1.8037},
{"Node_id":4484,"weight":1.5963},
{"Node_id":4485,"weight":2.5224},
{"Node_id":4486,"weight":3.842},
{"Node_id":4487,"weight":2.1622},
{"Node_id":4488,"weight":1.8515},
{"Node_id":4489,"weight":5.8401},
{"Node_id":4490,"weight":1.6906},
{"Node_id":4491,"weight":1.7736},
{"Node_id":4492,"weight":1.9296},
{"Node_id":4493,"weight":2.7857},
{"Node_id":4494,"weight":2.3546},
{"Node_id":4495,"weight":3.776},
{"Node_id":4496,"weight":4.0694},
{"Node_id":4497,"weight":2.4671},
{"Node_id":4498,"weight":2.173},
{"Node_id":4499,"weight":1.752},
{"Node_id":4500,"weight":2.0038},
{"Node_id":4501,"weight":1.4371},
{"Node_id":4502,"weight":2.7081},
{"Node_id":4503,"weight":1.4835},
{"Node_id":4504,"weight":1.9962},
{"Node_id":4505,"weight":2.727},
{"Node_id":4506,"weight":2.2517},
{"Node_id":4507,"weight":2.3648},
{"Node_id":4508,"weight":3.596},
{"Node_id":4509,"weight":2.6257},
{"Node_id":4510,"weight":2.4275},
{"Node_id":4511,"weight":1.9277},
{"Node_id":4512,"weight":2.3866},
{"Node_id":4513,"weight":5.3992},
{"Node_id":4514,"weight":1.4624},
{"Node_id":4515,"weight":1.5485},
{"Node_id":4516,"weight":2.3395},
{"Node_id":4517,"weight":1.8895},
{"Node_id":4518,"weight":2.4588},
{"Node_id":4519,"weight":2.2799},
{"Node_id":4520,"weight":2.8652},
{"Node_id":4521,"weight":1.5062},
{"Node_id":4522,"weight":1.4881},
{"Node_id":4523,"weight":1.5842},
{"Node_id":4524,"weight":1.4921},
{"Node_id":4525,"weight":1.8078},
{"Node_id":4526,"weight":1.776},
{"Node_id":4527,"weight":3.305},
{"Node_id":4528,"weight":2.5959},
{"Node_id":4529,"weight":1.6974},
{"Node_id":4530,"weight":2.2196},
{"Node_id":4531,"weight":1.4848},
{"Node_id":4532,"weight":2.881},
{"Node_id":4533,"weight":1.7401},
{"Node_id":4534,"weight":2.3234},
{"Node_id":4535,"weight":1.6208},
{"Node_id":4536,"weight":2.6563},
{"Node_id":4537,"weight":1.6486},
{"Node_id":4538,"weight":1.9332},
{"Node_id":4539,"weight":1.8523},
{"Node_id":4540,"weight":2.8229},
{"Node_id":4541,"weight":2.5579},
{"Node_id":4563,"weight":2.0907},
{"Node_id":4564,"weight":6.0725},
{"Node_id":4565,"weight":2.8574},
{"Node_id":4566,"weight":1.4178},
{"Node_id":4567,"weight":1.5992},
{"Node_id":4568,"weight":2.1719},
{"Node_id":4569,"weight":1.5035},
{"Node_id":4570,"weight":1.3882},
{"Node_id":4571,"weight":2.2576},
{"Node_id":4572,"weight":3.3652},
{"Node_id":4573,"weight":2.5254},
{"Node_id":4574,"weight":1.7105},
{"Node_id":4575,"weight":4.8458},
{"Node_id":4576,"weight":2.2552},
{"Node_id":4577,"weight":1.3988},
{"Node_id":4578,"weight":1.4172},
{"Node_id":4579,"weight":1.6523},
{"Node_id":4580,"weight":1.7963},
{"Node_id":4581,"weight":4.1002},
{"Node_id":4582,"weight":2.5066},
{"Node_id":4583,"weight":2.5385},
{"Node_id":4584,"weight":2.877},
{"Node_id":4585,"weight":1.9523},
{"Node_id":4586,"weight":2.5714},
{"Node_id":4587,"weight":1.4565},
{"Node_id":4588,"weight":1.744},
{"Node_id":4589,"weight":1.6732},
{"Node_id":4590,"weight":1.798},
{"Node_id":4591,"weight":1.9305},
{"Node_id":4592,"weight":1.4229},
{"Node_id":4593,"weight":1.543},
{"Node_id":4594,"weight":4.1711},
{"Node_id":4595,"weight":2.6711},
{"Node_id":4596,"weight":2.205},
{"Node_id":4597,"weight":3.1347},
{"Node_id":4598,"weight":1.4815},
{"Node_id":4599,"weight":1.752},
{"Node_id":4600,"weight":3.0252},
{"Node_id":4601,"weight":1.6368},
{"Node_id":4602,"weight":2.9593},
{"Node_id":4603,"weight":3.1964},
{"Node_id":4604,"weight":2.0565},
{"Node_id":4605,"weight":1.9296},
{"Node_id":4606,"weight":1.8136},
{"Node_id":4607,"weight":2.2242},
{"Node_id":4608,"weight":2.3571},
{"Node_id":4609,"weight":3.8038},
{"Node_id":4610,"weight":2.0938},
{"Node_id":4611,"weight":2.0745},
{"Node_id":4612,"weight":2.5123},
{"Node_id":4613,"weight":1.5786},
{"Node_id":4614,"weight":1.726},
{"Node_id":4615,"weight":1.4663},
{"Node_id":4616,"weight":2.6563},
{"Node_id":4617,"weight":1.4147},
{"Node_id":4618,"weight":2.9011},
{"Node_id":4619,"weight":5.2347},
{"Node_id":4620,"weight":3.4095},
{"Node_id":4621,"weight":3.4225},
{"Node_id":4622,"weight":1.8557},
{"Node_id":4623,"weight":2.6498},
{"Node_id":4624,"weight":2.1134},
{"Node_id":4625,"weight":2.366},
{"Node_id":4626,"weight":1.9395},
{"Node_id":4627,"weight":3.1859},
{"Node_id":4628,"weight":2.2907},
{"Node_id":4629,"weight":1.8337},
{"Node_id":4630,"weight":1.5652},
{"Node_id":4631,"weight":2.543},
{"Node_id":4632,"weight":5.8061},
{"Node_id":4633,"weight":3.6969},
{"Node_id":4634,"weight":2.1774},
{"Node_id":4635,"weight":1.4795},
{"Node_id":4636,"weight":1.3944},
{"Node_id":4637,"weight":2.3222},
{"Node_id":4638,"weight":1.8012},
{"Node_id":4639,"weight":5.2933},
{"Node_id":4642,"weight":1.5652},
{"Node_id":4643,"weight":2.5944},
{"Node_id":4644,"weight":2.0856},
{"Node_id":4645,"weight":1.5029},
{"Node_id":4646,"weight":2.8751},
{"Node_id":4647,"weight":1.5361},
{"Node_id":4648,"weight":3.2342},
{"Node_id":4649,"weight":1.9432},
{"Node_id":4650,"weight":1.639},
{"Node_id":4651,"weight":2.0436},
{"Node_id":4654,"weight":5.7105},
{"Node_id":4691,"weight":1.8834},
{"Node_id":4692,"weight":1.6657},
{"Node_id":4693,"weight":2.0918},
{"Node_id":4694,"weight":4.8588},
{"Node_id":4695,"weight":2.9257},
{"Node_id":4696,"weight":3.4323},
{"Node_id":4706,"weight":1.8756},
{"Node_id":4762,"weight":4.1982},
{"Node_id":4763,"weight":3.6392},
{"Node_id":4764,"weight":1.9727},
{"Node_id":4765,"weight":5.7414},
{"Node_id":4766,"weight":3.0929},
{"Node_id":4767,"weight":2.3609},
{"Node_id":4768,"weight":1.7113},
{"Node_id":4769,"weight":1.4268},
{"Node_id":4772,"weight":2.9896},
{"Node_id":4773,"weight":2.0938},
{"Node_id":4774,"weight":3.6718},
{"Node_id":4775,"weight":2.1124},
{"Node_id":4776,"weight":2.5519},
{"Node_id":4777,"weight":2.3445},
{"Node_id":4778,"weight":1.5527},
{"Node_id":4779,"weight":1.752},
{"Node_id":4780,"weight":2.7658},
{"Node_id":4781,"weight":1.9241},
{"Node_id":4782,"weight":1.8506},
{"Node_id":4783,"weight":2.4951},
{"Node_id":4784,"weight":3.3168},
{"Node_id":4785,"weight":1.9368},
{"Node_id":4786,"weight":2.2599},
{"Node_id":4787,"weight":1.8532},
{"Node_id":4788,"weight":2.2379},
{"Node_id":4789,"weight":1.8379},
{"Node_id":4790,"weight":3.6718},
{"Node_id":4791,"weight":1.6317},
{"Node_id":4792,"weight":3.7624},
{"Node_id":4793,"weight":1.5617},
{"Node_id":4794,"weight":1.8566},
{"Node_id":4795,"weight":1.8575},
{"Node_id":4796,"weight":1.6013},
{"Node_id":4800,"weight":2.508},
{"Node_id":4801,"weight":1.4198},
{"Node_id":4802,"weight":2.4478},
{"Node_id":4803,"weight":1.4474},
{"Node_id":4804,"weight":3.0229},
{"Node_id":4805,"weight":2.0377},
{"Node_id":4806,"weight":1.5218},
{"Node_id":5039,"weight":4.833},
{"Node_id":5040,"weight":1.5485},
{"Node_id":5041,"weight":2.3063},
{"Node_id":5042,"weight":1.8957},
{"Node_id":5045,"weight":4.1914},
{"Node_id":5046,"weight":4.3534},
{"Node_id":5047,"weight":1.6302},
{"Node_id":5048,"weight":1.8738},
{"Node_id":5049,"weight":1.5245},
{"Node_id":5050,"weight":5.0294},
{"Node_id":5051,"weight":1.5807},
{"Node_id":5052,"weight":3.8716},
{"Node_id":5053,"weight":2.2907},
{"Node_id":5054,"weight":2.6612},
{"Node_id":5055,"weight":2.2061},
{"Node_id":5056,"weight":1.5218},
{"Node_id":5057,"weight":2.2017},
{"Node_id":5058,"weight":5.3771},
{"Node_id":5059,"weight":2.3918},
{"Node_id":5060,"weight":1.5327},
{"Node_id":5061,"weight":1.5527},
{"Node_id":5062,"weight":2.2448},
{"Node_id":5206,"weight":5.2347},
{"Node_id":5207,"weight":1.9606},
{"Node_id":5208,"weight":1.7719},
{"Node_id":5209,"weight":1.4474},
{"Node_id":5210,"weight":2.4768},
{"Node_id":5221,"weight":1.7417},
{"Node_id":5222,"weight":2.9808},
{"Node_id":5225,"weight":1.4128},
{"Node_id":5226,"weight":1.5992},
{"Node_id":5227,"weight":1.6762},
{"Node_id":5228,"weight":2.0212},
{"Node_id":5229,"weight":3.0389},
{"Node_id":5230,"weight":3.3377},
{"Node_id":5275,"weight":2.6337},
{"Node_id":5276,"weight":1.7448},
{"Node_id":5277,"weight":1.6331},
{"Node_id":5278,"weight":2.0397},
{"Node_id":5279,"weight":1.7464},
{"Node_id":5280,"weight":1.9802},
{"Node_id":5281,"weight":2.027},
{"Node_id":5282,"weight":1.5828},
{"Node_id":5283,"weight":3.0504},
{"Node_id":5284,"weight":1.4281},
{"Node_id":5285,"weight":2.1557},
{"Node_id":5286,"weight":1.7881},
{"Node_id":5295,"weight":2.645},
{"Node_id":5296,"weight":1.575},
{"Node_id":5342,"weight":4.212},
{"Node_id":5343,"weight":3.5326},
{"Node_id":5344,"weight":3.248},
{"Node_id":5345,"weight":1.4526},
{"Node_id":5385,"weight":2.9917},
{"Node_id":5386,"weight":1.5779},
{"Node_id":5387,"weight":2.1503},
{"Node_id":5388,"weight":1.465},
{"Node_id":5389,"weight":1.9811},
{"Node_id":5390,"weight":1.4526},
{"Node_id":5391,"weight":1.5771},
{"Node_id":5392,"weight":1.8062},
{"Node_id":5393,"weight":2.0125},
{"Node_id":5394,"weight":5.7414},
{"Node_id":5395,"weight":4.1318},
{"Node_id":5396,"weight":2.5371},
{"Node_id":5397,"weight":2.1323},
{"Node_id":5398,"weight":1.4223},
{"Node_id":5399,"weight":4.3858},
{"Node_id":5400,"weight":4.4364},
{"Node_id":5401,"weight":1.4064},
{"Node_id":5402,"weight":1.4533},
{"Node_id":5403,"weight":1.513},
{"Node_id":5404,"weight":1.7036},
{"Node_id":5405,"weight":2.1218},
{"Node_id":5406,"weight":4.4451},
{"Node_id":5407,"weight":1.6538},
{"Node_id":5408,"weight":2.2185},
{"Node_id":5409,"weight":1.7535},
{"Node_id":5410,"weight":2.102},
{"Node_id":5411,"weight":1.397},
{"Node_id":5412,"weight":2.0685},
{"Node_id":5413,"weight":1.8851},
{"Node_id":5414,"weight":1.8379},
{"Node_id":5415,"weight":5.6515},
{"Node_id":5416,"weight":1.8992},
{"Node_id":5417,"weight":1.7939},
{"Node_id":5418,"weight":2.0125},
{"Node_id":5419,"weight":2.5594},
{"Node_id":5420,"weight":1.7244},
{"Node_id":5421,"weight":3.6969},
{"Node_id":5422,"weight":3.1703},
{"Node_id":5423,"weight":1.5184},
{"Node_id":5424,"weight":1.3869},
{"Node_id":5425,"weight":2.1829},
{"Node_id":5426,"weight":2.2196},
{"Node_id":5427,"weight":1.9597},
{"Node_id":5428,"weight":2.8477},
{"Node_id":5429,"weight":1.6694},
{"Node_id":5430,"weight":3.577},
{"Node_id":5431,"weight":2.889},
{"Node_id":5432,"weight":2.885},
{"Node_id":5433,"weight":1.5259},
{"Node_id":5434,"weight":3.8567},
{"Node_id":5435,"weight":3.3079},
{"Node_id":5436,"weight":1.8354},
{"Node_id":5437,"weight":1.7736},
{"Node_id":5438,"weight":3.714},
{"Node_id":5439,"weight":1.8371},
{"Node_id":5440,"weight":2.9808},
{"Node_id":5441,"weight":2.9614},
{"Node_id":5442,"weight":3.4934},
{"Node_id":5443,"weight":1.3882},
{"Node_id":5444,"weight":1.7623},
{"Node_id":5445,"weight":2.3711},
{"Node_id":5446,"weight":1.4313},
{"Node_id":5447,"weight":1.5527},
{"Node_id":5448,"weight":2.2599},
{"Node_id":5449,"weight":2.0029},
{"Node_id":5450,"weight":2.6596},
{"Node_id":5451,"weight":1.9359},
{"Node_id":5452,"weight":2.9381},
{"Node_id":5453,"weight":2.9174},
{"Node_id":5454,"weight":1.6171},
{"Node_id":5455,"weight":1.8103},
{"Node_id":5456,"weight":1.5334},
{"Node_id":5457,"weight":2.887},
{"Node_id":5458,"weight":1.8186},
{"Node_id":5459,"weight":1.9542},
{"Node_id":5470,"weight":1.6785},
{"Node_id":5471,"weight":3.0006},
{"Node_id":5472,"weight":2.1785},
{"Node_id":5473,"weight":3.0786},
{"Node_id":5474,"weight":3.8275},
{"Node_id":5475,"weight":1.7881},
{"Node_id":5476,"weight":3.055},
{"Node_id":5477,"weight":1.9662},
{"Node_id":5478,"weight":2.4671},
{"Node_id":5479,"weight":3.2905},
{"Node_id":5480,"weight":1.901},
{"Node_id":5481,"weight":1.9802},
{"Node_id":5482,"weight":1.9802},
{"Node_id":5483,"weight":7.8236},
{"Node_id":5487,"weight":1.6913},
{"Node_id":5488,"weight":2.645},
{"Node_id":5489,"weight":4.0163},
{"Node_id":5490,"weight":1.4915},
{"Node_id":5491,"weight":1.5347},
{"Node_id":5492,"weight":2.6531},
{"Node_id":5493,"weight":2.2611},
{"Node_id":5572,"weight":4.3454},
{"Node_id":5573,"weight":2.8248},
{"Node_id":5576,"weight":2.4994},
{"Node_id":5577,"weight":1.748},
{"Node_id":5578,"weight":1.4855},
{"Node_id":5579,"weight":2.764},
{"Node_id":5580,"weight":1.8721},
{"Node_id":5581,"weight":2.4492},
{"Node_id":5582,"weight":1.8904},
{"Node_id":5583,"weight":1.9783},
{"Node_id":5584,"weight":1.6508},
{"Node_id":5585,"weight":2.1302},
{"Node_id":5586,"weight":2.4356},
{"Node_id":5587,"weight":2.0897},
{"Node_id":5588,"weight":3.1322},
{"Node_id":5589,"weight":1.956},
{"Node_id":5590,"weight":4.5362},
{"Node_id":5591,"weight":2.8574},
{"Node_id":5594,"weight":4.6053},
{"Node_id":5595,"weight":2.7839},
{"Node_id":5596,"weight":1.5177},
{"Node_id":5597,"weight":1.414},
{"Node_id":5598,"weight":1.7496},
{"Node_id":5599,"weight":2.0318},
{"Node_id":5600,"weight":3.2424},
{"Node_id":5601,"weight":1.8756},
{"Node_id":5665,"weight":2.5371},
{"Node_id":5666,"weight":1.414},
{"Node_id":5667,"weight":2.4643},
{"Node_id":5696,"weight":1.8128},
{"Node_id":5697,"weight":1.4461},
{"Node_id":5698,"weight":2.0446},
{"Node_id":5699,"weight":2.5821},
{"Node_id":5700,"weight":3.4761},
{"Node_id":5701,"weight":1.5062},
{"Node_id":5702,"weight":2.0989},
{"Node_id":5703,"weight":2.3788},
{"Node_id":5704,"weight":1.5485},
{"Node_id":5705,"weight":4.4108},
{"Node_id":5708,"weight":1.4384},
{"Node_id":5709,"weight":2.7551},
{"Node_id":5710,"weight":1.7409},
{"Node_id":5711,"weight":2.1333},
{"Node_id":5712,"weight":1.9634},
{"Node_id":5713,"weight":1.8111},
{"Node_id":5714,"weight":2.7604},
{"Node_id":5715,"weight":1.5779},
{"Node_id":5716,"weight":4.1383},
{"Node_id":5717,"weight":1.4565},
{"Node_id":5718,"weight":3.6233},
{"Node_id":5719,"weight":1.7599},
{"Node_id":5720,"weight":2.5806},
{"Node_id":5721,"weight":1.4096},
{"Node_id":5722,"weight":3.9072},
{"Node_id":5723,"weight":1.8211},
{"Node_id":5724,"weight":2.5312},
{"Node_id":5725,"weight":1.8037},
{"Node_id":5726,"weight":2.9657},
{"Node_id":5727,"weight":2.6514},
{"Node_id":5728,"weight":1.4229},
{"Node_id":5729,"weight":2.7132},
{"Node_id":5730,"weight":1.8404},
{"Node_id":5731,"weight":1.9332},
{"Node_id":5732,"weight":2.5867},
{"Node_id":5733,"weight":1.6694},
{"Node_id":5734,"weight":4.119},
{"Node_id":5735,"weight":2.4937},
{"Node_id":5736,"weight":3.9992},
{"Node_id":5737,"weight":1.9268},
{"Node_id":5738,"weight":1.4351},
{"Node_id":5739,"weight":1.5361},
{"Node_id":5740,"weight":1.6501},
{"Node_id":5741,"weight":1.9001},
{"Node_id":7425,"weight":0.1294},
{"Node_id":7426,"weight":1.2721},
{"Node_id":7427,"weight":3.2676},
{"Node_id":7428,"weight":0.036},
{"Node_id":7429,"weight":2.8691},
{"Node_id":7434,"weight":2.7046},
{"Node_id":7435,"weight":0.5266},
{"Node_id":7436,"weight":0.49},
{"Node_id":7437,"weight":1.62},
{"Node_id":7438,"weight":2.1763},
{"Node_id":7439,"weight":0.6955},
{"Node_id":7440,"weight":2.5166},
{"Node_id":7441,"weight":5.4448},
{"Node_id":7442,"weight":1.9072},
{"Node_id":7443,"weight":0.6239},
{"Node_id":7444,"weight":0.9529},
{"Node_id":7445,"weight":1.0716},
{"Node_id":7446,"weight":0.944},
{"Node_id":7447,"weight":1.9569},
{"Node_id":7448,"weight":1.6822},
{"Node_id":7449,"weight":0.8274},
{"Node_id":7454,"weight":1.2856},
{"Node_id":7455,"weight":2.0755},
{"Node_id":7456,"weight":0.1519},
{"Node_id":7468,"weight":0.388},
{"Node_id":7469,"weight":1.2448},
{"Node_id":7473,"weight":0.7598},
{"Node_id":7475,"weight":2.498},
{"Node_id":7476,"weight":1.827},
{"Node_id":7499,"weight":4.0878},
{"Node_id":7500,"weight":1.8245},
{"Node_id":7501,"weight":2.173},
{"Node_id":7502,"weight":2.1741},
{"Node_id":7503,"weight":0.6803},
{"Node_id":7504,"weight":3.2876},
{"Node_id":7505,"weight":0.7755},
{"Node_id":7506,"weight":3.7011},
{"Node_id":7507,"weight":0.7829},
{"Node_id":7511,"weight":1.4435},
{"Node_id":7512,"weight":4.8588},
{"Node_id":7514,"weight":2.5459},
{"Node_id":7515,"weight":0.2258},
{"Node_id":7516,"weight":1.7089},
{"Node_id":7517,"weight":2.9153},
{"Node_id":7518,"weight":0.2302},
{"Node_id":7519,"weight":3.429},
{"Node_id":7522,"weight":0.3437},
{"Node_id":7523,"weight":0.2294},
{"Node_id":7526,"weight":0.9579},
{"Node_id":7529,"weight":0.3602},
{"Node_id":7530,"weight":3.6233},
{"Node_id":7531,"weight":1.6128},
{"Node_id":7532,"weight":2.1763},
{"Node_id":7533,"weight":4.8988},
{"Node_id":7534,"weight":1.7535},
{"Node_id":7535,"weight":0.6678},
{"Node_id":7536,"weight":1.0465},
{"Node_id":7537,"weight":0.8231},
{"Node_id":7556,"weight":1.4191},
{"Node_id":7557,"weight":1.1859},
{"Node_id":7562,"weight":1.6258},
{"Node_id":7563,"weight":0.3174},
{"Node_id":7566,"weight":0.9203},
{"Node_id":7567,"weight":0.9346},
{"Node_id":7568,"weight":2.5195},
{"Node_id":7569,"weight":1.0997},
{"Node_id":7570,"weight":1.08},
{"Node_id":7571,"weight":0.3293},
{"Node_id":7572,"weight":0.2055},
{"Node_id":7575,"weight":1.1698},
{"Node_id":7576,"weight":0.3756},
{"Node_id":7577,"weight":1.969},
{"Node_id":7578,"weight":0.5849},
{"Node_id":7579,"weight":0.216},
{"Node_id":7580,"weight":0.0532},
{"Node_id":7585,"weight":3.818},
{"Node_id":7586,"weight":0.2408},
{"Node_id":7587,"weight":3.7401},
{"Node_id":7588,"weight":0.9982},
{"Node_id":7589,"weight":0.4608},
{"Node_id":7590,"weight":0.2884},
{"Node_id":7591,"weight":1.5437},
{"Node_id":7592,"weight":1.1914},
{"Node_id":7593,"weight":0.7332},
{"Node_id":7594,"weight":0.9714},
{"Node_id":7595,"weight":0.9115},
{"Node_id":7596,"weight":0.4768},
{"Node_id":7597,"weight":0.2745},
{"Node_id":7598,"weight":0.9095},
{"Node_id":7599,"weight":0.1141},
{"Node_id":7600,"weight":0.1491},
{"Node_id":7601,"weight":0.4879},
{"Node_id":7604,"weight":0.1322},
{"Node_id":7605,"weight":0.5155},
{"Node_id":7726,"weight":0.6879},
{"Node_id":7727,"weight":1.8379},
{"Node_id":7728,"weight":1.2396}]