[{"Node_id":2564,"weight":1.9214},
{"Node_id":2568,"weight":2.184},
{"Node_id":2569,"weight":3.483},
{"Node_id":2570,"weight":2.2799},
{"Node_id":2571,"weight":2.0505},
{"Node_id":2572,"weight":1.9802},
{"Node_id":2573,"weight":2.5051},
{"Node_id":2577,"weight":2.4994},
{"Node_id":2578,"weight":2.7218},
{"Node_id":2579,"weight":3.6636},
{"Node_id":2580,"weight":1.6493},
{"Node_id":2581,"weight":4.0396},
{"Node_id":2582,"weight":2.0367},
{"Node_id":2583,"weight":1.4319},
{"Node_id":2584,"weight":3.8918},
{"Node_id":2585,"weight":2.3699},
{"Node_id":2586,"weight":1.8825},
{"Node_id":2587,"weight":1.9924},
{"Node_id":2588,"weight":2.5459},
{"Node_id":2589,"weight":2.6645},
{"Node_id":2590,"weight":2.321},
{"Node_id":2591,"weight":1.6936},
{"Node_id":2592,"weight":4.1254},
{"Node_id":2595,"weight":2.1397},
{"Node_id":2596,"weight":2.4195},
{"Node_id":2597,"weight":1.4064},
{"Node_id":2598,"weight":1.8203},
{"Node_id":2599,"weight":4.1846},
{"Node_id":2606,"weight":2.7912},
{"Node_id":2611,"weight":2.9298},
{"Node_id":2612,"weight":3.7945},
{"Node_id":2616,"weight":1.5736},
{"Node_id":2617,"weight":1.9597},
{"Node_id":2618,"weight":1.9569},
{"Node_id":2619,"weight":1.4474},
{"Node_id":2620,"weight":1.9468},
{"Node_id":2621,"weight":2.0241},
{"Node_id":2642,"weight":1.4371},
{"Node_id":2643,"weight":2.4866},
{"Node_id":2644,"weight":1.7922},
{"Node_id":2645,"weight":1.5259},
{"Node_id":2646,"weight":3.2124},
{"Node_id":2647,"weight":2.5123},
{"Node_id":2648,"weight":1.832},
{"Node_id":2649,"weight":4.7357},
{"Node_id":2650,"weight":1.744},
{"Node_id":2651,"weight":1.748},
{"Node_id":2654,"weight":1.8643},
{"Node_id":2655,"weight":3.4127},
{"Node_id":2656,"weight":1.7036},
{"Node_id":2657,"weight":2.5852},
{"Node_id":2659,"weight":2.0846},
{"Node_id":2660,"weight":3.9713},
{"Node_id":2661,"weight":3.2963},
{"Node_id":2662,"weight":2.0212},
{"Node_id":2663,"weight":1.3976},
{"Node_id":2664,"weight":1.5513},
{"Node_id":2665,"weight":1.8203},
{"Node_id":2666,"weight":1.5492},
{"Node_id":2667,"weight":2.0456},
{"Node_id":2668,"weight":1.7036},
{"Node_id":2669,"weight":2.0595},
{"Node_id":2670,"weight":4.7954},
{"Node_id":2673,"weight":1.8421},
{"Node_id":2674,"weight":1.4624},
{"Node_id":2675,"weight":3.429},
{"Node_id":2676,"weight":2.764},
{"Node_id":2677,"weight":2.001},
{"Node_id":2678,"weight":1.6353},
{"Node_id":2679,"weight":1.4539},
{"Node_id":2680,"weight":4.219},
{"Node_id":2681,"weight":3.0667},
{"Node_id":2696,"weight":1.5638},
{"Node_id":2699,"weight":1.7583},
{"Node_id":2700,"weight":2.4102},
{"Node_id":2705,"weight":7.6004},
{"Node_id":2706,"weight":1.6034},
{"Node_id":2709,"weight":1.8421},
{"Node_id":2710,"weight":1.9532},
{"Node_id":2711,"weight":2.1928},
{"Node_id":2712,"weight":1.6493},
{"Node_id":2713,"weight":1.9395},
{"Node_id":2714,"weight":2.3983},
{"Node_id":2715,"weight":2.2634},
{"Node_id":2716,"weight":2.2253},
{"Node_id":2718,"weight":2.4369},
{"Node_id":2719,"weight":2.3271},
{"Node_id":2720,"weight":3.1026},
{"Node_id":2721,"weight":1.5764},
{"Node_id":2722,"weight":1.7097},
{"Node_id":2723,"weight":2.7115},
{"Node_id":2728,"weight":1.4261},
{"Node_id":2729,"weight":4.2766},
{"Node_id":2730,"weight":6.0725},
{"Node_id":2731,"weight":3.2397},
{"Node_id":2732,"weight":2.3763},
{"Node_id":2733,"weight":5.2159},
{"Node_id":2734,"weight":2.6006},
{"Node_id":2735,"weight":2.7857},
{"Node_id":2736,"weight":3.3714},
{"Node_id":2737,"weight":1.5666},
{"Node_id":2738,"weight":2.6612},
{"Node_id":2739,"weight":1.886},
{"Node_id":2740,"weight":1.866},
{"Node_id":2741,"weight":1.5327},
{"Node_id":2742,"weight":2.1218},
{"Node_id":2743,"weight":1.5123},
{"Node_id":2744,"weight":3.596},
{"Node_id":2745,"weight":1.7013},
{"Node_id":2747,"weight":2.887},
{"Node_id":2748,"weight":2.2287},
{"Node_id":2870,"weight":1.6875},
{"Node_id":2871,"weight":3.3227},
{"Node_id":2872,"weight":3.2733},
{"Node_id":3195,"weight":2.8172},
{"Node_id":3385,"weight":2.5654},
{"Node_id":3386,"weight":1.4281},
{"Node_id":3387,"weight":2.0887},
{"Node_id":3620,"weight":2.806},
{"Node_id":3621,"weight":5.077},
{"Node_id":3622,"weight":1.4178},
{"Node_id":3623,"weight":4.1064},
{"Node_id":3624,"weight":2.0695},
{"Node_id":3625,"weight":1.6085},
{"Node_id":3626,"weight":2.2196},
{"Node_id":3627,"weight":1.6027},
{"Node_id":3628,"weight":2.0907},
{"Node_id":3629,"weight":2.9635},
{"Node_id":3630,"weight":3.9549},
{"Node_id":3631,"weight":1.4474},
{"Node_id":3632,"weight":1.7051},
{"Node_id":3633,"weight":2.3996},
{"Node_id":3634,"weight":1.7433},
{"Node_id":3635,"weight":2.1807},
{"Node_id":3636,"weight":2.3866},
{"Node_id":3637,"weight":1.3919},
{"Node_id":3638,"weight":2.0928},
{"Node_id":3641,"weight":4.5751},
{"Node_id":3642,"weight":1.8481},
{"Node_id":3643,"weight":2.0938},
{"Node_id":3644,"weight":1.9615},
{"Node_id":3645,"weight":2.0299},
{"Node_id":3646,"weight":2.3433},
{"Node_id":3647,"weight":1.7159},
{"Node_id":3648,"weight":2.5504},
{"Node_id":3649,"weight":2.9765},
{"Node_id":3650,"weight":2.5519},
{"Node_id":3651,"weight":1.8523},
{"Node_id":3652,"weight":2.3648},
{"Node_id":3655,"weight":1.4868},
{"Node_id":3656,"weight":1.4481},
{"Node_id":3657,"weight":1.4384},
{"Node_id":3658,"weight":5.2933},
{"Node_id":3659,"weight":1.4313},
{"Node_id":3660,"weight":3.3287},
{"Node_id":3661,"weight":1.9305},
{"Node_id":3662,"weight":4.8078},
{"Node_id":3663,"weight":2.5195},
{"Node_id":3664,"weight":1.3882},
{"Node_id":3665,"weight":3.2151},
{"Node_id":3666,"weight":2.3271},
{"Node_id":3667,"weight":1.6208},
{"Node_id":3668,"weight":4.6469},
{"Node_id":3669,"weight":2.2943},
{"Node_id":3670,"weight":3.4523},
{"Node_id":3671,"weight":1.4617},
{"Node_id":3672,"weight":1.4313},
{"Node_id":3673,"weight":3.0978},
{"Node_id":3674,"weight":1.6142},
{"Node_id":3675,"weight":1.3869},
{"Node_id":3676,"weight":3.0006},
{"Node_id":3677,"weight":2.8691},
{"Node_id":3678,"weight":1.7276},
{"Node_id":3679,"weight":1.3982},
{"Node_id":3680,"weight":1.8869},
{"Node_id":3681,"weight":2.0918},
{"Node_id":3686,"weight":2.7604},
{"Node_id":3687,"weight":1.7647},
{"Node_id":3688,"weight":3.4225},
{"Node_id":3689,"weight":3.1651},
{"Node_id":3690,"weight":2.6482},
{"Node_id":3691,"weight":1.6434},
{"Node_id":3692,"weight":2.6662},
{"Node_id":3693,"weight":1.5204},
{"Node_id":3694,"weight":1.8704},
{"Node_id":3695,"weight":1.4455},
{"Node_id":3696,"weight":1.452},
{"Node_id":3697,"weight":3.6677},
{"Node_id":3698,"weight":2.9722},
{"Node_id":3699,"weight":1.6405},
{"Node_id":3702,"weight":3.511},
{"Node_id":3703,"weight":1.6627},
{"Node_id":3704,"weight":3.1173},
{"Node_id":3705,"weight":2.2752},
{"Node_id":3706,"weight":1.6049},
{"Node_id":3707,"weight":1.6612},
{"Node_id":3708,"weight":2.9786},
{"Node_id":3709,"weight":1.9496},
{"Node_id":3710,"weight":1.7151},
{"Node_id":3713,"weight":1.8037},
{"Node_id":3714,"weight":1.7448},
{"Node_id":3715,"weight":1.9197},
{"Node_id":3716,"weight":2.6369},
{"Node_id":3752,"weight":1.4494},
{"Node_id":3753,"weight":4.4024},
{"Node_id":3754,"weight":2.1397},
{"Node_id":3755,"weight":1.4822},
{"Node_id":3756,"weight":3.7852},
{"Node_id":3757,"weight":1.9487},
{"Node_id":3758,"weight":2.1218},
{"Node_id":3759,"weight":2.2242},
{"Node_id":3760,"weight":1.9972},
{"Node_id":3761,"weight":5.9496},
{"Node_id":3764,"weight":2.9298},
{"Node_id":3767,"weight":4.1711},
{"Node_id":3768,"weight":2.4142},
{"Node_id":3769,"weight":2.4838},
{"Node_id":3770,"weight":2.4629},
{"Node_id":3771,"weight":3.2676},
{"Node_id":3772,"weight":4.6259},
{"Node_id":3773,"weight":4.5555},
{"Node_id":3774,"weight":1.7865},
{"Node_id":3775,"weight":1.4862},
{"Node_id":3776,"weight":1.8921},
{"Node_id":3777,"weight":1.5055},
{"Node_id":3778,"weight":1.4261},
{"Node_id":3779,"weight":1.7551},
{"Node_id":3780,"weight":1.8652},
{"Node_id":3781,"weight":5.2539},
{"Node_id":3782,"weight":1.4815},
{"Node_id":3783,"weight":1.4287},
{"Node_id":3784,"weight":1.5451},
{"Node_id":3785,"weight":1.6229},
{"Node_id":3786,"weight":4.2051},
{"Node_id":3787,"weight":2.579},
{"Node_id":3788,"weight":1.5885},
{"Node_id":3789,"weight":2.883},
{"Node_id":3792,"weight":3.4591},
{"Node_id":3793,"weight":2.5654},
{"Node_id":3796,"weight":7.8236},
{"Node_id":3806,"weight":1.5225},
{"Node_id":3807,"weight":2.2494},
{"Node_id":3808,"weight":2.5669},
{"Node_id":3809,"weight":3.2452},
{"Node_id":3810,"weight":2.8439},
{"Node_id":3811,"weight":2.3371},
{"Node_id":3812,"weight":1.3913},
{"Node_id":3813,"weight":4.3066},
{"Node_id":3814,"weight":2.7712},
{"Node_id":3815,"weight":5.077},
{"Node_id":3816,"weight":1.9386},
{"Node_id":3820,"weight":2.2425},
{"Node_id":3821,"weight":2.0144},
{"Node_id":3822,"weight":1.4955},
{"Node_id":3823,"weight":1.4364},
{"Node_id":3824,"weight":1.7639},
{"Node_id":3825,"weight":4.872},
{"Node_id":3829,"weight":2.2967},
{"Node_id":3830,"weight":1.4855},
{"Node_id":3831,"weight":3.0297},
{"Node_id":3832,"weight":1.421},
{"Node_id":3833,"weight":1.9487},
{"Node_id":3834,"weight":2.6434},
{"Node_id":3835,"weight":1.6777},
{"Node_id":3836,"weight":1.5008},
{"Node_id":3837,"weight":2.9765},
{"Node_id":3838,"weight":1.7082},
{"Node_id":3839,"weight":2.4168},
{"Node_id":4072,"weight":5.4217},
{"Node_id":4073,"weight":5.5429},
{"Node_id":4074,"weight":2.5534},
{"Node_id":4075,"weight":1.4223},
{"Node_id":4076,"weight":2.2728},
{"Node_id":4077,"weight":3.3377},
{"Node_id":4136,"weight":5.045},
{"Node_id":4137,"weight":3.8766},
{"Node_id":4138,"weight":1.719},
{"Node_id":4139,"weight":1.7354},
{"Node_id":4140,"weight":2.4768},
{"Node_id":4141,"weight":1.7198},
{"Node_id":4144,"weight":3.6076},
{"Node_id":4145,"weight":3.4523},
{"Node_id":4146,"weight":3.6273},
{"Node_id":4147,"weight":3.7401},
{"Node_id":4148,"weight":2.0338},
{"Node_id":4149,"weight":1.6906},
{"Node_id":4150,"weight":3.6718},
{"Node_id":4151,"weight":2.1418},
{"Node_id":4152,"weight":1.6419},
{"Node_id":4153,"weight":1.8549},
{"Node_id":4154,"weight":2.0212},
{"Node_id":4155,"weight":3.3808},
{"Node_id":4156,"weight":3.8469},
{"Node_id":4157,"weight":3.305},
{"Node_id":4158,"weight":1.4742},
{"Node_id":4161,"weight":1.5464},
{"Node_id":4162,"weight":2.0575},
{"Node_id":4163,"weight":1.7922},
{"Node_id":4166,"weight":4.1579},
{"Node_id":4167,"weight":1.615},
{"Node_id":4168,"weight":5.4927},
{"Node_id":4171,"weight":3.7446},
{"Node_id":4174,"weight":3.5075},
{"Node_id":4175,"weight":1.7472},
{"Node_id":4176,"weight":1.4001},
{"Node_id":4177,"weight":3.6885},
{"Node_id":4178,"weight":2.5519},
{"Node_id":4179,"weight":1.8145},
{"Node_id":4180,"weight":3.8372},
{"Node_id":4181,"weight":2.0615},
{"Node_id":4182,"weight":2.0785},
{"Node_id":4183,"weight":2.1654},
{"Node_id":4184,"weight":1.6114},
{"Node_id":4185,"weight":1.812},
{"Node_id":4186,"weight":1.9143},
{"Node_id":4187,"weight":1.7567},
{"Node_id":4188,"weight":2.1862},
{"Node_id":4189,"weight":2.1906},
{"Node_id":4190,"weight":2.7357},
{"Node_id":4191,"weight":2.9465},
{"Node_id":4192,"weight":2.1249},
{"Node_id":4193,"weight":3.6432},
{"Node_id":4194,"weight":5.1441},
{"Node_id":4195,"weight":5.2734},
{"Node_id":4196,"weight":3.0978},
{"Node_id":4197,"weight":3.8132},
{"Node_id":4198,"weight":5.045},
{"Node_id":4199,"weight":2.401},
{"Node_id":4200,"weight":2.101},
{"Node_id":4201,"weight":1.515},
{"Node_id":4204,"weight":3.0644},
{"Node_id":4205,"weight":3.0366},
{"Node_id":4206,"weight":2.3039},
{"Node_id":4207,"weight":1.7849},
{"Node_id":4208,"weight":3.0184},
{"Node_id":4209,"weight":1.886},
{"Node_id":4210,"weight":2.0038},
{"Node_id":4211,"weight":2.025},
{"Node_id":4221,"weight":1.9206},
{"Node_id":4222,"weight":2.4329},
{"Node_id":4223,"weight":3.9658},
{"Node_id":4224,"weight":2.5579},
{"Node_id":4225,"weight":2.0192},
{"Node_id":4228,"weight":2.8135},
{"Node_id":4229,"weight":2.8381},
{"Node_id":4230,"weight":2.889},
{"Node_id":4231,"weight":2.0338},
{"Node_id":4232,"weight":3.0667},
{"Node_id":4233,"weight":1.9323},
{"Node_id":4234,"weight":1.7237},
{"Node_id":4235,"weight":1.7599},
{"Node_id":4236,"weight":2.3015},
{"Node_id":4237,"weight":1.4881},
{"Node_id":4238,"weight":1.3988},
{"Node_id":4239,"weight":2.9786},
{"Node_id":4240,"weight":3.3652},
{"Node_id":4241,"weight":2.6337},
{"Node_id":4242,"weight":1.5485},
{"Node_id":4243,"weight":2.5297},
{"Node_id":4244,"weight":1.5327},
{"Node_id":4245,"weight":1.7663},
{"Node_id":4246,"weight":1.9423},
{"Node_id":4247,"weight":1.4422},
{"Node_id":4248,"weight":1.5885},
{"Node_id":4249,"weight":1.5729},
{"Node_id":4250,"weight":1.5306},
{"Node_id":4251,"weight":2.7409},
{"Node_id":4280,"weight":1.6657},
{"Node_id":4281,"weight":1.4052},
{"Node_id":4282,"weight":1.6324},
{"Node_id":4283,"weight":2.8711},
{"Node_id":4284,"weight":5.0933},
{"Node_id":4285,"weight":1.5659},
{"Node_id":4286,"weight":1.4782},
{"Node_id":4287,"weight":2.6761},
{"Node_id":4288,"weight":2.4796},
{"Node_id":4289,"weight":2.6337},
{"Node_id":4290,"weight":5.4927},
{"Node_id":4293,"weight":2.0928},
{"Node_id":4302,"weight":1.4862},
{"Node_id":4303,"weight":1.4435},
{"Node_id":4304,"weight":4.8458},
{"Node_id":4305,"weight":2.1622},
{"Node_id":4306,"weight":1.8253},
{"Node_id":4307,"weight":2.1928},
{"Node_id":4308,"weight":1.587},
{"Node_id":4309,"weight":1.656},
{"Node_id":4310,"weight":2.4684},
{"Node_id":4311,"weight":3.511},
{"Node_id":4312,"weight":1.5368},
{"Node_id":4313,"weight":1.6027},
{"Node_id":4314,"weight":1.733},
{"Node_id":4315,"weight":1.8609},
{"Node_id":4318,"weight":3.6312},
{"Node_id":4319,"weight":2.3699},
{"Node_id":4320,"weight":2.6928},
{"Node_id":4321,"weight":3.3903},
{"Node_id":4322,"weight":2.2943},
{"Node_id":4325,"weight":1.9597},
{"Node_id":4326,"weight":2.1376},
{"Node_id":4327,"weight":2.6147},
{"Node_id":4328,"weight":2.0485},
{"Node_id":4329,"weight":1.8438},
{"Node_id":4330,"weight":2.97},
{"Node_id":4331,"weight":4.1513},
{"Node_id":4332,"weight":2.9031},
{"Node_id":4333,"weight":1.5197},
{"Node_id":4334,"weight":3.4356},
{"Node_id":4335,"weight":4.4538},
{"Node_id":4336,"weight":3.2507},
{"Node_id":4337,"weight":1.4775},
{"Node_id":4338,"weight":3.6595},
{"Node_id":4339,"weight":1.4769},
{"Node_id":4340,"weight":4.7832},
{"Node_id":4341,"weight":1.8354},
{"Node_id":4342,"weight":2.7857},
{"Node_id":4343,"weight":3.3468},
{"Node_id":4344,"weight":4.284},
{"Node_id":4345,"weight":1.8643},
{"Node_id":4346,"weight":2.1354},
{"Node_id":4347,"weight":1.8153},
{"Node_id":4350,"weight":2.5882},
{"Node_id":4351,"weight":2.1774},
{"Node_id":4352,"weight":4.0049},
{"Node_id":4353,"weight":2.9444},
{"Node_id":4354,"weight":2.6466},
{"Node_id":4355,"weight":2.1796},
{"Node_id":4356,"weight":3.3079},
{"Node_id":4357,"weight":3.562},
{"Node_id":4358,"weight":1.6164},
{"Node_id":4359,"weight":1.9915},
{"Node_id":4360,"weight":2.4994},
{"Node_id":4361,"weight":2.6022},
{"Node_id":4362,"weight":1.5603},
{"Node_id":4363,"weight":2.2716},
{"Node_id":4364,"weight":3.3287},
{"Node_id":4365,"weight":1.7543},
{"Node_id":4366,"weight":3.3468},
{"Node_id":4367,"weight":1.9098},
{"Node_id":4368,"weight":1.8078},
{"Node_id":4369,"weight":2.4519},
{"Node_id":4370,"weight":3.3138},
{"Node_id":4371,"weight":2.6434},
{"Node_id":4372,"weight":2.9939},
{"Node_id":4373,"weight":1.8379},
{"Node_id":4374,"weight":1.7711},
{"Node_id":4375,"weight":3.0072},
{"Node_id":4376,"weight":1.5485},
{"Node_id":4377,"weight":1.4585},
{"Node_id":4378,"weight":3.1222},
{"Node_id":4379,"weight":2.1752},
{"Node_id":4380,"weight":2.6321},
{"Node_id":4381,"weight":2.7183},
{"Node_id":4382,"weight":3.5694},
{"Node_id":4383,"weight":3.1026},
{"Node_id":4384,"weight":2.4315},
{"Node_id":4385,"weight":1.4868},
{"Node_id":4386,"weight":1.6785},
{"Node_id":4387,"weight":2.2576},
{"Node_id":4388,"weight":3.1625},
{"Node_id":4389,"weight":1.827},
{"Node_id":4390,"weight":2.3814},
{"Node_id":4391,"weight":2.6761},
{"Node_id":4392,"weight":1.7988},
{"Node_id":4393,"weight":5.9118},
{"Node_id":4394,"weight":2.4342},
{"Node_id":4395,"weight":1.4461},
{"Node_id":4396,"weight":3.4356},
{"Node_id":4412,"weight":1.4982},
{"Node_id":4413,"weight":2.3827},
{"Node_id":4414,"weight":2.1514},
{"Node_id":4415,"weight":1.421},
{"Node_id":4416,"weight":4.2546},
{"Node_id":4417,"weight":2.889},
{"Node_id":4418,"weight":2.6162},
{"Node_id":4421,"weight":4.508},
{"Node_id":4424,"weight":2.6401},
{"Node_id":4427,"weight":2.1197},
{"Node_id":4428,"weight":1.9161},
{"Node_id":4464,"weight":2.4643},
{"Node_id":4465,"weight":2.1145},
{"Node_id":4466,"weight":1.7105},
{"Node_id":4467,"weight":2.1239},
{"Node_id":4468,"weight":1.8834},
{"Node_id":4469,"weight":2.7115},
{"Node_id":4470,"weight":2.3597},
{"Node_id":4471,"weight":1.6383},
{"Node_id":4472,"weight":1.4624},
{"Node_id":4473,"weight":3.6392},
{"Node_id":4474,"weight":1.7338},
{"Node_id":4475,"weight":4.3776},
{"Node_id":4476,"weight":1.7089},
{"Node_id":4477,"weight":1.4789},
{"Node_id":4478,"weight":3.2591},
{"Node_id":4479,"weight":3.3871},
{"Node_id":4480,"weight":2.9277},
{"Node_id":4481,"weight":4.5653},
{"Node_id":4482,"weight":3.2178},
{"Node_id":4483,"weight":2.321},
{"Node_id":4484,"weight":2.2073},
{"Node_id":4485,"weight":1.5779},
{"Node_id":4486,"weight":3.8085},
{"Node_id":4487,"weight":1.6186},
{"Node_id":4488,"weight":6.8113},
{"Node_id":4489,"weight":1.6179},
{"Node_id":4490,"weight":1.7377},
{"Node_id":4491,"weight":2.4588},
{"Node_id":4492,"weight":1.6478},
{"Node_id":4493,"weight":1.5231},
{"Node_id":4494,"weight":2.342},
{"Node_id":4495,"weight":1.4644},
{"Node_id":4496,"weight":2.0595},
{"Node_id":4497,"weight":2.2681},
{"Node_id":4504,"weight":3.3871},
{"Node_id":4505,"weight":1.5807},
{"Node_id":4506,"weight":2.7586},
{"Node_id":4507,"weight":2.885},
{"Node_id":4508,"weight":4.5653},
{"Node_id":4509,"weight":3.3683},
{"Node_id":4510,"weight":2.7374},
{"Node_id":4513,"weight":2.0485},
{"Node_id":4514,"weight":1.8261},
{"Node_id":4515,"weight":2.9593},
{"Node_id":4516,"weight":2.0565},
{"Node_id":4517,"weight":2.5123},
{"Node_id":4518,"weight":1.4121},
{"Node_id":4519,"weight":2.2061},
{"Node_id":4520,"weight":1.7136},
{"Node_id":4521,"weight":2.2799},
{"Node_id":4522,"weight":1.7182},
{"Node_id":4525,"weight":2.0605},
{"Node_id":4526,"weight":3.6233},
{"Node_id":4529,"weight":2.6242},
{"Node_id":4530,"weight":1.5771},
{"Node_id":4531,"weight":1.5402},
{"Node_id":4532,"weight":3.2591},
{"Node_id":4533,"weight":1.6754},
{"Node_id":4534,"weight":1.5238},
{"Node_id":4535,"weight":2.0096},
{"Node_id":4536,"weight":2.8381},
{"Node_id":4537,"weight":2.1155},
{"Node_id":4538,"weight":1.5687},
{"Node_id":4539,"weight":1.4014},
{"Node_id":4540,"weight":1.7417},
{"Node_id":4541,"weight":2.3699},
{"Node_id":4544,"weight":1.6078},
{"Node_id":4545,"weight":1.7857},
{"Node_id":4546,"weight":3.562},
{"Node_id":4547,"weight":2.8633},
{"Node_id":4551,"weight":1.9259},
{"Node_id":4552,"weight":2.6662},
{"Node_id":4553,"weight":3.5326},
{"Node_id":4554,"weight":4.0163},
{"Node_id":4555,"weight":3.226},
{"Node_id":4556,"weight":1.7051},
{"Node_id":4557,"weight":2.9113},
{"Node_id":4558,"weight":1.8913},
{"Node_id":4561,"weight":1.6085},
{"Node_id":4562,"weight":1.5999},
{"Node_id":4563,"weight":3.0738},
{"Node_id":4564,"weight":1.5878},
{"Node_id":4656,"weight":3.0117},
{"Node_id":4657,"weight":2.2907},
{"Node_id":4661,"weight":2.0038},
{"Node_id":4662,"weight":3.5398},
{"Node_id":4663,"weight":1.8379},
{"Node_id":4664,"weight":1.3907},
{"Node_id":4665,"weight":3.0786},
{"Node_id":4666,"weight":4.0049},
{"Node_id":4667,"weight":3.4969},
{"Node_id":4668,"weight":1.7841},
{"Node_id":4669,"weight":2.4966},
{"Node_id":4670,"weight":4.9126},
{"Node_id":4671,"weight":3.562},
{"Node_id":4672,"weight":4.9548},
{"Node_id":4673,"weight":4.7592},
{"Node_id":4674,"weight":2.1873},
{"Node_id":4684,"weight":3.0184},
{"Node_id":4685,"weight":1.4572},
{"Node_id":4789,"weight":2.4994},
{"Node_id":4790,"weight":5.4448},
{"Node_id":4791,"weight":1.7988},
{"Node_id":4792,"weight":1.6412},
{"Node_id":4793,"weight":1.4802},
{"Node_id":4794,"weight":1.4683},
{"Node_id":4795,"weight":4.0634},
{"Node_id":4796,"weight":2.895},
{"Node_id":4797,"weight":3.3347},
{"Node_id":4798,"weight":1.6508},
{"Node_id":4799,"weight":3.3777},
{"Node_id":4800,"weight":2.9072},
{"Node_id":4801,"weight":1.4178},
{"Node_id":4802,"weight":2.4881},
{"Node_id":4803,"weight":2.3788},
{"Node_id":4804,"weight":2.9614},
{"Node_id":4805,"weight":1.6664},
{"Node_id":4806,"weight":1.7963},
{"Node_id":4807,"weight":1.9143},
{"Node_id":4808,"weight":1.6523},
{"Node_id":4809,"weight":1.6538},
{"Node_id":4810,"weight":1.9036},
{"Node_id":4811,"weight":1.7776},
{"Node_id":4812,"weight":3.3999},
{"Node_id":4813,"weight":2.3584},
{"Node_id":4814,"weight":2.1785},
{"Node_id":4815,"weight":2.5224},
{"Node_id":4816,"weight":2.4601},
{"Node_id":4817,"weight":1.7074},
{"Node_id":4818,"weight":1.8834},
{"Node_id":4819,"weight":1.8921},
{"Node_id":4820,"weight":1.39},
{"Node_id":4821,"weight":2.2106},
{"Node_id":4822,"weight":1.9241},
{"Node_id":4823,"weight":1.6627},
{"Node_id":4824,"weight":3.0667},
{"Node_id":4825,"weight":2.0605},
{"Node_id":4826,"weight":2.2895},
{"Node_id":4827,"weight":1.43},
{"Node_id":4828,"weight":2.4698},
{"Node_id":4829,"weight":2.7694},
{"Node_id":4832,"weight":2.8305},
{"Node_id":4833,"weight":1.7825},
{"Node_id":4886,"weight":1.702},
{"Node_id":4953,"weight":2.9133},
{"Node_id":4969,"weight":1.4546},
{"Node_id":4970,"weight":1.6186},
{"Node_id":4971,"weight":2.4754},
{"Node_id":4972,"weight":1.8756},
{"Node_id":4998,"weight":1.4217},
{"Node_id":5035,"weight":1.5701},
{"Node_id":5153,"weight":1.9532},
{"Node_id":5279,"weight":3.2071},
{"Node_id":5280,"weight":1.7988},
{"Node_id":5375,"weight":3.3529},
{"Node_id":5418,"weight":2.658},
{"Node_id":5433,"weight":2.5371},
{"Node_id":5434,"weight":5.9496},
{"Node_id":5461,"weight":1.5589},
{"Node_id":5462,"weight":2.7098},
{"Node_id":5578,"weight":1.7543},
{"Node_id":5579,"weight":1.9746},
{"Node_id":5652,"weight":1.4729},
{"Node_id":5674,"weight":2.4754},
{"Node_id":5675,"weight":2.4302},
{"Node_id":5715,"weight":1.7898},
{"Node_id":5716,"weight":1.7043},
{"Node_id":5717,"weight":1.6612},
{"Node_id":5718,"weight":1.8669},
{"Node_id":5719,"weight":1.6762},
{"Node_id":5720,"weight":2.2208},
{"Node_id":5721,"weight":3.0297},
{"Node_id":5722,"weight":2.4262},
{"Node_id":5723,"weight":2.4155},
{"Node_id":5724,"weight":3.2017},
{"Node_id":5725,"weight":2.4866},
{"Node_id":5726,"weight":2.9939},
{"Node_id":5727,"weight":4.4538},
{"Node_id":5728,"weight":2.1796},
{"Node_id":5729,"weight":1.8523},
{"Node_id":5730,"weight":2.0038},
{"Node_id":5731,"weight":1.9934},
{"Node_id":5732,"weight":1.5652},
{"Node_id":5733,"weight":1.6792},
{"Node_id":5734,"weight":1.561},
{"Node_id":5735,"weight":1.5892},
{"Node_id":5736,"weight":1.6006},
{"Node_id":5737,"weight":1.7377},
{"Node_id":5738,"weight":2.3321},
{"Node_id":5739,"weight":2.0202},
{"Node_id":5740,"weight":4.284},
{"Node_id":5741,"weight":3.4969},
{"Node_id":5742,"weight":1.5736},
{"Node_id":5743,"weight":1.7857},
{"Node_id":5744,"weight":2.3271},
{"Node_id":5745,"weight":1.873},
{"Node_id":5746,"weight":2.0685},
{"Node_id":5747,"weight":1.8506},
{"Node_id":5748,"weight":2.5609},
{"Node_id":5749,"weight":1.6034},
{"Node_id":5750,"weight":2.0358},
{"Node_id":5751,"weight":3.3808},
{"Node_id":5752,"weight":2.2599},
{"Node_id":5753,"weight":3.6801},
{"Node_id":5754,"weight":5.1441},
{"Node_id":5755,"weight":4.0396},
{"Node_id":5756,"weight":2.1611},
{"Node_id":5757,"weight":4.7832},
{"Node_id":5758,"weight":3.4258},
{"Node_id":5759,"weight":2.6662},
{"Node_id":5760,"weight":2.4208},
{"Node_id":5761,"weight":1.5687},
{"Node_id":5762,"weight":2.8191},
{"Node_id":5763,"weight":1.4935},
{"Node_id":5764,"weight":1.7362},
{"Node_id":5767,"weight":6.1637},
{"Node_id":5768,"weight":1.9359},
{"Node_id":5769,"weight":3.3287},
{"Node_id":5770,"weight":3.0458},
{"Node_id":5771,"weight":2.1165},
{"Node_id":5772,"weight":1.5022},
{"Node_id":5773,"weight":2.5066},
{"Node_id":5776,"weight":1.4281},
{"Node_id":5777,"weight":2.4089},
{"Node_id":5778,"weight":1.7615},
{"Node_id":5779,"weight":1.4995},
{"Node_id":5780,"weight":1.9597},
{"Node_id":5781,"weight":2.955},
{"Node_id":5784,"weight":2.4235},
{"Node_id":5785,"weight":1.6634},
{"Node_id":5831,"weight":1.6883},
{"Node_id":5854,"weight":3.2676},
{"Node_id":5856,"weight":2.1062},
{"Node_id":5857,"weight":1.5949},
{"Node_id":5858,"weight":2.0705},
{"Node_id":5859,"weight":5.1441},
{"Node_id":5860,"weight":1.9018},
{"Node_id":5861,"weight":1.5582},
{"Node_id":5862,"weight":1.9477},
{"Node_id":5863,"weight":3.4095},
{"Node_id":5864,"weight":1.798},
{"Node_id":5865,"weight":3.8132},
{"Node_id":5866,"weight":5.1794},
{"Node_id":5867,"weight":8.1114},
{"Node_id":5868,"weight":3.5732},
{"Node_id":5869,"weight":6.5699},
{"Node_id":5870,"weight":1.8506},
{"Node_id":5871,"weight":3.2098},
{"Node_id":5872,"weight":2.1665},
{"Node_id":5875,"weight":2.0959},
{"Node_id":5876,"weight":3.1099},
{"Node_id":5877,"weight":2.2907},
{"Node_id":5878,"weight":5.2734},
{"Node_id":5879,"weight":3.8372},
{"Node_id":5880,"weight":1.6649},
{"Node_id":5881,"weight":2.5775},
{"Node_id":5882,"weight":3.0929},
{"Node_id":5883,"weight":1.7036},
{"Node_id":5884,"weight":2.5297},
{"Node_id":5885,"weight":1.917},
{"Node_id":5886,"weight":1.5416},
{"Node_id":5887,"weight":2.5913},
{"Node_id":5888,"weight":2.2006},
{"Node_id":5889,"weight":2.2073},
{"Node_id":5890,"weight":1.7346},
{"Node_id":5891,"weight":1.7252},
{"Node_id":5892,"weight":2.2871},
{"Node_id":5893,"weight":2.375},
{"Node_id":5894,"weight":1.9487},
{"Node_id":5895,"weight":2.5684},
{"Node_id":5896,"weight":2.4221},
{"Node_id":5897,"weight":1.6523},
{"Node_id":5898,"weight":2.1031},
{"Node_id":5899,"weight":1.7607},
{"Node_id":5900,"weight":1.4045},
{"Node_id":5901,"weight":2.3321},
{"Node_id":5902,"weight":3.5146},
{"Node_id":5903,"weight":3.7991},
{"Node_id":5904,"weight":2.5534},
{"Node_id":5905,"weight":2.2028},
{"Node_id":5906,"weight":1.9896},
{"Node_id":5907,"weight":1.8843},
{"Node_id":5908,"weight":2.8381},
{"Node_id":5909,"weight":1.5076},
{"Node_id":5910,"weight":2.184},
{"Node_id":5911,"weight":2.0416},
{"Node_id":5912,"weight":3.7579},
{"Node_id":5913,"weight":1.9296},
{"Node_id":5914,"weight":2.1093},
{"Node_id":5915,"weight":2.7876},
{"Node_id":5916,"weight":2.2657},
{"Node_id":5917,"weight":3.1651},
{"Node_id":5918,"weight":4.0163},
{"Node_id":5919,"weight":2.0192},
{"Node_id":5920,"weight":2.6678},
{"Node_id":5921,"weight":2.4768},
{"Node_id":5922,"weight":1.5245},
{"Node_id":5923,"weight":4.7954},
{"Node_id":5924,"weight":1.9896},
{"Node_id":5925,"weight":2.3075},
{"Node_id":5926,"weight":2.5023},
{"Node_id":5927,"weight":1.421},
{"Node_id":5928,"weight":1.7151},
{"Node_id":5929,"weight":1.5575},
{"Node_id":5930,"weight":1.9634},
{"Node_id":5951,"weight":2.5312},
{"Node_id":5973,"weight":3.1651},
{"Node_id":5989,"weight":2.0231},
{"Node_id":6004,"weight":2.6945},
{"Node_id":6005,"weight":3.6843},
{"Node_id":6006,"weight":2.6037},
{"Node_id":6021,"weight":3.6233},
{"Node_id":6022,"weight":2.5341},
{"Node_id":6023,"weight":2.6482},
{"Node_id":6024,"weight":2.2095},
{"Node_id":6025,"weight":2.2634},
{"Node_id":6026,"weight":1.653},
{"Node_id":6027,"weight":1.397},
{"Node_id":6028,"weight":2.5166},
{"Node_id":6029,"weight":1.9468},
{"Node_id":6030,"weight":2.0338},
{"Node_id":6031,"weight":1.7528},
{"Node_id":6032,"weight":1.53},
{"Node_id":6107,"weight":1.8128},
{"Node_id":6108,"weight":2.9808},
{"Node_id":6109,"weight":4.2402},
{"Node_id":6110,"weight":1.935},
{"Node_id":6111,"weight":1.6792},
{"Node_id":6112,"weight":3.2591},
{"Node_id":6113,"weight":1.6538},
{"Node_id":6114,"weight":2.1568},
{"Node_id":6115,"weight":3.1781},
{"Node_id":6116,"weight":2.881},
{"Node_id":6117,"weight":1.4848},
{"Node_id":6118,"weight":1.5793},
{"Node_id":6119,"weight":3.1833},
{"Node_id":6120,"weight":2.7857},
{"Node_id":6121,"weight":1.659},
{"Node_id":6122,"weight":1.6754},
{"Node_id":6123,"weight":1.7575},
{"Node_id":6124,"weight":2.2955},
{"Node_id":6125,"weight":2.0202},
{"Node_id":6126,"weight":2.7235},
{"Node_id":6127,"weight":2.1796},
{"Node_id":6128,"weight":2.7339},
{"Node_id":6129,"weight":3.3967},
{"Node_id":6130,"weight":2.4208},
{"Node_id":6131,"weight":1.5652},
{"Node_id":6132,"weight":2.6945},
{"Node_id":6133,"weight":4.1064},
{"Node_id":6137,"weight":1.5259},
{"Node_id":6138,"weight":2.1312},
{"Node_id":6139,"weight":1.5002},
{"Node_id":6140,"weight":6.3182},
{"Node_id":6141,"weight":2.0745},
{"Node_id":6142,"weight":1.4822},
{"Node_id":6143,"weight":1.4848},
{"Node_id":6144,"weight":2.0436},
{"Node_id":6145,"weight":1.9905},
{"Node_id":6146,"weight":2.4852},
{"Node_id":6147,"weight":1.8643},
{"Node_id":6148,"weight":3.1651},
{"Node_id":6149,"weight":3.7357},
{"Node_id":6150,"weight":1.3932},
{"Node_id":6151,"weight":1.4975},
{"Node_id":6152,"weight":1.8037},
{"Node_id":6153,"weight":1.5963},
{"Node_id":6154,"weight":2.5224},
{"Node_id":6155,"weight":3.842},
{"Node_id":6156,"weight":2.1622},
{"Node_id":6157,"weight":1.8515},
{"Node_id":6158,"weight":5.8401},
{"Node_id":6159,"weight":1.6906},
{"Node_id":6160,"weight":1.7736},
{"Node_id":6161,"weight":1.9296},
{"Node_id":6162,"weight":2.7857},
{"Node_id":6163,"weight":2.3546},
{"Node_id":6164,"weight":3.776},
{"Node_id":6165,"weight":4.0694},
{"Node_id":6166,"weight":2.4671},
{"Node_id":6167,"weight":2.173},
{"Node_id":6168,"weight":1.752},
{"Node_id":6169,"weight":2.0038},
{"Node_id":6170,"weight":1.4371},
{"Node_id":6171,"weight":2.7081},
{"Node_id":6172,"weight":1.4835},
{"Node_id":6173,"weight":1.9962},
{"Node_id":6174,"weight":2.727},
{"Node_id":6175,"weight":2.2517},
{"Node_id":6176,"weight":2.3648},
{"Node_id":6177,"weight":3.596},
{"Node_id":6178,"weight":2.6257},
{"Node_id":6179,"weight":2.4275},
{"Node_id":6180,"weight":1.9277},
{"Node_id":6181,"weight":2.3866},
{"Node_id":6182,"weight":5.3992},
{"Node_id":6183,"weight":1.4624},
{"Node_id":6184,"weight":1.5485},
{"Node_id":6185,"weight":2.3395},
{"Node_id":6186,"weight":1.8895},
{"Node_id":6187,"weight":2.4588},
{"Node_id":6188,"weight":2.2799},
{"Node_id":6189,"weight":2.8652},
{"Node_id":6190,"weight":1.5062},
{"Node_id":6191,"weight":1.4881},
{"Node_id":6192,"weight":1.5842},
{"Node_id":6193,"weight":1.4921},
{"Node_id":6194,"weight":1.8078},
{"Node_id":6195,"weight":1.776},
{"Node_id":6196,"weight":3.305},
{"Node_id":6197,"weight":2.5959},
{"Node_id":6198,"weight":1.6974},
{"Node_id":6199,"weight":2.2196},
{"Node_id":6200,"weight":1.4848},
{"Node_id":6201,"weight":2.881},
{"Node_id":6202,"weight":1.7401},
{"Node_id":6203,"weight":2.3234},
{"Node_id":6204,"weight":1.6208},
{"Node_id":6205,"weight":2.6563},
{"Node_id":6206,"weight":1.6486},
{"Node_id":6207,"weight":1.9332},
{"Node_id":6208,"weight":1.8523},
{"Node_id":6209,"weight":2.8229},
{"Node_id":6210,"weight":2.5579},
{"Node_id":6232,"weight":2.0907},
{"Node_id":6233,"weight":6.0725},
{"Node_id":6234,"weight":2.8574},
{"Node_id":6235,"weight":1.4178},
{"Node_id":6236,"weight":1.5992},
{"Node_id":6237,"weight":2.1719},
{"Node_id":6238,"weight":1.5035},
{"Node_id":6239,"weight":1.3882},
{"Node_id":6240,"weight":2.2576},
{"Node_id":6241,"weight":3.3652},
{"Node_id":6242,"weight":2.5254},
{"Node_id":6243,"weight":1.7105},
{"Node_id":6244,"weight":4.8458},
{"Node_id":6245,"weight":2.2552},
{"Node_id":6246,"weight":1.3988},
{"Node_id":6247,"weight":1.4172},
{"Node_id":6248,"weight":1.6523},
{"Node_id":6249,"weight":1.7963},
{"Node_id":6250,"weight":4.1002},
{"Node_id":6251,"weight":2.5066},
{"Node_id":6252,"weight":2.5385},
{"Node_id":6253,"weight":2.877},
{"Node_id":6254,"weight":1.9523},
{"Node_id":6255,"weight":2.5714},
{"Node_id":6256,"weight":1.4565},
{"Node_id":6257,"weight":1.744},
{"Node_id":6258,"weight":1.6732},
{"Node_id":6259,"weight":1.798},
{"Node_id":6260,"weight":1.9305},
{"Node_id":6261,"weight":1.4229},
{"Node_id":6262,"weight":1.543},
{"Node_id":6263,"weight":4.1711},
{"Node_id":6264,"weight":2.6711},
{"Node_id":6265,"weight":2.205},
{"Node_id":6266,"weight":3.1347},
{"Node_id":6267,"weight":1.4815},
{"Node_id":6268,"weight":1.752},
{"Node_id":6269,"weight":3.0252},
{"Node_id":6270,"weight":1.6368},
{"Node_id":6271,"weight":2.9593},
{"Node_id":6272,"weight":3.1964},
{"Node_id":6273,"weight":2.0565},
{"Node_id":6274,"weight":1.9296},
{"Node_id":6275,"weight":1.8136},
{"Node_id":6276,"weight":2.2242},
{"Node_id":6277,"weight":2.3571},
{"Node_id":6278,"weight":3.8038},
{"Node_id":6279,"weight":2.0938},
{"Node_id":6280,"weight":2.0745},
{"Node_id":6281,"weight":2.5123},
{"Node_id":6282,"weight":1.5786},
{"Node_id":6283,"weight":1.726},
{"Node_id":6284,"weight":1.4663},
{"Node_id":6285,"weight":2.6563},
{"Node_id":6286,"weight":1.4147},
{"Node_id":6287,"weight":2.9011},
{"Node_id":6288,"weight":5.2347},
{"Node_id":6289,"weight":3.4095},
{"Node_id":6290,"weight":3.4225},
{"Node_id":6291,"weight":1.8557},
{"Node_id":6292,"weight":2.6498},
{"Node_id":6293,"weight":2.1134},
{"Node_id":6294,"weight":2.366},
{"Node_id":6295,"weight":1.9395},
{"Node_id":6296,"weight":3.1859},
{"Node_id":6297,"weight":2.2907},
{"Node_id":6298,"weight":1.8337},
{"Node_id":6299,"weight":1.5652},
{"Node_id":6300,"weight":2.543},
{"Node_id":6301,"weight":5.8061},
{"Node_id":6302,"weight":3.6969},
{"Node_id":6303,"weight":2.1774},
{"Node_id":6304,"weight":1.4795},
{"Node_id":6305,"weight":1.3944},
{"Node_id":6306,"weight":2.3222},
{"Node_id":6307,"weight":1.8012},
{"Node_id":6308,"weight":5.2933},
{"Node_id":6311,"weight":1.5652},
{"Node_id":6312,"weight":2.5944},
{"Node_id":6313,"weight":2.0856},
{"Node_id":6314,"weight":1.5029},
{"Node_id":6315,"weight":2.8751},
{"Node_id":6316,"weight":1.5361},
{"Node_id":6317,"weight":3.2342},
{"Node_id":6318,"weight":1.9432},
{"Node_id":6319,"weight":1.639},
{"Node_id":6320,"weight":2.0436},
{"Node_id":6323,"weight":5.7105},
{"Node_id":6360,"weight":1.8834},
{"Node_id":6361,"weight":1.6657},
{"Node_id":6362,"weight":2.0918},
{"Node_id":6363,"weight":4.8588},
{"Node_id":6364,"weight":2.9257},
{"Node_id":6365,"weight":3.4323},
{"Node_id":6375,"weight":1.8756},
{"Node_id":6431,"weight":4.1982},
{"Node_id":6432,"weight":3.6392},
{"Node_id":6433,"weight":1.9727},
{"Node_id":6434,"weight":5.7414},
{"Node_id":6435,"weight":3.0929},
{"Node_id":6436,"weight":2.3609},
{"Node_id":6437,"weight":1.7113},
{"Node_id":6438,"weight":1.4268},
{"Node_id":6441,"weight":2.9896},
{"Node_id":6442,"weight":2.0938},
{"Node_id":6443,"weight":3.6718},
{"Node_id":6444,"weight":2.1124},
{"Node_id":6445,"weight":2.5519},
{"Node_id":6446,"weight":2.3445},
{"Node_id":6447,"weight":1.5527},
{"Node_id":6448,"weight":1.752},
{"Node_id":6449,"weight":2.7658},
{"Node_id":6450,"weight":1.9241},
{"Node_id":6451,"weight":1.8506},
{"Node_id":6452,"weight":2.4951},
{"Node_id":6453,"weight":3.3168},
{"Node_id":6454,"weight":1.9368},
{"Node_id":6455,"weight":2.2599},
{"Node_id":6456,"weight":1.8532},
{"Node_id":6457,"weight":2.2379},
{"Node_id":6458,"weight":1.8379},
{"Node_id":6459,"weight":3.6718},
{"Node_id":6460,"weight":1.6317},
{"Node_id":6461,"weight":3.7624},
{"Node_id":6462,"weight":1.5617},
{"Node_id":6463,"weight":1.8566},
{"Node_id":6464,"weight":1.8575},
{"Node_id":6465,"weight":1.6013},
{"Node_id":6469,"weight":2.508},
{"Node_id":6470,"weight":1.4198},
{"Node_id":6471,"weight":2.4478},
{"Node_id":6472,"weight":1.4474},
{"Node_id":6473,"weight":3.0229},
{"Node_id":6474,"weight":2.0377},
{"Node_id":6475,"weight":1.5218},
{"Node_id":6708,"weight":4.833},
{"Node_id":6709,"weight":1.5485},
{"Node_id":6710,"weight":2.3063},
{"Node_id":6711,"weight":1.8957},
{"Node_id":6714,"weight":4.1914},
{"Node_id":6715,"weight":4.3534},
{"Node_id":6716,"weight":1.6302},
{"Node_id":6717,"weight":1.8738},
{"Node_id":6718,"weight":1.5245},
{"Node_id":6719,"weight":5.0294},
{"Node_id":6720,"weight":1.5807},
{"Node_id":6721,"weight":3.8716},
{"Node_id":6722,"weight":2.2907},
{"Node_id":6723,"weight":2.6612},
{"Node_id":6724,"weight":2.2061},
{"Node_id":6725,"weight":1.5218},
{"Node_id":6726,"weight":2.2017},
{"Node_id":6727,"weight":5.3771},
{"Node_id":6728,"weight":2.3918},
{"Node_id":6729,"weight":1.5327},
{"Node_id":6730,"weight":1.5527},
{"Node_id":6731,"weight":2.2448},
{"Node_id":6875,"weight":5.2347},
{"Node_id":6876,"weight":1.9606},
{"Node_id":6877,"weight":1.7719},
{"Node_id":6878,"weight":1.4474},
{"Node_id":6879,"weight":2.4768},
{"Node_id":6890,"weight":1.7417},
{"Node_id":6891,"weight":2.9808},
{"Node_id":6894,"weight":1.4128},
{"Node_id":6895,"weight":1.5992},
{"Node_id":6896,"weight":1.6762},
{"Node_id":6897,"weight":2.0212},
{"Node_id":6898,"weight":3.0389},
{"Node_id":6899,"weight":3.3377},
{"Node_id":6944,"weight":2.6337},
{"Node_id":6945,"weight":1.7448},
{"Node_id":6946,"weight":1.6331},
{"Node_id":6947,"weight":2.0397},
{"Node_id":6948,"weight":1.7464},
{"Node_id":6949,"weight":1.9802},
{"Node_id":6950,"weight":2.027},
{"Node_id":6951,"weight":1.5828},
{"Node_id":6952,"weight":3.0504},
{"Node_id":6953,"weight":1.4281},
{"Node_id":6954,"weight":2.1557},
{"Node_id":6955,"weight":1.7881},
{"Node_id":6964,"weight":2.645},
{"Node_id":6965,"weight":1.575},
{"Node_id":7011,"weight":4.212},
{"Node_id":7012,"weight":3.5326},
{"Node_id":7013,"weight":3.248},
{"Node_id":7014,"weight":1.4526},
{"Node_id":7054,"weight":2.9917},
{"Node_id":7055,"weight":1.5779},
{"Node_id":7056,"weight":2.1503},
{"Node_id":7057,"weight":1.465},
{"Node_id":7058,"weight":1.9811},
{"Node_id":7059,"weight":1.4526},
{"Node_id":7060,"weight":1.5771},
{"Node_id":7061,"weight":1.8062},
{"Node_id":7062,"weight":2.0125},
{"Node_id":7063,"weight":5.7414},
{"Node_id":7064,"weight":4.1318},
{"Node_id":7065,"weight":2.5371},
{"Node_id":7066,"weight":2.1323},
{"Node_id":7067,"weight":1.4223},
{"Node_id":7068,"weight":4.3858},
{"Node_id":7069,"weight":4.4364},
{"Node_id":7070,"weight":1.4064},
{"Node_id":7071,"weight":1.4533},
{"Node_id":7072,"weight":1.513},
{"Node_id":7073,"weight":1.7036},
{"Node_id":7074,"weight":2.1218},
{"Node_id":7075,"weight":4.4451},
{"Node_id":7076,"weight":1.6538},
{"Node_id":7077,"weight":2.2185},
{"Node_id":7078,"weight":1.7535},
{"Node_id":7079,"weight":2.102},
{"Node_id":7080,"weight":1.397},
{"Node_id":7081,"weight":2.0685},
{"Node_id":7082,"weight":1.8851},
{"Node_id":7083,"weight":1.8379},
{"Node_id":7084,"weight":5.6515},
{"Node_id":7085,"weight":1.8992},
{"Node_id":7086,"weight":1.7939},
{"Node_id":7087,"weight":2.0125},
{"Node_id":7088,"weight":2.5594},
{"Node_id":7089,"weight":1.7244},
{"Node_id":7090,"weight":3.6969},
{"Node_id":7091,"weight":3.1703},
{"Node_id":7092,"weight":1.5184},
{"Node_id":7093,"weight":1.3869},
{"Node_id":7094,"weight":2.1829},
{"Node_id":7095,"weight":2.2196},
{"Node_id":7096,"weight":1.9597},
{"Node_id":7097,"weight":2.8477},
{"Node_id":7098,"weight":1.6694},
{"Node_id":7099,"weight":3.577},
{"Node_id":7100,"weight":2.889},
{"Node_id":7101,"weight":2.885},
{"Node_id":7102,"weight":1.5259},
{"Node_id":7103,"weight":3.8567},
{"Node_id":7104,"weight":3.3079},
{"Node_id":7105,"weight":1.8354},
{"Node_id":7106,"weight":1.7736},
{"Node_id":7107,"weight":3.714},
{"Node_id":7108,"weight":1.8371},
{"Node_id":7109,"weight":2.9808},
{"Node_id":7110,"weight":2.9614},
{"Node_id":7111,"weight":3.4934},
{"Node_id":7112,"weight":1.3882},
{"Node_id":7113,"weight":1.7623},
{"Node_id":7114,"weight":2.3711},
{"Node_id":7115,"weight":1.4313},
{"Node_id":7116,"weight":1.5527},
{"Node_id":7117,"weight":2.2599},
{"Node_id":7118,"weight":2.0029},
{"Node_id":7119,"weight":2.6596},
{"Node_id":7120,"weight":1.9359},
{"Node_id":7121,"weight":2.9381},
{"Node_id":7122,"weight":2.9174},
{"Node_id":7123,"weight":1.6171},
{"Node_id":7124,"weight":1.8103},
{"Node_id":7125,"weight":1.5334},
{"Node_id":7126,"weight":2.887},
{"Node_id":7127,"weight":1.8186},
{"Node_id":7128,"weight":1.9542},
{"Node_id":7139,"weight":1.6785},
{"Node_id":7140,"weight":3.0006},
{"Node_id":7141,"weight":2.1785},
{"Node_id":7142,"weight":3.0786},
{"Node_id":7143,"weight":3.8275},
{"Node_id":7144,"weight":1.7881},
{"Node_id":7145,"weight":3.055},
{"Node_id":7146,"weight":1.9662},
{"Node_id":7147,"weight":2.4671},
{"Node_id":7148,"weight":3.2905},
{"Node_id":7149,"weight":1.901},
{"Node_id":7150,"weight":1.9802},
{"Node_id":7151,"weight":1.9802},
{"Node_id":7152,"weight":7.8236},
{"Node_id":7156,"weight":1.6913},
{"Node_id":7157,"weight":2.645},
{"Node_id":7158,"weight":4.0163},
{"Node_id":7159,"weight":1.4915},
{"Node_id":7160,"weight":1.5347},
{"Node_id":7161,"weight":2.6531},
{"Node_id":7162,"weight":2.2611},
{"Node_id":7241,"weight":4.3454},
{"Node_id":7242,"weight":2.8248},
{"Node_id":7245,"weight":2.4994},
{"Node_id":7246,"weight":1.748},
{"Node_id":7247,"weight":1.4855},
{"Node_id":7248,"weight":2.764},
{"Node_id":7249,"weight":1.8721},
{"Node_id":7250,"weight":2.4492},
{"Node_id":7251,"weight":1.8904},
{"Node_id":7252,"weight":1.9783},
{"Node_id":7253,"weight":1.6508},
{"Node_id":7254,"weight":2.1302},
{"Node_id":7255,"weight":2.4356},
{"Node_id":7256,"weight":2.0897},
{"Node_id":7257,"weight":3.1322},
{"Node_id":7258,"weight":1.956},
{"Node_id":7259,"weight":4.5362},
{"Node_id":7260,"weight":2.8574},
{"Node_id":7263,"weight":4.6053},
{"Node_id":7264,"weight":2.7839},
{"Node_id":7265,"weight":1.5177},
{"Node_id":7266,"weight":1.414},
{"Node_id":7267,"weight":1.7496},
{"Node_id":7268,"weight":2.0318},
{"Node_id":7269,"weight":3.2424},
{"Node_id":7270,"weight":1.8756},
{"Node_id":7334,"weight":2.5371},
{"Node_id":7335,"weight":1.414},
{"Node_id":7336,"weight":2.4643},
{"Node_id":7365,"weight":1.8128},
{"Node_id":7366,"weight":1.4461},
{"Node_id":7367,"weight":2.0446},
{"Node_id":7368,"weight":2.5821},
{"Node_id":7369,"weight":3.4761},
{"Node_id":7370,"weight":1.5062},
{"Node_id":7371,"weight":2.0989},
{"Node_id":7372,"weight":2.3788},
{"Node_id":7373,"weight":1.5485},
{"Node_id":7374,"weight":4.4108},
{"Node_id":7377,"weight":1.4384},
{"Node_id":7378,"weight":2.7551},
{"Node_id":7379,"weight":1.7409},
{"Node_id":7380,"weight":2.1333},
{"Node_id":7381,"weight":1.9634},
{"Node_id":7382,"weight":1.8111},
{"Node_id":7383,"weight":2.7604},
{"Node_id":7384,"weight":1.5779},
{"Node_id":7385,"weight":4.1383},
{"Node_id":7386,"weight":1.4565},
{"Node_id":7387,"weight":3.6233},
{"Node_id":7388,"weight":1.7599},
{"Node_id":7389,"weight":2.5806},
{"Node_id":7390,"weight":1.4096},
{"Node_id":7391,"weight":3.9072},
{"Node_id":7392,"weight":1.8211},
{"Node_id":7393,"weight":2.5312},
{"Node_id":7394,"weight":1.8037},
{"Node_id":7395,"weight":2.9657},
{"Node_id":7396,"weight":2.6514},
{"Node_id":7397,"weight":1.4229},
{"Node_id":7398,"weight":2.7132},
{"Node_id":7399,"weight":1.8404},
{"Node_id":7400,"weight":1.9332},
{"Node_id":7401,"weight":2.5867},
{"Node_id":7402,"weight":1.6694},
{"Node_id":7403,"weight":4.119},
{"Node_id":7404,"weight":2.4937},
{"Node_id":7405,"weight":3.9992},
{"Node_id":7406,"weight":1.9268},
{"Node_id":7407,"weight":1.4351},
{"Node_id":7408,"weight":1.5361},
{"Node_id":7409,"weight":1.6501},
{"Node_id":7410,"weight":1.9001},
{"Node_id":19845,"weight":0.1294},
{"Node_id":19846,"weight":1.2721},
{"Node_id":19847,"weight":3.2676},
{"Node_id":19848,"weight":0.036},
{"Node_id":19849,"weight":2.8691},
{"Node_id":19854,"weight":2.7046},
{"Node_id":19855,"weight":0.5266},
{"Node_id":19856,"weight":0.49},
{"Node_id":19857,"weight":1.62},
{"Node_id":19858,"weight":2.1763},
{"Node_id":19859,"weight":0.6955},
{"Node_id":19860,"weight":2.5166},
{"Node_id":19861,"weight":5.4448},
{"Node_id":19862,"weight":1.9072},
{"Node_id":19863,"weight":0.6239},
{"Node_id":19864,"weight":0.9529},
{"Node_id":19865,"weight":1.0716},
{"Node_id":19866,"weight":0.944},
{"Node_id":19867,"weight":1.9569},
{"Node_id":19868,"weight":1.6822},
{"Node_id":19869,"weight":0.8274},
{"Node_id":19874,"weight":1.2856},
{"Node_id":19875,"weight":2.0755},
{"Node_id":19876,"weight":0.1519},
{"Node_id":19888,"weight":0.388},
{"Node_id":19889,"weight":1.2448},
{"Node_id":19893,"weight":0.7598},
{"Node_id":19895,"weight":2.498},
{"Node_id":19896,"weight":1.827},
{"Node_id":19919,"weight":4.0878},
{"Node_id":19920,"weight":1.8245},
{"Node_id":19921,"weight":2.173},
{"Node_id":19922,"weight":2.1741},
{"Node_id":19923,"weight":0.6803},
{"Node_id":19924,"weight":3.2876},
{"Node_id":19925,"weight":0.7755},
{"Node_id":19926,"weight":3.7011},
{"Node_id":19927,"weight":0.7829},
{"Node_id":19931,"weight":1.4435},
{"Node_id":19932,"weight":4.8588},
{"Node_id":19934,"weight":2.5459},
{"Node_id":19935,"weight":0.2258},
{"Node_id":19936,"weight":1.7089},
{"Node_id":19937,"weight":2.9153},
{"Node_id":19938,"weight":0.2302},
{"Node_id":19939,"weight":3.429},
{"Node_id":19942,"weight":0.3437},
{"Node_id":19943,"weight":0.2294},
{"Node_id":19946,"weight":0.9579},
{"Node_id":19949,"weight":0.3602},
{"Node_id":19950,"weight":3.6233},
{"Node_id":19951,"weight":1.6128},
{"Node_id":19952,"weight":2.1763},
{"Node_id":19953,"weight":4.8988},
{"Node_id":19954,"weight":1.7535},
{"Node_id":19955,"weight":0.6678},
{"Node_id":19956,"weight":1.0465},
{"Node_id":19957,"weight":0.8231},
{"Node_id":19976,"weight":1.4191},
{"Node_id":19977,"weight":1.1859},
{"Node_id":19982,"weight":1.6258},
{"Node_id":19983,"weight":0.3174},
{"Node_id":19986,"weight":0.9203},
{"Node_id":19987,"weight":0.9346},
{"Node_id":19988,"weight":2.5195},
{"Node_id":19989,"weight":1.0997},
{"Node_id":19990,"weight":1.08},
{"Node_id":19991,"weight":0.3293},
{"Node_id":19992,"weight":0.2055},
{"Node_id":19995,"weight":1.1698},
{"Node_id":19996,"weight":0.3756},
{"Node_id":19997,"weight":1.969},
{"Node_id":19998,"weight":0.5849},
{"Node_id":19999,"weight":0.216},
{"Node_id":20000,"weight":0.0532},
{"Node_id":20005,"weight":3.818},
{"Node_id":20006,"weight":0.2408},
{"Node_id":20007,"weight":3.7401},
{"Node_id":20008,"weight":0.9982},
{"Node_id":20009,"weight":0.4608},
{"Node_id":20010,"weight":0.2884},
{"Node_id":20011,"weight":1.5437},
{"Node_id":20012,"weight":1.1914},
{"Node_id":20013,"weight":0.7332},
{"Node_id":20014,"weight":0.9714},
{"Node_id":20015,"weight":0.9115},
{"Node_id":20016,"weight":0.4768},
{"Node_id":20017,"weight":0.2745},
{"Node_id":20018,"weight":0.9095},
{"Node_id":20019,"weight":0.1141},
{"Node_id":20020,"weight":0.1491},
{"Node_id":20021,"weight":0.4879},
{"Node_id":20024,"weight":0.1322},
{"Node_id":20025,"weight":0.5155},
{"Node_id":20146,"weight":0.6879},
{"Node_id":20147,"weight":1.8379},
{"Node_id":20148,"weight":1.2396}]