[{"Node_id":46,"weight":0.23787999},
{"Node_id":48,"weight":0.16121},
{"Node_id":49,"weight":0.21577999},
{"Node_id":51,"weight":0.39335},
{"Node_id":55,"weight":0.14306},
{"Node_id":57,"weight":0.28574},
{"Node_id":58,"weight":0.47241998},
{"Node_id":60,"weight":0.16891},
{"Node_id":61,"weight":0.16186},
{"Node_id":65,"weight":0.26466},
{"Node_id":67,"weight":0.22704999},
{"Node_id":68,"weight":0.3776},
{"Node_id":70,"weight":0.15279},
{"Node_id":71,"weight":0.27748},
{"Node_id":72,"weight":0.22716},
{"Node_id":76,"weight":0.18965},
{"Node_id":3657,"weight":0.32071},
{"Node_id":3658,"weight":0.41579},
{"Node_id":3660,"weight":0.21851},
{"Node_id":3661,"weight":0.24923},
{"Node_id":3662,"weight":0.1452},
{"Node_id":3663,"weight":0.21145001},
{"Node_id":3667,"weight":0.51616},
{"Node_id":3669,"weight":0.15665999},
{"Node_id":3670,"weight":0.19332},
{"Node_id":3672,"weight":0.18711999},
{"Node_id":3673,"weight":0.42619},
{"Node_id":3674,"weight":0.2145},
{"Node_id":3675,"weight":0.29549998},
{"Node_id":3676,"weight":0.43940002},
{"Node_id":3680,"weight":0.21535},
{"Node_id":3682,"weight":0.20076999},
{"Node_id":3683,"weight":0.48988},
{"Node_id":3685,"weight":0.27339},
{"Node_id":3686,"weight":0.23087999},
{"Node_id":3687,"weight":0.18029},
{"Node_id":3688,"weight":0.23160999},
{"Node_id":3690,"weight":0.14474},
{"Node_id":3694,"weight":0.37579},
{"Node_id":3696,"weight":0.26417},
{"Node_id":3697,"weight":0.35472},
{"Node_id":3699,"weight":0.16042},
{"Node_id":3700,"weight":0.16179},
{"Node_id":3701,"weight":0.16411999},
{"Node_id":3702,"weight":0.17276},
{"Node_id":3704,"weight":0.15729001},
{"Node_id":3705,"weight":0.19532},
{"Node_id":3708,"weight":0.17752},
{"Node_id":3710,"weight":0.15042},
{"Node_id":3711,"weight":0.19179},
{"Node_id":3713,"weight":0.52159},
{"Node_id":3714,"weight":0.43066},
{"Node_id":3715,"weight":0.26194},
{"Node_id":3717,"weight":0.35999},
{"Node_id":3718,"weight":0.16092},
{"Node_id":3719,"weight":0.18808},
{"Node_id":3720,"weight":0.23559001},
{"Node_id":3722,"weight":0.21333},
{"Node_id":3723,"weight":0.19886},
{"Node_id":3724,"weight":0.27949},
{"Node_id":3728,"weight":0.22622001},
{"Node_id":3729,"weight":0.3356},
{"Node_id":3730,"weight":0.32761},
{"Node_id":3731,"weight":0.20855999},
{"Node_id":3735,"weight":0.19098},
{"Node_id":3736,"weight":0.60299003},
{"Node_id":3737,"weight":0.17354},
{"Node_id":3743,"weight":0.25137},
{"Node_id":3744,"weight":0.18404},
{"Node_id":3745,"weight":0.23853},
{"Node_id":3752,"weight":0.21071999},
{"Node_id":3753,"weight":0.44896},
{"Node_id":3754,"weight":0.15575},
{"Node_id":3760,"weight":0.23371},
{"Node_id":3762,"weight":0.21545999},
{"Node_id":3763,"weight":0.22493999},
{"Node_id":3764,"weight":0.14795001},
{"Node_id":3765,"weight":0.22049999},
{"Node_id":3770,"weight":0.14461},
{"Node_id":3773,"weight":0.21092999},
{"Node_id":3774,"weight":0.39388},
{"Node_id":3775,"weight":0.15292999},
{"Node_id":3781,"weight":0.15471},
{"Node_id":3784,"weight":0.36312002},
{"Node_id":3785,"weight":0.15225},
{"Node_id":3786,"weight":0.14448},
{"Node_id":3792,"weight":0.24128},
{"Node_id":3797,"weight":0.23063},
{"Node_id":3798,"weight":0.16868},
{"Node_id":3800,"weight":0.17825},
{"Node_id":3802,"weight":0.15736},
{"Node_id":3803,"weight":0.14921},
{"Node_id":3805,"weight":0.29277},
{"Node_id":3806,"weight":0.23710999},
{"Node_id":3807,"weight":0.47128},
{"Node_id":3809,"weight":0.17315},
{"Node_id":3810,"weight":0.16056},
{"Node_id":3811,"weight":0.22704999},
{"Node_id":3812,"weight":0.19125},
{"Node_id":3813,"weight":0.14526},
{"Node_id":3814,"weight":0.22990999},
{"Node_id":3815,"weight":0.1452},
{"Node_id":3816,"weight":0.20029},
{"Node_id":3817,"weight":0.21503},
{"Node_id":3818,"weight":0.37011},
{"Node_id":3820,"weight":0.17947},
{"Node_id":3821,"weight":0.21439},
{"Node_id":3822,"weight":0.31833},
{"Node_id":3823,"weight":0.15771},
{"Node_id":3825,"weight":0.19026999},
{"Node_id":3827,"weight":0.54685},
{"Node_id":3828,"weight":0.1789},
{"Node_id":3829,"weight":0.30072},
{"Node_id":3830,"weight":0.26911},
{"Node_id":3833,"weight":0.32071},
{"Node_id":3834,"weight":0.17988},
{"Node_id":3835,"weight":0.15116},
{"Node_id":3836,"weight":0.17043},
{"Node_id":3837,"weight":0.51100004},
{"Node_id":3838,"weight":0.15463999},
{"Node_id":3839,"weight":0.38567},
{"Node_id":3840,"weight":0.48853},
{"Node_id":3841,"weight":0.14507},
{"Node_id":3842,"weight":0.20989001},
{"Node_id":3843,"weight":0.25944},
{"Node_id":3845,"weight":0.41448003},
{"Node_id":3846,"weight":0.1893},
{"Node_id":3847,"weight":0.18286},
{"Node_id":3849,"weight":0.15313},
{"Node_id":3850,"weight":0.14006999},
{"Node_id":3851,"weight":0.18652001},
{"Node_id":3852,"weight":0.28731},
{"Node_id":3854,"weight":0.17647001},
{"Node_id":3856,"weight":0.35362},
{"Node_id":3857,"weight":0.14598},
{"Node_id":3858,"weight":0.15913},
{"Node_id":3860,"weight":0.14756},
{"Node_id":3862,"weight":0.22309999},
{"Node_id":3863,"weight":0.15603},
{"Node_id":3864,"weight":0.33999},
{"Node_id":3865,"weight":0.30275},
{"Node_id":3867,"weight":0.23931},
{"Node_id":3869,"weight":0.23346},
{"Node_id":3870,"weight":0.20436001},
{"Node_id":3871,"weight":0.33683},
{"Node_id":3872,"weight":0.17276},
{"Node_id":3874,"weight":0.24505},
{"Node_id":3876,"weight":0.49126},
{"Node_id":3877,"weight":0.33777002},
{"Node_id":3878,"weight":0.19868},
{"Node_id":3879,"weight":0.15382001},
{"Node_id":3880,"weight":0.19905},
{"Node_id":3882,"weight":0.50141},
{"Node_id":3884,"weight":0.3511},
{"Node_id":3887,"weight":0.44364},
{"Node_id":3888,"weight":0.18549},
{"Node_id":3889,"weight":0.21302},
{"Node_id":3891,"weight":0.27427},
{"Node_id":3893,"weight":0.29593},
{"Node_id":3896,"weight":0.25944},
{"Node_id":3897,"weight":0.15638},
{"Node_id":3898,"weight":0.21643},
{"Node_id":3899,"weight":0.32648},
{"Node_id":3901,"weight":0.22265},
{"Node_id":3903,"weight":0.21092999},
{"Node_id":3906,"weight":0.16679},
{"Node_id":3907,"weight":0.23787999},
{"Node_id":3908,"weight":0.14591},
{"Node_id":3909,"weight":0.26777},
{"Node_id":3910,"weight":0.14928},
{"Node_id":3912,"weight":0.22811},
{"Node_id":3914,"weight":0.42619},
{"Node_id":3917,"weight":0.20887001},
{"Node_id":3918,"weight":0.15499},
{"Node_id":3920,"weight":0.46155},
{"Node_id":3921,"weight":0.21082},
{"Node_id":3922,"weight":0.17914},
{"Node_id":3924,"weight":0.36312002},
{"Node_id":3926,"weight":0.18328},
{"Node_id":3929,"weight":0.19459},
{"Node_id":3930,"weight":0.30715},
{"Node_id":3932,"weight":0.28324002},
{"Node_id":3933,"weight":0.33529},
{"Node_id":3954,"weight":0.16361001},
{"Node_id":3960,"weight":0.20114999},
{"Node_id":3961,"weight":0.18764},
{"Node_id":3967,"weight":0.15326999},
{"Node_id":3975,"weight":0.33652002},
{"Node_id":3979,"weight":0.2658},
{"Node_id":3980,"weight":0.22657001},
{"Node_id":3981,"weight":0.16921},
{"Node_id":3982,"weight":0.41778},
{"Node_id":3983,"weight":0.17711},
{"Node_id":3984,"weight":0.2401},
{"Node_id":3985,"weight":0.25066},
{"Node_id":3986,"weight":0.32098},
{"Node_id":3987,"weight":0.18974},
{"Node_id":3988,"weight":0.37011},
{"Node_id":3989,"weight":0.15042},
{"Node_id":3990,"weight":0.20134},
{"Node_id":3992,"weight":0.28248},
{"Node_id":3994,"weight":0.25371},
{"Node_id":3995,"weight":0.59496003},
{"Node_id":3996,"weight":0.20407},
{"Node_id":3997,"weight":0.30343002},
{"Node_id":3998,"weight":0.17447999},
{"Node_id":3999,"weight":0.15603},
{"Node_id":4002,"weight":0.22163},
{"Node_id":4006,"weight":0.14862},
{"Node_id":4011,"weight":0.17784},
{"Node_id":4016,"weight":0.14338},
{"Node_id":4017,"weight":0.22095},
{"Node_id":4024,"weight":0.14908001},
{"Node_id":4031,"weight":0.20535},
{"Node_id":4032,"weight":0.15589},
{"Node_id":4033,"weight":0.27098},
{"Node_id":4034,"weight":0.14828},
{"Node_id":4036,"weight":0.34795},
{"Node_id":4038,"weight":0.16523},
{"Node_id":4039,"weight":0.26162},
{"Node_id":4041,"weight":0.20076999},
{"Node_id":4042,"weight":0.39936},
{"Node_id":4045,"weight":0.14063999},
{"Node_id":4046,"weight":0.15049},
{"Node_id":4050,"weight":0.15218},
{"Node_id":4051,"weight":0.13918999},
{"Node_id":4056,"weight":0.14928},
{"Node_id":4057,"weight":0.25415},
{"Node_id":4063,"weight":0.21322998},
{"Node_id":4064,"weight":0.20076999},
{"Node_id":4069,"weight":0.17447999},
{"Node_id":4071,"weight":0.48853},
{"Node_id":4072,"weight":0.29852},
{"Node_id":4077,"weight":0.44896},
{"Node_id":4078,"weight":0.14558999},
{"Node_id":4080,"weight":0.8},
{"Node_id":4086,"weight":0.26178},
{"Node_id":4090,"weight":0.14223},
{"Node_id":4091,"weight":0.24142},
{"Node_id":4096,"weight":0.19953},
{"Node_id":4098,"weight":0.50609004},
{"Node_id":4101,"weight":0.20855999},
{"Node_id":4107,"weight":0.22049999},
{"Node_id":4111,"weight":0.31272},
{"Node_id":4113,"weight":0.92102003},
{"Node_id":4119,"weight":0.17424999},
{"Node_id":4123,"weight":0.14140001},
{"Node_id":4126,"weight":0.42692},
{"Node_id":4132,"weight":0.16508},
{"Node_id":4140,"weight":0.22586998},
{"Node_id":4141,"weight":0.19188},
{"Node_id":4146,"weight":0.21861999},
{"Node_id":4153,"weight":0.28191},
{"Node_id":4155,"weight":0.17543},
{"Node_id":4156,"weight":0.19746},
{"Node_id":4166,"weight":0.19532},
{"Node_id":4170,"weight":0.32151002},
{"Node_id":4175,"weight":0.18886},
{"Node_id":4177,"weight":0.17615},
{"Node_id":4181,"weight":0.16959},
{"Node_id":4184,"weight":0.22174},
{"Node_id":4187,"weight":0.14822},
{"Node_id":4188,"weight":0.24342},
{"Node_id":4191,"weight":0.16973999},
{"Node_id":4196,"weight":0.24248},
{"Node_id":4199,"weight":0.25897998},
{"Node_id":4205,"weight":0.16427},
{"Node_id":4208,"weight":0.21103},
{"Node_id":4211,"weight":0.27931002},
{"Node_id":4215,"weight":0.17736},
{"Node_id":4218,"weight":0.2887},
{"Node_id":4221,"weight":0.27029},
{"Node_id":4224,"weight":0.26305002},
{"Node_id":4226,"weight":0.29529},
{"Node_id":4229,"weight":0.18755999},
{"Node_id":4234,"weight":0.20289},
{"Node_id":4235,"weight":0.14729},
{"Node_id":4236,"weight":0.17575},
{"Node_id":4237,"weight":0.29360002},
{"Node_id":4239,"weight":0.14749},
{"Node_id":4241,"weight":0.15334001},
{"Node_id":4243,"weight":0.21429},
{"Node_id":4244,"weight":0.24396},
{"Node_id":4246,"weight":0.22811},
{"Node_id":4247,"weight":0.16208},
{"Node_id":4248,"weight":0.17906},
{"Node_id":4250,"weight":0.6264},
{"Node_id":4251,"weight":0.18029},
{"Node_id":4253,"weight":0.13982001},
{"Node_id":4255,"weight":0.25594002},
{"Node_id":4258,"weight":0.17354},
{"Node_id":4259,"weight":0.24754},
{"Node_id":4260,"weight":0.24302001},
{"Node_id":4261,"weight":0.14140001},
{"Node_id":4263,"weight":0.25283},
{"Node_id":4266,"weight":0.47473997},
{"Node_id":4270,"weight":0.35884},
{"Node_id":4275,"weight":0.23635001},
{"Node_id":4281,"weight":0.18447},
{"Node_id":4288,"weight":0.15548},
{"Node_id":4296,"weight":0.17377},
{"Node_id":4305,"weight":0.25975},
{"Node_id":4316,"weight":0.17898001},
{"Node_id":4317,"weight":0.17043},
{"Node_id":4318,"weight":0.16612001},
{"Node_id":4319,"weight":0.18669},
{"Node_id":4320,"weight":0.16762},
{"Node_id":4321,"weight":0.22207999},
{"Node_id":4322,"weight":0.30297},
{"Node_id":4323,"weight":0.24261999},
{"Node_id":4324,"weight":0.24155},
{"Node_id":4325,"weight":0.32017},
{"Node_id":4326,"weight":0.24866},
{"Node_id":4327,"weight":0.29939002},
{"Node_id":4328,"weight":0.44538003},
{"Node_id":4329,"weight":0.21796},
{"Node_id":4330,"weight":0.18523},
{"Node_id":4331,"weight":0.20038},
{"Node_id":4332,"weight":0.19934},
{"Node_id":4333,"weight":0.15652},
{"Node_id":4334,"weight":0.1561},
{"Node_id":4335,"weight":0.15892},
{"Node_id":4336,"weight":0.16006},
{"Node_id":4337,"weight":0.17377},
{"Node_id":4338,"weight":0.23321},
{"Node_id":4339,"weight":0.20202},
{"Node_id":4340,"weight":0.42839998},
{"Node_id":4341,"weight":0.34969002},
{"Node_id":4342,"weight":0.15736},
{"Node_id":4343,"weight":0.17857},
{"Node_id":4344,"weight":0.23271},
{"Node_id":4345,"weight":0.1873},
{"Node_id":4346,"weight":0.20685},
{"Node_id":4347,"weight":0.18506},
{"Node_id":4348,"weight":0.25609},
{"Node_id":4349,"weight":0.16034},
{"Node_id":4350,"weight":0.20357999},
{"Node_id":4351,"weight":0.22599001},
{"Node_id":4352,"weight":0.36800998},
{"Node_id":4353,"weight":0.51441},
{"Node_id":4354,"weight":0.40396},
{"Node_id":4355,"weight":0.21610999},
{"Node_id":4356,"weight":0.47831997},
{"Node_id":4357,"weight":0.34258002},
{"Node_id":4358,"weight":0.26661998},
{"Node_id":4359,"weight":0.24208},
{"Node_id":4360,"weight":0.15687},
{"Node_id":4361,"weight":0.28191},
{"Node_id":4362,"weight":0.14935},
{"Node_id":4363,"weight":0.17362},
{"Node_id":4364,"weight":0.17807999},
{"Node_id":4365,"weight":0.21503},
{"Node_id":4366,"weight":0.61637},
{"Node_id":4367,"weight":0.19359},
{"Node_id":4368,"weight":0.33287},
{"Node_id":4369,"weight":0.30458},
{"Node_id":4370,"weight":0.21164998},
{"Node_id":4371,"weight":0.15022},
{"Node_id":4372,"weight":0.25066},
{"Node_id":4375,"weight":0.14281},
{"Node_id":4376,"weight":0.24089},
{"Node_id":4377,"weight":0.17615},
{"Node_id":4378,"weight":0.14995},
{"Node_id":4379,"weight":0.19597},
{"Node_id":4380,"weight":0.29549998},
{"Node_id":4381,"weight":0.24235001},
{"Node_id":4382,"weight":0.16634001},
{"Node_id":4388,"weight":0.19915},
{"Node_id":4391,"weight":0.16273001},
{"Node_id":4395,"weight":0.27986},
{"Node_id":4400,"weight":0.60725003},
{"Node_id":4406,"weight":0.38275},
{"Node_id":4413,"weight":0.21302},
{"Node_id":4418,"weight":0.22128999},
{"Node_id":4419,"weight":0.1683},
{"Node_id":4420,"weight":0.33620998},
{"Node_id":4421,"weight":0.34691998},
{"Node_id":4425,"weight":0.29635},
{"Node_id":4426,"weight":0.18965},
{"Node_id":4428,"weight":0.16883},
{"Node_id":4429,"weight":0.42330998},
{"Node_id":4430,"weight":0.25474},
{"Node_id":4431,"weight":0.29113},
{"Node_id":4432,"weight":0.41711003},
{"Node_id":4433,"weight":0.28362},
{"Node_id":4434,"weight":0.14128},
{"Node_id":4435,"weight":0.16950999},
{"Node_id":4436,"weight":0.49404997},
{"Node_id":4437,"weight":0.29133},
{"Node_id":4438,"weight":0.18228},
{"Node_id":4439,"weight":0.27712},
{"Node_id":4440,"weight":0.19404},
{"Node_id":4442,"weight":0.24477999},
{"Node_id":4443,"weight":0.24356},
{"Node_id":4444,"weight":0.20397},
{"Node_id":4445,"weight":0.33871},
{"Node_id":4447,"weight":0.29072002},
{"Node_id":4449,"weight":0.32676},
{"Node_id":4451,"weight":0.21062},
{"Node_id":4452,"weight":0.15949},
{"Node_id":4453,"weight":0.20705},
{"Node_id":4454,"weight":0.51441},
{"Node_id":4455,"weight":0.19018},
{"Node_id":4456,"weight":0.15582},
{"Node_id":4457,"weight":0.19477001},
{"Node_id":4458,"weight":0.34094998},
{"Node_id":4459,"weight":0.1798},
{"Node_id":4460,"weight":0.38132},
{"Node_id":4461,"weight":0.51794},
{"Node_id":4462,"weight":0.81113994},
{"Node_id":4463,"weight":0.35732},
{"Node_id":4464,"weight":0.65699},
{"Node_id":4465,"weight":0.18506},
{"Node_id":4466,"weight":0.32098},
{"Node_id":4467,"weight":0.21665001},
{"Node_id":4468,"weight":0.16056},
{"Node_id":4469,"weight":0.45653},
{"Node_id":4470,"weight":0.20959},
{"Node_id":4471,"weight":0.31099},
{"Node_id":4472,"weight":0.22907},
{"Node_id":4473,"weight":0.52734},
{"Node_id":4474,"weight":0.38371998},
{"Node_id":4475,"weight":0.16648999},
{"Node_id":4476,"weight":0.25775},
{"Node_id":4477,"weight":0.30929},
{"Node_id":4478,"weight":0.17036},
{"Node_id":4479,"weight":0.25297},
{"Node_id":4480,"weight":0.19170001},
{"Node_id":4481,"weight":0.15416},
{"Node_id":4482,"weight":0.25913},
{"Node_id":4483,"weight":0.22005999},
{"Node_id":4484,"weight":0.22072999},
{"Node_id":4485,"weight":0.17345999},
{"Node_id":4486,"weight":0.17252001},
{"Node_id":4487,"weight":0.22871001},
{"Node_id":4488,"weight":0.2375},
{"Node_id":4489,"weight":0.19487},
{"Node_id":4490,"weight":0.25684},
{"Node_id":4491,"weight":0.24221},
{"Node_id":4492,"weight":0.16523},
{"Node_id":4493,"weight":0.21031001},
{"Node_id":4494,"weight":0.17607},
{"Node_id":4495,"weight":0.14045},
{"Node_id":4496,"weight":0.23321},
{"Node_id":4497,"weight":0.35146},
{"Node_id":4498,"weight":0.37991},
{"Node_id":4499,"weight":0.25534},
{"Node_id":4500,"weight":0.22028},
{"Node_id":4501,"weight":0.19895999},
{"Node_id":4502,"weight":0.18843},
{"Node_id":4503,"weight":0.28381},
{"Node_id":4504,"weight":0.15076},
{"Node_id":4505,"weight":0.2184},
{"Node_id":4506,"weight":0.20416},
{"Node_id":4507,"weight":0.37579},
{"Node_id":4508,"weight":0.19296},
{"Node_id":4509,"weight":0.21092999},
{"Node_id":4510,"weight":0.27876002},
{"Node_id":4511,"weight":0.22657001},
{"Node_id":4512,"weight":0.31651002},
{"Node_id":4513,"weight":0.40163},
{"Node_id":4514,"weight":0.20192},
{"Node_id":4515,"weight":0.26678},
{"Node_id":4516,"weight":0.24768},
{"Node_id":4517,"weight":0.15245},
{"Node_id":4518,"weight":0.47954002},
{"Node_id":4519,"weight":0.19895999},
{"Node_id":4520,"weight":0.23075},
{"Node_id":4521,"weight":0.25023},
{"Node_id":4522,"weight":0.1421},
{"Node_id":4523,"weight":0.17151001},
{"Node_id":4524,"weight":0.15575},
{"Node_id":4525,"weight":0.19634},
{"Node_id":4526,"weight":0.14177999},
{"Node_id":4527,"weight":0.46469003},
{"Node_id":4528,"weight":0.19232},
{"Node_id":4529,"weight":0.18635},
{"Node_id":4530,"weight":0.27676},
{"Node_id":4532,"weight":0.23099999},
{"Node_id":4533,"weight":0.22967},
{"Node_id":4534,"weight":0.17198},
{"Node_id":4535,"weight":0.37669},
{"Node_id":4536,"weight":0.21185999},
{"Node_id":4537,"weight":0.18974},
{"Node_id":4538,"weight":0.14533},
{"Node_id":4539,"weight":0.23931},
{"Node_id":4541,"weight":0.20134},
{"Node_id":4542,"weight":0.19934},
{"Node_id":4544,"weight":0.41711003},
{"Node_id":4546,"weight":0.25312},
{"Node_id":4547,"weight":0.41002002},
{"Node_id":4548,"weight":0.52159},
{"Node_id":4549,"weight":0.28613},
{"Node_id":4550,"weight":0.15842},
{"Node_id":4552,"weight":0.17575},
{"Node_id":4553,"weight":0.14448},
{"Node_id":4554,"weight":0.29092},
{"Node_id":4555,"weight":0.21577999},
{"Node_id":4556,"weight":0.39072},
{"Node_id":4557,"weight":0.21861999},
{"Node_id":4559,"weight":0.45458},
{"Node_id":4560,"weight":0.17097},
{"Node_id":4561,"weight":0.13913},
{"Node_id":4562,"weight":0.54447997},
{"Node_id":4563,"weight":0.21071999},
{"Node_id":4564,"weight":0.17464},
{"Node_id":4565,"weight":0.27235},
{"Node_id":4567,"weight":0.36843},
{"Node_id":4568,"weight":0.23699},
{"Node_id":4571,"weight":0.31651002},
{"Node_id":4574,"weight":0.19624999},
{"Node_id":4576,"weight":0.28023},
{"Node_id":4579,"weight":0.3776},
{"Node_id":4581,"weight":0.20515001},
{"Node_id":4583,"weight":0.15561},
{"Node_id":4585,"weight":0.17841001},
{"Node_id":4586,"weight":0.14578},
{"Node_id":4587,"weight":0.20231},
{"Node_id":4588,"weight":0.15779},
{"Node_id":4590,"weight":0.15035},
{"Node_id":4591,"weight":0.1597},
{"Node_id":4592,"weight":0.17881},
{"Node_id":4593,"weight":0.2474},
{"Node_id":4594,"weight":0.5077},
{"Node_id":4595,"weight":0.20887001},
{"Node_id":4596,"weight":0.27765998},
{"Node_id":4597,"weight":0.25929},
{"Node_id":4599,"weight":0.21905999},
{"Node_id":4600,"weight":0.18609},
{"Node_id":4601,"weight":0.16694},
{"Node_id":4602,"weight":0.26945},
{"Node_id":4603,"weight":0.36843},
{"Node_id":4604,"weight":0.26037},
{"Node_id":4607,"weight":0.34356},
{"Node_id":4609,"weight":0.35999},
{"Node_id":4610,"weight":0.47831997},
{"Node_id":4612,"weight":0.19441},
{"Node_id":4613,"weight":0.21396999},
{"Node_id":4614,"weight":0.43857998},
{"Node_id":4615,"weight":0.15863},
{"Node_id":4616,"weight":0.17873},
{"Node_id":4617,"weight":0.14448},
{"Node_id":4618,"weight":0.29742998},
{"Node_id":4620,"weight":0.36233002},
{"Node_id":4621,"weight":0.25341},
{"Node_id":4622,"weight":0.26482},
{"Node_id":4623,"weight":0.22095},
{"Node_id":4624,"weight":0.22634001},
{"Node_id":4625,"weight":0.1653},
{"Node_id":4626,"weight":0.1397},
{"Node_id":4627,"weight":0.25166},
{"Node_id":4628,"weight":0.19468},
{"Node_id":4629,"weight":0.20337999},
{"Node_id":4630,"weight":0.17528},
{"Node_id":4631,"weight":0.153},
{"Node_id":4632,"weight":0.17213},
{"Node_id":4636,"weight":0.38968998},
{"Node_id":4637,"weight":0.18087},
{"Node_id":4639,"weight":0.25023},
{"Node_id":4640,"weight":0.26498002},
{"Node_id":4641,"weight":0.19514},
{"Node_id":4643,"weight":0.28516},
{"Node_id":4644,"weight":0.24023},
{"Node_id":4645,"weight":0.14204},
{"Node_id":4646,"weight":0.19634},
{"Node_id":4648,"weight":0.3356},
{"Node_id":4649,"weight":0.1832},
{"Node_id":4651,"weight":0.21557},
{"Node_id":4652,"weight":0.31912},
{"Node_id":4654,"weight":0.1561},
{"Node_id":4655,"weight":0.17488},
{"Node_id":4656,"weight":0.15786001},
{"Node_id":4657,"weight":0.20585},
{"Node_id":4658,"weight":0.29808},
{"Node_id":4659,"weight":0.34899002},
{"Node_id":4661,"weight":0.20918},
{"Node_id":4662,"weight":0.26242},
{"Node_id":4663,"weight":0.26979},
{"Node_id":4664,"weight":0.2366},
{"Node_id":4665,"weight":0.1893},
{"Node_id":4666,"weight":0.35362},
{"Node_id":4668,"weight":0.17074},
{"Node_id":4669,"weight":0.20625},
{"Node_id":4670,"weight":0.15055},
{"Node_id":4671,"weight":0.25137},
{"Node_id":4672,"weight":0.27392},
{"Node_id":4673,"weight":0.15136},
{"Node_id":4674,"weight":0.30715},
{"Node_id":4677,"weight":0.24342},
{"Node_id":4678,"weight":0.14140001},
{"Node_id":4679,"weight":0.24574001},
{"Node_id":4680,"weight":0.53992},
{"Node_id":4681,"weight":0.14995},
{"Node_id":4682,"weight":0.2748},
{"Node_id":4687,"weight":0.17323},
{"Node_id":4688,"weight":0.66441},
{"Node_id":4689,"weight":0.42259997},
{"Node_id":4690,"weight":0.22506002},
{"Node_id":4691,"weight":0.15506001},
{"Node_id":4694,"weight":0.15942},
{"Node_id":4696,"weight":0.14975},
{"Node_id":4697,"weight":0.21031001},
{"Node_id":4699,"weight":0.40574002},
{"Node_id":4700,"weight":0.29215},
{"Node_id":4701,"weight":0.29808},
{"Node_id":4704,"weight":0.18652001},
{"Node_id":4705,"weight":0.37991},
{"Node_id":4706,"weight":0.18128},
{"Node_id":4707,"weight":0.29808},
{"Node_id":4708,"weight":0.42402},
{"Node_id":4709,"weight":0.1935},
{"Node_id":4710,"weight":0.32591},
{"Node_id":4711,"weight":0.16538},
{"Node_id":4712,"weight":0.21568},
{"Node_id":4713,"weight":0.31781},
{"Node_id":4714,"weight":0.2881},
{"Node_id":4715,"weight":0.14848},
{"Node_id":4716,"weight":0.15793},
{"Node_id":4717,"weight":0.31833},
{"Node_id":4718,"weight":0.27857},
{"Node_id":4719,"weight":0.16754},
{"Node_id":4720,"weight":0.17575},
{"Node_id":4721,"weight":0.22955},
{"Node_id":4722,"weight":0.20202},
{"Node_id":4723,"weight":0.27235},
{"Node_id":4724,"weight":0.21796},
{"Node_id":4725,"weight":0.27339},
{"Node_id":4726,"weight":0.33967},
{"Node_id":4727,"weight":0.24208},
{"Node_id":4728,"weight":0.15652},
{"Node_id":4729,"weight":0.41064},
{"Node_id":4730,"weight":0.15715},
{"Node_id":4731,"weight":0.14723},
{"Node_id":4732,"weight":0.30435},
{"Node_id":4733,"weight":0.15259},
{"Node_id":4734,"weight":0.21312001},
{"Node_id":4735,"weight":0.15002},
{"Node_id":4736,"weight":0.63182},
{"Node_id":4737,"weight":0.20745},
{"Node_id":4738,"weight":0.14822},
{"Node_id":4739,"weight":0.14848},
{"Node_id":4740,"weight":0.20436001},
{"Node_id":4741,"weight":0.19905},
{"Node_id":4742,"weight":0.24851999},
{"Node_id":4743,"weight":0.18643},
{"Node_id":4744,"weight":0.31651002},
{"Node_id":4745,"weight":0.37357},
{"Node_id":4746,"weight":0.13932},
{"Node_id":4747,"weight":0.14975},
{"Node_id":4748,"weight":0.18037},
{"Node_id":4749,"weight":0.15963},
{"Node_id":4750,"weight":0.25224},
{"Node_id":4751,"weight":0.3842},
{"Node_id":4752,"weight":0.21621999},
{"Node_id":4753,"weight":0.18515},
{"Node_id":4754,"weight":0.58401},
{"Node_id":4755,"weight":0.16906},
{"Node_id":4756,"weight":0.17736},
{"Node_id":4757,"weight":0.19296},
{"Node_id":4758,"weight":0.27857},
{"Node_id":4759,"weight":0.23546},
{"Node_id":4760,"weight":0.3776},
{"Node_id":4761,"weight":0.40693998},
{"Node_id":4762,"weight":0.24670999},
{"Node_id":4763,"weight":0.21730001},
{"Node_id":4764,"weight":0.1752},
{"Node_id":4765,"weight":0.20038},
{"Node_id":4766,"weight":0.14371},
{"Node_id":4767,"weight":0.27081},
{"Node_id":4768,"weight":0.14835},
{"Node_id":4769,"weight":0.19962},
{"Node_id":4770,"weight":0.2727},
{"Node_id":4771,"weight":0.22516999},
{"Node_id":4772,"weight":0.23648},
{"Node_id":4773,"weight":0.3596},
{"Node_id":4774,"weight":0.26257},
{"Node_id":4775,"weight":0.24275},
{"Node_id":4776,"weight":0.19277},
{"Node_id":4777,"weight":0.23866001},
{"Node_id":4778,"weight":0.53992},
{"Node_id":4779,"weight":0.14624},
{"Node_id":4780,"weight":0.15484999},
{"Node_id":4781,"weight":0.18895},
{"Node_id":4782,"weight":0.24588001},
{"Node_id":4783,"weight":0.22799},
{"Node_id":4784,"weight":0.28652},
{"Node_id":4785,"weight":0.15062},
{"Node_id":4786,"weight":0.14881},
{"Node_id":4787,"weight":0.15842},
{"Node_id":4788,"weight":0.14921},
{"Node_id":4789,"weight":0.18078001},
{"Node_id":4790,"weight":0.1776},
{"Node_id":4791,"weight":0.3305},
{"Node_id":4792,"weight":0.25959},
{"Node_id":4793,"weight":0.16973999},
{"Node_id":4794,"weight":0.22196},
{"Node_id":4795,"weight":0.14848},
{"Node_id":4796,"weight":0.2881},
{"Node_id":4797,"weight":0.17401001},
{"Node_id":4798,"weight":0.23234001},
{"Node_id":4799,"weight":0.16208},
{"Node_id":4800,"weight":0.26563},
{"Node_id":4801,"weight":0.16486},
{"Node_id":4802,"weight":0.19332},
{"Node_id":4803,"weight":0.18523},
{"Node_id":4804,"weight":0.26401},
{"Node_id":4805,"weight":0.15272},
{"Node_id":4806,"weight":0.15368},
{"Node_id":4807,"weight":0.48077998},
{"Node_id":4808,"weight":0.19868},
{"Node_id":4810,"weight":0.19286999},
{"Node_id":4811,"weight":0.15049},
{"Node_id":4813,"weight":0.15977},
{"Node_id":4814,"weight":0.25489},
{"Node_id":4815,"weight":0.21928},
{"Node_id":4817,"weight":0.23775999},
{"Node_id":4818,"weight":0.22799},
{"Node_id":4819,"weight":0.24368998},
{"Node_id":4820,"weight":0.30881},
{"Node_id":4821,"weight":0.14565},
{"Node_id":4822,"weight":0.20816},
{"Node_id":4823,"weight":0.27784},
{"Node_id":4825,"weight":0.20907},
{"Node_id":4826,"weight":0.60725003},
{"Node_id":4827,"weight":0.28574},
{"Node_id":4828,"weight":0.14177999},
{"Node_id":4829,"weight":0.15992},
{"Node_id":4830,"weight":0.21719},
{"Node_id":4831,"weight":0.15035},
{"Node_id":4832,"weight":0.13882},
{"Node_id":4833,"weight":0.22576001},
{"Node_id":4834,"weight":0.33652002},
{"Node_id":4835,"weight":0.25254},
{"Node_id":4836,"weight":0.17105},
{"Node_id":4837,"weight":0.48457998},
{"Node_id":4838,"weight":0.22551998},
{"Node_id":4839,"weight":0.13988},
{"Node_id":4840,"weight":0.14172},
{"Node_id":4841,"weight":0.16523},
{"Node_id":4842,"weight":0.17963001},
{"Node_id":4843,"weight":0.41002002},
{"Node_id":4844,"weight":0.25066},
{"Node_id":4845,"weight":0.25385},
{"Node_id":4846,"weight":0.2877},
{"Node_id":4847,"weight":0.19522999},
{"Node_id":4848,"weight":0.25713998},
{"Node_id":4849,"weight":0.14565},
{"Node_id":4850,"weight":0.1744},
{"Node_id":4851,"weight":0.16732},
{"Node_id":4852,"weight":0.1798},
{"Node_id":4853,"weight":0.19305},
{"Node_id":4854,"weight":0.14229},
{"Node_id":4855,"weight":0.1543},
{"Node_id":4856,"weight":0.41711003},
{"Node_id":4857,"weight":0.26711},
{"Node_id":4858,"weight":0.22049999},
{"Node_id":4859,"weight":0.31347},
{"Node_id":4860,"weight":0.14815},
{"Node_id":4861,"weight":0.1752},
{"Node_id":4862,"weight":0.30251998},
{"Node_id":4863,"weight":0.16368},
{"Node_id":4864,"weight":0.31963998},
{"Node_id":4865,"weight":0.20565},
{"Node_id":4866,"weight":0.19296},
{"Node_id":4867,"weight":0.18135999},
{"Node_id":4868,"weight":0.22242},
{"Node_id":4869,"weight":0.23571},
{"Node_id":4870,"weight":0.38038},
{"Node_id":4871,"weight":0.20938},
{"Node_id":4872,"weight":0.20745},
{"Node_id":4873,"weight":0.25123},
{"Node_id":4874,"weight":0.15786001},
{"Node_id":4875,"weight":0.1726},
{"Node_id":4876,"weight":0.14663},
{"Node_id":4877,"weight":0.26563},
{"Node_id":4878,"weight":0.14147},
{"Node_id":4879,"weight":0.29011},
{"Node_id":4880,"weight":0.52347004},
{"Node_id":4881,"weight":0.34094998},
{"Node_id":4882,"weight":0.34225},
{"Node_id":4883,"weight":0.18557},
{"Node_id":4884,"weight":0.26498002},
{"Node_id":4885,"weight":0.21134},
{"Node_id":4886,"weight":0.2366},
{"Node_id":4887,"weight":0.19395},
{"Node_id":4888,"weight":0.31859},
{"Node_id":4889,"weight":0.22907},
{"Node_id":4890,"weight":0.18337},
{"Node_id":4891,"weight":0.15652},
{"Node_id":4892,"weight":0.2543},
{"Node_id":4893,"weight":0.58061},
{"Node_id":4894,"weight":0.36969},
{"Node_id":4895,"weight":0.21774001},
{"Node_id":4896,"weight":0.14795001},
{"Node_id":4897,"weight":0.13944},
{"Node_id":4898,"weight":0.23222001},
{"Node_id":4899,"weight":0.18012},
{"Node_id":4900,"weight":0.52933},
{"Node_id":4901,"weight":0.33078998},
{"Node_id":4902,"weight":0.44278002},
{"Node_id":4903,"weight":0.15652},
{"Node_id":4904,"weight":0.25944},
{"Node_id":4905,"weight":0.20855999},
{"Node_id":4906,"weight":0.15029},
{"Node_id":4907,"weight":0.28750998},
{"Node_id":4908,"weight":0.15361},
{"Node_id":4909,"weight":0.32342},
{"Node_id":4910,"weight":0.19432},
{"Node_id":4911,"weight":0.1639},
{"Node_id":4914,"weight":0.57105},
{"Node_id":4917,"weight":0.20019},
{"Node_id":4919,"weight":0.39124},
{"Node_id":4922,"weight":0.17841001},
{"Node_id":4926,"weight":0.25975},
{"Node_id":4929,"weight":0.21418},
{"Node_id":4931,"weight":0.19098},
{"Node_id":4934,"weight":0.14242001},
{"Node_id":4937,"weight":0.25913},
{"Node_id":4940,"weight":0.16822},
{"Node_id":4944,"weight":0.35004002},
{"Node_id":4947,"weight":0.14096001},
{"Node_id":4951,"weight":0.18834},
{"Node_id":4952,"weight":0.16657},
{"Node_id":4953,"weight":0.20918},
{"Node_id":4954,"weight":0.29257},
{"Node_id":4955,"weight":0.34323},
{"Node_id":4961,"weight":0.16258},
{"Node_id":4964,"weight":0.25913},
{"Node_id":4965,"weight":0.20154},
{"Node_id":4966,"weight":0.18755999},
{"Node_id":4967,"weight":0.15416},
{"Node_id":4994,"weight":0.15423},
{"Node_id":5001,"weight":0.25254},
{"Node_id":5002,"weight":0.18808},
{"Node_id":5009,"weight":0.28496},
{"Node_id":5010,"weight":0.18178001},
{"Node_id":5018,"weight":0.18153},
{"Node_id":5019,"weight":0.24302001},
{"Node_id":5021,"weight":0.22611001},
{"Node_id":5022,"weight":0.41982},
{"Node_id":5023,"weight":0.36392},
{"Node_id":5024,"weight":0.19727},
{"Node_id":5025,"weight":0.57413995},
{"Node_id":5026,"weight":0.30929},
{"Node_id":5027,"weight":0.23608999},
{"Node_id":5028,"weight":0.17113},
{"Node_id":5029,"weight":0.14268},
{"Node_id":5030,"weight":0.29896},
{"Node_id":5031,"weight":0.20938},
{"Node_id":5032,"weight":0.36718},
{"Node_id":5033,"weight":0.21124001},
{"Node_id":5034,"weight":0.25518999},
{"Node_id":5035,"weight":0.23445001},
{"Node_id":5036,"weight":0.15527001},
{"Node_id":5037,"weight":0.1752},
{"Node_id":5038,"weight":0.27658},
{"Node_id":5039,"weight":0.19241},
{"Node_id":5040,"weight":0.18506},
{"Node_id":5041,"weight":0.24951},
{"Node_id":5042,"weight":0.33168},
{"Node_id":5043,"weight":0.19368},
{"Node_id":5044,"weight":0.22599001},
{"Node_id":5045,"weight":0.18531999},
{"Node_id":5046,"weight":0.22379},
{"Node_id":5047,"weight":0.18379},
{"Node_id":5048,"weight":0.36718},
{"Node_id":5049,"weight":0.16317001},
{"Node_id":5050,"weight":0.37624},
{"Node_id":5051,"weight":0.15617},
{"Node_id":5052,"weight":0.18566},
{"Node_id":5053,"weight":0.18575},
{"Node_id":5054,"weight":0.16013},
{"Node_id":5056,"weight":0.32648},
{"Node_id":5058,"weight":0.25079998},
{"Node_id":5059,"weight":0.14198},
{"Node_id":5060,"weight":0.14474},
{"Node_id":5061,"weight":0.30229002},
{"Node_id":5062,"weight":0.29529},
{"Node_id":5063,"weight":0.20377},
{"Node_id":5064,"weight":0.15218},
{"Node_id":5067,"weight":0.20555},
{"Node_id":5069,"weight":0.18261},
{"Node_id":5070,"weight":0.2887},
{"Node_id":5072,"weight":0.17898001},
{"Node_id":5073,"weight":0.33999},
{"Node_id":5074,"weight":0.20545001},
{"Node_id":5076,"weight":0.20927998},
{"Node_id":5077,"weight":0.20105},
{"Node_id":5078,"weight":0.15582},
{"Node_id":5081,"weight":0.26466},
{"Node_id":5082,"weight":0.14134},
{"Node_id":5083,"weight":0.18186},
{"Node_id":5087,"weight":0.35922},
{"Node_id":5088,"weight":0.18371001},
{"Node_id":5089,"weight":0.25564},
{"Node_id":5092,"weight":0.14293},
{"Node_id":5094,"weight":0.22028},
{"Node_id":5095,"weight":0.32905},
{"Node_id":5096,"weight":0.37357},
{"Node_id":5099,"weight":0.16368},
{"Node_id":5100,"weight":0.19188},
{"Node_id":5102,"weight":0.50450003},
{"Node_id":5103,"weight":0.33168},
{"Node_id":5104,"weight":0.25356},
{"Node_id":5106,"weight":0.18983},
{"Node_id":5107,"weight":0.38817},
{"Node_id":5108,"weight":0.27839},
{"Node_id":5111,"weight":0.19395},
{"Node_id":5112,"weight":0.14915},
{"Node_id":5113,"weight":0.16936001},
{"Node_id":5115,"weight":0.20299001},
{"Node_id":5116,"weight":0.33745998},
{"Node_id":5117,"weight":0.33871},
{"Node_id":5121,"weight":0.18843},
{"Node_id":5122,"weight":0.14500001},
{"Node_id":5123,"weight":0.22847},
{"Node_id":5126,"weight":0.14442},
{"Node_id":5127,"weight":0.29381},
{"Node_id":5132,"weight":0.19662},
{"Node_id":5133,"weight":0.16324},
{"Node_id":5134,"weight":0.17456},
{"Node_id":5137,"weight":0.16717},
{"Node_id":5138,"weight":0.15927},
{"Node_id":5144,"weight":0.31963998},
{"Node_id":5145,"weight":0.15068999},
{"Node_id":5146,"weight":0.22219},
{"Node_id":5149,"weight":0.23027},
{"Node_id":5150,"weight":0.34063},
{"Node_id":5162,"weight":0.24895},
{"Node_id":5165,"weight":0.22118},
{"Node_id":5169,"weight":0.14500001},
{"Node_id":5170,"weight":0.22967},
{"Node_id":5174,"weight":0.1656},
{"Node_id":5177,"weight":0.21503},
{"Node_id":5180,"weight":0.14703},
{"Node_id":5183,"weight":0.31148},
{"Node_id":5187,"weight":0.15715},
{"Node_id":5190,"weight":0.15771},
{"Node_id":5192,"weight":0.21092999},
{"Node_id":5195,"weight":0.32847},
{"Node_id":5198,"weight":0.18211},
{"Node_id":5200,"weight":0.18992},
{"Node_id":5204,"weight":0.15863},
{"Node_id":5205,"weight":0.15259},
{"Node_id":5207,"weight":0.14789},
{"Node_id":5209,"weight":0.15541},
{"Node_id":5214,"weight":0.23905},
{"Node_id":5215,"weight":0.23124},
{"Node_id":5217,"weight":0.22859001},
{"Node_id":5219,"weight":0.41002002},
{"Node_id":5225,"weight":0.16739},
{"Node_id":5228,"weight":0.14591},
{"Node_id":5230,"weight":0.22344},
{"Node_id":5237,"weight":0.1854},
{"Node_id":5240,"weight":0.23027},
{"Node_id":5242,"weight":0.18617001},
{"Node_id":5247,"weight":0.25094},
{"Node_id":5250,"weight":0.28535},
{"Node_id":5253,"weight":0.15382001},
{"Node_id":5255,"weight":0.1812},
{"Node_id":5260,"weight":0.2401},
{"Node_id":5261,"weight":0.68113},
{"Node_id":5264,"weight":0.22265},
{"Node_id":5267,"weight":0.25474},
{"Node_id":5269,"weight":0.14948},
{"Node_id":5274,"weight":0.43857998},
{"Node_id":5275,"weight":0.43614},
{"Node_id":5276,"weight":0.31807},
{"Node_id":5279,"weight":0.17988},
{"Node_id":5282,"weight":0.18128},
{"Node_id":5284,"weight":0.29174},
{"Node_id":5295,"weight":0.23710999},
{"Node_id":5296,"weight":0.40221},
{"Node_id":5298,"weight":0.41127},
{"Node_id":5300,"weight":0.20615001},
{"Node_id":5305,"weight":0.39549},
{"Node_id":5311,"weight":0.48330003},
{"Node_id":5312,"weight":0.15484999},
{"Node_id":5313,"weight":0.23063},
{"Node_id":5314,"weight":0.18957},
{"Node_id":5315,"weight":0.18044999},
{"Node_id":5316,"weight":0.31422},
{"Node_id":5317,"weight":0.41914},
{"Node_id":5318,"weight":0.43534002},
{"Node_id":5319,"weight":0.16302},
{"Node_id":5320,"weight":0.18738},
{"Node_id":5321,"weight":0.15245},
{"Node_id":5322,"weight":0.50294},
{"Node_id":5323,"weight":0.15807},
{"Node_id":5324,"weight":0.38716},
{"Node_id":5325,"weight":0.22907},
{"Node_id":5326,"weight":0.26612002},
{"Node_id":5327,"weight":0.22061},
{"Node_id":5328,"weight":0.15218},
{"Node_id":5329,"weight":0.22016999},
{"Node_id":5330,"weight":0.53771},
{"Node_id":5331,"weight":0.23918},
{"Node_id":5332,"weight":0.15326999},
{"Node_id":5333,"weight":0.15527001},
{"Node_id":5334,"weight":0.22448},
{"Node_id":5335,"weight":0.21752},
{"Node_id":5338,"weight":0.31651002},
{"Node_id":5341,"weight":0.18103},
{"Node_id":5345,"weight":0.23458},
{"Node_id":5349,"weight":0.41778},
{"Node_id":5350,"weight":0.21155},
{"Node_id":5355,"weight":0.48457998},
{"Node_id":5356,"weight":0.27218002},
{"Node_id":5360,"weight":0.15828},
{"Node_id":5361,"weight":0.20685},
{"Node_id":5362,"weight":0.42051},
{"Node_id":5363,"weight":0.27218002},
{"Node_id":5365,"weight":0.22151001},
{"Node_id":5367,"weight":0.29742998},
{"Node_id":5368,"weight":0.24155},
{"Node_id":5369,"weight":0.53343},
{"Node_id":5370,"weight":0.15416},
{"Node_id":5371,"weight":0.26861},
{"Node_id":5375,"weight":0.8517},
{"Node_id":5376,"weight":0.30095},
{"Node_id":5377,"weight":0.20416},
{"Node_id":5378,"weight":0.19838999},
{"Node_id":5379,"weight":0.15561},
{"Node_id":5380,"weight":0.17971},
{"Node_id":5384,"weight":0.2474},
{"Node_id":5385,"weight":0.17662999},
{"Node_id":5386,"weight":0.30857},
{"Node_id":5387,"weight":0.14921},
{"Node_id":5388,"weight":0.17671},
{"Node_id":5389,"weight":0.44024},
{"Node_id":5390,"weight":0.19652},
{"Node_id":5394,"weight":0.17097},
{"Node_id":5395,"weight":0.16142},
{"Node_id":5396,"weight":0.21972},
{"Node_id":5397,"weight":0.26678},
{"Node_id":5398,"weight":0.14026001},
{"Node_id":5399,"weight":0.22764},
{"Node_id":5404,"weight":0.21197},
{"Node_id":5405,"weight":0.15347001},
{"Node_id":5406,"weight":0.3279},
{"Node_id":5407,"weight":0.18515},
{"Node_id":5408,"weight":0.15177},
{"Node_id":5409,"weight":0.2401},
{"Node_id":5410,"weight":0.32205},
{"Node_id":5411,"weight":0.41254002},
{"Node_id":5416,"weight":0.15197},
{"Node_id":5417,"weight":0.17825},
{"Node_id":5418,"weight":0.32818002},
{"Node_id":5419,"weight":0.23853},
{"Node_id":5420,"weight":0.17074},
{"Node_id":5421,"weight":0.14299999},
{"Node_id":5423,"weight":0.31912},
{"Node_id":5427,"weight":0.17841001},
{"Node_id":5428,"weight":0.14422},
{"Node_id":5429,"weight":0.28191},
{"Node_id":5430,"weight":0.31833},
{"Node_id":5431,"weight":0.33168},
{"Node_id":5432,"weight":0.25066},
{"Node_id":5433,"weight":0.24881001},
{"Node_id":5435,"weight":0.16244},
{"Node_id":5436,"weight":0.19532},
{"Node_id":5440,"weight":0.13894},
{"Node_id":5441,"weight":0.15444},
{"Node_id":5442,"weight":0.22230001},
{"Node_id":5443,"weight":0.23222001},
{"Node_id":5444,"weight":0.33197},
{"Node_id":5445,"weight":0.22739999},
{"Node_id":5446,"weight":0.24356},
{"Node_id":5448,"weight":0.1822},
{"Node_id":5449,"weight":0.18583},
{"Node_id":5450,"weight":0.24221},
{"Node_id":5454,"weight":0.32314},
{"Node_id":5455,"weight":0.17151001},
{"Node_id":5456,"weight":0.27063},
{"Node_id":5457,"weight":0.39282},
{"Node_id":5458,"weight":0.19934},
{"Node_id":5459,"weight":0.14377001},
{"Node_id":5460,"weight":0.20836},
{"Node_id":5462,"weight":0.17089},
{"Node_id":5463,"weight":0.17276},
{"Node_id":5464,"weight":0.55429},
{"Node_id":5465,"weight":0.14371},
{"Node_id":5469,"weight":0.52159},
{"Node_id":5470,"weight":0.49989},
{"Node_id":5471,"weight":0.46052998},
{"Node_id":5472,"weight":0.1712},
{"Node_id":5473,"weight":0.15389},
{"Node_id":5474,"weight":0.54217},
{"Node_id":5475,"weight":0.17906},
{"Node_id":5477,"weight":0.17198},
{"Node_id":5478,"weight":0.15326999},
{"Node_id":5479,"weight":0.32619},
{"Node_id":5481,"weight":0.52347004},
{"Node_id":5482,"weight":0.19606},
{"Node_id":5483,"weight":0.17719},
{"Node_id":5484,"weight":0.14474},
{"Node_id":5485,"weight":0.24768},
{"Node_id":5495,"weight":0.18395999},
{"Node_id":5496,"weight":0.17417},
{"Node_id":5497,"weight":0.29808},
{"Node_id":5498,"weight":0.43534002},
{"Node_id":5499,"weight":0.22528999},
{"Node_id":5500,"weight":0.14128},
{"Node_id":5501,"weight":0.15992},
{"Node_id":5502,"weight":0.16762},
{"Node_id":5503,"weight":0.20211999},
{"Node_id":5504,"weight":0.30389},
{"Node_id":5505,"weight":0.33376998},
{"Node_id":5506,"weight":0.21577999},
{"Node_id":5507,"weight":0.25684},
{"Node_id":5508,"weight":0.31222},
{"Node_id":5509,"weight":0.40939003},
{"Node_id":5510,"weight":0.25913},
{"Node_id":5512,"weight":0.19792},
{"Node_id":5513,"weight":0.20948},
{"Node_id":5515,"weight":0.29113},
{"Node_id":5516,"weight":0.19699},
{"Node_id":5517,"weight":0.19953},
{"Node_id":5519,"weight":0.37401},
{"Node_id":5520,"weight":0.17639},
{"Node_id":5521,"weight":0.15265},
{"Node_id":5522,"weight":0.36038},
{"Node_id":5524,"weight":0.15963},
{"Node_id":5525,"weight":0.23111999},
{"Node_id":5526,"weight":0.31522998},
{"Node_id":5527,"weight":0.26433998},
{"Node_id":5528,"weight":0.23710999},
{"Node_id":5530,"weight":0.26194},
{"Node_id":5531,"weight":0.13995},
{"Node_id":5532,"weight":0.17401001},
{"Node_id":5533,"weight":0.29765},
{"Node_id":5534,"weight":0.20685},
{"Node_id":5535,"weight":0.14644},
{"Node_id":5537,"weight":0.16208},
{"Node_id":5538,"weight":0.139},
{"Node_id":5539,"weight":0.19597},
{"Node_id":5540,"weight":0.25836},
{"Node_id":5541,"weight":0.14019999},
{"Node_id":5542,"weight":0.21082},
{"Node_id":5543,"weight":0.55956995},
{"Node_id":5544,"weight":0.18515},
{"Node_id":5545,"weight":0.14928},
{"Node_id":5546,"weight":0.21343999},
{"Node_id":5547,"weight":0.24181001},
{"Node_id":5548,"weight":0.21884},
{"Node_id":5549,"weight":0.21},
{"Node_id":5551,"weight":0.26336998},
{"Node_id":5552,"weight":0.17447999},
{"Node_id":5553,"weight":0.16331},
{"Node_id":5554,"weight":0.20397},
{"Node_id":5555,"weight":0.17464},
{"Node_id":5556,"weight":0.19802001},
{"Node_id":5557,"weight":0.20269999},
{"Node_id":5558,"weight":0.15828},
{"Node_id":5559,"weight":0.14281},
{"Node_id":5560,"weight":0.21557},
{"Node_id":5561,"weight":0.17881},
{"Node_id":5567,"weight":0.16575},
{"Node_id":5570,"weight":0.32342},
{"Node_id":5571,"weight":0.2645},
{"Node_id":5572,"weight":0.1575},
{"Node_id":5573,"weight":0.21884},
{"Node_id":5574,"weight":0.33317},
{"Node_id":5575,"weight":0.15089001},
{"Node_id":5576,"weight":0.32044},
{"Node_id":5577,"weight":0.17005},
{"Node_id":5578,"weight":0.19505},
{"Node_id":5579,"weight":0.2658},
{"Node_id":5580,"weight":0.17703},
{"Node_id":5581,"weight":0.29257},
{"Node_id":5582,"weight":0.15368},
{"Node_id":5583,"weight":0.27445},
{"Node_id":5584,"weight":0.19962},
{"Node_id":5585,"weight":0.34094998},
{"Node_id":5586,"weight":0.14578},
{"Node_id":5587,"weight":0.23099999},
{"Node_id":5588,"weight":0.24951},
{"Node_id":5590,"weight":0.20231},
{"Node_id":5591,"weight":0.23445001},
{"Node_id":5592,"weight":0.49989},
{"Node_id":5594,"weight":0.55956995},
{"Node_id":5595,"weight":0.17503999},
{"Node_id":5596,"weight":0.15513},
{"Node_id":5597,"weight":0.15764001},
{"Node_id":5598,"weight":0.24049},
{"Node_id":5599,"weight":0.44896},
{"Node_id":5600,"weight":0.38567},
{"Node_id":5601,"weight":0.15708},
{"Node_id":5602,"weight":0.15582},
{"Node_id":5603,"weight":0.38616},
{"Node_id":5604,"weight":0.1513},
{"Node_id":5605,"weight":0.54447997},
{"Node_id":5606,"weight":0.27322},
{"Node_id":5609,"weight":0.16868},
{"Node_id":5611,"weight":0.29423},
{"Node_id":5612,"weight":0.17784},
{"Node_id":5613,"weight":0.20585},
{"Node_id":5615,"weight":0.19634},
{"Node_id":5616,"weight":0.1702},
{"Node_id":5617,"weight":0.19588},
{"Node_id":5618,"weight":0.42119998},
{"Node_id":5619,"weight":0.35325998},
{"Node_id":5620,"weight":0.32479998},
{"Node_id":5621,"weight":0.14526},
{"Node_id":5622,"weight":0.14565},
{"Node_id":5623,"weight":0.21092999},
{"Node_id":5624,"weight":0.49840003},
{"Node_id":5625,"weight":0.31075},
{"Node_id":5626,"weight":0.19071999},
{"Node_id":5627,"weight":0.61637},
{"Node_id":5628,"weight":0.20241001},
{"Node_id":5629,"weight":0.19143},
{"Node_id":5630,"weight":0.23271},
{"Node_id":5631,"weight":0.29678},
{"Node_id":5632,"weight":0.22692999},
{"Node_id":5633,"weight":0.36352},
{"Node_id":5634,"weight":0.35253},
{"Node_id":5635,"weight":0.14901},
{"Node_id":5636,"weight":0.31549},
{"Node_id":5637,"weight":0.34623998},
{"Node_id":5638,"weight":0.21493001},
{"Node_id":5639,"weight":0.3305},
{"Node_id":5640,"weight":0.29917},
{"Node_id":5641,"weight":0.15779},
{"Node_id":5642,"weight":0.21503},
{"Node_id":5643,"weight":0.1465},
{"Node_id":5644,"weight":0.19811},
{"Node_id":5645,"weight":0.14526},
{"Node_id":5646,"weight":0.15771},
{"Node_id":5647,"weight":0.18062},
{"Node_id":5648,"weight":0.20125},
{"Node_id":5649,"weight":0.57413995},
{"Node_id":5650,"weight":0.41318002},
{"Node_id":5651,"weight":0.25371},
{"Node_id":5652,"weight":0.21322998},
{"Node_id":5653,"weight":0.14223},
{"Node_id":5654,"weight":0.43857998},
{"Node_id":5655,"weight":0.44364},
{"Node_id":5656,"weight":0.14063999},
{"Node_id":5657,"weight":0.14533},
{"Node_id":5658,"weight":0.1513},
{"Node_id":5659,"weight":0.17036},
{"Node_id":5660,"weight":0.21217999},
{"Node_id":5661,"weight":0.44450998},
{"Node_id":5662,"weight":0.16538},
{"Node_id":5663,"weight":0.22185},
{"Node_id":5664,"weight":0.17535},
{"Node_id":5665,"weight":0.2102},
{"Node_id":5666,"weight":0.1397},
{"Node_id":5667,"weight":0.18851},
{"Node_id":5668,"weight":0.18379},
{"Node_id":5669,"weight":0.56515},
{"Node_id":5670,"weight":0.18992},
{"Node_id":5671,"weight":0.17939},
{"Node_id":5672,"weight":0.20125},
{"Node_id":5673,"weight":0.25594002},
{"Node_id":5674,"weight":0.17244},
{"Node_id":5675,"weight":0.36969},
{"Node_id":5676,"weight":0.31703},
{"Node_id":5677,"weight":0.15184},
{"Node_id":5678,"weight":0.13869},
{"Node_id":5679,"weight":0.21829},
{"Node_id":5680,"weight":0.28477},
{"Node_id":5681,"weight":0.16694},
{"Node_id":5682,"weight":0.3577},
{"Node_id":5683,"weight":0.2889},
{"Node_id":5684,"weight":0.2885},
{"Node_id":5685,"weight":0.15259},
{"Node_id":5686,"weight":0.38567},
{"Node_id":5687,"weight":0.33078998},
{"Node_id":5688,"weight":0.18354},
{"Node_id":5689,"weight":0.17736},
{"Node_id":5690,"weight":0.3714},
{"Node_id":5691,"weight":0.18371001},
{"Node_id":5692,"weight":0.29808},
{"Node_id":5693,"weight":0.29614002},
{"Node_id":5694,"weight":0.34934002},
{"Node_id":5695,"weight":0.13882},
{"Node_id":5696,"weight":0.17623},
{"Node_id":5697,"weight":0.23710999},
{"Node_id":5698,"weight":0.14313},
{"Node_id":5699,"weight":0.15527001},
{"Node_id":5700,"weight":0.22599001},
{"Node_id":5701,"weight":0.20029},
{"Node_id":5702,"weight":0.26596},
{"Node_id":5703,"weight":0.19359},
{"Node_id":5704,"weight":0.29381},
{"Node_id":5705,"weight":0.29174},
{"Node_id":5706,"weight":0.16171},
{"Node_id":5707,"weight":0.18103},
{"Node_id":5708,"weight":0.15334001},
{"Node_id":5709,"weight":0.2887},
{"Node_id":5710,"weight":0.18186},
{"Node_id":5711,"weight":0.19542},
{"Node_id":5722,"weight":0.16785},
{"Node_id":5723,"weight":0.30006},
{"Node_id":5724,"weight":0.21785},
{"Node_id":5725,"weight":0.30786},
{"Node_id":5726,"weight":0.38275},
{"Node_id":5727,"weight":0.17881},
{"Node_id":5728,"weight":0.3055},
{"Node_id":5729,"weight":0.19662},
{"Node_id":5730,"weight":0.24670999},
{"Node_id":5731,"weight":0.32905},
{"Node_id":5732,"weight":0.1901},
{"Node_id":5733,"weight":0.19802001},
{"Node_id":5734,"weight":0.19802001},
{"Node_id":5735,"weight":0.78235996},
{"Node_id":5736,"weight":0.52734},
{"Node_id":5737,"weight":0.18021},
{"Node_id":5738,"weight":0.16913},
{"Node_id":5739,"weight":0.2645},
{"Node_id":5740,"weight":0.40163},
{"Node_id":5741,"weight":0.14915},
{"Node_id":5742,"weight":0.15347001},
{"Node_id":5743,"weight":0.26531},
{"Node_id":5744,"weight":0.22611001},
{"Node_id":5750,"weight":0.29508},
{"Node_id":5753,"weight":0.19624999},
{"Node_id":5754,"weight":0.34456},
{"Node_id":5757,"weight":0.14120999},
{"Node_id":5758,"weight":0.27569002},
{"Node_id":5759,"weight":0.51100004},
{"Node_id":5762,"weight":0.23309},
{"Node_id":5763,"weight":0.14468},
{"Node_id":5764,"weight":0.48588},
{"Node_id":5765,"weight":0.21217999},
{"Node_id":5768,"weight":0.25327},
{"Node_id":5769,"weight":0.15286},
{"Node_id":5772,"weight":0.15835},
{"Node_id":5775,"weight":0.20574999},
{"Node_id":5776,"weight":0.19662},
{"Node_id":5777,"weight":0.14249},
{"Node_id":5778,"weight":0.19071999},
{"Node_id":5779,"weight":0.18635},
{"Node_id":5780,"weight":0.27183002},
{"Node_id":5783,"weight":0.21665001},
{"Node_id":5784,"weight":0.23944},
{"Node_id":5785,"weight":0.18447},
{"Node_id":5786,"weight":0.61170995},
{"Node_id":5787,"weight":0.25564},
{"Node_id":5788,"weight":0.17662999},
{"Node_id":5789,"weight":0.19962},
{"Node_id":5792,"weight":0.16317001},
{"Node_id":5793,"weight":0.20989001},
{"Node_id":5796,"weight":0.20125},
{"Node_id":5797,"weight":0.36352},
{"Node_id":5798,"weight":0.52539},
{"Node_id":5799,"weight":0.28613},
{"Node_id":5802,"weight":0.26894},
{"Node_id":5803,"weight":0.16215},
{"Node_id":5804,"weight":0.21796},
{"Node_id":5805,"weight":0.26962},
{"Node_id":5806,"weight":0.22611001},
{"Node_id":5807,"weight":0.15368},
{"Node_id":5808,"weight":0.15211001},
{"Node_id":5809,"weight":0.1789},
{"Node_id":5810,"weight":0.22185},
{"Node_id":5813,"weight":0.16157},
{"Node_id":5814,"weight":0.40455},
{"Node_id":5817,"weight":0.35075},
{"Node_id":5818,"weight":0.15225},
{"Node_id":5819,"weight":0.19953},
{"Node_id":5820,"weight":0.2214},
{"Node_id":5821,"weight":0.21312001},
{"Node_id":5822,"weight":0.21568},
{"Node_id":5823,"weight":0.43453997},
{"Node_id":5824,"weight":0.28248},
{"Node_id":5827,"weight":0.24994},
{"Node_id":5828,"weight":0.17480001},
{"Node_id":5829,"weight":0.14855},
{"Node_id":5830,"weight":0.2764},
{"Node_id":5831,"weight":0.18721},
{"Node_id":5832,"weight":0.24491999},
{"Node_id":5833,"weight":0.18904},
{"Node_id":5834,"weight":0.19782999},
{"Node_id":5835,"weight":0.16508},
{"Node_id":5836,"weight":0.21302},
{"Node_id":5837,"weight":0.24356},
{"Node_id":5838,"weight":0.20897},
{"Node_id":5839,"weight":0.31322},
{"Node_id":5840,"weight":0.1956},
{"Node_id":5841,"weight":0.45362002},
{"Node_id":5842,"weight":0.28574},
{"Node_id":5843,"weight":0.1925},
{"Node_id":5844,"weight":0.32314},
{"Node_id":5845,"weight":0.46052998},
{"Node_id":5846,"weight":0.27839},
{"Node_id":5847,"weight":0.15177},
{"Node_id":5848,"weight":0.14140001},
{"Node_id":5849,"weight":0.17496},
{"Node_id":5850,"weight":0.20318},
{"Node_id":5851,"weight":0.32424},
{"Node_id":5852,"weight":0.18755999},
{"Node_id":5858,"weight":0.24328999},
{"Node_id":5862,"weight":0.17719},
{"Node_id":5880,"weight":0.24656999},
{"Node_id":5887,"weight":0.17671},
{"Node_id":5895,"weight":0.15068999},
{"Node_id":5904,"weight":0.18455},
{"Node_id":5907,"weight":0.14442},
{"Node_id":5910,"weight":0.25518999},
{"Node_id":5914,"weight":0.8517},
{"Node_id":5917,"weight":0.16508},
{"Node_id":5920,"weight":0.25371},
{"Node_id":5921,"weight":0.14140001},
{"Node_id":5922,"weight":0.24643},
{"Node_id":5923,"weight":0.18278},
{"Node_id":5924,"weight":0.25867},
{"Node_id":5925,"weight":0.32992},
{"Node_id":5926,"weight":0.25137},
{"Node_id":5927,"weight":0.15700999},
{"Node_id":5928,"weight":0.44191998},
{"Node_id":5929,"weight":0.14287},
{"Node_id":5930,"weight":0.25836},
{"Node_id":5931,"weight":0.14422},
{"Node_id":5932,"weight":0.24712},
{"Node_id":5933,"weight":0.36154002},
{"Node_id":5934,"weight":0.14749},
{"Node_id":5935,"weight":0.21545999},
{"Node_id":5936,"weight":0.2727},
{"Node_id":5937,"weight":0.28750998},
{"Node_id":5938,"weight":0.39604002},
{"Node_id":5939,"weight":0.22704999},
{"Node_id":5940,"weight":0.36352},
{"Node_id":5941,"weight":0.17662999},
{"Node_id":5942,"weight":0.17082},
{"Node_id":5943,"weight":0.18515},
{"Node_id":5944,"weight":0.34865},
{"Node_id":5945,"weight":0.16027},
{"Node_id":5946,"weight":0.34865},
{"Node_id":5947,"weight":0.19026999},
{"Node_id":5948,"weight":0.30620998},
{"Node_id":5949,"weight":0.16092},
{"Node_id":5950,"weight":0.20897},
{"Node_id":5951,"weight":0.18128},
{"Node_id":5952,"weight":0.14461},
{"Node_id":5953,"weight":0.20446},
{"Node_id":5954,"weight":0.25821},
{"Node_id":5955,"weight":0.34761},
{"Node_id":5956,"weight":0.15062},
{"Node_id":5957,"weight":0.20989001},
{"Node_id":5958,"weight":0.23787999},
{"Node_id":5959,"weight":0.15484999},
{"Node_id":5960,"weight":0.44108},
{"Node_id":5961,"weight":0.16950999},
{"Node_id":5962,"weight":0.18270001},
{"Node_id":5963,"weight":0.14384},
{"Node_id":5964,"weight":0.27551},
{"Node_id":5965,"weight":0.17409},
{"Node_id":5966,"weight":0.21333},
{"Node_id":5967,"weight":0.19634},
{"Node_id":5968,"weight":0.27604002},
{"Node_id":5969,"weight":0.15779},
{"Node_id":5970,"weight":0.41382998},
{"Node_id":5971,"weight":0.14565},
{"Node_id":5972,"weight":0.36233002},
{"Node_id":5973,"weight":0.17599},
{"Node_id":5974,"weight":0.25806},
{"Node_id":5975,"weight":0.14096001},
{"Node_id":5976,"weight":0.39072},
{"Node_id":5977,"weight":0.18211},
{"Node_id":5978,"weight":0.25312},
{"Node_id":5979,"weight":0.29657},
{"Node_id":5980,"weight":0.26514},
{"Node_id":5981,"weight":0.14229},
{"Node_id":5982,"weight":0.27132002},
{"Node_id":5983,"weight":0.18404},
{"Node_id":5984,"weight":0.19332},
{"Node_id":5985,"weight":0.41189998},
{"Node_id":5986,"weight":0.24937001},
{"Node_id":5987,"weight":0.39992002},
{"Node_id":5988,"weight":0.19268},
{"Node_id":5989,"weight":0.14351},
{"Node_id":5990,"weight":0.15361},
{"Node_id":5991,"weight":0.16501},
{"Node_id":5992,"weight":0.19001},
{"Node_id":5993,"weight":0.37401},
{"Node_id":5994,"weight":0.14293},
{"Node_id":5995,"weight":0.21961},
{"Node_id":5996,"weight":0.27876002},
{"Node_id":5999,"weight":0.13995},
{"Node_id":6003,"weight":0.25283},
{"Node_id":6008,"weight":0.18161},
{"Node_id":6009,"weight":0.1662},
{"Node_id":6014,"weight":0.01294},
{"Node_id":6016,"weight":0.32676},
{"Node_id":6017,"weight":0.0036},
{"Node_id":6018,"weight":0.28691},
{"Node_id":6023,"weight":0.27046},
{"Node_id":6026,"weight":0.162},
{"Node_id":6028,"weight":0.06955},
{"Node_id":6029,"weight":0.25166},
{"Node_id":6030,"weight":0.54447997},
{"Node_id":6032,"weight":0.06239},
{"Node_id":6036,"weight":0.19569},
{"Node_id":6038,"weight":0.08274},
{"Node_id":6041,"weight":0.12855999},
{"Node_id":6042,"weight":0.20755},
{"Node_id":6044,"weight":0.04084},
{"Node_id":6045,"weight":0.23185},
{"Node_id":6054,"weight":0.124479994},
{"Node_id":6055,"weight":0.00853},
{"Node_id":6056,"weight":0.07598},
{"Node_id":6059,"weight":0.18270001},
{"Node_id":6066,"weight":0.40878},
{"Node_id":6069,"weight":0.21741},
{"Node_id":6070,"weight":0.06803},
{"Node_id":6073,"weight":0.37011},
{"Node_id":6079,"weight":0.48588},
{"Node_id":6080,"weight":0.27857},
{"Node_id":6081,"weight":0.25459},
{"Node_id":6083,"weight":0.17089},
{"Node_id":6085,"weight":0.02302},
{"Node_id":6086,"weight":0.34289998},
{"Node_id":6088,"weight":0.034369998},
{"Node_id":6089,"weight":0.022939999},
{"Node_id":6093,"weight":0.63182},
{"Node_id":6094,"weight":0.03602},
{"Node_id":6096,"weight":0.16128},
{"Node_id":6099,"weight":0.17535},
{"Node_id":6100,"weight":0.06678},
{"Node_id":6101,"weight":0.10465},
{"Node_id":6122,"weight":0.11859},
{"Node_id":6123,"weight":0.16973999},
{"Node_id":6125,"weight":0.031740002},
{"Node_id":6128,"weight":0.09203},
{"Node_id":6129,"weight":0.09346},
{"Node_id":6130,"weight":0.25195},
{"Node_id":6131,"weight":0.109969996},
{"Node_id":6132,"weight":0.108},
{"Node_id":6133,"weight":0.032929998},
{"Node_id":6134,"weight":0.020550001},
{"Node_id":6138,"weight":0.03756},
{"Node_id":6139,"weight":0.1969},
{"Node_id":6140,"weight":0.05849},
{"Node_id":6141,"weight":0.0216},
{"Node_id":6142,"weight":0.00532},
{"Node_id":6144,"weight":0.024079999},
{"Node_id":6146,"weight":0.09982},
{"Node_id":6152,"weight":0.09714},
{"Node_id":6153,"weight":0.09115},
{"Node_id":6155,"weight":0.02745},
{"Node_id":6157,"weight":0.01141},
{"Node_id":6158,"weight":0.01491},
{"Node_id":6159,"weight":0.04879},
{"Node_id":6162,"weight":0.01322},
{"Node_id":6265,"weight":0.18379},
{"Node_id":6266,"weight":0.123959996},
{"Node_id":6288,"weight":0.04507},
{"Node_id":6971,"weight":0.18904},
{"Node_id":6975,"weight":0.09494},
{"Node_id":6976,"weight":0.139},
{"Node_id":6977,"weight":0.29896},
{"Node_id":6979,"weight":0.43694},
{"Node_id":6980,"weight":0.18878},
{"Node_id":6981,"weight":0.1033},
{"Node_id":6982,"weight":0.21333},
{"Node_id":6983,"weight":0.06682},
{"Node_id":6988,"weight":0.05702},
{"Node_id":6989,"weight":0.07773},
{"Node_id":6997,"weight":0.12201999},
{"Node_id":6998,"weight":0.24356},
{"Node_id":7002,"weight":0.12727},
{"Node_id":7004,"weight":0.082169995},
{"Node_id":7005,"weight":0.113900006},
{"Node_id":7007,"weight":0.02152},
{"Node_id":7009,"weight":0.12790999},
{"Node_id":7010,"weight":0.01197},
{"Node_id":7011,"weight":0.01987},
{"Node_id":7014,"weight":0.54927003},
{"Node_id":7015,"weight":0.27586},
{"Node_id":7016,"weight":0.01463},
{"Node_id":7018,"weight":0.1201},
{"Node_id":7020,"weight":0.11521},
{"Node_id":7022,"weight":0.26547},
{"Node_id":7029,"weight":0.24328999},
{"Node_id":7030,"weight":0.36677},
{"Node_id":7032,"weight":0.091979995},
{"Node_id":7033,"weight":0.06843},
{"Node_id":7035,"weight":0.09012},
{"Node_id":7036,"weight":0.20357999},
{"Node_id":7038,"weight":0.122080006},
{"Node_id":7039,"weight":0.1901},
{"Node_id":7043,"weight":0.077130005},
{"Node_id":7044,"weight":0.03789},
{"Node_id":7047,"weight":0.25836},
{"Node_id":7048,"weight":0.01129},
{"Node_id":7049,"weight":0.15561},
{"Node_id":7051,"weight":0.07662},
{"Node_id":7092,"weight":0.109060004},
{"Node_id":7093,"weight":0.04583},
{"Node_id":7096,"weight":0.12134},
{"Node_id":7097,"weight":0.098900005},
{"Node_id":7098,"weight":0.11703},
{"Node_id":7099,"weight":0.02189},
{"Node_id":7101,"weight":0.13004},
{"Node_id":7102,"weight":0.55956995},
{"Node_id":7104,"weight":0.17503999},
{"Node_id":7105,"weight":0.16501},
{"Node_id":7108,"weight":0.05147},
{"Node_id":7110,"weight":0.079500005},
{"Node_id":7111,"weight":0.09479},
{"Node_id":7115,"weight":0.15265},
{"Node_id":7118,"weight":0.15008},
{"Node_id":16033,"weight":0.19214},
{"Node_id":16035,"weight":0.15992},
{"Node_id":16037,"weight":0.2184},
{"Node_id":16039,"weight":0.22799},
{"Node_id":16040,"weight":0.20504999},
{"Node_id":16041,"weight":0.19802001},
{"Node_id":16042,"weight":0.25051},
{"Node_id":16046,"weight":0.24994},
{"Node_id":16049,"weight":0.16493},
{"Node_id":16051,"weight":0.20367},
{"Node_id":16052,"weight":0.14319},
{"Node_id":16053,"weight":0.38918},
{"Node_id":16055,"weight":0.18825},
{"Node_id":16059,"weight":0.23210001},
{"Node_id":16061,"weight":0.41254002},
{"Node_id":16062,"weight":0.21396999},
{"Node_id":16063,"weight":0.24195},
{"Node_id":16064,"weight":0.14063999},
{"Node_id":16065,"weight":0.18202999},
{"Node_id":16067,"weight":0.2184},
{"Node_id":16068,"weight":0.17036},
{"Node_id":16073,"weight":0.27912},
{"Node_id":16077,"weight":0.37945002},
{"Node_id":16079,"weight":0.15736},
{"Node_id":16080,"weight":0.19597},
{"Node_id":16082,"weight":0.14474},
{"Node_id":16084,"weight":0.20241001},
{"Node_id":16088,"weight":0.14371},
{"Node_id":16089,"weight":0.24866},
{"Node_id":16092,"weight":0.32124},
{"Node_id":16093,"weight":0.25123},
{"Node_id":16096,"weight":0.1744},
{"Node_id":16100,"weight":0.18643},
{"Node_id":16102,"weight":0.17036},
{"Node_id":16103,"weight":0.25852},
{"Node_id":16104,"weight":0.19001},
{"Node_id":16106,"weight":0.39712998},
{"Node_id":16108,"weight":0.20211999},
{"Node_id":16109,"weight":0.13976},
{"Node_id":16111,"weight":0.15492001},
{"Node_id":16112,"weight":0.20456},
{"Node_id":16114,"weight":0.20594999},
{"Node_id":16116,"weight":0.18421},
{"Node_id":16117,"weight":0.18421},
{"Node_id":16119,"weight":0.34289998},
{"Node_id":16122,"weight":0.16353},
{"Node_id":16123,"weight":0.14539},
{"Node_id":16124,"weight":0.42189997},
{"Node_id":16142,"weight":0.15638},
{"Node_id":16146,"weight":0.24102001},
{"Node_id":16147,"weight":0.28574},
{"Node_id":16149,"weight":0.16034},
{"Node_id":16152,"weight":0.18421},
{"Node_id":16153,"weight":0.19532},
{"Node_id":16154,"weight":0.21928},
{"Node_id":16155,"weight":0.16493},
{"Node_id":16156,"weight":0.19395},
{"Node_id":16157,"weight":0.23982999},
{"Node_id":16158,"weight":0.22634001},
{"Node_id":16162,"weight":0.23271},
{"Node_id":16163,"weight":0.31026},
{"Node_id":16164,"weight":0.15764001},
{"Node_id":16165,"weight":0.17097},
{"Node_id":16166,"weight":0.27115},
{"Node_id":16168,"weight":0.42766},
{"Node_id":16170,"weight":0.32397002},
{"Node_id":16176,"weight":0.15665999},
{"Node_id":16177,"weight":0.26612002},
{"Node_id":16179,"weight":0.1866},
{"Node_id":16181,"weight":0.21217999},
{"Node_id":16182,"weight":0.15123},
{"Node_id":16183,"weight":0.3596},
{"Node_id":16186,"weight":0.2887},
{"Node_id":16290,"weight":0.33227},
{"Node_id":16291,"weight":0.32733},
{"Node_id":16814,"weight":0.20887001},
{"Node_id":16997,"weight":0.22196},
{"Node_id":17000,"weight":0.29635},
{"Node_id":17001,"weight":0.39549},
{"Node_id":17002,"weight":0.14474},
{"Node_id":17004,"weight":0.23996},
{"Node_id":17005,"weight":0.17433},
{"Node_id":17006,"weight":0.21807},
{"Node_id":17007,"weight":0.23866001},
{"Node_id":17008,"weight":0.13918999},
{"Node_id":17013,"weight":0.18481},
{"Node_id":17014,"weight":0.20938},
{"Node_id":17020,"weight":0.25504},
{"Node_id":17022,"weight":0.18523},
{"Node_id":17023,"weight":0.23648},
{"Node_id":17027,"weight":0.14480999},
{"Node_id":17029,"weight":0.52933},
{"Node_id":17030,"weight":0.14313},
{"Node_id":17032,"weight":0.19305},
{"Node_id":17034,"weight":0.25195},
{"Node_id":17035,"weight":0.13882},
{"Node_id":17036,"weight":0.32151002},
{"Node_id":17037,"weight":0.23271},
{"Node_id":17039,"weight":0.46469003},
{"Node_id":17040,"weight":0.22943},
{"Node_id":17041,"weight":0.34523},
{"Node_id":17045,"weight":0.16142},
{"Node_id":17047,"weight":0.30006},
{"Node_id":17054,"weight":0.17647001},
{"Node_id":17055,"weight":0.34225},
{"Node_id":17057,"weight":0.26482},
{"Node_id":17058,"weight":0.16433999},
{"Node_id":17060,"weight":0.15204},
{"Node_id":17061,"weight":0.18704},
{"Node_id":17063,"weight":0.1452},
{"Node_id":17064,"weight":0.36677},
{"Node_id":17066,"weight":0.16405},
{"Node_id":17068,"weight":0.16627},
{"Node_id":17069,"weight":0.31173},
{"Node_id":17072,"weight":0.16612001},
{"Node_id":17073,"weight":0.19496},
{"Node_id":17074,"weight":0.17151001},
{"Node_id":17076,"weight":0.17447999},
{"Node_id":17117,"weight":0.14822},
{"Node_id":17118,"weight":0.37852},
{"Node_id":17121,"weight":0.22242},
{"Node_id":17122,"weight":0.19972},
{"Node_id":17123,"weight":0.59496003},
{"Node_id":17124,"weight":0.21961},
{"Node_id":17126,"weight":0.41711003},
{"Node_id":17127,"weight":0.24142},
{"Node_id":17129,"weight":0.46258998},
{"Node_id":17130,"weight":0.45555001},
{"Node_id":17133,"weight":0.18921},
{"Node_id":17135,"weight":0.14261},
{"Node_id":17136,"weight":0.17551},
{"Node_id":17140,"weight":0.15450999},
{"Node_id":17143,"weight":0.2579},
{"Node_id":17146,"weight":0.15361},
{"Node_id":17147,"weight":0.18371001},
{"Node_id":17148,"weight":0.34591},
{"Node_id":17149,"weight":0.25654},
{"Node_id":17152,"weight":0.78235996},
{"Node_id":17154,"weight":0.22185},
{"Node_id":17155,"weight":0.21503},
{"Node_id":17157,"weight":0.33999},
{"Node_id":17158,"weight":0.23136},
{"Node_id":17159,"weight":0.15849},
{"Node_id":17160,"weight":0.21206999},
{"Node_id":17161,"weight":0.15218},
{"Node_id":17162,"weight":0.24075},
{"Node_id":17164,"weight":0.29487},
{"Node_id":17165,"weight":0.15225},
{"Node_id":17166,"weight":0.22493999},
{"Node_id":17167,"weight":0.25669},
{"Node_id":17168,"weight":0.32452},
{"Node_id":17169,"weight":0.28439},
{"Node_id":17170,"weight":0.23371},
{"Node_id":17171,"weight":0.13913},
{"Node_id":17172,"weight":0.43066},
{"Node_id":17173,"weight":0.27712},
{"Node_id":17174,"weight":0.5077},
{"Node_id":17175,"weight":0.19386},
{"Node_id":17176,"weight":0.33903},
{"Node_id":17177,"weight":0.17736},
{"Node_id":17178,"weight":0.27115},
{"Node_id":17179,"weight":0.17151001},
{"Node_id":17180,"weight":0.15764001},
{"Node_id":17181,"weight":0.22425},
{"Node_id":17182,"weight":0.20144},
{"Node_id":17183,"weight":0.14954999},
{"Node_id":17184,"weight":0.14364001},
{"Node_id":17185,"weight":0.17639},
{"Node_id":17186,"weight":0.48720002},
{"Node_id":17188,"weight":0.14338},
{"Node_id":17190,"weight":0.22967},
{"Node_id":17191,"weight":0.14855},
{"Node_id":17192,"weight":0.30297},
{"Node_id":17193,"weight":0.1421},
{"Node_id":17194,"weight":0.19487},
{"Node_id":17195,"weight":0.26433998},
{"Node_id":17196,"weight":0.16777},
{"Node_id":17197,"weight":0.15008},
{"Node_id":17198,"weight":0.17082},
{"Node_id":17199,"weight":0.24168},
{"Node_id":17200,"weight":0.60725003},
{"Node_id":17201,"weight":0.26305002},
{"Node_id":17202,"weight":0.47241998},
{"Node_id":17203,"weight":0.20504999},
{"Node_id":17204,"weight":0.29174},
{"Node_id":17205,"weight":0.19962},
{"Node_id":17206,"weight":0.49989},
{"Node_id":17207,"weight":0.36513},
{"Node_id":17210,"weight":0.18387},
{"Node_id":17211,"weight":0.37357},
{"Node_id":17215,"weight":0.63754},
{"Node_id":17216,"weight":0.17059},
{"Node_id":17220,"weight":0.38968998},
{"Node_id":17221,"weight":0.24061999},
{"Node_id":17222,"weight":0.18895},
{"Node_id":17226,"weight":0.58061},
{"Node_id":17228,"weight":0.16883},
{"Node_id":17229,"weight":0.21589},
{"Node_id":17233,"weight":0.32287},
{"Node_id":17235,"weight":0.1737},
{"Node_id":17236,"weight":0.35435},
{"Node_id":17237,"weight":0.26385},
{"Node_id":17245,"weight":0.15729001},
{"Node_id":17246,"weight":0.21939},
{"Node_id":17250,"weight":0.20585},
{"Node_id":17252,"weight":0.21524999},
{"Node_id":17253,"weight":0.53771},
{"Node_id":17254,"weight":0.22859001},
{"Node_id":17255,"weight":0.3562},
{"Node_id":17256,"weight":0.36392},
{"Node_id":17260,"weight":0.27622002},
{"Node_id":17262,"weight":0.27029},
{"Node_id":17263,"weight":0.21610999},
{"Node_id":17266,"weight":0.20086},
{"Node_id":17267,"weight":0.24796},
{"Node_id":17271,"weight":0.22955},
{"Node_id":17273,"weight":0.18531999},
{"Node_id":17274,"weight":0.19432},
{"Node_id":17277,"weight":0.22072999},
{"Node_id":17278,"weight":0.2895},
{"Node_id":17279,"weight":0.37446},
{"Node_id":17283,"weight":0.17151001},
{"Node_id":17285,"weight":0.22493999},
{"Node_id":17286,"weight":0.26596},
{"Node_id":17289,"weight":0.21676},
{"Node_id":17290,"weight":0.17849},
{"Node_id":17291,"weight":0.23944},
{"Node_id":17292,"weight":0.20299001},
{"Node_id":17296,"weight":0.2881},
{"Node_id":17298,"weight":0.17417},
{"Node_id":17299,"weight":0.64362},
{"Node_id":17302,"weight":0.24614999},
{"Node_id":17303,"weight":0.19241},
{"Node_id":17305,"weight":0.16486},
{"Node_id":17306,"weight":0.14908001},
{"Node_id":17310,"weight":0.23111999},
{"Node_id":17311,"weight":0.216},
{"Node_id":17312,"weight":0.17711},
{"Node_id":17313,"weight":0.30006},
{"Node_id":17316,"weight":0.39495},
{"Node_id":17317,"weight":0.25549},
{"Node_id":17320,"weight":0.46363002},
{"Node_id":17321,"weight":0.17074},
{"Node_id":17325,"weight":0.27427},
{"Node_id":17327,"weight":0.25549},
{"Node_id":17328,"weight":0.25037},
{"Node_id":17331,"weight":0.78235996},
{"Node_id":17332,"weight":0.19522999},
{"Node_id":17335,"weight":0.1744},
{"Node_id":17336,"weight":0.21589},
{"Node_id":17337,"weight":0.44108},
{"Node_id":17341,"weight":0.24726},
{"Node_id":17342,"weight":0.16717},
{"Node_id":17343,"weight":0.1602},
{"Node_id":17344,"weight":0.19062999},
{"Node_id":17347,"weight":0.16486},
{"Node_id":17348,"weight":0.19223},
{"Node_id":17351,"weight":0.15506001},
{"Node_id":17353,"weight":0.33683},
{"Node_id":17354,"weight":0.16433999},
{"Node_id":17358,"weight":0.18472001},
{"Node_id":17360,"weight":0.24275},
{"Node_id":17361,"weight":0.2481},
{"Node_id":17364,"weight":0.19071999},
{"Node_id":17365,"weight":0.14644},
{"Node_id":17368,"weight":0.19395},
{"Node_id":17371,"weight":0.26777},
{"Node_id":17372,"weight":0.34523},
{"Node_id":17376,"weight":0.23321},
{"Node_id":17378,"weight":0.47954002},
{"Node_id":17379,"weight":0.20221},
{"Node_id":17382,"weight":0.48720002},
{"Node_id":17383,"weight":0.25094},
{"Node_id":17386,"weight":0.27201},
{"Node_id":17390,"weight":0.35922},
{"Node_id":17391,"weight":0.35472},
{"Node_id":17395,"weight":0.14995},
{"Node_id":17397,"weight":0.23710999},
{"Node_id":17398,"weight":0.48203},
{"Node_id":17401,"weight":0.29072002},
{"Node_id":17402,"weight":0.16237},
{"Node_id":17405,"weight":0.16754},
{"Node_id":17409,"weight":0.18913},
{"Node_id":17410,"weight":0.22493999},
{"Node_id":17411,"weight":0.28731},
{"Node_id":17421,"weight":0.16627},
{"Node_id":17422,"weight":0.14941},
{"Node_id":17425,"weight":0.15416},
{"Node_id":17429,"weight":0.31372002},
{"Node_id":17430,"weight":0.1587},
{"Node_id":17431,"weight":0.21928},
{"Node_id":17432,"weight":0.54217},
{"Node_id":17433,"weight":0.55429},
{"Node_id":17434,"weight":0.25534},
{"Node_id":17435,"weight":0.14223},
{"Node_id":17436,"weight":0.22727999},
{"Node_id":17437,"weight":0.33376998},
{"Node_id":17503,"weight":0.26995},
{"Node_id":17505,"weight":0.50450003},
{"Node_id":17506,"weight":0.17354},
{"Node_id":17507,"weight":0.24768},
{"Node_id":17508,"weight":0.17198},
{"Node_id":17509,"weight":0.20416},
{"Node_id":17510,"weight":0.16982},
{"Node_id":17511,"weight":0.36076},
{"Node_id":17512,"weight":0.34523},
{"Node_id":17513,"weight":0.36273},
{"Node_id":17514,"weight":0.37401},
{"Node_id":17515,"weight":0.20337999},
{"Node_id":17516,"weight":0.16906},
{"Node_id":17517,"weight":0.36718},
{"Node_id":17518,"weight":0.21418},
{"Node_id":17519,"weight":0.16419},
{"Node_id":17520,"weight":0.18549},
{"Node_id":17521,"weight":0.20211999},
{"Node_id":17522,"weight":0.33808},
{"Node_id":17523,"weight":0.38469},
{"Node_id":17524,"weight":0.3305},
{"Node_id":17525,"weight":0.14742},
{"Node_id":17526,"weight":0.20574999},
{"Node_id":17527,"weight":0.17921999},
{"Node_id":17528,"weight":0.20058},
{"Node_id":17529,"weight":0.16709},
{"Node_id":17530,"weight":0.41579},
{"Node_id":17531,"weight":0.1615},
{"Node_id":17532,"weight":0.54927003},
{"Node_id":17535,"weight":0.37446},
{"Node_id":17536,"weight":0.28171998},
{"Node_id":17537,"weight":0.35075},
{"Node_id":17538,"weight":0.17472},
{"Node_id":17539,"weight":0.14001},
{"Node_id":17540,"weight":0.36885},
{"Node_id":17541,"weight":0.25518999},
{"Node_id":17542,"weight":0.18145},
{"Node_id":17543,"weight":0.38371998},
{"Node_id":17544,"weight":0.20615001},
{"Node_id":17545,"weight":0.20785001},
{"Node_id":17546,"weight":0.21654001},
{"Node_id":17547,"weight":0.16114},
{"Node_id":17548,"weight":0.1812},
{"Node_id":17549,"weight":0.19143},
{"Node_id":17550,"weight":0.17567},
{"Node_id":17551,"weight":0.21861999},
{"Node_id":17552,"weight":0.21905999},
{"Node_id":17553,"weight":0.27357},
{"Node_id":17554,"weight":0.29465002},
{"Node_id":17555,"weight":0.21249},
{"Node_id":17556,"weight":0.36431998},
{"Node_id":17557,"weight":0.51441},
{"Node_id":17558,"weight":0.52734},
{"Node_id":17559,"weight":0.30978},
{"Node_id":17560,"weight":0.38132},
{"Node_id":17561,"weight":0.50450003},
{"Node_id":17562,"weight":0.2401},
{"Node_id":17563,"weight":0.21010001},
{"Node_id":17564,"weight":0.1515},
{"Node_id":17565,"weight":0.29072002},
{"Node_id":17566,"weight":0.18575},
{"Node_id":17567,"weight":0.30644},
{"Node_id":17568,"weight":0.30366},
{"Node_id":17569,"weight":0.23039},
{"Node_id":17570,"weight":0.17849},
{"Node_id":17571,"weight":0.30184},
{"Node_id":17572,"weight":0.1886},
{"Node_id":17573,"weight":0.20038},
{"Node_id":17574,"weight":0.20250002},
{"Node_id":17584,"weight":0.19206001},
{"Node_id":17585,"weight":0.24328999},
{"Node_id":17586,"weight":0.39658},
{"Node_id":17587,"weight":0.25579},
{"Node_id":17588,"weight":0.20192},
{"Node_id":17589,"weight":0.28135},
{"Node_id":17590,"weight":0.28381},
{"Node_id":17591,"weight":0.2889},
{"Node_id":17592,"weight":0.20337999},
{"Node_id":17593,"weight":0.30667},
{"Node_id":17594,"weight":0.19323},
{"Node_id":17595,"weight":0.17237},
{"Node_id":17596,"weight":0.17599},
{"Node_id":17597,"weight":0.23015001},
{"Node_id":17598,"weight":0.14881},
{"Node_id":17599,"weight":0.13988},
{"Node_id":17600,"weight":0.29786},
{"Node_id":17601,"weight":0.33652002},
{"Node_id":17602,"weight":0.26336998},
{"Node_id":17603,"weight":0.15484999},
{"Node_id":17604,"weight":0.25297},
{"Node_id":17605,"weight":0.15326999},
{"Node_id":17606,"weight":0.17662999},
{"Node_id":17607,"weight":0.19422999},
{"Node_id":17608,"weight":0.14422},
{"Node_id":17609,"weight":0.15885},
{"Node_id":17610,"weight":0.15729001},
{"Node_id":17611,"weight":0.15305999},
{"Node_id":17612,"weight":0.27409},
{"Node_id":17613,"weight":0.18012},
{"Node_id":17614,"weight":0.48588},
{"Node_id":17615,"weight":0.27218002},
{"Node_id":17616,"weight":0.30297},
{"Node_id":17617,"weight":0.32098},
{"Node_id":17618,"weight":0.15638},
{"Node_id":17619,"weight":0.15764001},
{"Node_id":17620,"weight":0.24477999},
{"Node_id":17621,"weight":0.20989001},
{"Node_id":17622,"weight":0.18886},
{"Node_id":17623,"weight":0.17736},
{"Node_id":17624,"weight":0.23259},
{"Node_id":17625,"weight":0.22379},
{"Node_id":17626,"weight":0.40221},
{"Node_id":17627,"weight":0.15771},
{"Node_id":17628,"weight":0.21134},
{"Node_id":17629,"weight":0.30229002},
{"Node_id":17630,"weight":0.39658},
{"Node_id":17631,"weight":0.17551},
{"Node_id":17632,"weight":0.15793},
{"Node_id":17633,"weight":0.26928002},
{"Node_id":17634,"weight":0.14828},
{"Node_id":17635,"weight":0.32452},
{"Node_id":17636,"weight":0.19652},
{"Node_id":17637,"weight":0.17128},
{"Node_id":17638,"weight":0.27063},
{"Node_id":17639,"weight":0.45851},
{"Node_id":17640,"weight":0.14147},
{"Node_id":17641,"weight":0.16657},
{"Node_id":17642,"weight":0.14052},
{"Node_id":17643,"weight":0.28711},
{"Node_id":17644,"weight":0.50933},
{"Node_id":17645,"weight":0.15659},
{"Node_id":17646,"weight":0.14782},
{"Node_id":17647,"weight":0.26761},
{"Node_id":17648,"weight":0.24796},
{"Node_id":17649,"weight":0.26336998},
{"Node_id":17650,"weight":0.54927003},
{"Node_id":17651,"weight":0.20927998},
{"Node_id":17652,"weight":0.14862},
{"Node_id":17653,"weight":0.14435},
{"Node_id":17654,"weight":0.48457998},
{"Node_id":17655,"weight":0.21621999},
{"Node_id":17656,"weight":0.18253},
{"Node_id":17657,"weight":0.21928},
{"Node_id":17658,"weight":0.1587},
{"Node_id":17659,"weight":0.1656},
{"Node_id":17660,"weight":0.24684},
{"Node_id":17661,"weight":0.3511},
{"Node_id":17662,"weight":0.15368},
{"Node_id":17663,"weight":0.16027},
{"Node_id":17664,"weight":0.1733},
{"Node_id":17665,"weight":0.18609},
{"Node_id":17668,"weight":0.36312002},
{"Node_id":17669,"weight":0.23699},
{"Node_id":17670,"weight":0.26928002},
{"Node_id":17671,"weight":0.33903},
{"Node_id":17672,"weight":0.22943},
{"Node_id":17673,"weight":0.7418},
{"Node_id":17674,"weight":0.14026001},
{"Node_id":17675,"weight":0.19597},
{"Node_id":17676,"weight":0.21375999},
{"Node_id":17677,"weight":0.26147002},
{"Node_id":17678,"weight":0.20485},
{"Node_id":17679,"weight":0.18438},
{"Node_id":17680,"weight":0.297},
{"Node_id":17681,"weight":0.41513},
{"Node_id":17682,"weight":0.29031},
{"Node_id":17683,"weight":0.15197},
{"Node_id":17684,"weight":0.34356},
{"Node_id":17685,"weight":0.44538003},
{"Node_id":17686,"weight":0.32507},
{"Node_id":17687,"weight":0.14774999},
{"Node_id":17688,"weight":0.36595},
{"Node_id":17689,"weight":0.14769},
{"Node_id":17690,"weight":0.47831997},
{"Node_id":17691,"weight":0.18354},
{"Node_id":17692,"weight":0.27857},
{"Node_id":17693,"weight":0.33468002},
{"Node_id":17694,"weight":0.42839998},
{"Node_id":17695,"weight":0.18643},
{"Node_id":17696,"weight":0.25882},
{"Node_id":17697,"weight":0.21774001},
{"Node_id":17698,"weight":0.40049},
{"Node_id":17699,"weight":0.29444},
{"Node_id":17700,"weight":0.26466},
{"Node_id":17701,"weight":0.21796},
{"Node_id":17702,"weight":0.33078998},
{"Node_id":17703,"weight":0.3562},
{"Node_id":17704,"weight":0.16164},
{"Node_id":17705,"weight":0.19915},
{"Node_id":17706,"weight":0.24994},
{"Node_id":17707,"weight":0.26022},
{"Node_id":17708,"weight":0.15603},
{"Node_id":17709,"weight":0.22716},
{"Node_id":17710,"weight":0.33287},
{"Node_id":17711,"weight":0.17543},
{"Node_id":17712,"weight":0.33468002},
{"Node_id":17713,"weight":0.19098},
{"Node_id":17714,"weight":0.18078001},
{"Node_id":17715,"weight":0.24519},
{"Node_id":17716,"weight":0.33138},
{"Node_id":17717,"weight":0.26433998},
{"Node_id":17718,"weight":0.29939002},
{"Node_id":17719,"weight":0.18379},
{"Node_id":17720,"weight":0.17711},
{"Node_id":17721,"weight":0.30072},
{"Node_id":17722,"weight":0.15484999},
{"Node_id":17723,"weight":0.14585},
{"Node_id":17724,"weight":0.31222},
{"Node_id":17725,"weight":0.21752},
{"Node_id":17726,"weight":0.26321},
{"Node_id":17727,"weight":0.27183002},
{"Node_id":17728,"weight":0.35694},
{"Node_id":17729,"weight":0.31026},
{"Node_id":17730,"weight":0.24315},
{"Node_id":17731,"weight":0.14868},
{"Node_id":17732,"weight":0.16785},
{"Node_id":17733,"weight":0.22576001},
{"Node_id":17734,"weight":0.31625},
{"Node_id":17735,"weight":0.23814002},
{"Node_id":17736,"weight":0.26761},
{"Node_id":17737,"weight":0.17988},
{"Node_id":17738,"weight":0.59117997},
{"Node_id":17739,"weight":0.24342},
{"Node_id":17740,"weight":0.34356},
{"Node_id":17744,"weight":0.16078},
{"Node_id":17746,"weight":0.14096001},
{"Node_id":17753,"weight":0.14982},
{"Node_id":17754,"weight":0.23827},
{"Node_id":17755,"weight":0.21514001},
{"Node_id":17756,"weight":0.1421},
{"Node_id":17757,"weight":0.42546},
{"Node_id":17758,"weight":0.2889},
{"Node_id":17759,"weight":0.26162},
{"Node_id":17760,"weight":0.15899},
{"Node_id":17761,"weight":0.14941},
{"Node_id":17762,"weight":0.4508},
{"Node_id":17763,"weight":0.29984},
{"Node_id":17764,"weight":0.22084},
{"Node_id":17765,"weight":0.26401},
{"Node_id":17766,"weight":0.3105},
{"Node_id":17767,"weight":0.21145001},
{"Node_id":17768,"weight":0.21197},
{"Node_id":17769,"weight":0.19161001},
{"Node_id":17771,"weight":0.14083001},
{"Node_id":17777,"weight":0.24168},
{"Node_id":17788,"weight":0.16627},
{"Node_id":17791,"weight":0.24643},
{"Node_id":17792,"weight":0.21145001},
{"Node_id":17793,"weight":0.17105},
{"Node_id":17794,"weight":0.21238999},
{"Node_id":17795,"weight":0.18834},
{"Node_id":17796,"weight":0.27115},
{"Node_id":17797,"weight":0.23596999},
{"Node_id":17798,"weight":0.16383},
{"Node_id":17799,"weight":0.14624},
{"Node_id":17800,"weight":0.36392},
{"Node_id":17801,"weight":0.17338},
{"Node_id":17802,"weight":0.43776003},
{"Node_id":17803,"weight":0.17089},
{"Node_id":17804,"weight":0.14789},
{"Node_id":17805,"weight":0.32591},
{"Node_id":17806,"weight":0.33871},
{"Node_id":17807,"weight":0.29277},
{"Node_id":17808,"weight":0.45653},
{"Node_id":17809,"weight":0.32178},
{"Node_id":17810,"weight":0.23210001},
{"Node_id":17811,"weight":0.22072999},
{"Node_id":17812,"weight":0.15779},
{"Node_id":17813,"weight":0.38085002},
{"Node_id":17814,"weight":0.16186},
{"Node_id":17815,"weight":0.68113},
{"Node_id":17816,"weight":0.16179},
{"Node_id":17817,"weight":0.17377},
{"Node_id":17818,"weight":0.24588001},
{"Node_id":17819,"weight":0.16477999},
{"Node_id":17820,"weight":0.15231},
{"Node_id":17821,"weight":0.2342},
{"Node_id":17822,"weight":0.14644},
{"Node_id":17823,"weight":0.20594999},
{"Node_id":17824,"weight":0.22681001},
{"Node_id":17826,"weight":0.27586},
{"Node_id":17827,"weight":0.45653},
{"Node_id":17828,"weight":0.33683},
{"Node_id":17829,"weight":0.27374},
{"Node_id":17830,"weight":0.20485},
{"Node_id":17831,"weight":0.18261},
{"Node_id":17832,"weight":0.29593},
{"Node_id":17833,"weight":0.20565},
{"Node_id":17834,"weight":0.25123},
{"Node_id":17835,"weight":0.14120999},
{"Node_id":17836,"weight":0.22061},
{"Node_id":17837,"weight":0.17136},
{"Node_id":17838,"weight":0.22799},
{"Node_id":17839,"weight":0.17182},
{"Node_id":17840,"weight":0.16486},
{"Node_id":17841,"weight":0.35435},
{"Node_id":17842,"weight":0.20605},
{"Node_id":17843,"weight":0.36233002},
{"Node_id":17844,"weight":0.31963998},
{"Node_id":17845,"weight":0.2145},
{"Node_id":17846,"weight":0.26242},
{"Node_id":17847,"weight":0.15771},
{"Node_id":17848,"weight":0.15402},
{"Node_id":17849,"weight":0.32591},
{"Node_id":17850,"weight":0.16754},
{"Node_id":17851,"weight":0.15238},
{"Node_id":17852,"weight":0.20096},
{"Node_id":17853,"weight":0.28381},
{"Node_id":17854,"weight":0.15687},
{"Node_id":17855,"weight":0.14014},
{"Node_id":17856,"weight":0.17417},
{"Node_id":17857,"weight":0.23699},
{"Node_id":17858,"weight":0.20029},
{"Node_id":17859,"weight":0.14962},
{"Node_id":17860,"weight":0.16078},
{"Node_id":17861,"weight":0.17857},
{"Node_id":17862,"weight":0.3562},
{"Node_id":17863,"weight":0.28633},
{"Node_id":17864,"weight":0.19259},
{"Node_id":17865,"weight":0.26661998},
{"Node_id":17866,"weight":0.35325998},
{"Node_id":17867,"weight":0.40163},
{"Node_id":17868,"weight":0.3226},
{"Node_id":17869,"weight":0.17051001},
{"Node_id":17870,"weight":0.29113},
{"Node_id":17871,"weight":0.18913},
{"Node_id":17872,"weight":0.16085},
{"Node_id":17873,"weight":0.15999},
{"Node_id":17874,"weight":0.30738002},
{"Node_id":17875,"weight":0.15878001},
{"Node_id":17876,"weight":0.30117},
{"Node_id":17877,"weight":0.22907},
{"Node_id":17878,"weight":0.14868},
{"Node_id":17879,"weight":0.14396},
{"Node_id":17880,"weight":0.24437001},
{"Node_id":17881,"weight":0.20038},
{"Node_id":17882,"weight":0.35398},
{"Node_id":17883,"weight":0.18379},
{"Node_id":17884,"weight":0.30786},
{"Node_id":17885,"weight":0.40049},
{"Node_id":17886,"weight":0.34969002},
{"Node_id":17887,"weight":0.17841001},
{"Node_id":17888,"weight":0.24965999},
{"Node_id":17889,"weight":0.49126},
{"Node_id":17890,"weight":0.3562},
{"Node_id":17891,"weight":0.49548},
{"Node_id":17892,"weight":0.47592002},
{"Node_id":17893,"weight":0.21873},
{"Node_id":17894,"weight":0.14572},
{"Node_id":17918,"weight":0.15062},
{"Node_id":17939,"weight":0.32733},
{"Node_id":17948,"weight":0.14140001},
{"Node_id":17958,"weight":0.41002002},
{"Node_id":17960,"weight":0.15231},
{"Node_id":17969,"weight":0.20387001},
{"Node_id":17971,"weight":0.17028001},
{"Node_id":17981,"weight":0.56232},
{"Node_id":17983,"weight":0.17679},
{"Node_id":17994,"weight":0.21545999},
{"Node_id":17996,"weight":0.41579},
{"Node_id":17999,"weight":0.20594999},
{"Node_id":18001,"weight":0.24994},
{"Node_id":18002,"weight":0.54447997},
{"Node_id":18003,"weight":0.17988},
{"Node_id":18004,"weight":0.16411999},
{"Node_id":18005,"weight":0.14802},
{"Node_id":18006,"weight":0.14682999},
{"Node_id":18007,"weight":0.40633997},
{"Node_id":18008,"weight":0.2895},
{"Node_id":18009,"weight":0.33347002},
{"Node_id":18010,"weight":0.16508},
{"Node_id":18011,"weight":0.33777002},
{"Node_id":18012,"weight":0.29072002},
{"Node_id":18013,"weight":0.14177999},
{"Node_id":18014,"weight":0.24881001},
{"Node_id":18015,"weight":0.23787999},
{"Node_id":18016,"weight":0.29614002},
{"Node_id":18017,"weight":0.16664},
{"Node_id":18018,"weight":0.17963001},
{"Node_id":18019,"weight":0.19143},
{"Node_id":18020,"weight":0.16523},
{"Node_id":18021,"weight":0.16538},
{"Node_id":18022,"weight":0.19036},
{"Node_id":18023,"weight":0.17776},
{"Node_id":18024,"weight":0.33999},
{"Node_id":18025,"weight":0.23584001},
{"Node_id":18026,"weight":0.21785},
{"Node_id":18027,"weight":0.25224},
{"Node_id":18028,"weight":0.24600999},
{"Node_id":18029,"weight":0.17074},
{"Node_id":18030,"weight":0.18834},
{"Node_id":18031,"weight":0.18921},
{"Node_id":18032,"weight":0.139},
{"Node_id":18033,"weight":0.22106},
{"Node_id":18034,"weight":0.19241},
{"Node_id":18035,"weight":0.16627},
{"Node_id":18036,"weight":0.30667},
{"Node_id":18037,"weight":0.20605},
{"Node_id":18038,"weight":0.22895},
{"Node_id":18039,"weight":0.14299999},
{"Node_id":18040,"weight":0.24698},
{"Node_id":18041,"weight":0.27694},
{"Node_id":18042,"weight":0.28305},
{"Node_id":18043,"weight":0.17825},
{"Node_id":18045,"weight":0.18236001},
{"Node_id":18065,"weight":0.15042},
{"Node_id":18071,"weight":0.17543},
{"Node_id":18078,"weight":0.20655},
{"Node_id":18086,"weight":0.24275},
{"Node_id":18095,"weight":0.31347},
{"Node_id":18100,"weight":0.1702},
{"Node_id":18101,"weight":0.19152},
{"Node_id":18102,"weight":0.25371},
{"Node_id":18103,"weight":0.23559001},
{"Node_id":18104,"weight":0.62126005},
{"Node_id":18105,"weight":0.19849},
{"Node_id":18106,"weight":0.25137},
{"Node_id":18107,"weight":0.20846},
{"Node_id":18108,"weight":0.27357},
{"Node_id":18109,"weight":0.27081},
{"Node_id":18110,"weight":0.20269999},
{"Node_id":18111,"weight":0.19277},
{"Node_id":18112,"weight":0.17816},
{"Node_id":18113,"weight":0.22811},
{"Node_id":18114,"weight":0.14147},
{"Node_id":18115,"weight":0.32071},
{"Node_id":18116,"weight":0.35146},
{"Node_id":18117,"weight":0.15856001},
{"Node_id":18118,"weight":0.20211999},
{"Node_id":18119,"weight":0.17679},
{"Node_id":18120,"weight":0.19505},
{"Node_id":18121,"weight":0.33935001},
{"Node_id":18122,"weight":0.20086},
{"Node_id":18123,"weight":0.65008},
{"Node_id":18124,"weight":0.18294999},
{"Node_id":18125,"weight":0.21103},
{"Node_id":18126,"weight":0.22506002},
{"Node_id":18127,"weight":0.18328},
{"Node_id":18128,"weight":0.17354},
{"Node_id":18129,"weight":0.17599},
{"Node_id":18130,"weight":0.37945002},
{"Node_id":18131,"weight":0.22049999},
{"Node_id":18132,"weight":0.40221},
{"Node_id":18133,"weight":0.17939},
{"Node_id":18134,"weight":0.34969002},
{"Node_id":18135,"weight":0.19811},
{"Node_id":18136,"weight":0.16627},
{"Node_id":18137,"weight":0.26226002},
{"Node_id":18138,"weight":0.19643},
{"Node_id":18139,"weight":0.17283},
{"Node_id":18140,"weight":0.28343},
{"Node_id":18141,"weight":0.23482999},
{"Node_id":18142,"weight":0.17898001},
{"Node_id":18143,"weight":0.17768},
{"Node_id":18144,"weight":0.17559001},
{"Node_id":18145,"weight":0.25459},
{"Node_id":18146,"weight":0.34591},
{"Node_id":18147,"weight":0.14782},
{"Node_id":18148,"weight":0.24102001},
{"Node_id":18149,"weight":0.43857998},
{"Node_id":18150,"weight":0.16339001},
{"Node_id":18151,"weight":0.23222001},
{"Node_id":18152,"weight":0.29072002},
{"Node_id":18153,"weight":0.19718},
{"Node_id":18154,"weight":0.58753},
{"Node_id":18155,"weight":0.34356},
{"Node_id":18156,"weight":0.17671},
{"Node_id":18157,"weight":0.14026001},
{"Node_id":18158,"weight":0.17472},
{"Node_id":18159,"weight":0.18421},
{"Node_id":18160,"weight":0.2806},
{"Node_id":18161,"weight":0.2184},
{"Node_id":18163,"weight":0.14774999},
{"Node_id":18164,"weight":0.15807},
{"Node_id":18165,"weight":0.2877},
{"Node_id":18167,"weight":0.29133},
{"Node_id":18168,"weight":0.14185},
{"Node_id":18169,"weight":0.21386},
{"Node_id":18170,"weight":0.29381},
{"Node_id":18171,"weight":0.28594},
{"Node_id":18172,"weight":0.2},
{"Node_id":18173,"weight":0.24396},
{"Node_id":18174,"weight":0.21482},
{"Node_id":18175,"weight":0.18782},
{"Node_id":18176,"weight":0.34289998},
{"Node_id":18177,"weight":0.2893},
{"Node_id":18178,"weight":0.14749},
{"Node_id":18179,"weight":0.16973999},
{"Node_id":18180,"weight":0.24519},
{"Node_id":18181,"weight":0.14736},
{"Node_id":18182,"weight":0.1822},
{"Node_id":18183,"weight":0.14546},
{"Node_id":18184,"weight":0.16186},
{"Node_id":18185,"weight":0.24754},
{"Node_id":18186,"weight":0.18755999},
{"Node_id":18196,"weight":0.18178001},
{"Node_id":18200,"weight":0.20125},
{"Node_id":18201,"weight":0.18278},
{"Node_id":18205,"weight":0.14908001},
{"Node_id":18211,"weight":0.16545},
{"Node_id":18215,"weight":0.14217},
{"Node_id":18216,"weight":0.17647001},
{"Node_id":18217,"weight":0.23234001},
{"Node_id":18219,"weight":0.22564001},
{"Node_id":18222,"weight":0.19134},
{"Node_id":18224,"weight":0.16353},
{"Node_id":18226,"weight":0.23533002},
{"Node_id":18231,"weight":0.21439},
{"Node_id":18237,"weight":0.14742},
{"Node_id":18240,"weight":0.17906},
{"Node_id":18244,"weight":0.25624},
{"Node_id":18251,"weight":0.22185},
{"Node_id":18252,"weight":0.15700999},
{"Node_id":18253,"weight":0.18404},
{"Node_id":18254,"weight":0.24588001},
{"Node_id":18256,"weight":0.15659},
{"Node_id":18259,"weight":0.15361},
{"Node_id":18263,"weight":0.43534002},
{"Node_id":18267,"weight":0.30667},
{"Node_id":18268,"weight":0.25445002},
{"Node_id":18272,"weight":0.16845},
{"Node_id":18274,"weight":0.17299},
{"Node_id":18278,"weight":0.50141},
{"Node_id":18280,"weight":0.18128},
{"Node_id":18281,"weight":0.18566},
{"Node_id":18285,"weight":0.32124},
{"Node_id":18287,"weight":0.34127},
{"Node_id":18288,"weight":0.15708},
{"Node_id":18289,"weight":0.19868}]