[{"Node_id":9988,"weight":1.9214},
{"Node_id":9992,"weight":2.184},
{"Node_id":9993,"weight":3.483},
{"Node_id":9994,"weight":2.2799},
{"Node_id":9995,"weight":2.0505},
{"Node_id":9996,"weight":1.9802},
{"Node_id":9997,"weight":2.5051},
{"Node_id":10001,"weight":2.4994},
{"Node_id":10002,"weight":2.7218},
{"Node_id":10003,"weight":3.6636},
{"Node_id":10004,"weight":1.6493},
{"Node_id":10005,"weight":4.0396},
{"Node_id":10006,"weight":2.0367},
{"Node_id":10007,"weight":1.4319},
{"Node_id":10008,"weight":3.8918},
{"Node_id":10009,"weight":2.3699},
{"Node_id":10010,"weight":1.8825},
{"Node_id":10011,"weight":1.9924},
{"Node_id":10012,"weight":2.5459},
{"Node_id":10013,"weight":2.6645},
{"Node_id":10014,"weight":2.321},
{"Node_id":10015,"weight":1.6936},
{"Node_id":10016,"weight":4.1254},
{"Node_id":10019,"weight":2.1397},
{"Node_id":10020,"weight":2.4195},
{"Node_id":10021,"weight":1.4064},
{"Node_id":10022,"weight":1.8203},
{"Node_id":10023,"weight":4.1846},
{"Node_id":10030,"weight":2.7912},
{"Node_id":10035,"weight":2.9298},
{"Node_id":10036,"weight":3.7945},
{"Node_id":10040,"weight":1.5736},
{"Node_id":10041,"weight":1.9597},
{"Node_id":10042,"weight":1.9569},
{"Node_id":10043,"weight":1.4474},
{"Node_id":10044,"weight":1.9468},
{"Node_id":10045,"weight":2.0241},
{"Node_id":10066,"weight":1.4371},
{"Node_id":10067,"weight":2.4866},
{"Node_id":10068,"weight":1.7922},
{"Node_id":10069,"weight":1.5259},
{"Node_id":10070,"weight":3.2124},
{"Node_id":10071,"weight":2.5123},
{"Node_id":10072,"weight":1.832},
{"Node_id":10073,"weight":4.7357},
{"Node_id":10074,"weight":1.744},
{"Node_id":10075,"weight":1.748},
{"Node_id":10078,"weight":1.8643},
{"Node_id":10079,"weight":3.4127},
{"Node_id":10080,"weight":1.7036},
{"Node_id":10081,"weight":2.5852},
{"Node_id":10083,"weight":2.0846},
{"Node_id":10084,"weight":3.9713},
{"Node_id":10085,"weight":3.2963},
{"Node_id":10086,"weight":2.0212},
{"Node_id":10087,"weight":1.3976},
{"Node_id":10088,"weight":1.5513},
{"Node_id":10089,"weight":1.8203},
{"Node_id":10090,"weight":1.5492},
{"Node_id":10091,"weight":2.0456},
{"Node_id":10092,"weight":1.7036},
{"Node_id":10093,"weight":2.0595},
{"Node_id":10094,"weight":4.7954},
{"Node_id":10097,"weight":1.8421},
{"Node_id":10098,"weight":1.4624},
{"Node_id":10099,"weight":3.429},
{"Node_id":10100,"weight":2.764},
{"Node_id":10101,"weight":2.001},
{"Node_id":10102,"weight":1.6353},
{"Node_id":10103,"weight":1.4539},
{"Node_id":10104,"weight":4.219},
{"Node_id":10105,"weight":3.0667},
{"Node_id":10120,"weight":1.5638},
{"Node_id":10123,"weight":1.7583},
{"Node_id":10124,"weight":2.4102},
{"Node_id":10129,"weight":7.6004},
{"Node_id":10130,"weight":1.6034},
{"Node_id":10133,"weight":1.8421},
{"Node_id":10134,"weight":1.9532},
{"Node_id":10135,"weight":2.1928},
{"Node_id":10136,"weight":1.6493},
{"Node_id":10137,"weight":1.9395},
{"Node_id":10138,"weight":2.3983},
{"Node_id":10139,"weight":2.2634},
{"Node_id":10140,"weight":2.2253},
{"Node_id":10142,"weight":2.4369},
{"Node_id":10143,"weight":2.3271},
{"Node_id":10144,"weight":3.1026},
{"Node_id":10145,"weight":1.5764},
{"Node_id":10146,"weight":1.7097},
{"Node_id":10147,"weight":2.7115},
{"Node_id":10152,"weight":1.4261},
{"Node_id":10153,"weight":4.2766},
{"Node_id":10154,"weight":6.0725},
{"Node_id":10155,"weight":3.2397},
{"Node_id":10156,"weight":2.3763},
{"Node_id":10157,"weight":5.2159},
{"Node_id":10158,"weight":2.6006},
{"Node_id":10159,"weight":2.7857},
{"Node_id":10160,"weight":3.3714},
{"Node_id":10161,"weight":1.5666},
{"Node_id":10162,"weight":2.6612},
{"Node_id":10163,"weight":1.886},
{"Node_id":10164,"weight":1.866},
{"Node_id":10165,"weight":1.5327},
{"Node_id":10166,"weight":2.1218},
{"Node_id":10167,"weight":1.5123},
{"Node_id":10168,"weight":3.596},
{"Node_id":10169,"weight":1.7013},
{"Node_id":10171,"weight":2.887},
{"Node_id":10172,"weight":2.2287},
{"Node_id":10294,"weight":1.6875},
{"Node_id":10295,"weight":3.3227},
{"Node_id":10296,"weight":3.2733},
{"Node_id":10811,"weight":2.0887},
{"Node_id":11045,"weight":5.077},
{"Node_id":11046,"weight":1.4178},
{"Node_id":11047,"weight":4.1064},
{"Node_id":11048,"weight":2.0695},
{"Node_id":11050,"weight":2.2196},
{"Node_id":11052,"weight":2.0907},
{"Node_id":11053,"weight":2.9635},
{"Node_id":11054,"weight":3.9549},
{"Node_id":11055,"weight":1.4474},
{"Node_id":11056,"weight":1.7051},
{"Node_id":11057,"weight":2.3996},
{"Node_id":11058,"weight":1.7433},
{"Node_id":11059,"weight":2.1807},
{"Node_id":11060,"weight":2.3866},
{"Node_id":11061,"weight":1.3919},
{"Node_id":11062,"weight":2.0928},
{"Node_id":11067,"weight":2.0938},
{"Node_id":11068,"weight":1.9615},
{"Node_id":11069,"weight":2.0299},
{"Node_id":11070,"weight":2.3433},
{"Node_id":11072,"weight":2.5504},
{"Node_id":11074,"weight":2.5519},
{"Node_id":11075,"weight":1.8523},
{"Node_id":11076,"weight":2.3648},
{"Node_id":11080,"weight":1.4481},
{"Node_id":11081,"weight":1.4384},
{"Node_id":11082,"weight":5.2933},
{"Node_id":11083,"weight":1.4313},
{"Node_id":11084,"weight":3.3287},
{"Node_id":11085,"weight":1.9305},
{"Node_id":11086,"weight":4.8078},
{"Node_id":11087,"weight":2.5195},
{"Node_id":11088,"weight":1.3882},
{"Node_id":11089,"weight":3.2151},
{"Node_id":11090,"weight":2.3271},
{"Node_id":11092,"weight":4.6469},
{"Node_id":11093,"weight":2.2943},
{"Node_id":11094,"weight":3.4523},
{"Node_id":11095,"weight":1.4617},
{"Node_id":11097,"weight":3.0978},
{"Node_id":11098,"weight":1.6142},
{"Node_id":11099,"weight":1.3869},
{"Node_id":11100,"weight":3.0006},
{"Node_id":11101,"weight":2.8691},
{"Node_id":11102,"weight":1.7276},
{"Node_id":11103,"weight":1.3982},
{"Node_id":11105,"weight":2.0918},
{"Node_id":11110,"weight":2.7604},
{"Node_id":11111,"weight":1.7647},
{"Node_id":11112,"weight":3.4225},
{"Node_id":11113,"weight":3.1651},
{"Node_id":11114,"weight":2.6482},
{"Node_id":11115,"weight":1.6434},
{"Node_id":11116,"weight":2.6662},
{"Node_id":11118,"weight":1.8704},
{"Node_id":11119,"weight":1.4455},
{"Node_id":11120,"weight":1.452},
{"Node_id":11121,"weight":3.6677},
{"Node_id":11122,"weight":2.9722},
{"Node_id":11123,"weight":1.6405},
{"Node_id":11126,"weight":3.511},
{"Node_id":11127,"weight":1.6627},
{"Node_id":11128,"weight":3.1173},
{"Node_id":11129,"weight":2.2752},
{"Node_id":11130,"weight":1.6049},
{"Node_id":11131,"weight":1.6612},
{"Node_id":11132,"weight":2.9786},
{"Node_id":11133,"weight":1.9496},
{"Node_id":11134,"weight":1.7151},
{"Node_id":11137,"weight":1.8037},
{"Node_id":11138,"weight":1.7448},
{"Node_id":11139,"weight":1.9197},
{"Node_id":11140,"weight":2.6369},
{"Node_id":11178,"weight":2.1397},
{"Node_id":11179,"weight":1.4822},
{"Node_id":11180,"weight":3.7852},
{"Node_id":11181,"weight":1.9487},
{"Node_id":11182,"weight":2.1218},
{"Node_id":11183,"weight":2.2242},
{"Node_id":11185,"weight":5.9496},
{"Node_id":11188,"weight":2.9298},
{"Node_id":11191,"weight":4.1711},
{"Node_id":11192,"weight":2.4142},
{"Node_id":11193,"weight":2.4838},
{"Node_id":11194,"weight":2.4629},
{"Node_id":11195,"weight":3.2676},
{"Node_id":11196,"weight":4.6259},
{"Node_id":11197,"weight":4.5555},
{"Node_id":11198,"weight":1.7865},
{"Node_id":11199,"weight":1.4862},
{"Node_id":11200,"weight":1.8921},
{"Node_id":11201,"weight":1.5055},
{"Node_id":11202,"weight":1.4261},
{"Node_id":11203,"weight":1.7551},
{"Node_id":11205,"weight":5.2539},
{"Node_id":11206,"weight":1.4815},
{"Node_id":11207,"weight":1.4287},
{"Node_id":11208,"weight":1.5451},
{"Node_id":11209,"weight":1.6229},
{"Node_id":11210,"weight":4.2051},
{"Node_id":11211,"weight":2.579},
{"Node_id":11212,"weight":1.5885},
{"Node_id":11213,"weight":2.883},
{"Node_id":11217,"weight":2.5654},
{"Node_id":11231,"weight":2.2494},
{"Node_id":11232,"weight":2.5669},
{"Node_id":11234,"weight":2.8439},
{"Node_id":11235,"weight":2.3371},
{"Node_id":11236,"weight":1.3913},
{"Node_id":11237,"weight":4.3066},
{"Node_id":11238,"weight":2.7712},
{"Node_id":11239,"weight":5.077},
{"Node_id":11240,"weight":1.9386},
{"Node_id":11246,"weight":1.4955},
{"Node_id":11247,"weight":1.4364},
{"Node_id":11248,"weight":1.7639},
{"Node_id":11249,"weight":4.872},
{"Node_id":11254,"weight":1.4855},
{"Node_id":11255,"weight":3.0297},
{"Node_id":11256,"weight":1.421},
{"Node_id":11257,"weight":1.9487},
{"Node_id":11258,"weight":2.6434},
{"Node_id":11259,"weight":1.6777},
{"Node_id":11263,"weight":2.4168},
{"Node_id":11496,"weight":5.4217},
{"Node_id":11497,"weight":5.5429},
{"Node_id":11501,"weight":3.3377},
{"Node_id":11560,"weight":5.045},
{"Node_id":11561,"weight":3.8766},
{"Node_id":11562,"weight":1.719},
{"Node_id":11563,"weight":1.7354},
{"Node_id":11564,"weight":2.4768},
{"Node_id":11565,"weight":1.7198},
{"Node_id":11568,"weight":3.6076},
{"Node_id":11569,"weight":3.4523},
{"Node_id":11570,"weight":3.6273},
{"Node_id":11571,"weight":3.7401},
{"Node_id":11572,"weight":2.0338},
{"Node_id":11573,"weight":1.6906},
{"Node_id":11574,"weight":3.6718},
{"Node_id":11575,"weight":2.1418},
{"Node_id":11576,"weight":1.6419},
{"Node_id":11577,"weight":1.8549},
{"Node_id":11578,"weight":2.0212},
{"Node_id":11579,"weight":3.3808},
{"Node_id":11580,"weight":3.8469},
{"Node_id":11581,"weight":3.305},
{"Node_id":11582,"weight":1.4742},
{"Node_id":11585,"weight":1.5464},
{"Node_id":11586,"weight":2.0575},
{"Node_id":11587,"weight":1.7922},
{"Node_id":11592,"weight":5.4927},
{"Node_id":11595,"weight":3.7446},
{"Node_id":11598,"weight":3.5075},
{"Node_id":11599,"weight":1.7472},
{"Node_id":11600,"weight":1.4001},
{"Node_id":11601,"weight":3.6885},
{"Node_id":11602,"weight":2.5519},
{"Node_id":11604,"weight":3.8372},
{"Node_id":11605,"weight":2.0615},
{"Node_id":11606,"weight":2.0785},
{"Node_id":11607,"weight":2.1654},
{"Node_id":11608,"weight":1.6114},
{"Node_id":11609,"weight":1.812},
{"Node_id":11610,"weight":1.9143},
{"Node_id":11611,"weight":1.7567},
{"Node_id":11612,"weight":2.1862},
{"Node_id":11613,"weight":2.1906},
{"Node_id":11614,"weight":2.7357},
{"Node_id":11615,"weight":2.9465},
{"Node_id":11616,"weight":2.1249},
{"Node_id":11617,"weight":3.6432},
{"Node_id":11618,"weight":5.1441},
{"Node_id":11619,"weight":5.2734},
{"Node_id":11620,"weight":3.0978},
{"Node_id":11621,"weight":3.8132},
{"Node_id":11622,"weight":5.045},
{"Node_id":11623,"weight":2.401},
{"Node_id":11624,"weight":2.101},
{"Node_id":11625,"weight":1.515},
{"Node_id":11628,"weight":3.0644},
{"Node_id":11629,"weight":3.0366},
{"Node_id":11630,"weight":2.3039},
{"Node_id":11632,"weight":3.0184},
{"Node_id":11634,"weight":2.0038},
{"Node_id":11635,"weight":2.025},
{"Node_id":11647,"weight":3.9658},
{"Node_id":11648,"weight":2.5579},
{"Node_id":11649,"weight":2.0192},
{"Node_id":11652,"weight":2.8135},
{"Node_id":11653,"weight":2.8381},
{"Node_id":11654,"weight":2.889},
{"Node_id":11655,"weight":2.0338},
{"Node_id":11657,"weight":1.9323},
{"Node_id":11658,"weight":1.7237},
{"Node_id":11659,"weight":1.7599},
{"Node_id":11660,"weight":2.3015},
{"Node_id":11661,"weight":1.4881},
{"Node_id":11662,"weight":1.3988},
{"Node_id":11663,"weight":2.9786},
{"Node_id":11664,"weight":3.3652},
{"Node_id":11665,"weight":2.6337},
{"Node_id":11666,"weight":1.5485},
{"Node_id":11667,"weight":2.5297},
{"Node_id":11668,"weight":1.5327},
{"Node_id":11669,"weight":1.7663},
{"Node_id":11670,"weight":1.9423},
{"Node_id":11671,"weight":1.4422},
{"Node_id":11672,"weight":1.5885},
{"Node_id":11673,"weight":1.5729},
{"Node_id":11674,"weight":1.5306},
{"Node_id":11675,"weight":2.7409},
{"Node_id":11705,"weight":1.4052},
{"Node_id":11706,"weight":1.6324},
{"Node_id":11707,"weight":2.8711},
{"Node_id":11708,"weight":5.0933},
{"Node_id":11709,"weight":1.5659},
{"Node_id":11710,"weight":1.4782},
{"Node_id":11712,"weight":2.4796},
{"Node_id":11713,"weight":2.6337},
{"Node_id":11714,"weight":5.4927},
{"Node_id":11717,"weight":2.0928},
{"Node_id":11726,"weight":1.4862},
{"Node_id":11727,"weight":1.4435},
{"Node_id":11728,"weight":4.8458},
{"Node_id":11729,"weight":2.1622},
{"Node_id":11730,"weight":1.8253},
{"Node_id":11731,"weight":2.1928},
{"Node_id":11732,"weight":1.587},
{"Node_id":11733,"weight":1.656},
{"Node_id":11734,"weight":2.4684},
{"Node_id":11735,"weight":3.511},
{"Node_id":11736,"weight":1.5368},
{"Node_id":11737,"weight":1.6027},
{"Node_id":11739,"weight":1.8609},
{"Node_id":11744,"weight":2.6928},
{"Node_id":11745,"weight":3.3903},
{"Node_id":11746,"weight":2.2943},
{"Node_id":11750,"weight":2.1376},
{"Node_id":11751,"weight":2.6147},
{"Node_id":11752,"weight":2.0485},
{"Node_id":11754,"weight":2.97},
{"Node_id":11755,"weight":4.1513},
{"Node_id":11756,"weight":2.9031},
{"Node_id":11757,"weight":1.5197},
{"Node_id":11758,"weight":3.4356},
{"Node_id":11759,"weight":4.4538},
{"Node_id":11760,"weight":3.2507},
{"Node_id":11761,"weight":1.4775},
{"Node_id":11762,"weight":3.6595},
{"Node_id":11763,"weight":1.4769},
{"Node_id":11764,"weight":4.7832},
{"Node_id":11765,"weight":1.8354},
{"Node_id":11766,"weight":2.7857},
{"Node_id":11768,"weight":4.284},
{"Node_id":11769,"weight":1.8643},
{"Node_id":11770,"weight":2.1354},
{"Node_id":11771,"weight":1.8153},
{"Node_id":11774,"weight":2.5882},
{"Node_id":11775,"weight":2.1774},
{"Node_id":11776,"weight":4.0049},
{"Node_id":11777,"weight":2.9444},
{"Node_id":11778,"weight":2.6466},
{"Node_id":11779,"weight":2.1796},
{"Node_id":11780,"weight":3.3079},
{"Node_id":11781,"weight":3.562},
{"Node_id":11782,"weight":1.6164},
{"Node_id":11784,"weight":2.4994},
{"Node_id":11785,"weight":2.6022},
{"Node_id":11786,"weight":1.5603},
{"Node_id":11787,"weight":2.2716},
{"Node_id":11788,"weight":3.3287},
{"Node_id":11789,"weight":1.7543},
{"Node_id":11790,"weight":3.3468},
{"Node_id":11791,"weight":1.9098},
{"Node_id":11792,"weight":1.8078},
{"Node_id":11793,"weight":2.4519},
{"Node_id":11794,"weight":3.3138},
{"Node_id":11795,"weight":2.6434},
{"Node_id":11797,"weight":1.8379},
{"Node_id":11798,"weight":1.7711},
{"Node_id":11799,"weight":3.0072},
{"Node_id":11800,"weight":1.5485},
{"Node_id":11801,"weight":1.4585},
{"Node_id":11802,"weight":3.1222},
{"Node_id":11803,"weight":2.1752},
{"Node_id":11804,"weight":2.6321},
{"Node_id":11805,"weight":2.7183},
{"Node_id":11807,"weight":3.1026},
{"Node_id":11809,"weight":1.4868},
{"Node_id":11810,"weight":1.6785},
{"Node_id":11811,"weight":2.2576},
{"Node_id":11812,"weight":3.1625},
{"Node_id":11813,"weight":1.827},
{"Node_id":11814,"weight":2.3814},
{"Node_id":11815,"weight":2.6761},
{"Node_id":11816,"weight":1.7988},
{"Node_id":11818,"weight":2.4342},
{"Node_id":11819,"weight":1.4461},
{"Node_id":11820,"weight":3.4356},
{"Node_id":11837,"weight":2.3827},
{"Node_id":11838,"weight":2.1514},
{"Node_id":11839,"weight":1.421},
{"Node_id":11840,"weight":4.2546},
{"Node_id":11841,"weight":2.889},
{"Node_id":11842,"weight":2.6162},
{"Node_id":11845,"weight":4.508},
{"Node_id":11848,"weight":2.6401},
{"Node_id":11851,"weight":2.1197},
{"Node_id":11852,"weight":1.9161},
{"Node_id":11890,"weight":1.7105},
{"Node_id":11891,"weight":2.1239},
{"Node_id":11893,"weight":2.7115},
{"Node_id":11894,"weight":2.3597},
{"Node_id":11895,"weight":1.6383},
{"Node_id":11896,"weight":1.4624},
{"Node_id":11897,"weight":3.6392},
{"Node_id":11898,"weight":1.7338},
{"Node_id":11899,"weight":4.3776},
{"Node_id":11900,"weight":1.7089},
{"Node_id":11901,"weight":1.4789},
{"Node_id":11902,"weight":3.2591},
{"Node_id":11903,"weight":3.3871},
{"Node_id":11904,"weight":2.9277},
{"Node_id":11905,"weight":4.5653},
{"Node_id":11906,"weight":3.2178},
{"Node_id":11908,"weight":2.2073},
{"Node_id":11909,"weight":1.5779},
{"Node_id":11910,"weight":3.8085},
{"Node_id":11911,"weight":1.6186},
{"Node_id":11912,"weight":6.8113},
{"Node_id":11913,"weight":1.6179},
{"Node_id":11914,"weight":1.7377},
{"Node_id":11915,"weight":2.4588},
{"Node_id":11916,"weight":1.6478},
{"Node_id":11917,"weight":1.5231},
{"Node_id":11918,"weight":2.342},
{"Node_id":11919,"weight":1.4644},
{"Node_id":11920,"weight":2.0595},
{"Node_id":11921,"weight":2.2681},
{"Node_id":11928,"weight":3.3871},
{"Node_id":11929,"weight":1.5807},
{"Node_id":11930,"weight":2.7586},
{"Node_id":11931,"weight":2.885},
{"Node_id":11932,"weight":4.5653},
{"Node_id":11933,"weight":3.3683},
{"Node_id":11934,"weight":2.7374},
{"Node_id":11937,"weight":2.0485},
{"Node_id":11938,"weight":1.8261},
{"Node_id":11939,"weight":2.9593},
{"Node_id":11940,"weight":2.0565},
{"Node_id":11941,"weight":2.5123},
{"Node_id":11942,"weight":1.4121},
{"Node_id":11943,"weight":2.2061},
{"Node_id":11944,"weight":1.7136},
{"Node_id":11946,"weight":1.7182},
{"Node_id":11949,"weight":2.0605},
{"Node_id":11950,"weight":3.6233},
{"Node_id":11953,"weight":2.6242},
{"Node_id":11954,"weight":1.5771},
{"Node_id":11955,"weight":1.5402},
{"Node_id":11956,"weight":3.2591},
{"Node_id":11957,"weight":1.6754},
{"Node_id":11958,"weight":1.5238},
{"Node_id":11959,"weight":2.0096},
{"Node_id":11960,"weight":2.8381},
{"Node_id":11961,"weight":2.1155},
{"Node_id":11962,"weight":1.5687},
{"Node_id":11963,"weight":1.4014},
{"Node_id":11964,"weight":1.7417},
{"Node_id":11965,"weight":2.3699},
{"Node_id":11968,"weight":1.6078},
{"Node_id":11970,"weight":3.562},
{"Node_id":11971,"weight":2.8633},
{"Node_id":11977,"weight":3.5326},
{"Node_id":11978,"weight":4.0163},
{"Node_id":11979,"weight":3.226},
{"Node_id":11980,"weight":1.7051},
{"Node_id":11981,"weight":2.9113},
{"Node_id":11982,"weight":1.8913},
{"Node_id":11985,"weight":1.6085},
{"Node_id":11986,"weight":1.5999},
{"Node_id":11987,"weight":3.0738},
{"Node_id":11988,"weight":1.5878},
{"Node_id":12081,"weight":2.2907},
{"Node_id":12086,"weight":3.5398},
{"Node_id":12087,"weight":1.8379},
{"Node_id":12088,"weight":1.3907},
{"Node_id":12090,"weight":4.0049},
{"Node_id":12091,"weight":3.4969},
{"Node_id":12092,"weight":1.7841},
{"Node_id":12093,"weight":2.4966},
{"Node_id":12094,"weight":4.9126},
{"Node_id":12095,"weight":3.562},
{"Node_id":12096,"weight":4.9548},
{"Node_id":12097,"weight":4.7592},
{"Node_id":12098,"weight":2.1873},
{"Node_id":12213,"weight":2.4994},
{"Node_id":12214,"weight":5.4448},
{"Node_id":12215,"weight":1.7988},
{"Node_id":12216,"weight":1.6412},
{"Node_id":12217,"weight":1.4802},
{"Node_id":12218,"weight":1.4683},
{"Node_id":12219,"weight":4.0634},
{"Node_id":12220,"weight":2.895},
{"Node_id":12221,"weight":3.3347},
{"Node_id":12222,"weight":1.6508},
{"Node_id":12223,"weight":3.3777},
{"Node_id":12224,"weight":2.9072},
{"Node_id":12225,"weight":1.4178},
{"Node_id":12226,"weight":2.4881},
{"Node_id":12227,"weight":2.3788},
{"Node_id":12228,"weight":2.9614},
{"Node_id":12229,"weight":1.6664},
{"Node_id":12230,"weight":1.7963},
{"Node_id":12231,"weight":1.9143},
{"Node_id":12232,"weight":1.6523},
{"Node_id":12233,"weight":1.6538},
{"Node_id":12234,"weight":1.9036},
{"Node_id":12236,"weight":3.3999},
{"Node_id":12237,"weight":2.3584},
{"Node_id":12238,"weight":2.1785},
{"Node_id":12239,"weight":2.5224},
{"Node_id":12240,"weight":2.4601},
{"Node_id":12241,"weight":1.7074},
{"Node_id":12242,"weight":1.8834},
{"Node_id":12243,"weight":1.8921},
{"Node_id":12244,"weight":1.39},
{"Node_id":12245,"weight":2.2106},
{"Node_id":12246,"weight":1.9241},
{"Node_id":12247,"weight":1.6627},
{"Node_id":12248,"weight":3.0667},
{"Node_id":12249,"weight":2.0605},
{"Node_id":12250,"weight":2.2895},
{"Node_id":12251,"weight":1.43},
{"Node_id":12256,"weight":2.8305},
{"Node_id":12257,"weight":1.7825},
{"Node_id":12394,"weight":1.6186},
{"Node_id":12395,"weight":2.4754},
{"Node_id":12396,"weight":1.8756},
{"Node_id":12704,"weight":1.7988},
{"Node_id":12886,"weight":2.7098},
{"Node_id":13002,"weight":1.7543},
{"Node_id":13003,"weight":1.9746},
{"Node_id":13139,"weight":1.7898},
{"Node_id":13140,"weight":1.7043},
{"Node_id":13141,"weight":1.6612},
{"Node_id":13142,"weight":1.8669},
{"Node_id":13143,"weight":1.6762},
{"Node_id":13144,"weight":2.2208},
{"Node_id":13145,"weight":3.0297},
{"Node_id":13146,"weight":2.4262},
{"Node_id":13147,"weight":2.4155},
{"Node_id":13148,"weight":3.2017},
{"Node_id":13149,"weight":2.4866},
{"Node_id":13150,"weight":2.9939},
{"Node_id":13151,"weight":4.4538},
{"Node_id":13152,"weight":2.1796},
{"Node_id":13153,"weight":1.8523},
{"Node_id":13154,"weight":2.0038},
{"Node_id":13155,"weight":1.9934},
{"Node_id":13156,"weight":1.5652},
{"Node_id":13157,"weight":1.6792},
{"Node_id":13158,"weight":1.561},
{"Node_id":13159,"weight":1.5892},
{"Node_id":13160,"weight":1.6006},
{"Node_id":13161,"weight":1.7377},
{"Node_id":13162,"weight":2.3321},
{"Node_id":13163,"weight":2.0202},
{"Node_id":13164,"weight":4.284},
{"Node_id":13165,"weight":3.4969},
{"Node_id":13166,"weight":1.5736},
{"Node_id":13167,"weight":1.7857},
{"Node_id":13168,"weight":2.3271},
{"Node_id":13169,"weight":1.873},
{"Node_id":13170,"weight":2.0685},
{"Node_id":13171,"weight":1.8506},
{"Node_id":13172,"weight":2.5609},
{"Node_id":13173,"weight":1.6034},
{"Node_id":13174,"weight":2.0358},
{"Node_id":13177,"weight":3.6801},
{"Node_id":13178,"weight":5.1441},
{"Node_id":13179,"weight":4.0396},
{"Node_id":13180,"weight":2.1611},
{"Node_id":13181,"weight":4.7832},
{"Node_id":13183,"weight":2.6662},
{"Node_id":13184,"weight":2.4208},
{"Node_id":13185,"weight":1.5687},
{"Node_id":13186,"weight":2.8191},
{"Node_id":13187,"weight":1.4935},
{"Node_id":13188,"weight":1.7362},
{"Node_id":13191,"weight":6.1637},
{"Node_id":13192,"weight":1.9359},
{"Node_id":13193,"weight":3.3287},
{"Node_id":13194,"weight":3.0458},
{"Node_id":13195,"weight":2.1165},
{"Node_id":13196,"weight":1.5022},
{"Node_id":13197,"weight":2.5066},
{"Node_id":13201,"weight":2.4089},
{"Node_id":13202,"weight":1.7615},
{"Node_id":13204,"weight":1.9597},
{"Node_id":13205,"weight":2.955},
{"Node_id":13280,"weight":2.1062},
{"Node_id":13281,"weight":1.5949},
{"Node_id":13282,"weight":2.0705},
{"Node_id":13283,"weight":5.1441},
{"Node_id":13285,"weight":1.5582},
{"Node_id":13286,"weight":1.9477},
{"Node_id":13287,"weight":3.4095},
{"Node_id":13288,"weight":1.798},
{"Node_id":13289,"weight":3.8132},
{"Node_id":13290,"weight":5.1794},
{"Node_id":13291,"weight":8.1114},
{"Node_id":13292,"weight":3.5732},
{"Node_id":13293,"weight":6.5699},
{"Node_id":13294,"weight":1.8506},
{"Node_id":13295,"weight":3.2098},
{"Node_id":13296,"weight":2.1665},
{"Node_id":13299,"weight":2.0959},
{"Node_id":13301,"weight":2.2907},
{"Node_id":13302,"weight":5.2734},
{"Node_id":13303,"weight":3.8372},
{"Node_id":13304,"weight":1.6649},
{"Node_id":13305,"weight":2.5775},
{"Node_id":13306,"weight":3.0929},
{"Node_id":13307,"weight":1.7036},
{"Node_id":13308,"weight":2.5297},
{"Node_id":13309,"weight":1.917},
{"Node_id":13310,"weight":1.5416},
{"Node_id":13311,"weight":2.5913},
{"Node_id":13312,"weight":2.2006},
{"Node_id":13313,"weight":2.2073},
{"Node_id":13314,"weight":1.7346},
{"Node_id":13315,"weight":1.7252},
{"Node_id":13316,"weight":2.2871},
{"Node_id":13317,"weight":2.375},
{"Node_id":13318,"weight":1.9487},
{"Node_id":13319,"weight":2.5684},
{"Node_id":13320,"weight":2.4221},
{"Node_id":13321,"weight":1.6523},
{"Node_id":13322,"weight":2.1031},
{"Node_id":13323,"weight":1.7607},
{"Node_id":13324,"weight":1.4045},
{"Node_id":13325,"weight":2.3321},
{"Node_id":13326,"weight":3.5146},
{"Node_id":13327,"weight":3.7991},
{"Node_id":13328,"weight":2.5534},
{"Node_id":13329,"weight":2.2028},
{"Node_id":13330,"weight":1.9896},
{"Node_id":13331,"weight":1.8843},
{"Node_id":13332,"weight":2.8381},
{"Node_id":13333,"weight":1.5076},
{"Node_id":13334,"weight":2.184},
{"Node_id":13335,"weight":2.0416},
{"Node_id":13336,"weight":3.7579},
{"Node_id":13337,"weight":1.9296},
{"Node_id":13338,"weight":2.1093},
{"Node_id":13339,"weight":2.7876},
{"Node_id":13340,"weight":2.2657},
{"Node_id":13341,"weight":3.1651},
{"Node_id":13343,"weight":2.0192},
{"Node_id":13344,"weight":2.6678},
{"Node_id":13345,"weight":2.4768},
{"Node_id":13346,"weight":1.5245},
{"Node_id":13347,"weight":4.7954},
{"Node_id":13348,"weight":1.9896},
{"Node_id":13349,"weight":2.3075},
{"Node_id":13350,"weight":2.5023},
{"Node_id":13351,"weight":1.421},
{"Node_id":13352,"weight":1.7151},
{"Node_id":13353,"weight":1.5575},
{"Node_id":13354,"weight":1.9634},
{"Node_id":13430,"weight":2.6037},
{"Node_id":13446,"weight":2.5341},
{"Node_id":13447,"weight":2.6482},
{"Node_id":13448,"weight":2.2095},
{"Node_id":13449,"weight":2.2634},
{"Node_id":13450,"weight":1.653},
{"Node_id":13451,"weight":1.397},
{"Node_id":13452,"weight":2.5166},
{"Node_id":13453,"weight":1.9468},
{"Node_id":13454,"weight":2.0338},
{"Node_id":13455,"weight":1.7528},
{"Node_id":13456,"weight":1.53},
{"Node_id":13532,"weight":2.9808},
{"Node_id":13533,"weight":4.2402},
{"Node_id":13534,"weight":1.935},
{"Node_id":13535,"weight":1.6792},
{"Node_id":13536,"weight":3.2591},
{"Node_id":13537,"weight":1.6538},
{"Node_id":13538,"weight":2.1568},
{"Node_id":13539,"weight":3.1781},
{"Node_id":13540,"weight":2.881},
{"Node_id":13541,"weight":1.4848},
{"Node_id":13542,"weight":1.5793},
{"Node_id":13543,"weight":3.1833},
{"Node_id":13544,"weight":2.7857},
{"Node_id":13545,"weight":1.659},
{"Node_id":13547,"weight":1.7575},
{"Node_id":13548,"weight":2.2955},
{"Node_id":13549,"weight":2.0202},
{"Node_id":13550,"weight":2.7235},
{"Node_id":13551,"weight":2.1796},
{"Node_id":13552,"weight":2.7339},
{"Node_id":13553,"weight":3.3967},
{"Node_id":13554,"weight":2.4208},
{"Node_id":13555,"weight":1.5652},
{"Node_id":13556,"weight":2.6945},
{"Node_id":13557,"weight":4.1064},
{"Node_id":13561,"weight":1.5259},
{"Node_id":13562,"weight":2.1312},
{"Node_id":13563,"weight":1.5002},
{"Node_id":13564,"weight":6.3182},
{"Node_id":13565,"weight":2.0745},
{"Node_id":13566,"weight":1.4822},
{"Node_id":13567,"weight":1.4848},
{"Node_id":13568,"weight":2.0436},
{"Node_id":13570,"weight":2.4852},
{"Node_id":13571,"weight":1.8643},
{"Node_id":13572,"weight":3.1651},
{"Node_id":13573,"weight":3.7357},
{"Node_id":13574,"weight":1.3932},
{"Node_id":13575,"weight":1.4975},
{"Node_id":13576,"weight":1.8037},
{"Node_id":13577,"weight":1.5963},
{"Node_id":13578,"weight":2.5224},
{"Node_id":13579,"weight":3.842},
{"Node_id":13580,"weight":2.1622},
{"Node_id":13582,"weight":5.8401},
{"Node_id":13583,"weight":1.6906},
{"Node_id":13584,"weight":1.7736},
{"Node_id":13585,"weight":1.9296},
{"Node_id":13586,"weight":2.7857},
{"Node_id":13587,"weight":2.3546},
{"Node_id":13588,"weight":3.776},
{"Node_id":13589,"weight":4.0694},
{"Node_id":13590,"weight":2.4671},
{"Node_id":13591,"weight":2.173},
{"Node_id":13592,"weight":1.752},
{"Node_id":13593,"weight":2.0038},
{"Node_id":13594,"weight":1.4371},
{"Node_id":13595,"weight":2.7081},
{"Node_id":13596,"weight":1.4835},
{"Node_id":13597,"weight":1.9962},
{"Node_id":13598,"weight":2.727},
{"Node_id":13599,"weight":2.2517},
{"Node_id":13600,"weight":2.3648},
{"Node_id":13601,"weight":3.596},
{"Node_id":13603,"weight":2.4275},
{"Node_id":13604,"weight":1.9277},
{"Node_id":13605,"weight":2.3866},
{"Node_id":13606,"weight":5.3992},
{"Node_id":13607,"weight":1.4624},
{"Node_id":13608,"weight":1.5485},
{"Node_id":13609,"weight":2.3395},
{"Node_id":13610,"weight":1.8895},
{"Node_id":13611,"weight":2.4588},
{"Node_id":13612,"weight":2.2799},
{"Node_id":13613,"weight":2.8652},
{"Node_id":13614,"weight":1.5062},
{"Node_id":13615,"weight":1.4881},
{"Node_id":13616,"weight":1.5842},
{"Node_id":13617,"weight":1.4921},
{"Node_id":13618,"weight":1.8078},
{"Node_id":13619,"weight":1.776},
{"Node_id":13620,"weight":3.305},
{"Node_id":13621,"weight":2.5959},
{"Node_id":13622,"weight":1.6974},
{"Node_id":13624,"weight":1.4848},
{"Node_id":13625,"weight":2.881},
{"Node_id":13626,"weight":1.7401},
{"Node_id":13627,"weight":2.3234},
{"Node_id":13628,"weight":1.6208},
{"Node_id":13629,"weight":2.6563},
{"Node_id":13630,"weight":1.6486},
{"Node_id":13631,"weight":1.9332},
{"Node_id":13632,"weight":1.8523},
{"Node_id":13633,"weight":2.8229},
{"Node_id":13634,"weight":2.5579},
{"Node_id":13657,"weight":6.0725},
{"Node_id":13658,"weight":2.8574},
{"Node_id":13659,"weight":1.4178},
{"Node_id":13661,"weight":2.1719},
{"Node_id":13662,"weight":1.5035},
{"Node_id":13663,"weight":1.3882},
{"Node_id":13664,"weight":2.2576},
{"Node_id":13665,"weight":3.3652},
{"Node_id":13666,"weight":2.5254},
{"Node_id":13667,"weight":1.7105},
{"Node_id":13668,"weight":4.8458},
{"Node_id":13669,"weight":2.2552},
{"Node_id":13670,"weight":1.3988},
{"Node_id":13671,"weight":1.4172},
{"Node_id":13672,"weight":1.6523},
{"Node_id":13673,"weight":1.7963},
{"Node_id":13674,"weight":4.1002},
{"Node_id":13675,"weight":2.5066},
{"Node_id":13676,"weight":2.5385},
{"Node_id":13677,"weight":2.877},
{"Node_id":13678,"weight":1.9523},
{"Node_id":13679,"weight":2.5714},
{"Node_id":13680,"weight":1.4565},
{"Node_id":13681,"weight":1.744},
{"Node_id":13682,"weight":1.6732},
{"Node_id":13683,"weight":1.798},
{"Node_id":13684,"weight":1.9305},
{"Node_id":13685,"weight":1.4229},
{"Node_id":13687,"weight":4.1711},
{"Node_id":13688,"weight":2.6711},
{"Node_id":13689,"weight":2.205},
{"Node_id":13690,"weight":3.1347},
{"Node_id":13691,"weight":1.4815},
{"Node_id":13692,"weight":1.752},
{"Node_id":13693,"weight":3.0252},
{"Node_id":13694,"weight":1.6368},
{"Node_id":13697,"weight":2.0565},
{"Node_id":13698,"weight":1.9296},
{"Node_id":13699,"weight":1.8136},
{"Node_id":13700,"weight":2.2242},
{"Node_id":13701,"weight":2.3571},
{"Node_id":13702,"weight":3.8038},
{"Node_id":13703,"weight":2.0938},
{"Node_id":13704,"weight":2.0745},
{"Node_id":13705,"weight":2.5123},
{"Node_id":13706,"weight":1.5786},
{"Node_id":13707,"weight":1.726},
{"Node_id":13708,"weight":1.4663},
{"Node_id":13711,"weight":2.9011},
{"Node_id":13712,"weight":5.2347},
{"Node_id":13713,"weight":3.4095},
{"Node_id":13714,"weight":3.4225},
{"Node_id":13715,"weight":1.8557},
{"Node_id":13716,"weight":2.6498},
{"Node_id":13717,"weight":2.1134},
{"Node_id":13718,"weight":2.366},
{"Node_id":13719,"weight":1.9395},
{"Node_id":13720,"weight":3.1859},
{"Node_id":13722,"weight":1.8337},
{"Node_id":13723,"weight":1.5652},
{"Node_id":13724,"weight":2.543},
{"Node_id":13725,"weight":5.8061},
{"Node_id":13727,"weight":2.1774},
{"Node_id":13728,"weight":1.4795},
{"Node_id":13729,"weight":1.3944},
{"Node_id":13730,"weight":2.3222},
{"Node_id":13731,"weight":1.8012},
{"Node_id":13732,"weight":5.2933},
{"Node_id":13735,"weight":1.5652},
{"Node_id":13736,"weight":2.5944},
{"Node_id":13738,"weight":1.5029},
{"Node_id":13739,"weight":2.8751},
{"Node_id":13740,"weight":1.5361},
{"Node_id":13741,"weight":3.2342},
{"Node_id":13742,"weight":1.9432},
{"Node_id":13743,"weight":1.639},
{"Node_id":13744,"weight":2.0436},
{"Node_id":13747,"weight":5.7105},
{"Node_id":13785,"weight":1.6657},
{"Node_id":13786,"weight":2.0918},
{"Node_id":13787,"weight":4.8588},
{"Node_id":13788,"weight":2.9257},
{"Node_id":13789,"weight":3.4323},
{"Node_id":13856,"weight":3.6392},
{"Node_id":13857,"weight":1.9727},
{"Node_id":13858,"weight":5.7414},
{"Node_id":13859,"weight":3.0929},
{"Node_id":13860,"weight":2.3609},
{"Node_id":13861,"weight":1.7113},
{"Node_id":13862,"weight":1.4268},
{"Node_id":13865,"weight":2.9896},
{"Node_id":13866,"weight":2.0938},
{"Node_id":13867,"weight":3.6718},
{"Node_id":13868,"weight":2.1124},
{"Node_id":13869,"weight":2.5519},
{"Node_id":13870,"weight":2.3445},
{"Node_id":13871,"weight":1.5527},
{"Node_id":13872,"weight":1.752},
{"Node_id":13873,"weight":2.7658},
{"Node_id":13874,"weight":1.9241},
{"Node_id":13875,"weight":1.8506},
{"Node_id":13876,"weight":2.4951},
{"Node_id":13877,"weight":3.3168},
{"Node_id":13878,"weight":1.9368},
{"Node_id":13879,"weight":2.2599},
{"Node_id":13880,"weight":1.8532},
{"Node_id":13881,"weight":2.2379},
{"Node_id":13882,"weight":1.8379},
{"Node_id":13883,"weight":3.6718},
{"Node_id":13884,"weight":1.6317},
{"Node_id":13885,"weight":3.7624},
{"Node_id":13886,"weight":1.5617},
{"Node_id":13887,"weight":1.8566},
{"Node_id":13888,"weight":1.8575},
{"Node_id":13889,"weight":1.6013},
{"Node_id":13894,"weight":1.4198},
{"Node_id":13898,"weight":2.0377},
{"Node_id":13899,"weight":1.5218},
{"Node_id":14132,"weight":4.833},
{"Node_id":14134,"weight":2.3063},
{"Node_id":14135,"weight":1.8957},
{"Node_id":14138,"weight":4.1914},
{"Node_id":14139,"weight":4.3534},
{"Node_id":14140,"weight":1.6302},
{"Node_id":14141,"weight":1.8738},
{"Node_id":14142,"weight":1.5245},
{"Node_id":14143,"weight":5.0294},
{"Node_id":14144,"weight":1.5807},
{"Node_id":14145,"weight":3.8716},
{"Node_id":14146,"weight":2.2907},
{"Node_id":14147,"weight":2.6612},
{"Node_id":14148,"weight":2.2061},
{"Node_id":14149,"weight":1.5218},
{"Node_id":14150,"weight":2.2017},
{"Node_id":14151,"weight":5.3771},
{"Node_id":14152,"weight":2.3918},
{"Node_id":14153,"weight":1.5327},
{"Node_id":14154,"weight":1.5527},
{"Node_id":14300,"weight":1.9606},
{"Node_id":14301,"weight":1.7719},
{"Node_id":14302,"weight":1.4474},
{"Node_id":14303,"weight":2.4768},
{"Node_id":14315,"weight":2.9808},
{"Node_id":14318,"weight":1.4128},
{"Node_id":14319,"weight":1.5992},
{"Node_id":14320,"weight":1.6762},
{"Node_id":14321,"weight":2.0212},
{"Node_id":14322,"weight":3.0389},
{"Node_id":14323,"weight":3.3377},
{"Node_id":14369,"weight":1.7448},
{"Node_id":14371,"weight":2.0397},
{"Node_id":14372,"weight":1.7464},
{"Node_id":14373,"weight":1.9802},
{"Node_id":14374,"weight":2.027},
{"Node_id":14375,"weight":1.5828},
{"Node_id":14376,"weight":3.0504},
{"Node_id":14379,"weight":1.7881},
{"Node_id":14436,"weight":3.5326},
{"Node_id":14437,"weight":3.248},
{"Node_id":14438,"weight":1.4526},
{"Node_id":14478,"weight":2.9917},
{"Node_id":14479,"weight":1.5779},
{"Node_id":14480,"weight":2.1503},
{"Node_id":14481,"weight":1.465},
{"Node_id":14482,"weight":1.9811},
{"Node_id":14483,"weight":1.4526},
{"Node_id":14484,"weight":1.5771},
{"Node_id":14485,"weight":1.8062},
{"Node_id":14486,"weight":2.0125},
{"Node_id":14489,"weight":2.5371},
{"Node_id":14490,"weight":2.1323},
{"Node_id":14491,"weight":1.4223},
{"Node_id":14492,"weight":4.3858},
{"Node_id":14493,"weight":4.4364},
{"Node_id":14496,"weight":1.513},
{"Node_id":14497,"weight":1.7036},
{"Node_id":14498,"weight":2.1218},
{"Node_id":14499,"weight":4.4451},
{"Node_id":14500,"weight":1.6538},
{"Node_id":14501,"weight":2.2185},
{"Node_id":14502,"weight":1.7535},
{"Node_id":14503,"weight":2.102},
{"Node_id":14504,"weight":1.397},
{"Node_id":14505,"weight":2.0685},
{"Node_id":14506,"weight":1.8851},
{"Node_id":14507,"weight":1.8379},
{"Node_id":14508,"weight":5.6515},
{"Node_id":14509,"weight":1.8992},
{"Node_id":14511,"weight":2.0125},
{"Node_id":14512,"weight":2.5594},
{"Node_id":14513,"weight":1.7244},
{"Node_id":14514,"weight":3.6969},
{"Node_id":14515,"weight":3.1703},
{"Node_id":14516,"weight":1.5184},
{"Node_id":14517,"weight":1.3869},
{"Node_id":14518,"weight":2.1829},
{"Node_id":14519,"weight":2.2196},
{"Node_id":14520,"weight":1.9597},
{"Node_id":14521,"weight":2.8477},
{"Node_id":14522,"weight":1.6694},
{"Node_id":14523,"weight":3.577},
{"Node_id":14524,"weight":2.889},
{"Node_id":14525,"weight":2.885},
{"Node_id":14526,"weight":1.5259},
{"Node_id":14527,"weight":3.8567},
{"Node_id":14528,"weight":3.3079},
{"Node_id":14529,"weight":1.8354},
{"Node_id":14530,"weight":1.7736},
{"Node_id":14531,"weight":3.714},
{"Node_id":14532,"weight":1.8371},
{"Node_id":14533,"weight":2.9808},
{"Node_id":14534,"weight":2.9614},
{"Node_id":14535,"weight":3.4934},
{"Node_id":14536,"weight":1.3882},
{"Node_id":14537,"weight":1.7623},
{"Node_id":14538,"weight":2.3711},
{"Node_id":14539,"weight":1.4313},
{"Node_id":14540,"weight":1.5527},
{"Node_id":14541,"weight":2.2599},
{"Node_id":14542,"weight":2.0029},
{"Node_id":14544,"weight":1.9359},
{"Node_id":14545,"weight":2.9381},
{"Node_id":14546,"weight":2.9174},
{"Node_id":14547,"weight":1.6171},
{"Node_id":14548,"weight":1.8103},
{"Node_id":14549,"weight":1.5334},
{"Node_id":14550,"weight":2.887},
{"Node_id":14551,"weight":1.8186},
{"Node_id":14552,"weight":1.9542},
{"Node_id":14564,"weight":3.0006},
{"Node_id":14565,"weight":2.1785},
{"Node_id":14566,"weight":3.0786},
{"Node_id":14567,"weight":3.8275},
{"Node_id":14568,"weight":1.7881},
{"Node_id":14569,"weight":3.055},
{"Node_id":14570,"weight":1.9662},
{"Node_id":14571,"weight":2.4671},
{"Node_id":14572,"weight":3.2905},
{"Node_id":14573,"weight":1.901},
{"Node_id":14575,"weight":1.9802},
{"Node_id":14576,"weight":7.8236},
{"Node_id":14580,"weight":1.6913},
{"Node_id":14581,"weight":2.645},
{"Node_id":14582,"weight":4.0163},
{"Node_id":14583,"weight":1.4915},
{"Node_id":14584,"weight":1.5347},
{"Node_id":14585,"weight":2.6531},
{"Node_id":14586,"weight":2.2611},
{"Node_id":14666,"weight":2.8248},
{"Node_id":14670,"weight":1.748},
{"Node_id":14671,"weight":1.4855},
{"Node_id":14674,"weight":2.4492},
{"Node_id":14675,"weight":1.8904},
{"Node_id":14676,"weight":1.9783},
{"Node_id":14677,"weight":1.6508},
{"Node_id":14679,"weight":2.4356},
{"Node_id":14680,"weight":2.0897},
{"Node_id":14681,"weight":3.1322},
{"Node_id":14682,"weight":1.956},
{"Node_id":14683,"weight":4.5362},
{"Node_id":14684,"weight":2.8574},
{"Node_id":14687,"weight":4.6053},
{"Node_id":14689,"weight":1.5177},
{"Node_id":14690,"weight":1.414},
{"Node_id":14691,"weight":1.7496},
{"Node_id":14692,"weight":2.0318},
{"Node_id":14693,"weight":3.2424},
{"Node_id":14694,"weight":1.8756},
{"Node_id":14758,"weight":2.5371},
{"Node_id":14759,"weight":1.414},
{"Node_id":14760,"weight":2.4643},
{"Node_id":14790,"weight":1.4461},
{"Node_id":14791,"weight":2.0446},
{"Node_id":14792,"weight":2.5821},
{"Node_id":14793,"weight":3.4761},
{"Node_id":14794,"weight":1.5062},
{"Node_id":14795,"weight":2.0989},
{"Node_id":14796,"weight":2.3788},
{"Node_id":14797,"weight":1.5485},
{"Node_id":14798,"weight":4.4108},
{"Node_id":14801,"weight":1.4384},
{"Node_id":14802,"weight":2.7551},
{"Node_id":14803,"weight":1.7409},
{"Node_id":14804,"weight":2.1333},
{"Node_id":14805,"weight":1.9634},
{"Node_id":14806,"weight":1.8111},
{"Node_id":14807,"weight":2.7604},
{"Node_id":14808,"weight":1.5779},
{"Node_id":14809,"weight":4.1383},
{"Node_id":14811,"weight":3.6233},
{"Node_id":14812,"weight":1.7599},
{"Node_id":14814,"weight":1.4096},
{"Node_id":14815,"weight":3.9072},
{"Node_id":14816,"weight":1.8211},
{"Node_id":14817,"weight":2.5312},
{"Node_id":14820,"weight":2.6514},
{"Node_id":14821,"weight":1.4229},
{"Node_id":14822,"weight":2.7132},
{"Node_id":14823,"weight":1.8404},
{"Node_id":14824,"weight":1.9332},
{"Node_id":14827,"weight":4.119},
{"Node_id":14828,"weight":2.4937},
{"Node_id":14829,"weight":3.9992},
{"Node_id":14830,"weight":1.9268},
{"Node_id":14831,"weight":1.4351},
{"Node_id":14832,"weight":1.5361},
{"Node_id":14833,"weight":1.6501},
{"Node_id":14834,"weight":1.9001},
{"Node_id":14849,"weight":0.1294},
{"Node_id":14850,"weight":1.2721},
{"Node_id":14851,"weight":3.2676},
{"Node_id":14852,"weight":0.036},
{"Node_id":14853,"weight":2.8691},
{"Node_id":14858,"weight":2.7046},
{"Node_id":14859,"weight":0.5266},
{"Node_id":14860,"weight":0.49},
{"Node_id":14861,"weight":1.62},
{"Node_id":14862,"weight":2.1763},
{"Node_id":14863,"weight":0.6955},
{"Node_id":14864,"weight":2.5166},
{"Node_id":14865,"weight":5.4448},
{"Node_id":14866,"weight":1.9072},
{"Node_id":14867,"weight":0.6239},
{"Node_id":14868,"weight":0.9529},
{"Node_id":14869,"weight":1.0716},
{"Node_id":14870,"weight":0.944},
{"Node_id":14871,"weight":1.9569},
{"Node_id":14872,"weight":1.6822},
{"Node_id":14873,"weight":0.8274},
{"Node_id":14878,"weight":1.2856},
{"Node_id":14879,"weight":2.0755},
{"Node_id":14880,"weight":0.1519},
{"Node_id":14892,"weight":0.388},
{"Node_id":14893,"weight":1.2448},
{"Node_id":14897,"weight":0.7598},
{"Node_id":14899,"weight":2.498},
{"Node_id":14900,"weight":1.827},
{"Node_id":14923,"weight":4.0878},
{"Node_id":14924,"weight":1.8245},
{"Node_id":14925,"weight":2.173},
{"Node_id":14926,"weight":2.1741},
{"Node_id":14927,"weight":0.6803},
{"Node_id":14928,"weight":3.2876},
{"Node_id":14929,"weight":0.7755},
{"Node_id":14930,"weight":3.7011},
{"Node_id":14931,"weight":0.7829},
{"Node_id":14935,"weight":1.4435},
{"Node_id":14936,"weight":4.8588},
{"Node_id":14938,"weight":2.5459},
{"Node_id":14939,"weight":0.2258},
{"Node_id":14940,"weight":1.7089},
{"Node_id":14941,"weight":2.9153},
{"Node_id":14942,"weight":0.2302},
{"Node_id":14943,"weight":3.429},
{"Node_id":14946,"weight":0.3437},
{"Node_id":14947,"weight":0.2294},
{"Node_id":14950,"weight":0.9579},
{"Node_id":14953,"weight":0.3602},
{"Node_id":14954,"weight":3.6233},
{"Node_id":14955,"weight":1.6128},
{"Node_id":14956,"weight":2.1763},
{"Node_id":14957,"weight":4.8988},
{"Node_id":14958,"weight":1.7535},
{"Node_id":14959,"weight":0.6678},
{"Node_id":14960,"weight":1.0465},
{"Node_id":14961,"weight":0.8231},
{"Node_id":14980,"weight":1.4191},
{"Node_id":14981,"weight":1.1859},
{"Node_id":14986,"weight":1.6258},
{"Node_id":14987,"weight":0.3174},
{"Node_id":14990,"weight":0.9203},
{"Node_id":14991,"weight":0.9346},
{"Node_id":14992,"weight":2.5195},
{"Node_id":14993,"weight":1.0997},
{"Node_id":14994,"weight":1.08},
{"Node_id":14995,"weight":0.3293},
{"Node_id":14996,"weight":0.2055},
{"Node_id":14999,"weight":1.1698},
{"Node_id":15000,"weight":0.3756},
{"Node_id":15001,"weight":1.969},
{"Node_id":15002,"weight":0.5849},
{"Node_id":15003,"weight":0.216},
{"Node_id":15004,"weight":0.0532},
{"Node_id":15009,"weight":3.818},
{"Node_id":15010,"weight":0.2408},
{"Node_id":15011,"weight":3.7401},
{"Node_id":15012,"weight":0.9982},
{"Node_id":15013,"weight":0.4608},
{"Node_id":15014,"weight":0.2884},
{"Node_id":15015,"weight":1.5437},
{"Node_id":15016,"weight":1.1914},
{"Node_id":15017,"weight":0.7332},
{"Node_id":15018,"weight":0.9714},
{"Node_id":15019,"weight":0.9115},
{"Node_id":15020,"weight":0.4768},
{"Node_id":15021,"weight":0.2745},
{"Node_id":15022,"weight":0.9095},
{"Node_id":15023,"weight":0.1141},
{"Node_id":15024,"weight":0.1491},
{"Node_id":15025,"weight":0.4879},
{"Node_id":15028,"weight":0.1322},
{"Node_id":15029,"weight":0.5155},
{"Node_id":15150,"weight":0.6879},
{"Node_id":15151,"weight":1.8379},
{"Node_id":15152,"weight":1.2396},
{"Node_id":15926,"weight":0.9041},
{"Node_id":15927,"weight":1.3462},
{"Node_id":15928,"weight":0.4297},
{"Node_id":15930,"weight":1.8904},
{"Node_id":15932,"weight":0.7745},
{"Node_id":15933,"weight":1.2145},
{"Node_id":15934,"weight":0.9494},
{"Node_id":15935,"weight":1.39},
{"Node_id":15936,"weight":2.9896},
{"Node_id":15937,"weight":0.2282},
{"Node_id":15938,"weight":4.3694},
{"Node_id":15939,"weight":1.8878},
{"Node_id":15940,"weight":1.033},
{"Node_id":15941,"weight":2.1333},
{"Node_id":15942,"weight":0.6682},
{"Node_id":15943,"weight":0.2896},
{"Node_id":15948,"weight":0.7773},
{"Node_id":15949,"weight":1.8203},
{"Node_id":15950,"weight":3.5326},
{"Node_id":15951,"weight":1.3081},
{"Node_id":15955,"weight":0.4084},
{"Node_id":15956,"weight":0.1378},
{"Node_id":15957,"weight":1.2202},
{"Node_id":15958,"weight":2.4356},
{"Node_id":15962,"weight":1.2727},
{"Node_id":15963,"weight":0.9997},
{"Node_id":15964,"weight":0.8217},
{"Node_id":15965,"weight":1.139},
{"Node_id":15966,"weight":1.6837},
{"Node_id":15967,"weight":0.2152},
{"Node_id":15968,"weight":2.3039},
{"Node_id":15969,"weight":1.2791},
{"Node_id":15970,"weight":0.1197},
{"Node_id":15971,"weight":0.1987},
{"Node_id":15974,"weight":5.4927},
{"Node_id":15975,"weight":2.7586},
{"Node_id":15976,"weight":0.1463},
{"Node_id":15979,"weight":3.429},
{"Node_id":15980,"weight":1.1521},
{"Node_id":15981,"weight":2.3075},
{"Node_id":15982,"weight":2.6547},
{"Node_id":15983,"weight":3.0809},
{"Node_id":15984,"weight":1.4102},
{"Node_id":15987,"weight":0.7727},
{"Node_id":15992,"weight":2.7409},
{"Node_id":15993,"weight":2.4329},
{"Node_id":15994,"weight":3.6677},
{"Node_id":15995,"weight":1.7535},
{"Node_id":15996,"weight":0.9198},
{"Node_id":15997,"weight":0.6843},
{"Node_id":15998,"weight":1.3376},
{"Node_id":16001,"weight":0.4726},
{"Node_id":16002,"weight":1.2208},
{"Node_id":16003,"weight":1.901},
{"Node_id":16008,"weight":0.4604},
{"Node_id":16009,"weight":0.7713},
{"Node_id":16010,"weight":0.3789},
{"Node_id":16011,"weight":0.9494},
{"Node_id":16012,"weight":1.2236},
{"Node_id":16013,"weight":2.5836},
{"Node_id":16016,"weight":1.5561},
{"Node_id":16019,"weight":0.3417},
{"Node_id":16020,"weight":0.7662},
{"Node_id":16021,"weight":0.4938},
{"Node_id":16022,"weight":1.8236},
{"Node_id":16060,"weight":1.9615},
{"Node_id":16061,"weight":1.0906},
{"Node_id":16062,"weight":0.4583},
{"Node_id":16063,"weight":0.8731},
{"Node_id":16064,"weight":0.6745},
{"Node_id":16067,"weight":1.1703},
{"Node_id":16070,"weight":0.7487},
{"Node_id":16073,"weight":1.3004},
{"Node_id":16074,"weight":5.5957},
{"Node_id":16075,"weight":0.2039},
{"Node_id":16076,"weight":0.054},
{"Node_id":16077,"weight":0.4515},
{"Node_id":16078,"weight":1.7504},
{"Node_id":16079,"weight":1.6501},
{"Node_id":16080,"weight":1.268},
{"Node_id":16081,"weight":0.8487},
{"Node_id":16082,"weight":0.5147},
{"Node_id":16083,"weight":0.5555},
{"Node_id":16084,"weight":0.795},
{"Node_id":16085,"weight":0.9479},
{"Node_id":16088,"weight":2.6162},
{"Node_id":16089,"weight":2.4909},
{"Node_id":16090,"weight":1.5265},
{"Node_id":16091,"weight":0.3677},
{"Node_id":16092,"weight":0.725},
{"Node_id":16093,"weight":1.5008},
{"Node_id":16094,"weight":0.5177},
{"Node_id":16116,"weight":1.0299},
{"Node_id":16117,"weight":2.508},
{"Node_id":16120,"weight":1.014},
{"Node_id":16121,"weight":2.1418},
{"Node_id":16122,"weight":3.818},
{"Node_id":16123,"weight":3.2619},
{"Node_id":16124,"weight":0.8179},
{"Node_id":16125,"weight":0.7286},
{"Node_id":16133,"weight":0.4692},
{"Node_id":16134,"weight":1.8103},
{"Node_id":16135,"weight":3.7669},
{"Node_id":16136,"weight":2.7287},
{"Node_id":16141,"weight":2.1676},
{"Node_id":16142,"weight":0.4811},
{"Node_id":16143,"weight":1.5645},
{"Node_id":16144,"weight":2.1535},
{"Node_id":16145,"weight":1.5652},
{"Node_id":16147,"weight":0.0624},
{"Node_id":16383,"weight":1.6114},
{"Node_id":16384,"weight":2.0125},
{"Node_id":16456,"weight":0.5941},
{"Node_id":16457,"weight":3.1247},
{"Node_id":16458,"weight":4.1448},
{"Node_id":16459,"weight":1.7744},
{"Node_id":16460,"weight":1.1803},
{"Node_id":16461,"weight":1.7307},
{"Node_id":16464,"weight":0.4912},
{"Node_id":16465,"weight":1.9027},
{"Node_id":16466,"weight":1.0222},
{"Node_id":16467,"weight":0.5117},
{"Node_id":16468,"weight":1.7792},
{"Node_id":16469,"weight":1.8704},
{"Node_id":16470,"weight":0.131},
{"Node_id":16471,"weight":0.4591},
{"Node_id":16472,"weight":0.8789},
{"Node_id":16473,"weight":0.4604},
{"Node_id":16474,"weight":0.8886},
{"Node_id":16477,"weight":1.3261},
{"Node_id":16478,"weight":4.0396},
{"Node_id":16482,"weight":4.833},
{"Node_id":16483,"weight":0.7291},
{"Node_id":16488,"weight":1.6013},
{"Node_id":16495,"weight":3.4624},
{"Node_id":16496,"weight":3.4095},
{"Node_id":16503,"weight":7.418},
{"Node_id":16504,"weight":1.5389},
{"Node_id":16505,"weight":1.9089},
{"Node_id":16506,"weight":1.1792},
{"Node_id":16507,"weight":0.1342},
{"Node_id":16508,"weight":0.4084},
{"Node_id":16509,"weight":3.727},
{"Node_id":16510,"weight":0.322},
{"Node_id":16511,"weight":3.577},
{"Node_id":16516,"weight":2.2646},
{"Node_id":16517,"weight":0.6517},
{"Node_id":16518,"weight":0.1451},
{"Node_id":16519,"weight":2.9896},
{"Node_id":16520,"weight":2.0816},
{"Node_id":16521,"weight":0.3232},
{"Node_id":16524,"weight":0.3146},
{"Node_id":16525,"weight":0.6177},
{"Node_id":16526,"weight":0.911},
{"Node_id":16530,"weight":2.3309},
{"Node_id":16531,"weight":1.0658},
{"Node_id":16542,"weight":0.9435},
{"Node_id":16543,"weight":0.2615},
{"Node_id":16544,"weight":1.8939},
{"Node_id":16545,"weight":1.7159},
{"Node_id":16548,"weight":1.0616},
{"Node_id":16549,"weight":3.0458},
{"Node_id":16550,"weight":2.1632},
{"Node_id":16551,"weight":0.1595},
{"Node_id":16552,"weight":1.0711},
{"Node_id":16554,"weight":0.1511},
{"Node_id":16555,"weight":0.1648},
{"Node_id":16556,"weight":0.9901},
{"Node_id":16557,"weight":1.2282},
{"Node_id":16558,"weight":0.3586},
{"Node_id":16559,"weight":1.8029},
{"Node_id":16560,"weight":1.0284},
{"Node_id":16561,"weight":2.1578},
{"Node_id":16562,"weight":1.5942},
{"Node_id":16563,"weight":0.5989},
{"Node_id":16564,"weight":0.9169},
{"Node_id":16565,"weight":1.5136},
{"Node_id":16566,"weight":1.2049},
{"Node_id":16567,"weight":0.5741},
{"Node_id":16568,"weight":2.1041},
{"Node_id":16569,"weight":1.5423},
{"Node_id":16570,"weight":1.7276},
{"Node_id":16571,"weight":0.4176},
{"Node_id":16601,"weight":0.6646},
{"Node_id":16602,"weight":2.1719},
{"Node_id":16603,"weight":1.0038},
{"Node_id":16604,"weight":2.2943},
{"Node_id":16605,"weight":0.403},
{"Node_id":16608,"weight":0.9139},
{"Node_id":16613,"weight":6.2126},
{"Node_id":16622,"weight":3.055},
{"Node_id":16623,"weight":0.4038},
{"Node_id":16624,"weight":1.4172},
{"Node_id":16625,"weight":1.295},
{"Node_id":16626,"weight":0.2007},
{"Node_id":16627,"weight":2.7339},
{"Node_id":16628,"weight":0.8161},
{"Node_id":16629,"weight":0.3826},
{"Node_id":16630,"weight":0.6504},
{"Node_id":16631,"weight":0.854},
{"Node_id":16632,"weight":1.4236},
{"Node_id":16633,"weight":0.4629},
{"Node_id":16640,"weight":1.0423},
{"Node_id":16650,"weight":1.0774},
{"Node_id":16651,"weight":1.4908},
{"Node_id":16652,"weight":1.4631},
{"Node_id":16653,"weight":2.0775},
{"Node_id":16654,"weight":1.789},
{"Node_id":16655,"weight":1.1072},
{"Node_id":16656,"weight":2.3309},
{"Node_id":16657,"weight":0.9159},
{"Node_id":16658,"weight":0.8132},
{"Node_id":16659,"weight":1.1903},
{"Node_id":16660,"weight":1.6383},
{"Node_id":16661,"weight":0.8001},
{"Node_id":16664,"weight":1.8834},
{"Node_id":16665,"weight":1.2809},
{"Node_id":16666,"weight":2.0029},
{"Node_id":16667,"weight":1.9736},
{"Node_id":16671,"weight":0.9105},
{"Node_id":16672,"weight":1.8489},
{"Node_id":16673,"weight":3.1075},
{"Node_id":16674,"weight":0.9464},
{"Node_id":16675,"weight":0.0748},
{"Node_id":16676,"weight":0.2603},
{"Node_id":16677,"weight":1.2529},
{"Node_id":16679,"weight":0.3805},
{"Node_id":16680,"weight":4.5174},
{"Node_id":16681,"weight":0.0748},
{"Node_id":16682,"weight":1.2145},
{"Node_id":16683,"weight":3.0881},
{"Node_id":16684,"weight":0.3569},
{"Node_id":16685,"weight":0.4184},
{"Node_id":16688,"weight":1.4064},
{"Node_id":16689,"weight":3.2314},
{"Node_id":16690,"weight":0.4205},
{"Node_id":16691,"weight":1.172},
{"Node_id":16695,"weight":2.7857},
{"Node_id":16696,"weight":0.5473},
{"Node_id":16699,"weight":0.2088},
{"Node_id":16701,"weight":2.401},
{"Node_id":16703,"weight":0.6081},
{"Node_id":16704,"weight":2.1665},
{"Node_id":16708,"weight":0.7213},
{"Node_id":16709,"weight":2.2208},
{"Node_id":16710,"weight":5.6515},
{"Node_id":16711,"weight":5.2539},
{"Node_id":16713,"weight":1.631},
{"Node_id":16714,"weight":3.842},
{"Node_id":16715,"weight":4.8203},
{"Node_id":16716,"weight":0.6098},
{"Node_id":16734,"weight":0.9455},
{"Node_id":16735,"weight":0.038},
{"Node_id":16736,"weight":2.126},
{"Node_id":16737,"weight":1.4802},
{"Node_id":16738,"weight":0.4629},
{"Node_id":16741,"weight":1.5471},
{"Node_id":16747,"weight":2.2163},
{"Node_id":16748,"weight":0.9977},
{"Node_id":16788,"weight":0.6718},
{"Node_id":16789,"weight":1.2832},
{"Node_id":16790,"weight":0.2177},
{"Node_id":16791,"weight":1.2962},
{"Node_id":16792,"weight":3.4323},
{"Node_id":16793,"weight":0.7556},
{"Node_id":16794,"weight":0.3068},
{"Node_id":16795,"weight":0.5326},
{"Node_id":16796,"weight":0.1523},
{"Node_id":16797,"weight":2.7339},
{"Node_id":16798,"weight":2.5239},
{"Node_id":16799,"weight":0.7773},
{"Node_id":16800,"weight":0.5262},
{"Node_id":16801,"weight":1.7105},
{"Node_id":16803,"weight":1.3334},
{"Node_id":16804,"weight":1.2815},
{"Node_id":16805,"weight":2.5297},
{"Node_id":16806,"weight":3.3138},
{"Node_id":16807,"weight":0.064},
{"Node_id":16808,"weight":0.6548},
{"Node_id":16809,"weight":0.6857},
{"Node_id":16810,"weight":0.8043},
{"Node_id":16811,"weight":0.1302},
{"Node_id":16812,"weight":0.0492},
{"Node_id":16813,"weight":1.0289},
{"Node_id":16814,"weight":2.0515},
{"Node_id":16815,"weight":0.3011},
{"Node_id":16816,"weight":0.268},
{"Node_id":16817,"weight":0.4811},
{"Node_id":16823,"weight":1.6523},
{"Node_id":16824,"weight":0.5159},
{"Node_id":16825,"weight":0.3917},
{"Node_id":16826,"weight":1.6642},
{"Node_id":16827,"weight":4.1513},
{"Node_id":16828,"weight":0.4819},
{"Node_id":16829,"weight":1.0732},
{"Node_id":16832,"weight":0.8554},
{"Node_id":16833,"weight":0.5138},
{"Node_id":16834,"weight":1.4358},
{"Node_id":16835,"weight":0.5066},
{"Node_id":16836,"weight":0.6081},
{"Node_id":16837,"weight":0.8383},
{"Node_id":16838,"weight":0.29},
{"Node_id":16839,"weight":7.418},
{"Node_id":16845,"weight":0.5875},
{"Node_id":16848,"weight":1.1434},
{"Node_id":16849,"weight":2.8154},
{"Node_id":16850,"weight":0.7657},
{"Node_id":16851,"weight":2.1503},
{"Node_id":16852,"weight":1.2174},
{"Node_id":16853,"weight":0.8683},
{"Node_id":16854,"weight":0.1386},
{"Node_id":16855,"weight":1.9597},
{"Node_id":16856,"weight":3.2178},
{"Node_id":16857,"weight":1.1271},
{"Node_id":16858,"weight":0.4301},
{"Node_id":16859,"weight":1.3153},
{"Node_id":16864,"weight":2.3788},
{"Node_id":16865,"weight":0.3483},
{"Node_id":16866,"weight":1.0099},
{"Node_id":16876,"weight":4.6903},
{"Node_id":16877,"weight":0.3772},
{"Node_id":16880,"weight":1.1147},
{"Node_id":16881,"weight":0.2908},
{"Node_id":16882,"weight":2.8496},
{"Node_id":16883,"weight":2.2494},
{"Node_id":16976,"weight":2.508},
{"Node_id":16981,"weight":0.1841},
{"Node_id":16982,"weight":0.8449},
{"Node_id":16984,"weight":0.4507},
{"Node_id":16985,"weight":2.1461},
{"Node_id":16986,"weight":0.2363},
{"Node_id":16987,"weight":0.02},
{"Node_id":16988,"weight":1.8128},
{"Node_id":16989,"weight":0.4075},
{"Node_id":16990,"weight":0.3314},
{"Node_id":16993,"weight":3.0162},
{"Node_id":17111,"weight":1.7575},
{"Node_id":17112,"weight":1.7159},
{"Node_id":17113,"weight":0.2128},
{"Node_id":17114,"weight":3.3903},
{"Node_id":17115,"weight":1.1488},
{"Node_id":17116,"weight":1.8626},
{"Node_id":17117,"weight":2.1397},
{"Node_id":17118,"weight":1.607},
{"Node_id":17119,"weight":0.6177},
{"Node_id":17120,"weight":0.4255},
{"Node_id":17121,"weight":0.7446},
{"Node_id":17122,"weight":0.2692},
{"Node_id":17123,"weight":3.0207},
{"Node_id":17124,"weight":0.4532},
{"Node_id":17125,"weight":2.0806},
{"Node_id":17126,"weight":0.5758},
{"Node_id":17127,"weight":1.7591},
{"Node_id":17128,"weight":0.8359},
{"Node_id":17129,"weight":0.1523},
{"Node_id":17130,"weight":3.5884},
{"Node_id":17131,"weight":3.6885},
{"Node_id":17134,"weight":0.5061},
{"Node_id":17135,"weight":0.9609},
{"Node_id":17136,"weight":0.3905},
{"Node_id":17137,"weight":1.7051},
{"Node_id":17138,"weight":3.3407},
{"Node_id":17139,"weight":0.6562},
{"Node_id":17140,"weight":0.4595},
{"Node_id":17141,"weight":2.7803},
{"Node_id":17142,"weight":0.2221},
{"Node_id":17143,"weight":1.2651},
{"Node_id":17144,"weight":3.0072},
{"Node_id":17145,"weight":4.7474},
{"Node_id":17146,"weight":0.4351},
{"Node_id":17147,"weight":1.793},
{"Node_id":17148,"weight":1.6078},
{"Node_id":17149,"weight":1.5715},
{"Node_id":17154,"weight":1.0084},
{"Node_id":17155,"weight":3.3621},
{"Node_id":17296,"weight":6.6441},
{"Node_id":17297,"weight":1.5103},
{"Node_id":17298,"weight":1.9188},
{"Node_id":17613,"weight":0.034},
{"Node_id":17811,"weight":0.6464},
{"Node_id":17932,"weight":2.4671},
{"Node_id":17933,"weight":2.0105},
{"Node_id":18093,"weight":0.479},
{"Node_id":18094,"weight":0.8635},
{"Node_id":18095,"weight":2.0183},
{"Node_id":18096,"weight":1.5779},
{"Node_id":18097,"weight":3.5657},
{"Node_id":18098,"weight":3.8666},
{"Node_id":18099,"weight":3.5508},
{"Node_id":18100,"weight":3.1124},
{"Node_id":18101,"weight":0.3269},
{"Node_id":18102,"weight":8.1114},
{"Node_id":18103,"weight":2.6466},
{"Node_id":18104,"weight":0.457},
{"Node_id":18105,"weight":0.0124},
{"Node_id":18106,"weight":0.9301},
{"Node_id":18107,"weight":0.3677},
{"Node_id":18108,"weight":1.5835},
{"Node_id":18109,"weight":5.4448},
{"Node_id":18110,"weight":0.8161},
{"Node_id":18111,"weight":0.8071},
{"Node_id":18112,"weight":1.2506},
{"Node_id":18113,"weight":0.6522},
{"Node_id":18114,"weight":1.5089},
{"Node_id":18115,"weight":0.405},
{"Node_id":18116,"weight":0.74},
{"Node_id":18117,"weight":1.254},
{"Node_id":18118,"weight":0.359},
{"Node_id":18119,"weight":0.3656},
{"Node_id":18120,"weight":0.338},
{"Node_id":18121,"weight":1.2587},
{"Node_id":18122,"weight":1.602},
{"Node_id":18123,"weight":0.5006},
{"Node_id":18124,"weight":1.9134},
{"Node_id":18125,"weight":0.3992},
{"Node_id":18126,"weight":1.2213},
{"Node_id":18127,"weight":0.9694},
{"Node_id":18131,"weight":1.5548},
{"Node_id":18132,"weight":3.9824},
{"Node_id":18133,"weight":0.8123},
{"Node_id":18134,"weight":0.8655},
{"Node_id":18135,"weight":1.3401},
{"Node_id":18138,"weight":0.9066},
{"Node_id":18141,"weight":0.2136},
{"Node_id":18142,"weight":0.8993},
{"Node_id":18145,"weight":0.7699},
{"Node_id":18146,"weight":1.1999},
{"Node_id":18147,"weight":0.1704},
{"Node_id":18148,"weight":1.5645},
{"Node_id":18149,"weight":2.883},
{"Node_id":18150,"weight":1.9496},
{"Node_id":18151,"weight":4.0634},
{"Node_id":18157,"weight":2.97},
{"Node_id":18158,"weight":0.9774},
{"Node_id":18159,"weight":1.3437},
{"Node_id":18241,"weight":1.0012},
{"Node_id":18242,"weight":0.2031},
{"Node_id":18245,"weight":0.5249},
{"Node_id":18246,"weight":3.2314},
{"Node_id":18247,"weight":0.6664},
{"Node_id":18248,"weight":0.2802},
{"Node_id":18249,"weight":0.5728},
{"Node_id":18250,"weight":1.597},
{"Node_id":18253,"weight":0.4151},
{"Node_id":18254,"weight":3.6636},
{"Node_id":18258,"weight":1.6063},
{"Node_id":18261,"weight":1.0186},
{"Node_id":18262,"weight":0.7295},
{"Node_id":18265,"weight":4.2402},
{"Node_id":18266,"weight":0.1467},
{"Node_id":18267,"weight":0.3801},
{"Node_id":18268,"weight":2.456},
{"Node_id":18269,"weight":1.0959},
{"Node_id":18270,"weight":4.6155},
{"Node_id":18271,"weight":1.9214},
{"Node_id":18272,"weight":0.678},
{"Node_id":18273,"weight":0.658},
{"Node_id":18274,"weight":1.016},
{"Node_id":18275,"weight":0.8128},
{"Node_id":18276,"weight":0.1781},
{"Node_id":18277,"weight":1.4696},
{"Node_id":18278,"weight":1.8948},
{"Node_id":18279,"weight":0.6789},
{"Node_id":18280,"weight":0.5715},
{"Node_id":18281,"weight":2.5008},
{"Node_id":18282,"weight":1.0548},
{"Node_id":18285,"weight":1.8413},
{"Node_id":18286,"weight":0.3129},
{"Node_id":18287,"weight":1.4742},
{"Node_id":18288,"weight":1.6936},
{"Node_id":18289,"weight":1.8211},
{"Node_id":18290,"weight":1.6142},
{"Node_id":18291,"weight":2.0096},
{"Node_id":18292,"weight":0.6937},
{"Node_id":18293,"weight":3.6392},
{"Node_id":18294,"weight":1.5245},
{"Node_id":18295,"weight":1.5892},
{"Node_id":18296,"weight":1.2657},
{"Node_id":18297,"weight":0.0885},
{"Node_id":18298,"weight":1.4565},
{"Node_id":18299,"weight":0.3693},
{"Node_id":18301,"weight":0.7259},
{"Node_id":18302,"weight":4.2051},
{"Node_id":18303,"weight":1.4657},
{"Node_id":18304,"weight":3.2044},
{"Node_id":18305,"weight":0.7023},
{"Node_id":18306,"weight":2.4533},
{"Node_id":18307,"weight":0.038},
{"Node_id":18310,"weight":0.4938},
{"Node_id":18311,"weight":1.0981},
{"Node_id":18312,"weight":0.6588},
{"Node_id":18313,"weight":2.773},
{"Node_id":18392,"weight":2.5852},
{"Node_id":18409,"weight":0.6199},
{"Node_id":18410,"weight":0.3265},
{"Node_id":18411,"weight":3.0715},
{"Node_id":18412,"weight":2.31},
{"Node_id":18413,"weight":0.985},
{"Node_id":18414,"weight":0.6362},
{"Node_id":18415,"weight":2.1928},
{"Node_id":18416,"weight":1.1407},
{"Node_id":18417,"weight":0.2802},
{"Node_id":18418,"weight":0.982},
{"Node_id":18419,"weight":0.4968},
{"Node_id":18495,"weight":0.4968},
{"Node_id":18496,"weight":1.8712},
{"Node_id":18497,"weight":1.7615},
{"Node_id":18498,"weight":2.4049},
{"Node_id":18499,"weight":1.9606},
{"Node_id":18500,"weight":0.0488},
{"Node_id":18501,"weight":0.5641},
{"Node_id":18502,"weight":1.439},
{"Node_id":18503,"weight":2.1155},
{"Node_id":18504,"weight":0.4314},
{"Node_id":18505,"weight":0.8751},
{"Node_id":18506,"weight":0.825},
{"Node_id":18507,"weight":3.1651},
{"Node_id":18509,"weight":1.3963},
{"Node_id":18510,"weight":1.4982},
{"Node_id":18511,"weight":0.6682},
{"Node_id":18512,"weight":0.3302},
{"Node_id":18513,"weight":1.7655},
{"Node_id":18514,"weight":0.0564},
{"Node_id":18515,"weight":0.8293},
{"Node_id":18516,"weight":0.2096},
{"Node_id":18517,"weight":0.1081},
{"Node_id":18518,"weight":0.3269},
{"Node_id":18524,"weight":2.5239},
{"Node_id":18525,"weight":3.5845},
{"Node_id":18526,"weight":0.7501},
{"Node_id":18527,"weight":0.6651},
{"Node_id":18528,"weight":1.079},
{"Node_id":18529,"weight":2.321},
{"Node_id":18530,"weight":1.7167},
{"Node_id":18532,"weight":1.7776},
{"Node_id":18533,"weight":0.9987},
{"Node_id":18536,"weight":0.1523},
{"Node_id":18537,"weight":0.0208},
{"Node_id":18540,"weight":0.7172},
{"Node_id":18541,"weight":0.9356},
{"Node_id":18542,"weight":0.2546},
{"Node_id":18544,"weight":0.1061},
{"Node_id":18545,"weight":1.8012},
{"Node_id":18546,"weight":0.2424},
{"Node_id":18547,"weight":3.7357},
{"Node_id":18548,"weight":1.2921},
{"Node_id":18549,"weight":4.0694},
{"Node_id":18550,"weight":1.0094},
{"Node_id":18551,"weight":0.4671},
{"Node_id":18552,"weight":1.5984},
{"Node_id":18553,"weight":4.4451},
{"Node_id":18556,"weight":1.2709},
{"Node_id":18557,"weight":2.5867},
{"Node_id":18558,"weight":0.646},
{"Node_id":18559,"weight":0.3963},
{"Node_id":18560,"weight":1.5814},
{"Node_id":18561,"weight":2.1994},
{"Node_id":18562,"weight":0.04},
{"Node_id":18563,"weight":0.8944},
{"Node_id":18566,"weight":1.6679},
{"Node_id":18567,"weight":0.0965},
{"Node_id":18568,"weight":2.8633},
{"Node_id":18569,"weight":1.385},
{"Node_id":18570,"weight":0.3996},
{"Node_id":18571,"weight":1.5245},
{"Node_id":18572,"weight":0.6821},
{"Node_id":18573,"weight":0.7694},
{"Node_id":18574,"weight":1.167},
{"Node_id":18575,"weight":1.5451},
{"Node_id":18576,"weight":0.6946},
{"Node_id":18577,"weight":2.1939},
{"Node_id":18578,"weight":1.1909},
{"Node_id":18579,"weight":0.3047},
{"Node_id":18580,"weight":0.5862},
{"Node_id":18581,"weight":1.0507},
{"Node_id":18582,"weight":0.8978},
{"Node_id":18583,"weight":1.5464},
{"Node_id":18584,"weight":1.43},
{"Node_id":18586,"weight":1.5548},
{"Node_id":18587,"weight":1.2785},
{"Node_id":18590,"weight":0.4142},
{"Node_id":18591,"weight":0.174},
{"Node_id":18592,"weight":1.3075},
{"Node_id":18593,"weight":1.4941},
{"Node_id":18594,"weight":0.7639},
{"Node_id":18595,"weight":0.058},
{"Node_id":18596,"weight":2.8991},
{"Node_id":18597,"weight":0.2136},
{"Node_id":18620,"weight":3.2704},
{"Node_id":18621,"weight":1.6982},
{"Node_id":18622,"weight":0.9484},
{"Node_id":18623,"weight":1.1347},
{"Node_id":18625,"weight":1.047},
{"Node_id":18626,"weight":1.3714},
{"Node_id":18627,"weight":1.9783},
{"Node_id":18628,"weight":3.3746},
{"Node_id":18629,"weight":1.3219},
{"Node_id":18630,"weight":0.938},
{"Node_id":18631,"weight":1.5103},
{"Node_id":18632,"weight":0.3503},
{"Node_id":18633,"weight":1.2832},
{"Node_id":18634,"weight":3.5732},
{"Node_id":18635,"weight":0.3955},
{"Node_id":18636,"weight":1.9259},
{"Node_id":18637,"weight":0.3685},
{"Node_id":18638,"weight":1.0748},
{"Node_id":18639,"weight":1.6405},
{"Node_id":18640,"weight":0.3011},
{"Node_id":18641,"weight":2.9174},
{"Node_id":18642,"weight":0.3955},
{"Node_id":18643,"weight":3.3683},
{"Node_id":18644,"weight":2.1698},
{"Node_id":18645,"weight":0.9865},
{"Node_id":18646,"weight":2.9153},
{"Node_id":18647,"weight":1.151},
{"Node_id":18648,"weight":0.4713},
{"Node_id":18653,"weight":2.0979},
{"Node_id":18654,"weight":0.1258},
{"Node_id":18655,"weight":0.2201},
{"Node_id":18656,"weight":1.1942},
{"Node_id":18657,"weight":0.8034},
{"Node_id":18659,"weight":1.0637},
{"Node_id":18661,"weight":1.1709},
{"Node_id":18662,"weight":0.6816},
{"Node_id":18663,"weight":2.2943},
{"Node_id":18664,"weight":4.6363},
{"Node_id":18665,"weight":0.5053},
{"Node_id":18666,"weight":0.0388},
{"Node_id":18667,"weight":0.4276},
{"Node_id":18668,"weight":2.7235},
{"Node_id":18669,"weight":4.5653},
{"Node_id":18670,"weight":1.3547},
{"Node_id":18671,"weight":1.058},
{"Node_id":18674,"weight":1.3034},
{"Node_id":18675,"weight":2.7551},
{"Node_id":18676,"weight":1.1265},
{"Node_id":18677,"weight":3.1781},
{"Node_id":18678,"weight":2.9174},
{"Node_id":18679,"weight":0.8794},
{"Node_id":18680,"weight":0.4184},
{"Node_id":18681,"weight":0.98},
{"Node_id":18682,"weight":0.98},
{"Node_id":18683,"weight":0.5902},
{"Node_id":18686,"weight":1.0853},
{"Node_id":18687,"weight":1.4611},
{"Node_id":18689,"weight":2.3801},
{"Node_id":18692,"weight":0.8934},
{"Node_id":18693,"weight":1.2015},
{"Node_id":18694,"weight":0.0556},
{"Node_id":18695,"weight":1.0997},
{"Node_id":18698,"weight":1.45},
{"Node_id":18700,"weight":0.2481},
{"Node_id":18701,"weight":2.2265},
{"Node_id":18702,"weight":0.7708},
{"Node_id":18703,"weight":2.2333},
{"Node_id":18704,"weight":1.1494},
{"Node_id":18705,"weight":0.3277},
{"Node_id":18706,"weight":1.8704},
{"Node_id":18707,"weight":5.8061},
{"Node_id":18748,"weight":0.5884},
{"Node_id":18749,"weight":0.0528},
{"Node_id":18752,"weight":0.5481},
{"Node_id":18820,"weight":0.8076},
{"Node_id":18821,"weight":0.7391},
{"Node_id":18824,"weight":0.988},
{"Node_id":18825,"weight":1.1825},
{"Node_id":18826,"weight":0.8095},
{"Node_id":18829,"weight":0.8998},
{"Node_id":18830,"weight":0.942},
{"Node_id":18833,"weight":0.6292},
{"Node_id":18834,"weight":0.8891},
{"Node_id":18837,"weight":2.3271},
{"Node_id":18838,"weight":0.0228},
{"Node_id":18839,"weight":1.5191},
{"Node_id":18840,"weight":0.7268},
{"Node_id":18841,"weight":1.4153},
{"Node_id":18844,"weight":1.3794},
{"Node_id":18845,"weight":2.3075},
{"Node_id":18846,"weight":2.4923},
{"Node_id":18847,"weight":0.072},
{"Node_id":18848,"weight":1.5451},
{"Node_id":18849,"weight":1.4268},
{"Node_id":18850,"weight":1.4808},
{"Node_id":18851,"weight":4.2915},
{"Node_id":18852,"weight":1.2077},
{"Node_id":18853,"weight":0.909},
{"Node_id":18858,"weight":0.568},
{"Node_id":18864,"weight":1.9404},
{"Node_id":18865,"weight":2.895},
{"Node_id":19114,"weight":0.0244},
{"Node_id":19115,"weight":1.6121},
{"Node_id":19118,"weight":0.6151},
{"Node_id":19119,"weight":1.254},
{"Node_id":19120,"weight":3.1099},
{"Node_id":19121,"weight":1.2322},
{"Node_id":19122,"weight":2.8305},
{"Node_id":19123,"weight":1.119},
{"Node_id":19124,"weight":0.7154},
{"Node_id":19125,"weight":4.3694},
{"Node_id":19126,"weight":0.3273},
{"Node_id":19127,"weight":0.5241},
{"Node_id":19128,"weight":0.1849},
{"Node_id":19129,"weight":0.4515},
{"Node_id":19130,"weight":1.1864},
{"Node_id":19131,"weight":2.1302},
{"Node_id":19283,"weight":2.4601},
{"Node_id":19284,"weight":0.3693},
{"Node_id":19285,"weight":1.0418},
{"Node_id":19286,"weight":0.0124},
{"Node_id":19302,"weight":0.73},
{"Node_id":19303,"weight":1.9625},
{"Node_id":19304,"weight":2.3149},
{"Node_id":19305,"weight":0.612},
{"Node_id":19306,"weight":1.4384},
{"Node_id":19355,"weight":0.9002},
{"Node_id":19356,"weight":0.5823},
{"Node_id":19357,"weight":0.3302},
{"Node_id":19358,"weight":1.7283},
{"Node_id":19359,"weight":2.7357},
{"Node_id":19360,"weight":2.1365},
{"Node_id":19363,"weight":0.4255},
{"Node_id":19421,"weight":0.7186},
{"Node_id":19422,"weight":0.0704},
{"Node_id":19423,"weight":0.5361},
{"Node_id":19463,"weight":0.281},
{"Node_id":19464,"weight":5.4685},
{"Node_id":19465,"weight":1.3304},
{"Node_id":19466,"weight":0.7866},
{"Node_id":19467,"weight":0.5797},
{"Node_id":19468,"weight":1.5279},
{"Node_id":19469,"weight":1.4835},
{"Node_id":19470,"weight":2.6761},
{"Node_id":19471,"weight":0.4009},
{"Node_id":19474,"weight":2.1708},
{"Node_id":19475,"weight":0.638},
{"Node_id":19476,"weight":0.4751},
{"Node_id":19477,"weight":2.2028},
{"Node_id":19478,"weight":2.7839},
{"Node_id":19481,"weight":2.4423},
{"Node_id":19482,"weight":0.6195},
{"Node_id":19483,"weight":0.8833},
{"Node_id":19484,"weight":0.3714},
{"Node_id":19487,"weight":1.3334},
{"Node_id":19488,"weight":1.2803},
{"Node_id":19489,"weight":1.1505},
{"Node_id":19490,"weight":1.2587},
{"Node_id":19491,"weight":1.059},
{"Node_id":19492,"weight":1.4975},
{"Node_id":19493,"weight":0.6491},
{"Node_id":19494,"weight":1.1703},
{"Node_id":19495,"weight":5.3992},
{"Node_id":19499,"weight":1.9736},
{"Node_id":19500,"weight":2.6417},
{"Node_id":19501,"weight":0.5207},
{"Node_id":19502,"weight":1.9081},
{"Node_id":19503,"weight":2.0938},
{"Node_id":19504,"weight":0.6248},
{"Node_id":19505,"weight":0.8833},
{"Node_id":19506,"weight":1.6412},
{"Node_id":19507,"weight":1.2454},
{"Node_id":19508,"weight":2.7322},
{"Node_id":19509,"weight":0.8559},
{"Node_id":19512,"weight":2.375},
{"Node_id":19513,"weight":0.7114},
{"Node_id":19514,"weight":3.6513},
{"Node_id":19515,"weight":1.5722},
{"Node_id":19516,"weight":2.6612},
{"Node_id":19517,"weight":0.4503},
{"Node_id":19518,"weight":0.6522},
{"Node_id":19521,"weight":1.5306},
{"Node_id":19522,"weight":0.8545},
{"Node_id":19523,"weight":0.6256},
{"Node_id":19524,"weight":0.8949},
{"Node_id":19525,"weight":2.2106},
{"Node_id":19526,"weight":3.3438},
{"Node_id":19527,"weight":0.9061},
{"Node_id":19530,"weight":0.1121},
{"Node_id":19531,"weight":1.5729},
{"Node_id":19532,"weight":0.4946},
{"Node_id":19533,"weight":0.0536},
{"Node_id":19534,"weight":4.6363},
{"Node_id":19535,"weight":1.3455},
{"Node_id":19536,"weight":0.1914},
{"Node_id":19537,"weight":3.6273},
{"Node_id":19549,"weight":0.4785},
{"Node_id":19550,"weight":0.2814},
{"Node_id":19551,"weight":1.1527},
{"Node_id":19552,"weight":2.2764},
{"Node_id":19553,"weight":1.4236},
{"Node_id":19554,"weight":0.0256},
{"Node_id":19555,"weight":0.0024},
{"Node_id":19556,"weight":0.0941},
{"Node_id":19557,"weight":0.8274},
{"Node_id":19559,"weight":1.7013},
{"Node_id":19560,"weight":0.0752},
{"Node_id":19561,"weight":2.1103},
{"Node_id":19565,"weight":5.3992},
{"Node_id":19566,"weight":0.3302},
{"Node_id":19567,"weight":2.4643},
{"Node_id":19568,"weight":0.3722},
{"Node_id":19569,"weight":1.7955},
{"Node_id":19570,"weight":2.5913},
{"Node_id":19571,"weight":4.3694},
{"Node_id":19651,"weight":3.5362},
{"Node_id":19656,"weight":2.0289},
{"Node_id":19658,"weight":0.0264},
{"Node_id":19660,"weight":1.1898},
{"Node_id":19661,"weight":1.4982},
{"Node_id":19664,"weight":0.5164},
{"Node_id":19665,"weight":0.6081},
{"Node_id":19673,"weight":1.8816},
{"Node_id":19674,"weight":0.826},
{"Node_id":19675,"weight":0.7866},
{"Node_id":19676,"weight":1.2756},
{"Node_id":19677,"weight":0.056},
{"Node_id":19678,"weight":1.0248},
{"Node_id":19679,"weight":3.0343},
{"Node_id":19747,"weight":0.8071},
{"Node_id":19748,"weight":1.7623},
{"Node_id":19749,"weight":0.487},
{"Node_id":19780,"weight":1.4723},
{"Node_id":19781,"weight":0.8784},
{"Node_id":19782,"weight":0.2306},
{"Node_id":19785,"weight":1.6442},
{"Node_id":19786,"weight":0.588},
{"Node_id":19787,"weight":1.2015},
{"Node_id":19794,"weight":0.3648},
{"Node_id":19795,"weight":1.9259},
{"Node_id":19796,"weight":0.8269},
{"Node_id":19797,"weight":0.9071},
{"Node_id":19798,"weight":1.4468},
{"Node_id":19803,"weight":0.0276},
{"Node_id":19804,"weight":2.5654},
{"Node_id":19805,"weight":0.1153},
{"Node_id":19806,"weight":1.8532},
{"Node_id":19809,"weight":0.802},
{"Node_id":19810,"weight":3.3438},
{"Node_id":19811,"weight":3.2847},
{"Node_id":19812,"weight":2.9195},
{"Node_id":19813,"weight":0.3174},
{"Node_id":19816,"weight":0.2274},
{"Node_id":19817,"weight":1.5272},
{"Node_id":19820,"weight":0.3673},
{"Node_id":19821,"weight":0.98},
{"Node_id":19822,"weight":1.0418},
{"Node_id":19823,"weight":0.4105}]