[{"Node_id":2065,"weight":1.9214},
{"Node_id":2069,"weight":2.184},
{"Node_id":2070,"weight":3.483},
{"Node_id":2071,"weight":2.2799},
{"Node_id":2072,"weight":2.0505},
{"Node_id":2073,"weight":1.9802},
{"Node_id":2074,"weight":2.5051},
{"Node_id":2078,"weight":2.4994},
{"Node_id":2079,"weight":2.7218},
{"Node_id":2080,"weight":3.6636},
{"Node_id":2081,"weight":1.6493},
{"Node_id":2082,"weight":4.0396},
{"Node_id":2083,"weight":2.0367},
{"Node_id":2084,"weight":1.4319},
{"Node_id":2085,"weight":3.8918},
{"Node_id":2086,"weight":2.3699},
{"Node_id":2087,"weight":1.8825},
{"Node_id":2088,"weight":1.9924},
{"Node_id":2089,"weight":2.5459},
{"Node_id":2090,"weight":2.6645},
{"Node_id":2091,"weight":2.321},
{"Node_id":2092,"weight":1.6936},
{"Node_id":2093,"weight":4.1254},
{"Node_id":2096,"weight":2.1397},
{"Node_id":2097,"weight":2.4195},
{"Node_id":2098,"weight":1.4064},
{"Node_id":2099,"weight":1.8203},
{"Node_id":2100,"weight":4.1846},
{"Node_id":2107,"weight":2.7912},
{"Node_id":2112,"weight":2.9298},
{"Node_id":2113,"weight":3.7945},
{"Node_id":2117,"weight":1.5736},
{"Node_id":2118,"weight":1.9597},
{"Node_id":2119,"weight":1.9569},
{"Node_id":2120,"weight":1.4474},
{"Node_id":2121,"weight":1.9468},
{"Node_id":2122,"weight":2.0241},
{"Node_id":2143,"weight":1.4371},
{"Node_id":2144,"weight":2.4866},
{"Node_id":2145,"weight":1.7922},
{"Node_id":2146,"weight":1.5259},
{"Node_id":2147,"weight":3.2124},
{"Node_id":2148,"weight":2.5123},
{"Node_id":2149,"weight":1.832},
{"Node_id":2150,"weight":4.7357},
{"Node_id":2151,"weight":1.744},
{"Node_id":2152,"weight":1.748},
{"Node_id":2155,"weight":1.8643},
{"Node_id":2156,"weight":3.4127},
{"Node_id":2157,"weight":1.7036},
{"Node_id":2158,"weight":2.5852},
{"Node_id":2160,"weight":2.0846},
{"Node_id":2161,"weight":3.9713},
{"Node_id":2162,"weight":3.2963},
{"Node_id":2163,"weight":2.0212},
{"Node_id":2164,"weight":1.3976},
{"Node_id":2165,"weight":1.5513},
{"Node_id":2166,"weight":1.8203},
{"Node_id":2167,"weight":1.5492},
{"Node_id":2168,"weight":2.0456},
{"Node_id":2169,"weight":1.7036},
{"Node_id":2170,"weight":2.0595},
{"Node_id":2171,"weight":4.7954},
{"Node_id":2174,"weight":1.8421},
{"Node_id":2175,"weight":1.4624},
{"Node_id":2176,"weight":3.429},
{"Node_id":2177,"weight":2.764},
{"Node_id":2178,"weight":2.001},
{"Node_id":2179,"weight":1.6353},
{"Node_id":2180,"weight":1.4539},
{"Node_id":2181,"weight":4.219},
{"Node_id":2182,"weight":3.0667},
{"Node_id":2197,"weight":1.5638},
{"Node_id":2200,"weight":1.7583},
{"Node_id":2201,"weight":2.4102},
{"Node_id":2206,"weight":7.6004},
{"Node_id":2207,"weight":1.6034},
{"Node_id":2210,"weight":1.8421},
{"Node_id":2211,"weight":1.9532},
{"Node_id":2212,"weight":2.1928},
{"Node_id":2213,"weight":1.6493},
{"Node_id":2214,"weight":1.9395},
{"Node_id":2215,"weight":2.3983},
{"Node_id":2216,"weight":2.2634},
{"Node_id":2217,"weight":2.2253},
{"Node_id":2219,"weight":2.4369},
{"Node_id":2220,"weight":2.3271},
{"Node_id":2221,"weight":3.1026},
{"Node_id":2222,"weight":1.5764},
{"Node_id":2223,"weight":1.7097},
{"Node_id":2224,"weight":2.7115},
{"Node_id":2229,"weight":1.4261},
{"Node_id":2230,"weight":4.2766},
{"Node_id":2231,"weight":6.0725},
{"Node_id":2232,"weight":3.2397},
{"Node_id":2233,"weight":2.3763},
{"Node_id":2234,"weight":5.2159},
{"Node_id":2235,"weight":2.6006},
{"Node_id":2236,"weight":2.7857},
{"Node_id":2237,"weight":3.3714},
{"Node_id":2238,"weight":1.5666},
{"Node_id":2239,"weight":2.6612},
{"Node_id":2240,"weight":1.886},
{"Node_id":2241,"weight":1.866},
{"Node_id":2242,"weight":1.5327},
{"Node_id":2243,"weight":2.1218},
{"Node_id":2244,"weight":1.5123},
{"Node_id":2245,"weight":3.596},
{"Node_id":2246,"weight":1.7013},
{"Node_id":2248,"weight":2.887},
{"Node_id":2249,"weight":2.2287},
{"Node_id":2371,"weight":1.6875},
{"Node_id":2372,"weight":3.3227},
{"Node_id":2373,"weight":3.2733},
{"Node_id":2888,"weight":2.0887},
{"Node_id":3122,"weight":5.077},
{"Node_id":3123,"weight":1.4178},
{"Node_id":3124,"weight":4.1064},
{"Node_id":3125,"weight":2.0695},
{"Node_id":3127,"weight":2.2196},
{"Node_id":3129,"weight":2.0907},
{"Node_id":3130,"weight":2.9635},
{"Node_id":3131,"weight":3.9549},
{"Node_id":3132,"weight":1.4474},
{"Node_id":3133,"weight":1.7051},
{"Node_id":3134,"weight":2.3996},
{"Node_id":3135,"weight":1.7433},
{"Node_id":3136,"weight":2.1807},
{"Node_id":3137,"weight":2.3866},
{"Node_id":3138,"weight":1.3919},
{"Node_id":3139,"weight":2.0928},
{"Node_id":3144,"weight":2.0938},
{"Node_id":3145,"weight":1.9615},
{"Node_id":3146,"weight":2.0299},
{"Node_id":3147,"weight":2.3433},
{"Node_id":3149,"weight":2.5504},
{"Node_id":3151,"weight":2.5519},
{"Node_id":3152,"weight":1.8523},
{"Node_id":3153,"weight":2.3648},
{"Node_id":3157,"weight":1.4481},
{"Node_id":3158,"weight":1.4384},
{"Node_id":3159,"weight":5.2933},
{"Node_id":3160,"weight":1.4313},
{"Node_id":3161,"weight":3.3287},
{"Node_id":3162,"weight":1.9305},
{"Node_id":3163,"weight":4.8078},
{"Node_id":3164,"weight":2.5195},
{"Node_id":3165,"weight":1.3882},
{"Node_id":3166,"weight":3.2151},
{"Node_id":3167,"weight":2.3271},
{"Node_id":3169,"weight":4.6469},
{"Node_id":3170,"weight":2.2943},
{"Node_id":3171,"weight":3.4523},
{"Node_id":3172,"weight":1.4617},
{"Node_id":3174,"weight":3.0978},
{"Node_id":3175,"weight":1.6142},
{"Node_id":3176,"weight":1.3869},
{"Node_id":3177,"weight":3.0006},
{"Node_id":3178,"weight":2.8691},
{"Node_id":3179,"weight":1.7276},
{"Node_id":3180,"weight":1.3982},
{"Node_id":3182,"weight":2.0918},
{"Node_id":3187,"weight":2.7604},
{"Node_id":3188,"weight":1.7647},
{"Node_id":3189,"weight":3.4225},
{"Node_id":3190,"weight":3.1651},
{"Node_id":3191,"weight":2.6482},
{"Node_id":3192,"weight":1.6434},
{"Node_id":3193,"weight":2.6662},
{"Node_id":3195,"weight":1.8704},
{"Node_id":3196,"weight":1.4455},
{"Node_id":3197,"weight":1.452},
{"Node_id":3198,"weight":3.6677},
{"Node_id":3199,"weight":2.9722},
{"Node_id":3200,"weight":1.6405},
{"Node_id":3203,"weight":3.511},
{"Node_id":3204,"weight":1.6627},
{"Node_id":3205,"weight":3.1173},
{"Node_id":3206,"weight":2.2752},
{"Node_id":3207,"weight":1.6049},
{"Node_id":3208,"weight":1.6612},
{"Node_id":3209,"weight":2.9786},
{"Node_id":3210,"weight":1.9496},
{"Node_id":3211,"weight":1.7151},
{"Node_id":3214,"weight":1.8037},
{"Node_id":3215,"weight":1.7448},
{"Node_id":3216,"weight":1.9197},
{"Node_id":3217,"weight":2.6369},
{"Node_id":3255,"weight":2.1397},
{"Node_id":3256,"weight":1.4822},
{"Node_id":3257,"weight":3.7852},
{"Node_id":3258,"weight":1.9487},
{"Node_id":3259,"weight":2.1218},
{"Node_id":3260,"weight":2.2242},
{"Node_id":3262,"weight":5.9496},
{"Node_id":3265,"weight":2.9298},
{"Node_id":3268,"weight":4.1711},
{"Node_id":3269,"weight":2.4142},
{"Node_id":3270,"weight":2.4838},
{"Node_id":3271,"weight":2.4629},
{"Node_id":3272,"weight":3.2676},
{"Node_id":3273,"weight":4.6259},
{"Node_id":3274,"weight":4.5555},
{"Node_id":3275,"weight":1.7865},
{"Node_id":3276,"weight":1.4862},
{"Node_id":3277,"weight":1.8921},
{"Node_id":3278,"weight":1.5055},
{"Node_id":3279,"weight":1.4261},
{"Node_id":3280,"weight":1.7551},
{"Node_id":3282,"weight":5.2539},
{"Node_id":3283,"weight":1.4815},
{"Node_id":3284,"weight":1.4287},
{"Node_id":3285,"weight":1.5451},
{"Node_id":3286,"weight":1.6229},
{"Node_id":3287,"weight":4.2051},
{"Node_id":3288,"weight":2.579},
{"Node_id":3289,"weight":1.5885},
{"Node_id":3290,"weight":2.883},
{"Node_id":3294,"weight":2.5654},
{"Node_id":3308,"weight":2.2494},
{"Node_id":3309,"weight":2.5669},
{"Node_id":3311,"weight":2.8439},
{"Node_id":3312,"weight":2.3371},
{"Node_id":3313,"weight":1.3913},
{"Node_id":3314,"weight":4.3066},
{"Node_id":3315,"weight":2.7712},
{"Node_id":3316,"weight":5.077},
{"Node_id":3317,"weight":1.9386},
{"Node_id":3323,"weight":1.4955},
{"Node_id":3324,"weight":1.4364},
{"Node_id":3325,"weight":1.7639},
{"Node_id":3326,"weight":4.872},
{"Node_id":3331,"weight":1.4855},
{"Node_id":3332,"weight":3.0297},
{"Node_id":3333,"weight":1.421},
{"Node_id":3334,"weight":1.9487},
{"Node_id":3335,"weight":2.6434},
{"Node_id":3336,"weight":1.6777},
{"Node_id":3340,"weight":2.4168},
{"Node_id":3573,"weight":5.4217},
{"Node_id":3574,"weight":5.5429},
{"Node_id":3578,"weight":3.3377},
{"Node_id":3637,"weight":5.045},
{"Node_id":3638,"weight":3.8766},
{"Node_id":3639,"weight":1.719},
{"Node_id":3640,"weight":1.7354},
{"Node_id":3641,"weight":2.4768},
{"Node_id":3642,"weight":1.7198},
{"Node_id":3645,"weight":3.6076},
{"Node_id":3646,"weight":3.4523},
{"Node_id":3647,"weight":3.6273},
{"Node_id":3648,"weight":3.7401},
{"Node_id":3649,"weight":2.0338},
{"Node_id":3650,"weight":1.6906},
{"Node_id":3651,"weight":3.6718},
{"Node_id":3652,"weight":2.1418},
{"Node_id":3653,"weight":1.6419},
{"Node_id":3654,"weight":1.8549},
{"Node_id":3655,"weight":2.0212},
{"Node_id":3656,"weight":3.3808},
{"Node_id":3657,"weight":3.8469},
{"Node_id":3658,"weight":3.305},
{"Node_id":3659,"weight":1.4742},
{"Node_id":3662,"weight":1.5464},
{"Node_id":3663,"weight":2.0575},
{"Node_id":3664,"weight":1.7922},
{"Node_id":3669,"weight":5.4927},
{"Node_id":3672,"weight":3.7446},
{"Node_id":3675,"weight":3.5075},
{"Node_id":3676,"weight":1.7472},
{"Node_id":3677,"weight":1.4001},
{"Node_id":3678,"weight":3.6885},
{"Node_id":3679,"weight":2.5519},
{"Node_id":3681,"weight":3.8372},
{"Node_id":3682,"weight":2.0615},
{"Node_id":3683,"weight":2.0785},
{"Node_id":3684,"weight":2.1654},
{"Node_id":3685,"weight":1.6114},
{"Node_id":3686,"weight":1.812},
{"Node_id":3687,"weight":1.9143},
{"Node_id":3688,"weight":1.7567},
{"Node_id":3689,"weight":2.1862},
{"Node_id":3690,"weight":2.1906},
{"Node_id":3691,"weight":2.7357},
{"Node_id":3692,"weight":2.9465},
{"Node_id":3693,"weight":2.1249},
{"Node_id":3694,"weight":3.6432},
{"Node_id":3695,"weight":5.1441},
{"Node_id":3696,"weight":5.2734},
{"Node_id":3697,"weight":3.0978},
{"Node_id":3698,"weight":3.8132},
{"Node_id":3699,"weight":5.045},
{"Node_id":3700,"weight":2.401},
{"Node_id":3701,"weight":2.101},
{"Node_id":3702,"weight":1.515},
{"Node_id":3705,"weight":3.0644},
{"Node_id":3706,"weight":3.0366},
{"Node_id":3707,"weight":2.3039},
{"Node_id":3709,"weight":3.0184},
{"Node_id":3711,"weight":2.0038},
{"Node_id":3712,"weight":2.025},
{"Node_id":3724,"weight":3.9658},
{"Node_id":3725,"weight":2.5579},
{"Node_id":3726,"weight":2.0192},
{"Node_id":3729,"weight":2.8135},
{"Node_id":3730,"weight":2.8381},
{"Node_id":3731,"weight":2.889},
{"Node_id":3732,"weight":2.0338},
{"Node_id":3734,"weight":1.9323},
{"Node_id":3735,"weight":1.7237},
{"Node_id":3736,"weight":1.7599},
{"Node_id":3737,"weight":2.3015},
{"Node_id":3738,"weight":1.4881},
{"Node_id":3739,"weight":1.3988},
{"Node_id":3740,"weight":2.9786},
{"Node_id":3741,"weight":3.3652},
{"Node_id":3742,"weight":2.6337},
{"Node_id":3743,"weight":1.5485},
{"Node_id":3744,"weight":2.5297},
{"Node_id":3745,"weight":1.5327},
{"Node_id":3746,"weight":1.7663},
{"Node_id":3747,"weight":1.9423},
{"Node_id":3748,"weight":1.4422},
{"Node_id":3749,"weight":1.5885},
{"Node_id":3750,"weight":1.5729},
{"Node_id":3751,"weight":1.5306},
{"Node_id":3752,"weight":2.7409},
{"Node_id":3782,"weight":1.4052},
{"Node_id":3783,"weight":1.6324},
{"Node_id":3784,"weight":2.8711},
{"Node_id":3785,"weight":5.0933},
{"Node_id":3786,"weight":1.5659},
{"Node_id":3787,"weight":1.4782},
{"Node_id":3789,"weight":2.4796},
{"Node_id":3790,"weight":2.6337},
{"Node_id":3791,"weight":5.4927},
{"Node_id":3794,"weight":2.0928},
{"Node_id":3803,"weight":1.4862},
{"Node_id":3804,"weight":1.4435},
{"Node_id":3805,"weight":4.8458},
{"Node_id":3806,"weight":2.1622},
{"Node_id":3807,"weight":1.8253},
{"Node_id":3808,"weight":2.1928},
{"Node_id":3809,"weight":1.587},
{"Node_id":3810,"weight":1.656},
{"Node_id":3811,"weight":2.4684},
{"Node_id":3812,"weight":3.511},
{"Node_id":3813,"weight":1.5368},
{"Node_id":3814,"weight":1.6027},
{"Node_id":3816,"weight":1.8609},
{"Node_id":3821,"weight":2.6928},
{"Node_id":3822,"weight":3.3903},
{"Node_id":3823,"weight":2.2943},
{"Node_id":3827,"weight":2.1376},
{"Node_id":3828,"weight":2.6147},
{"Node_id":3829,"weight":2.0485},
{"Node_id":3831,"weight":2.97},
{"Node_id":3832,"weight":4.1513},
{"Node_id":3833,"weight":2.9031},
{"Node_id":3834,"weight":1.5197},
{"Node_id":3835,"weight":3.4356},
{"Node_id":3836,"weight":4.4538},
{"Node_id":3837,"weight":3.2507},
{"Node_id":3838,"weight":1.4775},
{"Node_id":3839,"weight":3.6595},
{"Node_id":3840,"weight":1.4769},
{"Node_id":3841,"weight":4.7832},
{"Node_id":3842,"weight":1.8354},
{"Node_id":3843,"weight":2.7857},
{"Node_id":3845,"weight":4.284},
{"Node_id":3846,"weight":1.8643},
{"Node_id":3847,"weight":2.1354},
{"Node_id":3848,"weight":1.8153},
{"Node_id":3851,"weight":2.5882},
{"Node_id":3852,"weight":2.1774},
{"Node_id":3853,"weight":4.0049},
{"Node_id":3854,"weight":2.9444},
{"Node_id":3855,"weight":2.6466},
{"Node_id":3856,"weight":2.1796},
{"Node_id":3857,"weight":3.3079},
{"Node_id":3858,"weight":3.562},
{"Node_id":3859,"weight":1.6164},
{"Node_id":3861,"weight":2.4994},
{"Node_id":3862,"weight":2.6022},
{"Node_id":3863,"weight":1.5603},
{"Node_id":3864,"weight":2.2716},
{"Node_id":3865,"weight":3.3287},
{"Node_id":3866,"weight":1.7543},
{"Node_id":3867,"weight":3.3468},
{"Node_id":3868,"weight":1.9098},
{"Node_id":3869,"weight":1.8078},
{"Node_id":3870,"weight":2.4519},
{"Node_id":3871,"weight":3.3138},
{"Node_id":3872,"weight":2.6434},
{"Node_id":3874,"weight":1.8379},
{"Node_id":3875,"weight":1.7711},
{"Node_id":3876,"weight":3.0072},
{"Node_id":3877,"weight":1.5485},
{"Node_id":3878,"weight":1.4585},
{"Node_id":3879,"weight":3.1222},
{"Node_id":3880,"weight":2.1752},
{"Node_id":3881,"weight":2.6321},
{"Node_id":3882,"weight":2.7183},
{"Node_id":3884,"weight":3.1026},
{"Node_id":3886,"weight":1.4868},
{"Node_id":3887,"weight":1.6785},
{"Node_id":3888,"weight":2.2576},
{"Node_id":3889,"weight":3.1625},
{"Node_id":3890,"weight":1.827},
{"Node_id":3891,"weight":2.3814},
{"Node_id":3892,"weight":2.6761},
{"Node_id":3893,"weight":1.7988},
{"Node_id":3895,"weight":2.4342},
{"Node_id":3896,"weight":1.4461},
{"Node_id":3897,"weight":3.4356},
{"Node_id":3914,"weight":2.3827},
{"Node_id":3915,"weight":2.1514},
{"Node_id":3916,"weight":1.421},
{"Node_id":3917,"weight":4.2546},
{"Node_id":3918,"weight":2.889},
{"Node_id":3919,"weight":2.6162},
{"Node_id":3922,"weight":4.508},
{"Node_id":3925,"weight":2.6401},
{"Node_id":3928,"weight":2.1197},
{"Node_id":3929,"weight":1.9161},
{"Node_id":3967,"weight":1.7105},
{"Node_id":3968,"weight":2.1239},
{"Node_id":3970,"weight":2.7115},
{"Node_id":3971,"weight":2.3597},
{"Node_id":3972,"weight":1.6383},
{"Node_id":3973,"weight":1.4624},
{"Node_id":3974,"weight":3.6392},
{"Node_id":3975,"weight":1.7338},
{"Node_id":3976,"weight":4.3776},
{"Node_id":3977,"weight":1.7089},
{"Node_id":3978,"weight":1.4789},
{"Node_id":3979,"weight":3.2591},
{"Node_id":3980,"weight":3.3871},
{"Node_id":3981,"weight":2.9277},
{"Node_id":3982,"weight":4.5653},
{"Node_id":3983,"weight":3.2178},
{"Node_id":3985,"weight":2.2073},
{"Node_id":3986,"weight":1.5779},
{"Node_id":3987,"weight":3.8085},
{"Node_id":3988,"weight":1.6186},
{"Node_id":3989,"weight":6.8113},
{"Node_id":3990,"weight":1.6179},
{"Node_id":3991,"weight":1.7377},
{"Node_id":3992,"weight":2.4588},
{"Node_id":3993,"weight":1.6478},
{"Node_id":3994,"weight":1.5231},
{"Node_id":3995,"weight":2.342},
{"Node_id":3996,"weight":1.4644},
{"Node_id":3997,"weight":2.0595},
{"Node_id":3998,"weight":2.2681},
{"Node_id":4005,"weight":3.3871},
{"Node_id":4006,"weight":1.5807},
{"Node_id":4007,"weight":2.7586},
{"Node_id":4008,"weight":2.885},
{"Node_id":4009,"weight":4.5653},
{"Node_id":4010,"weight":3.3683},
{"Node_id":4011,"weight":2.7374},
{"Node_id":4014,"weight":2.0485},
{"Node_id":4015,"weight":1.8261},
{"Node_id":4016,"weight":2.9593},
{"Node_id":4017,"weight":2.0565},
{"Node_id":4018,"weight":2.5123},
{"Node_id":4019,"weight":1.4121},
{"Node_id":4020,"weight":2.2061},
{"Node_id":4021,"weight":1.7136},
{"Node_id":4023,"weight":1.7182},
{"Node_id":4026,"weight":2.0605},
{"Node_id":4027,"weight":3.6233},
{"Node_id":4030,"weight":2.6242},
{"Node_id":4031,"weight":1.5771},
{"Node_id":4032,"weight":1.5402},
{"Node_id":4033,"weight":3.2591},
{"Node_id":4034,"weight":1.6754},
{"Node_id":4035,"weight":1.5238},
{"Node_id":4036,"weight":2.0096},
{"Node_id":4037,"weight":2.8381},
{"Node_id":4038,"weight":2.1155},
{"Node_id":4039,"weight":1.5687},
{"Node_id":4040,"weight":1.4014},
{"Node_id":4041,"weight":1.7417},
{"Node_id":4042,"weight":2.3699},
{"Node_id":4045,"weight":1.6078},
{"Node_id":4047,"weight":3.562},
{"Node_id":4048,"weight":2.8633},
{"Node_id":4054,"weight":3.5326},
{"Node_id":4055,"weight":4.0163},
{"Node_id":4056,"weight":3.226},
{"Node_id":4057,"weight":1.7051},
{"Node_id":4058,"weight":2.9113},
{"Node_id":4059,"weight":1.8913},
{"Node_id":4062,"weight":1.6085},
{"Node_id":4063,"weight":1.5999},
{"Node_id":4064,"weight":3.0738},
{"Node_id":4065,"weight":1.5878},
{"Node_id":4158,"weight":2.2907},
{"Node_id":4163,"weight":3.5398},
{"Node_id":4164,"weight":1.8379},
{"Node_id":4165,"weight":1.3907},
{"Node_id":4167,"weight":4.0049},
{"Node_id":4168,"weight":3.4969},
{"Node_id":4169,"weight":1.7841},
{"Node_id":4170,"weight":2.4966},
{"Node_id":4171,"weight":4.9126},
{"Node_id":4172,"weight":3.562},
{"Node_id":4173,"weight":4.9548},
{"Node_id":4174,"weight":4.7592},
{"Node_id":4175,"weight":2.1873},
{"Node_id":4290,"weight":2.4994},
{"Node_id":4291,"weight":5.4448},
{"Node_id":4292,"weight":1.7988},
{"Node_id":4293,"weight":1.6412},
{"Node_id":4294,"weight":1.4802},
{"Node_id":4295,"weight":1.4683},
{"Node_id":4296,"weight":4.0634},
{"Node_id":4297,"weight":2.895},
{"Node_id":4298,"weight":3.3347},
{"Node_id":4299,"weight":1.6508},
{"Node_id":4300,"weight":3.3777},
{"Node_id":4301,"weight":2.9072},
{"Node_id":4302,"weight":1.4178},
{"Node_id":4303,"weight":2.4881},
{"Node_id":4304,"weight":2.3788},
{"Node_id":4305,"weight":2.9614},
{"Node_id":4306,"weight":1.6664},
{"Node_id":4307,"weight":1.7963},
{"Node_id":4308,"weight":1.9143},
{"Node_id":4309,"weight":1.6523},
{"Node_id":4310,"weight":1.6538},
{"Node_id":4311,"weight":1.9036},
{"Node_id":4313,"weight":3.3999},
{"Node_id":4314,"weight":2.3584},
{"Node_id":4315,"weight":2.1785},
{"Node_id":4316,"weight":2.5224},
{"Node_id":4317,"weight":2.4601},
{"Node_id":4318,"weight":1.7074},
{"Node_id":4319,"weight":1.8834},
{"Node_id":4320,"weight":1.8921},
{"Node_id":4321,"weight":1.39},
{"Node_id":4322,"weight":2.2106},
{"Node_id":4323,"weight":1.9241},
{"Node_id":4324,"weight":1.6627},
{"Node_id":4325,"weight":3.0667},
{"Node_id":4326,"weight":2.0605},
{"Node_id":4327,"weight":2.2895},
{"Node_id":4328,"weight":1.43},
{"Node_id":4333,"weight":2.8305},
{"Node_id":4334,"weight":1.7825},
{"Node_id":4471,"weight":1.6186},
{"Node_id":4472,"weight":2.4754},
{"Node_id":4473,"weight":1.8756},
{"Node_id":4781,"weight":1.7988},
{"Node_id":4963,"weight":2.7098},
{"Node_id":5079,"weight":1.7543},
{"Node_id":5080,"weight":1.9746},
{"Node_id":5216,"weight":1.7898},
{"Node_id":5217,"weight":1.7043},
{"Node_id":5218,"weight":1.6612},
{"Node_id":5219,"weight":1.8669},
{"Node_id":5220,"weight":1.6762},
{"Node_id":5221,"weight":2.2208},
{"Node_id":5222,"weight":3.0297},
{"Node_id":5223,"weight":2.4262},
{"Node_id":5224,"weight":2.4155},
{"Node_id":5225,"weight":3.2017},
{"Node_id":5226,"weight":2.4866},
{"Node_id":5227,"weight":2.9939},
{"Node_id":5228,"weight":4.4538},
{"Node_id":5229,"weight":2.1796},
{"Node_id":5230,"weight":1.8523},
{"Node_id":5231,"weight":2.0038},
{"Node_id":5232,"weight":1.9934},
{"Node_id":5233,"weight":1.5652},
{"Node_id":5234,"weight":1.6792},
{"Node_id":5235,"weight":1.561},
{"Node_id":5236,"weight":1.5892},
{"Node_id":5237,"weight":1.6006},
{"Node_id":5238,"weight":1.7377},
{"Node_id":5239,"weight":2.3321},
{"Node_id":5240,"weight":2.0202},
{"Node_id":5241,"weight":4.284},
{"Node_id":5242,"weight":3.4969},
{"Node_id":5243,"weight":1.5736},
{"Node_id":5244,"weight":1.7857},
{"Node_id":5245,"weight":2.3271},
{"Node_id":5246,"weight":1.873},
{"Node_id":5247,"weight":2.0685},
{"Node_id":5248,"weight":1.8506},
{"Node_id":5249,"weight":2.5609},
{"Node_id":5250,"weight":1.6034},
{"Node_id":5251,"weight":2.0358},
{"Node_id":5254,"weight":3.6801},
{"Node_id":5255,"weight":5.1441},
{"Node_id":5256,"weight":4.0396},
{"Node_id":5257,"weight":2.1611},
{"Node_id":5258,"weight":4.7832},
{"Node_id":5260,"weight":2.6662},
{"Node_id":5261,"weight":2.4208},
{"Node_id":5262,"weight":1.5687},
{"Node_id":5263,"weight":2.8191},
{"Node_id":5264,"weight":1.4935},
{"Node_id":5265,"weight":1.7362},
{"Node_id":5268,"weight":6.1637},
{"Node_id":5269,"weight":1.9359},
{"Node_id":5270,"weight":3.3287},
{"Node_id":5271,"weight":3.0458},
{"Node_id":5272,"weight":2.1165},
{"Node_id":5273,"weight":1.5022},
{"Node_id":5274,"weight":2.5066},
{"Node_id":5278,"weight":2.4089},
{"Node_id":5279,"weight":1.7615},
{"Node_id":5281,"weight":1.9597},
{"Node_id":5282,"weight":2.955},
{"Node_id":5357,"weight":2.1062},
{"Node_id":5358,"weight":1.5949},
{"Node_id":5359,"weight":2.0705},
{"Node_id":5360,"weight":5.1441},
{"Node_id":5362,"weight":1.5582},
{"Node_id":5363,"weight":1.9477},
{"Node_id":5364,"weight":3.4095},
{"Node_id":5365,"weight":1.798},
{"Node_id":5366,"weight":3.8132},
{"Node_id":5367,"weight":5.1794},
{"Node_id":5368,"weight":8.1114},
{"Node_id":5369,"weight":3.5732},
{"Node_id":5370,"weight":6.5699},
{"Node_id":5371,"weight":1.8506},
{"Node_id":5372,"weight":3.2098},
{"Node_id":5373,"weight":2.1665},
{"Node_id":5376,"weight":2.0959},
{"Node_id":5378,"weight":2.2907},
{"Node_id":5379,"weight":5.2734},
{"Node_id":5380,"weight":3.8372},
{"Node_id":5381,"weight":1.6649},
{"Node_id":5382,"weight":2.5775},
{"Node_id":5383,"weight":3.0929},
{"Node_id":5384,"weight":1.7036},
{"Node_id":5385,"weight":2.5297},
{"Node_id":5386,"weight":1.917},
{"Node_id":5387,"weight":1.5416},
{"Node_id":5388,"weight":2.5913},
{"Node_id":5389,"weight":2.2006},
{"Node_id":5390,"weight":2.2073},
{"Node_id":5391,"weight":1.7346},
{"Node_id":5392,"weight":1.7252},
{"Node_id":5393,"weight":2.2871},
{"Node_id":5394,"weight":2.375},
{"Node_id":5395,"weight":1.9487},
{"Node_id":5396,"weight":2.5684},
{"Node_id":5397,"weight":2.4221},
{"Node_id":5398,"weight":1.6523},
{"Node_id":5399,"weight":2.1031},
{"Node_id":5400,"weight":1.7607},
{"Node_id":5401,"weight":1.4045},
{"Node_id":5402,"weight":2.3321},
{"Node_id":5403,"weight":3.5146},
{"Node_id":5404,"weight":3.7991},
{"Node_id":5405,"weight":2.5534},
{"Node_id":5406,"weight":2.2028},
{"Node_id":5407,"weight":1.9896},
{"Node_id":5408,"weight":1.8843},
{"Node_id":5409,"weight":2.8381},
{"Node_id":5410,"weight":1.5076},
{"Node_id":5411,"weight":2.184},
{"Node_id":5412,"weight":2.0416},
{"Node_id":5413,"weight":3.7579},
{"Node_id":5414,"weight":1.9296},
{"Node_id":5415,"weight":2.1093},
{"Node_id":5416,"weight":2.7876},
{"Node_id":5417,"weight":2.2657},
{"Node_id":5418,"weight":3.1651},
{"Node_id":5420,"weight":2.0192},
{"Node_id":5421,"weight":2.6678},
{"Node_id":5422,"weight":2.4768},
{"Node_id":5423,"weight":1.5245},
{"Node_id":5424,"weight":4.7954},
{"Node_id":5425,"weight":1.9896},
{"Node_id":5426,"weight":2.3075},
{"Node_id":5427,"weight":2.5023},
{"Node_id":5428,"weight":1.421},
{"Node_id":5429,"weight":1.7151},
{"Node_id":5430,"weight":1.5575},
{"Node_id":5431,"weight":1.9634},
{"Node_id":5507,"weight":2.6037},
{"Node_id":5523,"weight":2.5341},
{"Node_id":5524,"weight":2.6482},
{"Node_id":5525,"weight":2.2095},
{"Node_id":5526,"weight":2.2634},
{"Node_id":5527,"weight":1.653},
{"Node_id":5528,"weight":1.397},
{"Node_id":5529,"weight":2.5166},
{"Node_id":5530,"weight":1.9468},
{"Node_id":5531,"weight":2.0338},
{"Node_id":5532,"weight":1.7528},
{"Node_id":5533,"weight":1.53},
{"Node_id":5609,"weight":2.9808},
{"Node_id":5610,"weight":4.2402},
{"Node_id":5611,"weight":1.935},
{"Node_id":5612,"weight":1.6792},
{"Node_id":5613,"weight":3.2591},
{"Node_id":5614,"weight":1.6538},
{"Node_id":5615,"weight":2.1568},
{"Node_id":5616,"weight":3.1781},
{"Node_id":5617,"weight":2.881},
{"Node_id":5618,"weight":1.4848},
{"Node_id":5619,"weight":1.5793},
{"Node_id":5620,"weight":3.1833},
{"Node_id":5621,"weight":2.7857},
{"Node_id":5622,"weight":1.659},
{"Node_id":5624,"weight":1.7575},
{"Node_id":5625,"weight":2.2955},
{"Node_id":5626,"weight":2.0202},
{"Node_id":5627,"weight":2.7235},
{"Node_id":5628,"weight":2.1796},
{"Node_id":5629,"weight":2.7339},
{"Node_id":5630,"weight":3.3967},
{"Node_id":5631,"weight":2.4208},
{"Node_id":5632,"weight":1.5652},
{"Node_id":5633,"weight":2.6945},
{"Node_id":5634,"weight":4.1064},
{"Node_id":5638,"weight":1.5259},
{"Node_id":5639,"weight":2.1312},
{"Node_id":5640,"weight":1.5002},
{"Node_id":5641,"weight":6.3182},
{"Node_id":5642,"weight":2.0745},
{"Node_id":5643,"weight":1.4822},
{"Node_id":5644,"weight":1.4848},
{"Node_id":5645,"weight":2.0436},
{"Node_id":5647,"weight":2.4852},
{"Node_id":5648,"weight":1.8643},
{"Node_id":5649,"weight":3.1651},
{"Node_id":5650,"weight":3.7357},
{"Node_id":5651,"weight":1.3932},
{"Node_id":5652,"weight":1.4975},
{"Node_id":5653,"weight":1.8037},
{"Node_id":5654,"weight":1.5963},
{"Node_id":5655,"weight":2.5224},
{"Node_id":5656,"weight":3.842},
{"Node_id":5657,"weight":2.1622},
{"Node_id":5659,"weight":5.8401},
{"Node_id":5660,"weight":1.6906},
{"Node_id":5661,"weight":1.7736},
{"Node_id":5662,"weight":1.9296},
{"Node_id":5663,"weight":2.7857},
{"Node_id":5664,"weight":2.3546},
{"Node_id":5665,"weight":3.776},
{"Node_id":5666,"weight":4.0694},
{"Node_id":5667,"weight":2.4671},
{"Node_id":5668,"weight":2.173},
{"Node_id":5669,"weight":1.752},
{"Node_id":5670,"weight":2.0038},
{"Node_id":5671,"weight":1.4371},
{"Node_id":5672,"weight":2.7081},
{"Node_id":5673,"weight":1.4835},
{"Node_id":5674,"weight":1.9962},
{"Node_id":5675,"weight":2.727},
{"Node_id":5676,"weight":2.2517},
{"Node_id":5677,"weight":2.3648},
{"Node_id":5678,"weight":3.596},
{"Node_id":5680,"weight":2.4275},
{"Node_id":5681,"weight":1.9277},
{"Node_id":5682,"weight":2.3866},
{"Node_id":5683,"weight":5.3992},
{"Node_id":5684,"weight":1.4624},
{"Node_id":5685,"weight":1.5485},
{"Node_id":5686,"weight":2.3395},
{"Node_id":5687,"weight":1.8895},
{"Node_id":5688,"weight":2.4588},
{"Node_id":5689,"weight":2.2799},
{"Node_id":5690,"weight":2.8652},
{"Node_id":5691,"weight":1.5062},
{"Node_id":5692,"weight":1.4881},
{"Node_id":5693,"weight":1.5842},
{"Node_id":5694,"weight":1.4921},
{"Node_id":5695,"weight":1.8078},
{"Node_id":5696,"weight":1.776},
{"Node_id":5697,"weight":3.305},
{"Node_id":5698,"weight":2.5959},
{"Node_id":5699,"weight":1.6974},
{"Node_id":5701,"weight":1.4848},
{"Node_id":5702,"weight":2.881},
{"Node_id":5703,"weight":1.7401},
{"Node_id":5704,"weight":2.3234},
{"Node_id":5705,"weight":1.6208},
{"Node_id":5706,"weight":2.6563},
{"Node_id":5707,"weight":1.6486},
{"Node_id":5708,"weight":1.9332},
{"Node_id":5709,"weight":1.8523},
{"Node_id":5710,"weight":2.8229},
{"Node_id":5711,"weight":2.5579},
{"Node_id":5734,"weight":6.0725},
{"Node_id":5735,"weight":2.8574},
{"Node_id":5736,"weight":1.4178},
{"Node_id":5738,"weight":2.1719},
{"Node_id":5739,"weight":1.5035},
{"Node_id":5740,"weight":1.3882},
{"Node_id":5741,"weight":2.2576},
{"Node_id":5742,"weight":3.3652},
{"Node_id":5743,"weight":2.5254},
{"Node_id":5744,"weight":1.7105},
{"Node_id":5745,"weight":4.8458},
{"Node_id":5746,"weight":2.2552},
{"Node_id":5747,"weight":1.3988},
{"Node_id":5748,"weight":1.4172},
{"Node_id":5749,"weight":1.6523},
{"Node_id":5750,"weight":1.7963},
{"Node_id":5751,"weight":4.1002},
{"Node_id":5752,"weight":2.5066},
{"Node_id":5753,"weight":2.5385},
{"Node_id":5754,"weight":2.877},
{"Node_id":5755,"weight":1.9523},
{"Node_id":5756,"weight":2.5714},
{"Node_id":5757,"weight":1.4565},
{"Node_id":5758,"weight":1.744},
{"Node_id":5759,"weight":1.6732},
{"Node_id":5760,"weight":1.798},
{"Node_id":5761,"weight":1.9305},
{"Node_id":5762,"weight":1.4229},
{"Node_id":5764,"weight":4.1711},
{"Node_id":5765,"weight":2.6711},
{"Node_id":5766,"weight":2.205},
{"Node_id":5767,"weight":3.1347},
{"Node_id":5768,"weight":1.4815},
{"Node_id":5769,"weight":1.752},
{"Node_id":5770,"weight":3.0252},
{"Node_id":5771,"weight":1.6368},
{"Node_id":5774,"weight":2.0565},
{"Node_id":5775,"weight":1.9296},
{"Node_id":5776,"weight":1.8136},
{"Node_id":5777,"weight":2.2242},
{"Node_id":5778,"weight":2.3571},
{"Node_id":5779,"weight":3.8038},
{"Node_id":5780,"weight":2.0938},
{"Node_id":5781,"weight":2.0745},
{"Node_id":5782,"weight":2.5123},
{"Node_id":5783,"weight":1.5786},
{"Node_id":5784,"weight":1.726},
{"Node_id":5785,"weight":1.4663},
{"Node_id":5788,"weight":2.9011},
{"Node_id":5789,"weight":5.2347},
{"Node_id":5790,"weight":3.4095},
{"Node_id":5791,"weight":3.4225},
{"Node_id":5792,"weight":1.8557},
{"Node_id":5793,"weight":2.6498},
{"Node_id":5794,"weight":2.1134},
{"Node_id":5795,"weight":2.366},
{"Node_id":5796,"weight":1.9395},
{"Node_id":5797,"weight":3.1859},
{"Node_id":5799,"weight":1.8337},
{"Node_id":5800,"weight":1.5652},
{"Node_id":5801,"weight":2.543},
{"Node_id":5802,"weight":5.8061},
{"Node_id":5804,"weight":2.1774},
{"Node_id":5805,"weight":1.4795},
{"Node_id":5806,"weight":1.3944},
{"Node_id":5807,"weight":2.3222},
{"Node_id":5808,"weight":1.8012},
{"Node_id":5809,"weight":5.2933},
{"Node_id":5812,"weight":1.5652},
{"Node_id":5813,"weight":2.5944},
{"Node_id":5815,"weight":1.5029},
{"Node_id":5816,"weight":2.8751},
{"Node_id":5817,"weight":1.5361},
{"Node_id":5818,"weight":3.2342},
{"Node_id":5819,"weight":1.9432},
{"Node_id":5820,"weight":1.639},
{"Node_id":5821,"weight":2.0436},
{"Node_id":5824,"weight":5.7105},
{"Node_id":5862,"weight":1.6657},
{"Node_id":5863,"weight":2.0918},
{"Node_id":5864,"weight":4.8588},
{"Node_id":5865,"weight":2.9257},
{"Node_id":5866,"weight":3.4323},
{"Node_id":5933,"weight":3.6392},
{"Node_id":5934,"weight":1.9727},
{"Node_id":5935,"weight":5.7414},
{"Node_id":5936,"weight":3.0929},
{"Node_id":5937,"weight":2.3609},
{"Node_id":5938,"weight":1.7113},
{"Node_id":5939,"weight":1.4268},
{"Node_id":5942,"weight":2.9896},
{"Node_id":5943,"weight":2.0938},
{"Node_id":5944,"weight":3.6718},
{"Node_id":5945,"weight":2.1124},
{"Node_id":5946,"weight":2.5519},
{"Node_id":5947,"weight":2.3445},
{"Node_id":5948,"weight":1.5527},
{"Node_id":5949,"weight":1.752},
{"Node_id":5950,"weight":2.7658},
{"Node_id":5951,"weight":1.9241},
{"Node_id":5952,"weight":1.8506},
{"Node_id":5953,"weight":2.4951},
{"Node_id":5954,"weight":3.3168},
{"Node_id":5955,"weight":1.9368},
{"Node_id":5956,"weight":2.2599},
{"Node_id":5957,"weight":1.8532},
{"Node_id":5958,"weight":2.2379},
{"Node_id":5959,"weight":1.8379},
{"Node_id":5960,"weight":3.6718},
{"Node_id":5961,"weight":1.6317},
{"Node_id":5962,"weight":3.7624},
{"Node_id":5963,"weight":1.5617},
{"Node_id":5964,"weight":1.8566},
{"Node_id":5965,"weight":1.8575},
{"Node_id":5966,"weight":1.6013},
{"Node_id":5971,"weight":1.4198},
{"Node_id":5975,"weight":2.0377},
{"Node_id":5976,"weight":1.5218},
{"Node_id":6209,"weight":4.833},
{"Node_id":6211,"weight":2.3063},
{"Node_id":6212,"weight":1.8957},
{"Node_id":6215,"weight":4.1914},
{"Node_id":6216,"weight":4.3534},
{"Node_id":6217,"weight":1.6302},
{"Node_id":6218,"weight":1.8738},
{"Node_id":6219,"weight":1.5245},
{"Node_id":6220,"weight":5.0294},
{"Node_id":6221,"weight":1.5807},
{"Node_id":6222,"weight":3.8716},
{"Node_id":6223,"weight":2.2907},
{"Node_id":6224,"weight":2.6612},
{"Node_id":6225,"weight":2.2061},
{"Node_id":6226,"weight":1.5218},
{"Node_id":6227,"weight":2.2017},
{"Node_id":6228,"weight":5.3771},
{"Node_id":6229,"weight":2.3918},
{"Node_id":6230,"weight":1.5327},
{"Node_id":6231,"weight":1.5527},
{"Node_id":6377,"weight":1.9606},
{"Node_id":6378,"weight":1.7719},
{"Node_id":6379,"weight":1.4474},
{"Node_id":6380,"weight":2.4768},
{"Node_id":6392,"weight":2.9808},
{"Node_id":6395,"weight":1.4128},
{"Node_id":6396,"weight":1.5992},
{"Node_id":6397,"weight":1.6762},
{"Node_id":6398,"weight":2.0212},
{"Node_id":6399,"weight":3.0389},
{"Node_id":6400,"weight":3.3377},
{"Node_id":6446,"weight":1.7448},
{"Node_id":6448,"weight":2.0397},
{"Node_id":6449,"weight":1.7464},
{"Node_id":6450,"weight":1.9802},
{"Node_id":6451,"weight":2.027},
{"Node_id":6452,"weight":1.5828},
{"Node_id":6453,"weight":3.0504},
{"Node_id":6456,"weight":1.7881},
{"Node_id":6513,"weight":3.5326},
{"Node_id":6514,"weight":3.248},
{"Node_id":6515,"weight":1.4526},
{"Node_id":6555,"weight":2.9917},
{"Node_id":6556,"weight":1.5779},
{"Node_id":6557,"weight":2.1503},
{"Node_id":6558,"weight":1.465},
{"Node_id":6559,"weight":1.9811},
{"Node_id":6560,"weight":1.4526},
{"Node_id":6561,"weight":1.5771},
{"Node_id":6562,"weight":1.8062},
{"Node_id":6563,"weight":2.0125},
{"Node_id":6566,"weight":2.5371},
{"Node_id":6567,"weight":2.1323},
{"Node_id":6568,"weight":1.4223},
{"Node_id":6569,"weight":4.3858},
{"Node_id":6570,"weight":4.4364},
{"Node_id":6573,"weight":1.513},
{"Node_id":6574,"weight":1.7036},
{"Node_id":6575,"weight":2.1218},
{"Node_id":6576,"weight":4.4451},
{"Node_id":6577,"weight":1.6538},
{"Node_id":6578,"weight":2.2185},
{"Node_id":6579,"weight":1.7535},
{"Node_id":6580,"weight":2.102},
{"Node_id":6581,"weight":1.397},
{"Node_id":6582,"weight":2.0685},
{"Node_id":6583,"weight":1.8851},
{"Node_id":6584,"weight":1.8379},
{"Node_id":6585,"weight":5.6515},
{"Node_id":6586,"weight":1.8992},
{"Node_id":6588,"weight":2.0125},
{"Node_id":6589,"weight":2.5594},
{"Node_id":6590,"weight":1.7244},
{"Node_id":6591,"weight":3.6969},
{"Node_id":6592,"weight":3.1703},
{"Node_id":6593,"weight":1.5184},
{"Node_id":6594,"weight":1.3869},
{"Node_id":6595,"weight":2.1829},
{"Node_id":6596,"weight":2.2196},
{"Node_id":6597,"weight":1.9597},
{"Node_id":6598,"weight":2.8477},
{"Node_id":6599,"weight":1.6694},
{"Node_id":6600,"weight":3.577},
{"Node_id":6601,"weight":2.889},
{"Node_id":6602,"weight":2.885},
{"Node_id":6603,"weight":1.5259},
{"Node_id":6604,"weight":3.8567},
{"Node_id":6605,"weight":3.3079},
{"Node_id":6606,"weight":1.8354},
{"Node_id":6607,"weight":1.7736},
{"Node_id":6608,"weight":3.714},
{"Node_id":6609,"weight":1.8371},
{"Node_id":6610,"weight":2.9808},
{"Node_id":6611,"weight":2.9614},
{"Node_id":6612,"weight":3.4934},
{"Node_id":6613,"weight":1.3882},
{"Node_id":6614,"weight":1.7623},
{"Node_id":6615,"weight":2.3711},
{"Node_id":6616,"weight":1.4313},
{"Node_id":6617,"weight":1.5527},
{"Node_id":6618,"weight":2.2599},
{"Node_id":6619,"weight":2.0029},
{"Node_id":6621,"weight":1.9359},
{"Node_id":6622,"weight":2.9381},
{"Node_id":6623,"weight":2.9174},
{"Node_id":6624,"weight":1.6171},
{"Node_id":6625,"weight":1.8103},
{"Node_id":6626,"weight":1.5334},
{"Node_id":6627,"weight":2.887},
{"Node_id":6628,"weight":1.8186},
{"Node_id":6629,"weight":1.9542},
{"Node_id":6641,"weight":3.0006},
{"Node_id":6642,"weight":2.1785},
{"Node_id":6643,"weight":3.0786},
{"Node_id":6644,"weight":3.8275},
{"Node_id":6645,"weight":1.7881},
{"Node_id":6646,"weight":3.055},
{"Node_id":6647,"weight":1.9662},
{"Node_id":6648,"weight":2.4671},
{"Node_id":6649,"weight":3.2905},
{"Node_id":6650,"weight":1.901},
{"Node_id":6652,"weight":1.9802},
{"Node_id":6653,"weight":7.8236},
{"Node_id":6657,"weight":1.6913},
{"Node_id":6658,"weight":2.645},
{"Node_id":6659,"weight":4.0163},
{"Node_id":6660,"weight":1.4915},
{"Node_id":6661,"weight":1.5347},
{"Node_id":6662,"weight":2.6531},
{"Node_id":6663,"weight":2.2611},
{"Node_id":6743,"weight":2.8248},
{"Node_id":6747,"weight":1.748},
{"Node_id":6748,"weight":1.4855},
{"Node_id":6751,"weight":2.4492},
{"Node_id":6752,"weight":1.8904},
{"Node_id":6753,"weight":1.9783},
{"Node_id":6754,"weight":1.6508},
{"Node_id":6756,"weight":2.4356},
{"Node_id":6757,"weight":2.0897},
{"Node_id":6758,"weight":3.1322},
{"Node_id":6759,"weight":1.956},
{"Node_id":6760,"weight":4.5362},
{"Node_id":6761,"weight":2.8574},
{"Node_id":6764,"weight":4.6053},
{"Node_id":6766,"weight":1.5177},
{"Node_id":6767,"weight":1.414},
{"Node_id":6768,"weight":1.7496},
{"Node_id":6769,"weight":2.0318},
{"Node_id":6770,"weight":3.2424},
{"Node_id":6771,"weight":1.8756},
{"Node_id":6835,"weight":2.5371},
{"Node_id":6836,"weight":1.414},
{"Node_id":6837,"weight":2.4643},
{"Node_id":6867,"weight":1.4461},
{"Node_id":6868,"weight":2.0446},
{"Node_id":6869,"weight":2.5821},
{"Node_id":6870,"weight":3.4761},
{"Node_id":6871,"weight":1.5062},
{"Node_id":6872,"weight":2.0989},
{"Node_id":6873,"weight":2.3788},
{"Node_id":6874,"weight":1.5485},
{"Node_id":6875,"weight":4.4108},
{"Node_id":6878,"weight":1.4384},
{"Node_id":6879,"weight":2.7551},
{"Node_id":6880,"weight":1.7409},
{"Node_id":6881,"weight":2.1333},
{"Node_id":6882,"weight":1.9634},
{"Node_id":6883,"weight":1.8111},
{"Node_id":6884,"weight":2.7604},
{"Node_id":6885,"weight":1.5779},
{"Node_id":6886,"weight":4.1383},
{"Node_id":6888,"weight":3.6233},
{"Node_id":6889,"weight":1.7599},
{"Node_id":6891,"weight":1.4096},
{"Node_id":6892,"weight":3.9072},
{"Node_id":6893,"weight":1.8211},
{"Node_id":6894,"weight":2.5312},
{"Node_id":6897,"weight":2.6514},
{"Node_id":6898,"weight":1.4229},
{"Node_id":6899,"weight":2.7132},
{"Node_id":6900,"weight":1.8404},
{"Node_id":6901,"weight":1.9332},
{"Node_id":6904,"weight":4.119},
{"Node_id":6905,"weight":2.4937},
{"Node_id":6906,"weight":3.9992},
{"Node_id":6907,"weight":1.9268},
{"Node_id":6908,"weight":1.4351},
{"Node_id":6909,"weight":1.5361},
{"Node_id":6910,"weight":1.6501},
{"Node_id":6911,"weight":1.9001},
{"Node_id":6926,"weight":0.1294},
{"Node_id":6927,"weight":1.2721},
{"Node_id":6928,"weight":3.2676},
{"Node_id":6929,"weight":0.036},
{"Node_id":6930,"weight":2.8691},
{"Node_id":6935,"weight":2.7046},
{"Node_id":6936,"weight":0.5266},
{"Node_id":6937,"weight":0.49},
{"Node_id":6938,"weight":1.62},
{"Node_id":6939,"weight":2.1763},
{"Node_id":6940,"weight":0.6955},
{"Node_id":6941,"weight":2.5166},
{"Node_id":6942,"weight":5.4448},
{"Node_id":6943,"weight":1.9072},
{"Node_id":6944,"weight":0.6239},
{"Node_id":6945,"weight":0.9529},
{"Node_id":6946,"weight":1.0716},
{"Node_id":6947,"weight":0.944},
{"Node_id":6948,"weight":1.9569},
{"Node_id":6949,"weight":1.6822},
{"Node_id":6950,"weight":0.8274},
{"Node_id":6955,"weight":1.2856},
{"Node_id":6956,"weight":2.0755},
{"Node_id":6957,"weight":0.1519},
{"Node_id":6969,"weight":0.388},
{"Node_id":6970,"weight":1.2448},
{"Node_id":6974,"weight":0.7598},
{"Node_id":6976,"weight":2.498},
{"Node_id":6977,"weight":1.827},
{"Node_id":7000,"weight":4.0878},
{"Node_id":7001,"weight":1.8245},
{"Node_id":7002,"weight":2.173},
{"Node_id":7003,"weight":2.1741},
{"Node_id":7004,"weight":0.6803},
{"Node_id":7005,"weight":3.2876},
{"Node_id":7006,"weight":0.7755},
{"Node_id":7007,"weight":3.7011},
{"Node_id":7008,"weight":0.7829},
{"Node_id":7012,"weight":1.4435},
{"Node_id":7013,"weight":4.8588},
{"Node_id":7015,"weight":2.5459},
{"Node_id":7016,"weight":0.2258},
{"Node_id":7017,"weight":1.7089},
{"Node_id":7018,"weight":2.9153},
{"Node_id":7019,"weight":0.2302},
{"Node_id":7020,"weight":3.429},
{"Node_id":7023,"weight":0.3437},
{"Node_id":7024,"weight":0.2294},
{"Node_id":7027,"weight":0.9579},
{"Node_id":7030,"weight":0.3602},
{"Node_id":7031,"weight":3.6233},
{"Node_id":7032,"weight":1.6128},
{"Node_id":7033,"weight":2.1763},
{"Node_id":7034,"weight":4.8988},
{"Node_id":7035,"weight":1.7535},
{"Node_id":7036,"weight":0.6678},
{"Node_id":7037,"weight":1.0465},
{"Node_id":7038,"weight":0.8231},
{"Node_id":7057,"weight":1.4191},
{"Node_id":7058,"weight":1.1859},
{"Node_id":7063,"weight":1.6258},
{"Node_id":7064,"weight":0.3174},
{"Node_id":7067,"weight":0.9203},
{"Node_id":7068,"weight":0.9346},
{"Node_id":7069,"weight":2.5195},
{"Node_id":7070,"weight":1.0997},
{"Node_id":7071,"weight":1.08},
{"Node_id":7072,"weight":0.3293},
{"Node_id":7073,"weight":0.2055},
{"Node_id":7076,"weight":1.1698},
{"Node_id":7077,"weight":0.3756},
{"Node_id":7078,"weight":1.969},
{"Node_id":7079,"weight":0.5849},
{"Node_id":7080,"weight":0.216},
{"Node_id":7081,"weight":0.0532},
{"Node_id":7086,"weight":3.818},
{"Node_id":7087,"weight":0.2408},
{"Node_id":7088,"weight":3.7401},
{"Node_id":7089,"weight":0.9982},
{"Node_id":7090,"weight":0.4608},
{"Node_id":7091,"weight":0.2884},
{"Node_id":7092,"weight":1.5437},
{"Node_id":7093,"weight":1.1914},
{"Node_id":7094,"weight":0.7332},
{"Node_id":7095,"weight":0.9714},
{"Node_id":7096,"weight":0.9115},
{"Node_id":7097,"weight":0.4768},
{"Node_id":7098,"weight":0.2745},
{"Node_id":7099,"weight":0.9095},
{"Node_id":7100,"weight":0.1141},
{"Node_id":7101,"weight":0.1491},
{"Node_id":7102,"weight":0.4879},
{"Node_id":7105,"weight":0.1322},
{"Node_id":7106,"weight":0.5155},
{"Node_id":7227,"weight":0.6879},
{"Node_id":7228,"weight":1.8379},
{"Node_id":7229,"weight":1.2396},
{"Node_id":8003,"weight":0.9041},
{"Node_id":8004,"weight":1.3462},
{"Node_id":8005,"weight":0.4297},
{"Node_id":8007,"weight":1.8904},
{"Node_id":8009,"weight":0.7745},
{"Node_id":8010,"weight":1.2145},
{"Node_id":8011,"weight":0.9494},
{"Node_id":8012,"weight":1.39},
{"Node_id":8013,"weight":2.9896},
{"Node_id":8014,"weight":0.2282},
{"Node_id":8015,"weight":4.3694},
{"Node_id":8016,"weight":1.8878},
{"Node_id":8017,"weight":1.033},
{"Node_id":8018,"weight":2.1333},
{"Node_id":8019,"weight":0.6682},
{"Node_id":8020,"weight":0.2896},
{"Node_id":8025,"weight":0.7773},
{"Node_id":8026,"weight":1.8203},
{"Node_id":8027,"weight":3.5326},
{"Node_id":8028,"weight":1.3081},
{"Node_id":8032,"weight":0.4084},
{"Node_id":8033,"weight":0.1378},
{"Node_id":8034,"weight":1.2202},
{"Node_id":8035,"weight":2.4356},
{"Node_id":8039,"weight":1.2727},
{"Node_id":8040,"weight":0.9997},
{"Node_id":8041,"weight":0.8217},
{"Node_id":8042,"weight":1.139},
{"Node_id":8043,"weight":1.6837},
{"Node_id":8044,"weight":0.2152},
{"Node_id":8045,"weight":2.3039},
{"Node_id":8046,"weight":1.2791},
{"Node_id":8047,"weight":0.1197},
{"Node_id":8048,"weight":0.1987},
{"Node_id":8051,"weight":5.4927},
{"Node_id":8052,"weight":2.7586},
{"Node_id":8053,"weight":0.1463},
{"Node_id":8056,"weight":3.429},
{"Node_id":8057,"weight":1.1521},
{"Node_id":8058,"weight":2.3075},
{"Node_id":8059,"weight":2.6547},
{"Node_id":8060,"weight":3.0809},
{"Node_id":8061,"weight":1.4102},
{"Node_id":8064,"weight":0.7727},
{"Node_id":8069,"weight":2.7409},
{"Node_id":8070,"weight":2.4329},
{"Node_id":8071,"weight":3.6677},
{"Node_id":8072,"weight":1.7535},
{"Node_id":8073,"weight":0.9198},
{"Node_id":8074,"weight":0.6843},
{"Node_id":8075,"weight":1.3376},
{"Node_id":8078,"weight":0.4726},
{"Node_id":8079,"weight":1.2208},
{"Node_id":8080,"weight":1.901},
{"Node_id":8085,"weight":0.4604},
{"Node_id":8086,"weight":0.7713},
{"Node_id":8087,"weight":0.3789},
{"Node_id":8088,"weight":0.9494},
{"Node_id":8089,"weight":1.2236},
{"Node_id":8090,"weight":2.5836},
{"Node_id":8093,"weight":1.5561},
{"Node_id":8096,"weight":0.3417},
{"Node_id":8097,"weight":0.7662},
{"Node_id":8098,"weight":0.4938},
{"Node_id":8099,"weight":1.8236},
{"Node_id":8137,"weight":1.9615},
{"Node_id":8138,"weight":1.0906},
{"Node_id":8139,"weight":0.4583},
{"Node_id":8140,"weight":0.8731},
{"Node_id":8141,"weight":0.6745},
{"Node_id":8144,"weight":1.1703},
{"Node_id":8147,"weight":0.7487},
{"Node_id":8150,"weight":1.3004},
{"Node_id":8151,"weight":5.5957},
{"Node_id":8152,"weight":0.2039},
{"Node_id":8153,"weight":0.054},
{"Node_id":8154,"weight":0.4515},
{"Node_id":8155,"weight":1.7504},
{"Node_id":8156,"weight":1.6501},
{"Node_id":8157,"weight":1.268},
{"Node_id":8158,"weight":0.8487},
{"Node_id":8159,"weight":0.5147},
{"Node_id":8160,"weight":0.5555},
{"Node_id":8161,"weight":0.795},
{"Node_id":8162,"weight":0.9479},
{"Node_id":8165,"weight":2.6162},
{"Node_id":8166,"weight":2.4909},
{"Node_id":8167,"weight":1.5265},
{"Node_id":8168,"weight":0.3677},
{"Node_id":8169,"weight":0.725},
{"Node_id":8170,"weight":1.5008},
{"Node_id":8171,"weight":0.5177},
{"Node_id":8193,"weight":1.0299},
{"Node_id":8194,"weight":2.508},
{"Node_id":8197,"weight":1.014},
{"Node_id":8198,"weight":2.1418},
{"Node_id":8199,"weight":3.818},
{"Node_id":8200,"weight":3.2619},
{"Node_id":8201,"weight":0.8179},
{"Node_id":8202,"weight":0.7286},
{"Node_id":8210,"weight":0.4692},
{"Node_id":8211,"weight":1.8103},
{"Node_id":8212,"weight":3.7669},
{"Node_id":8213,"weight":2.7287},
{"Node_id":8218,"weight":2.1676},
{"Node_id":8219,"weight":0.4811},
{"Node_id":8220,"weight":1.5645},
{"Node_id":8221,"weight":2.1535},
{"Node_id":8222,"weight":1.5652},
{"Node_id":8224,"weight":0.0624},
{"Node_id":8460,"weight":1.6114},
{"Node_id":8461,"weight":2.0125},
{"Node_id":8533,"weight":0.5941},
{"Node_id":8534,"weight":3.1247},
{"Node_id":8535,"weight":4.1448},
{"Node_id":8536,"weight":1.7744},
{"Node_id":8537,"weight":1.1803},
{"Node_id":8538,"weight":1.7307},
{"Node_id":8541,"weight":0.4912},
{"Node_id":8542,"weight":1.9027},
{"Node_id":8543,"weight":1.0222},
{"Node_id":8544,"weight":0.5117},
{"Node_id":8545,"weight":1.7792},
{"Node_id":8546,"weight":1.8704},
{"Node_id":8547,"weight":0.131},
{"Node_id":8548,"weight":0.4591},
{"Node_id":8549,"weight":0.8789},
{"Node_id":8550,"weight":0.4604},
{"Node_id":8551,"weight":0.8886},
{"Node_id":8554,"weight":1.3261},
{"Node_id":8555,"weight":4.0396},
{"Node_id":8559,"weight":4.833},
{"Node_id":8560,"weight":0.7291},
{"Node_id":8565,"weight":1.6013},
{"Node_id":8572,"weight":3.4624},
{"Node_id":8573,"weight":3.4095},
{"Node_id":8580,"weight":7.418},
{"Node_id":8581,"weight":1.5389},
{"Node_id":8582,"weight":1.9089},
{"Node_id":8583,"weight":1.1792},
{"Node_id":8584,"weight":0.1342},
{"Node_id":8585,"weight":0.4084},
{"Node_id":8586,"weight":3.727},
{"Node_id":8587,"weight":0.322},
{"Node_id":8588,"weight":3.577},
{"Node_id":8593,"weight":2.2646},
{"Node_id":8594,"weight":0.6517},
{"Node_id":8595,"weight":0.1451},
{"Node_id":8596,"weight":2.9896},
{"Node_id":8597,"weight":2.0816},
{"Node_id":8598,"weight":0.3232},
{"Node_id":8601,"weight":0.3146},
{"Node_id":8602,"weight":0.6177},
{"Node_id":8603,"weight":0.911},
{"Node_id":8607,"weight":2.3309},
{"Node_id":8608,"weight":1.0658},
{"Node_id":8619,"weight":0.9435},
{"Node_id":8620,"weight":0.2615},
{"Node_id":8621,"weight":1.8939},
{"Node_id":8622,"weight":1.7159},
{"Node_id":8625,"weight":1.0616},
{"Node_id":8626,"weight":3.0458},
{"Node_id":8627,"weight":2.1632},
{"Node_id":8628,"weight":0.1595},
{"Node_id":8629,"weight":1.0711},
{"Node_id":8631,"weight":0.1511},
{"Node_id":8632,"weight":0.1648},
{"Node_id":8633,"weight":0.9901},
{"Node_id":8634,"weight":1.2282},
{"Node_id":8635,"weight":0.3586},
{"Node_id":8636,"weight":1.8029},
{"Node_id":8637,"weight":1.0284},
{"Node_id":8638,"weight":2.1578},
{"Node_id":8639,"weight":1.5942},
{"Node_id":8640,"weight":0.5989},
{"Node_id":8641,"weight":0.9169},
{"Node_id":8642,"weight":1.5136},
{"Node_id":8643,"weight":1.2049},
{"Node_id":8644,"weight":0.5741},
{"Node_id":8645,"weight":2.1041},
{"Node_id":8646,"weight":1.5423},
{"Node_id":8647,"weight":1.7276},
{"Node_id":8648,"weight":0.4176},
{"Node_id":8678,"weight":0.6646},
{"Node_id":8679,"weight":2.1719},
{"Node_id":8680,"weight":1.0038},
{"Node_id":8681,"weight":2.2943},
{"Node_id":8682,"weight":0.403},
{"Node_id":8685,"weight":0.9139},
{"Node_id":8690,"weight":6.2126},
{"Node_id":8699,"weight":3.055},
{"Node_id":8700,"weight":0.4038},
{"Node_id":8701,"weight":1.4172},
{"Node_id":8702,"weight":1.295},
{"Node_id":8703,"weight":0.2007},
{"Node_id":8704,"weight":2.7339},
{"Node_id":8705,"weight":0.8161},
{"Node_id":8706,"weight":0.3826},
{"Node_id":8707,"weight":0.6504},
{"Node_id":8708,"weight":0.854},
{"Node_id":8709,"weight":1.4236},
{"Node_id":8710,"weight":0.4629},
{"Node_id":8717,"weight":1.0423},
{"Node_id":8727,"weight":1.0774},
{"Node_id":8728,"weight":1.4908},
{"Node_id":8729,"weight":1.4631},
{"Node_id":8730,"weight":2.0775},
{"Node_id":8731,"weight":1.789},
{"Node_id":8732,"weight":1.1072},
{"Node_id":8733,"weight":2.3309},
{"Node_id":8734,"weight":0.9159},
{"Node_id":8735,"weight":0.8132},
{"Node_id":8736,"weight":1.1903},
{"Node_id":8737,"weight":1.6383},
{"Node_id":8738,"weight":0.8001},
{"Node_id":8741,"weight":1.8834},
{"Node_id":8742,"weight":1.2809},
{"Node_id":8743,"weight":2.0029},
{"Node_id":8744,"weight":1.9736},
{"Node_id":8748,"weight":0.9105},
{"Node_id":8749,"weight":1.8489},
{"Node_id":8750,"weight":3.1075},
{"Node_id":8751,"weight":0.9464},
{"Node_id":8752,"weight":0.0748},
{"Node_id":8753,"weight":0.2603},
{"Node_id":8754,"weight":1.2529},
{"Node_id":8756,"weight":0.3805},
{"Node_id":8757,"weight":4.5174},
{"Node_id":8758,"weight":0.0748},
{"Node_id":8759,"weight":1.2145},
{"Node_id":8760,"weight":3.0881},
{"Node_id":8761,"weight":0.3569},
{"Node_id":8762,"weight":0.4184},
{"Node_id":8765,"weight":1.4064},
{"Node_id":8766,"weight":3.2314},
{"Node_id":8767,"weight":0.4205},
{"Node_id":8768,"weight":1.172},
{"Node_id":8772,"weight":2.7857},
{"Node_id":8773,"weight":0.5473},
{"Node_id":8776,"weight":0.2088},
{"Node_id":8778,"weight":2.401},
{"Node_id":8780,"weight":0.6081},
{"Node_id":8781,"weight":2.1665},
{"Node_id":8785,"weight":0.7213},
{"Node_id":8786,"weight":2.2208},
{"Node_id":8787,"weight":5.6515},
{"Node_id":8788,"weight":5.2539},
{"Node_id":8790,"weight":1.631},
{"Node_id":8791,"weight":3.842},
{"Node_id":8792,"weight":4.8203},
{"Node_id":8793,"weight":0.6098},
{"Node_id":8811,"weight":0.9455},
{"Node_id":8812,"weight":0.038},
{"Node_id":8813,"weight":2.126},
{"Node_id":8814,"weight":1.4802},
{"Node_id":8815,"weight":0.4629},
{"Node_id":8818,"weight":1.5471},
{"Node_id":8824,"weight":2.2163},
{"Node_id":8825,"weight":0.9977},
{"Node_id":8865,"weight":0.6718},
{"Node_id":8866,"weight":1.2832},
{"Node_id":8867,"weight":0.2177},
{"Node_id":8868,"weight":1.2962},
{"Node_id":8869,"weight":3.4323},
{"Node_id":8870,"weight":0.7556},
{"Node_id":8871,"weight":0.3068},
{"Node_id":8872,"weight":0.5326},
{"Node_id":8873,"weight":0.1523},
{"Node_id":8874,"weight":2.7339},
{"Node_id":8875,"weight":2.5239},
{"Node_id":8876,"weight":0.7773},
{"Node_id":8877,"weight":0.5262},
{"Node_id":8878,"weight":1.7105},
{"Node_id":8880,"weight":1.3334},
{"Node_id":8881,"weight":1.2815},
{"Node_id":8882,"weight":2.5297},
{"Node_id":8883,"weight":3.3138},
{"Node_id":8884,"weight":0.064},
{"Node_id":8885,"weight":0.6548},
{"Node_id":8886,"weight":0.6857},
{"Node_id":8887,"weight":0.8043},
{"Node_id":8888,"weight":0.1302},
{"Node_id":8889,"weight":0.0492},
{"Node_id":8890,"weight":1.0289},
{"Node_id":8891,"weight":2.0515},
{"Node_id":8892,"weight":0.3011},
{"Node_id":8893,"weight":0.268},
{"Node_id":8894,"weight":0.4811},
{"Node_id":8900,"weight":1.6523},
{"Node_id":8901,"weight":0.5159},
{"Node_id":8902,"weight":0.3917},
{"Node_id":8903,"weight":1.6642},
{"Node_id":8904,"weight":4.1513},
{"Node_id":8905,"weight":0.4819},
{"Node_id":8906,"weight":1.0732},
{"Node_id":8909,"weight":0.8554},
{"Node_id":8910,"weight":0.5138},
{"Node_id":8911,"weight":1.4358},
{"Node_id":8912,"weight":0.5066},
{"Node_id":8913,"weight":0.6081},
{"Node_id":8914,"weight":0.8383},
{"Node_id":8915,"weight":0.29},
{"Node_id":8916,"weight":7.418},
{"Node_id":8922,"weight":0.5875},
{"Node_id":8925,"weight":1.1434},
{"Node_id":8926,"weight":2.8154},
{"Node_id":8927,"weight":0.7657},
{"Node_id":8928,"weight":2.1503},
{"Node_id":8929,"weight":1.2174},
{"Node_id":8930,"weight":0.8683},
{"Node_id":8931,"weight":0.1386},
{"Node_id":8932,"weight":1.9597},
{"Node_id":8933,"weight":3.2178},
{"Node_id":8934,"weight":1.1271},
{"Node_id":8935,"weight":0.4301},
{"Node_id":8936,"weight":1.3153},
{"Node_id":8941,"weight":2.3788},
{"Node_id":8942,"weight":0.3483},
{"Node_id":8943,"weight":1.0099},
{"Node_id":8953,"weight":4.6903},
{"Node_id":8954,"weight":0.3772},
{"Node_id":8957,"weight":1.1147},
{"Node_id":8958,"weight":0.2908},
{"Node_id":8959,"weight":2.8496},
{"Node_id":8960,"weight":2.2494},
{"Node_id":9053,"weight":2.508},
{"Node_id":9058,"weight":0.1841},
{"Node_id":9059,"weight":0.8449},
{"Node_id":9061,"weight":0.4507},
{"Node_id":9062,"weight":2.1461},
{"Node_id":9063,"weight":0.2363},
{"Node_id":9064,"weight":0.02},
{"Node_id":9065,"weight":1.8128},
{"Node_id":9066,"weight":0.4075},
{"Node_id":9067,"weight":0.3314},
{"Node_id":9070,"weight":3.0162},
{"Node_id":9188,"weight":1.7575},
{"Node_id":9189,"weight":1.7159},
{"Node_id":9190,"weight":0.2128},
{"Node_id":9191,"weight":3.3903},
{"Node_id":9192,"weight":1.1488},
{"Node_id":9193,"weight":1.8626},
{"Node_id":9194,"weight":2.1397},
{"Node_id":9195,"weight":1.607},
{"Node_id":9196,"weight":0.6177},
{"Node_id":9197,"weight":0.4255},
{"Node_id":9198,"weight":0.7446},
{"Node_id":9199,"weight":0.2692},
{"Node_id":9200,"weight":3.0207},
{"Node_id":9201,"weight":0.4532},
{"Node_id":9202,"weight":2.0806},
{"Node_id":9203,"weight":0.5758},
{"Node_id":9204,"weight":1.7591},
{"Node_id":9205,"weight":0.8359},
{"Node_id":9206,"weight":0.1523},
{"Node_id":9207,"weight":3.5884},
{"Node_id":9208,"weight":3.6885},
{"Node_id":9211,"weight":0.5061},
{"Node_id":9212,"weight":0.9609},
{"Node_id":9213,"weight":0.3905},
{"Node_id":9214,"weight":1.7051},
{"Node_id":9215,"weight":3.3407},
{"Node_id":9216,"weight":0.6562},
{"Node_id":9217,"weight":0.4595},
{"Node_id":9218,"weight":2.7803},
{"Node_id":9219,"weight":0.2221},
{"Node_id":9220,"weight":1.2651},
{"Node_id":9221,"weight":3.0072},
{"Node_id":9222,"weight":4.7474},
{"Node_id":9223,"weight":0.4351},
{"Node_id":9224,"weight":1.793},
{"Node_id":9225,"weight":1.6078},
{"Node_id":9226,"weight":1.5715},
{"Node_id":9231,"weight":1.0084},
{"Node_id":9232,"weight":3.3621},
{"Node_id":9373,"weight":6.6441},
{"Node_id":9374,"weight":1.5103},
{"Node_id":9375,"weight":1.9188},
{"Node_id":9690,"weight":0.034},
{"Node_id":9888,"weight":0.6464},
{"Node_id":10009,"weight":2.4671},
{"Node_id":10010,"weight":2.0105},
{"Node_id":10170,"weight":0.479},
{"Node_id":10171,"weight":0.8635},
{"Node_id":10172,"weight":2.0183},
{"Node_id":10173,"weight":1.5779},
{"Node_id":10174,"weight":3.5657},
{"Node_id":10175,"weight":3.8666},
{"Node_id":10176,"weight":3.5508},
{"Node_id":10177,"weight":3.1124},
{"Node_id":10178,"weight":0.3269},
{"Node_id":10179,"weight":8.1114},
{"Node_id":10180,"weight":2.6466},
{"Node_id":10181,"weight":0.457},
{"Node_id":10182,"weight":0.0124},
{"Node_id":10183,"weight":0.9301},
{"Node_id":10184,"weight":0.3677},
{"Node_id":10185,"weight":1.5835},
{"Node_id":10186,"weight":5.4448},
{"Node_id":10187,"weight":0.8161},
{"Node_id":10188,"weight":0.8071},
{"Node_id":10189,"weight":1.2506},
{"Node_id":10190,"weight":0.6522},
{"Node_id":10191,"weight":1.5089},
{"Node_id":10192,"weight":0.405},
{"Node_id":10193,"weight":0.74},
{"Node_id":10194,"weight":1.254},
{"Node_id":10195,"weight":0.359},
{"Node_id":10196,"weight":0.3656},
{"Node_id":10197,"weight":0.338},
{"Node_id":10198,"weight":1.2587},
{"Node_id":10199,"weight":1.602},
{"Node_id":10200,"weight":0.5006},
{"Node_id":10201,"weight":1.9134},
{"Node_id":10202,"weight":0.3992},
{"Node_id":10203,"weight":1.2213},
{"Node_id":10204,"weight":0.9694},
{"Node_id":10208,"weight":1.5548},
{"Node_id":10209,"weight":3.9824},
{"Node_id":10210,"weight":0.8123},
{"Node_id":10211,"weight":0.8655},
{"Node_id":10212,"weight":1.3401},
{"Node_id":10215,"weight":0.9066},
{"Node_id":10218,"weight":0.2136},
{"Node_id":10219,"weight":0.8993},
{"Node_id":10222,"weight":0.7699},
{"Node_id":10223,"weight":1.1999},
{"Node_id":10224,"weight":0.1704},
{"Node_id":10225,"weight":1.5645},
{"Node_id":10226,"weight":2.883},
{"Node_id":10227,"weight":1.9496},
{"Node_id":10228,"weight":4.0634},
{"Node_id":10234,"weight":2.97},
{"Node_id":10235,"weight":0.9774},
{"Node_id":10236,"weight":1.3437},
{"Node_id":10318,"weight":1.0012},
{"Node_id":10319,"weight":0.2031},
{"Node_id":10322,"weight":0.5249},
{"Node_id":10323,"weight":3.2314},
{"Node_id":10324,"weight":0.6664},
{"Node_id":10325,"weight":0.2802},
{"Node_id":10326,"weight":0.5728},
{"Node_id":10327,"weight":1.597},
{"Node_id":10330,"weight":0.4151},
{"Node_id":10331,"weight":3.6636},
{"Node_id":10335,"weight":1.6063},
{"Node_id":10338,"weight":1.0186},
{"Node_id":10339,"weight":0.7295},
{"Node_id":10342,"weight":4.2402},
{"Node_id":10343,"weight":0.1467},
{"Node_id":10344,"weight":0.3801},
{"Node_id":10345,"weight":2.456},
{"Node_id":10346,"weight":1.0959},
{"Node_id":10347,"weight":4.6155},
{"Node_id":10348,"weight":1.9214},
{"Node_id":10349,"weight":0.678},
{"Node_id":10350,"weight":0.658},
{"Node_id":10351,"weight":1.016},
{"Node_id":10352,"weight":0.8128},
{"Node_id":10353,"weight":0.1781},
{"Node_id":10354,"weight":1.4696},
{"Node_id":10355,"weight":1.8948},
{"Node_id":10356,"weight":0.6789},
{"Node_id":10357,"weight":0.5715},
{"Node_id":10358,"weight":2.5008},
{"Node_id":10359,"weight":1.0548},
{"Node_id":10362,"weight":1.8413},
{"Node_id":10363,"weight":0.3129},
{"Node_id":10364,"weight":1.4742},
{"Node_id":10365,"weight":1.6936},
{"Node_id":10366,"weight":1.8211},
{"Node_id":10367,"weight":1.6142},
{"Node_id":10368,"weight":2.0096},
{"Node_id":10369,"weight":0.6937},
{"Node_id":10370,"weight":3.6392},
{"Node_id":10371,"weight":1.5245},
{"Node_id":10372,"weight":1.5892},
{"Node_id":10373,"weight":1.2657},
{"Node_id":10374,"weight":0.0885},
{"Node_id":10375,"weight":1.4565},
{"Node_id":10376,"weight":0.3693},
{"Node_id":10378,"weight":0.7259},
{"Node_id":10379,"weight":4.2051},
{"Node_id":10380,"weight":1.4657},
{"Node_id":10381,"weight":3.2044},
{"Node_id":10382,"weight":0.7023},
{"Node_id":10383,"weight":2.4533},
{"Node_id":10384,"weight":0.038},
{"Node_id":10387,"weight":0.4938},
{"Node_id":10388,"weight":1.0981},
{"Node_id":10389,"weight":0.6588},
{"Node_id":10390,"weight":2.773},
{"Node_id":10469,"weight":2.5852},
{"Node_id":10486,"weight":0.6199},
{"Node_id":10487,"weight":0.3265},
{"Node_id":10488,"weight":3.0715},
{"Node_id":10489,"weight":2.31},
{"Node_id":10490,"weight":0.985},
{"Node_id":10491,"weight":0.6362},
{"Node_id":10492,"weight":2.1928},
{"Node_id":10493,"weight":1.1407},
{"Node_id":10494,"weight":0.2802},
{"Node_id":10495,"weight":0.982},
{"Node_id":10496,"weight":0.4968},
{"Node_id":10572,"weight":0.4968},
{"Node_id":10573,"weight":1.8712},
{"Node_id":10574,"weight":1.7615},
{"Node_id":10575,"weight":2.4049},
{"Node_id":10576,"weight":1.9606},
{"Node_id":10577,"weight":0.0488},
{"Node_id":10578,"weight":0.5641},
{"Node_id":10579,"weight":1.439},
{"Node_id":10580,"weight":2.1155},
{"Node_id":10581,"weight":0.4314},
{"Node_id":10582,"weight":0.8751},
{"Node_id":10583,"weight":0.825},
{"Node_id":10584,"weight":3.1651},
{"Node_id":10586,"weight":1.3963},
{"Node_id":10587,"weight":1.4982},
{"Node_id":10588,"weight":0.6682},
{"Node_id":10589,"weight":0.3302},
{"Node_id":10590,"weight":1.7655},
{"Node_id":10591,"weight":0.0564},
{"Node_id":10592,"weight":0.8293},
{"Node_id":10593,"weight":0.2096},
{"Node_id":10594,"weight":0.1081},
{"Node_id":10595,"weight":0.3269},
{"Node_id":10601,"weight":2.5239},
{"Node_id":10602,"weight":3.5845},
{"Node_id":10603,"weight":0.7501},
{"Node_id":10604,"weight":0.6651},
{"Node_id":10605,"weight":1.079},
{"Node_id":10606,"weight":2.321},
{"Node_id":10607,"weight":1.7167},
{"Node_id":10609,"weight":1.7776},
{"Node_id":10610,"weight":0.9987},
{"Node_id":10613,"weight":0.1523},
{"Node_id":10614,"weight":0.0208},
{"Node_id":10617,"weight":0.7172},
{"Node_id":10618,"weight":0.9356},
{"Node_id":10619,"weight":0.2546},
{"Node_id":10621,"weight":0.1061},
{"Node_id":10622,"weight":1.8012},
{"Node_id":10623,"weight":0.2424},
{"Node_id":10624,"weight":3.7357},
{"Node_id":10625,"weight":1.2921},
{"Node_id":10626,"weight":4.0694},
{"Node_id":10627,"weight":1.0094},
{"Node_id":10628,"weight":0.4671},
{"Node_id":10629,"weight":1.5984},
{"Node_id":10630,"weight":4.4451},
{"Node_id":10633,"weight":1.2709},
{"Node_id":10634,"weight":2.5867},
{"Node_id":10635,"weight":0.646},
{"Node_id":10636,"weight":0.3963},
{"Node_id":10637,"weight":1.5814},
{"Node_id":10638,"weight":2.1994},
{"Node_id":10639,"weight":0.04},
{"Node_id":10640,"weight":0.8944},
{"Node_id":10643,"weight":1.6679},
{"Node_id":10644,"weight":0.0965},
{"Node_id":10645,"weight":2.8633},
{"Node_id":10646,"weight":1.385},
{"Node_id":10647,"weight":0.3996},
{"Node_id":10648,"weight":1.5245},
{"Node_id":10649,"weight":0.6821},
{"Node_id":10650,"weight":0.7694},
{"Node_id":10651,"weight":1.167},
{"Node_id":10652,"weight":1.5451},
{"Node_id":10653,"weight":0.6946},
{"Node_id":10654,"weight":2.1939},
{"Node_id":10655,"weight":1.1909},
{"Node_id":10656,"weight":0.3047},
{"Node_id":10657,"weight":0.5862},
{"Node_id":10658,"weight":1.0507},
{"Node_id":10659,"weight":0.8978},
{"Node_id":10660,"weight":1.5464},
{"Node_id":10661,"weight":1.43},
{"Node_id":10663,"weight":1.5548},
{"Node_id":10664,"weight":1.2785},
{"Node_id":10667,"weight":0.4142},
{"Node_id":10668,"weight":0.174},
{"Node_id":10669,"weight":1.3075},
{"Node_id":10670,"weight":1.4941},
{"Node_id":10671,"weight":0.7639},
{"Node_id":10672,"weight":0.058},
{"Node_id":10673,"weight":2.8991},
{"Node_id":10674,"weight":0.2136},
{"Node_id":10697,"weight":3.2704},
{"Node_id":10698,"weight":1.6982},
{"Node_id":10699,"weight":0.9484},
{"Node_id":10700,"weight":1.1347},
{"Node_id":10702,"weight":1.047},
{"Node_id":10703,"weight":1.3714},
{"Node_id":10704,"weight":1.9783},
{"Node_id":10705,"weight":3.3746},
{"Node_id":10706,"weight":1.3219},
{"Node_id":10707,"weight":0.938},
{"Node_id":10708,"weight":1.5103},
{"Node_id":10709,"weight":0.3503},
{"Node_id":10710,"weight":1.2832},
{"Node_id":10711,"weight":3.5732},
{"Node_id":10712,"weight":0.3955},
{"Node_id":10713,"weight":1.9259},
{"Node_id":10714,"weight":0.3685},
{"Node_id":10715,"weight":1.0748},
{"Node_id":10716,"weight":1.6405},
{"Node_id":10717,"weight":0.3011},
{"Node_id":10718,"weight":2.9174},
{"Node_id":10719,"weight":0.3955},
{"Node_id":10720,"weight":3.3683},
{"Node_id":10721,"weight":2.1698},
{"Node_id":10722,"weight":0.9865},
{"Node_id":10723,"weight":2.9153},
{"Node_id":10724,"weight":1.151},
{"Node_id":10725,"weight":0.4713},
{"Node_id":10730,"weight":2.0979},
{"Node_id":10731,"weight":0.1258},
{"Node_id":10732,"weight":0.2201},
{"Node_id":10733,"weight":1.1942},
{"Node_id":10734,"weight":0.8034},
{"Node_id":10736,"weight":1.0637},
{"Node_id":10738,"weight":1.1709},
{"Node_id":10739,"weight":0.6816},
{"Node_id":10740,"weight":2.2943},
{"Node_id":10741,"weight":4.6363},
{"Node_id":10742,"weight":0.5053},
{"Node_id":10743,"weight":0.0388},
{"Node_id":10744,"weight":0.4276},
{"Node_id":10745,"weight":2.7235},
{"Node_id":10746,"weight":4.5653},
{"Node_id":10747,"weight":1.3547},
{"Node_id":10748,"weight":1.058},
{"Node_id":10751,"weight":1.3034},
{"Node_id":10752,"weight":2.7551},
{"Node_id":10753,"weight":1.1265},
{"Node_id":10754,"weight":3.1781},
{"Node_id":10755,"weight":2.9174},
{"Node_id":10756,"weight":0.8794},
{"Node_id":10757,"weight":0.4184},
{"Node_id":10758,"weight":0.98},
{"Node_id":10759,"weight":0.98},
{"Node_id":10760,"weight":0.5902},
{"Node_id":10763,"weight":1.0853},
{"Node_id":10764,"weight":1.4611},
{"Node_id":10766,"weight":2.3801},
{"Node_id":10769,"weight":0.8934},
{"Node_id":10770,"weight":1.2015},
{"Node_id":10771,"weight":0.0556},
{"Node_id":10772,"weight":1.0997},
{"Node_id":10775,"weight":1.45},
{"Node_id":10777,"weight":0.2481},
{"Node_id":10778,"weight":2.2265},
{"Node_id":10779,"weight":0.7708},
{"Node_id":10780,"weight":2.2333},
{"Node_id":10781,"weight":1.1494},
{"Node_id":10782,"weight":0.3277},
{"Node_id":10783,"weight":1.8704},
{"Node_id":10784,"weight":5.8061},
{"Node_id":10825,"weight":0.5884},
{"Node_id":10826,"weight":0.0528},
{"Node_id":10829,"weight":0.5481},
{"Node_id":10897,"weight":0.8076},
{"Node_id":10898,"weight":0.7391},
{"Node_id":10901,"weight":0.988},
{"Node_id":10902,"weight":1.1825},
{"Node_id":10903,"weight":0.8095},
{"Node_id":10906,"weight":0.8998},
{"Node_id":10907,"weight":0.942},
{"Node_id":10910,"weight":0.6292},
{"Node_id":10911,"weight":0.8891},
{"Node_id":10914,"weight":2.3271},
{"Node_id":10915,"weight":0.0228},
{"Node_id":10916,"weight":1.5191},
{"Node_id":10917,"weight":0.7268},
{"Node_id":10918,"weight":1.4153},
{"Node_id":10921,"weight":1.3794},
{"Node_id":10922,"weight":2.3075},
{"Node_id":10923,"weight":2.4923},
{"Node_id":10924,"weight":0.072},
{"Node_id":10925,"weight":1.5451},
{"Node_id":10926,"weight":1.4268},
{"Node_id":10927,"weight":1.4808},
{"Node_id":10928,"weight":4.2915},
{"Node_id":10929,"weight":1.2077},
{"Node_id":10930,"weight":0.909},
{"Node_id":10935,"weight":0.568},
{"Node_id":10941,"weight":1.9404},
{"Node_id":10942,"weight":2.895},
{"Node_id":11191,"weight":0.0244},
{"Node_id":11192,"weight":1.6121},
{"Node_id":11195,"weight":0.6151},
{"Node_id":11196,"weight":1.254},
{"Node_id":11197,"weight":3.1099},
{"Node_id":11198,"weight":1.2322},
{"Node_id":11199,"weight":2.8305},
{"Node_id":11200,"weight":1.119},
{"Node_id":11201,"weight":0.7154},
{"Node_id":11202,"weight":4.3694},
{"Node_id":11203,"weight":0.3273},
{"Node_id":11204,"weight":0.5241},
{"Node_id":11205,"weight":0.1849},
{"Node_id":11206,"weight":0.4515},
{"Node_id":11207,"weight":1.1864},
{"Node_id":11208,"weight":2.1302},
{"Node_id":11360,"weight":2.4601},
{"Node_id":11361,"weight":0.3693},
{"Node_id":11362,"weight":1.0418},
{"Node_id":11363,"weight":0.0124},
{"Node_id":11379,"weight":0.73},
{"Node_id":11380,"weight":1.9625},
{"Node_id":11381,"weight":2.3149},
{"Node_id":11382,"weight":0.612},
{"Node_id":11383,"weight":1.4384},
{"Node_id":11432,"weight":0.9002},
{"Node_id":11433,"weight":0.5823},
{"Node_id":11434,"weight":0.3302},
{"Node_id":11435,"weight":1.7283},
{"Node_id":11436,"weight":2.7357},
{"Node_id":11437,"weight":2.1365},
{"Node_id":11440,"weight":0.4255},
{"Node_id":11498,"weight":0.7186},
{"Node_id":11499,"weight":0.0704},
{"Node_id":11500,"weight":0.5361},
{"Node_id":11540,"weight":0.281},
{"Node_id":11541,"weight":5.4685},
{"Node_id":11542,"weight":1.3304},
{"Node_id":11543,"weight":0.7866},
{"Node_id":11544,"weight":0.5797},
{"Node_id":11545,"weight":1.5279},
{"Node_id":11546,"weight":1.4835},
{"Node_id":11547,"weight":2.6761},
{"Node_id":11548,"weight":0.4009},
{"Node_id":11551,"weight":2.1708},
{"Node_id":11552,"weight":0.638},
{"Node_id":11553,"weight":0.4751},
{"Node_id":11554,"weight":2.2028},
{"Node_id":11555,"weight":2.7839},
{"Node_id":11558,"weight":2.4423},
{"Node_id":11559,"weight":0.6195},
{"Node_id":11560,"weight":0.8833},
{"Node_id":11561,"weight":0.3714},
{"Node_id":11564,"weight":1.3334},
{"Node_id":11565,"weight":1.2803},
{"Node_id":11566,"weight":1.1505},
{"Node_id":11567,"weight":1.2587},
{"Node_id":11568,"weight":1.059},
{"Node_id":11569,"weight":1.4975},
{"Node_id":11570,"weight":0.6491},
{"Node_id":11571,"weight":1.1703},
{"Node_id":11572,"weight":5.3992},
{"Node_id":11576,"weight":1.9736},
{"Node_id":11577,"weight":2.6417},
{"Node_id":11578,"weight":0.5207},
{"Node_id":11579,"weight":1.9081},
{"Node_id":11580,"weight":2.0938},
{"Node_id":11581,"weight":0.6248},
{"Node_id":11582,"weight":0.8833},
{"Node_id":11583,"weight":1.6412},
{"Node_id":11584,"weight":1.2454},
{"Node_id":11585,"weight":2.7322},
{"Node_id":11586,"weight":0.8559},
{"Node_id":11589,"weight":2.375},
{"Node_id":11590,"weight":0.7114},
{"Node_id":11591,"weight":3.6513},
{"Node_id":11592,"weight":1.5722},
{"Node_id":11593,"weight":2.6612},
{"Node_id":11594,"weight":0.4503},
{"Node_id":11595,"weight":0.6522},
{"Node_id":11598,"weight":1.5306},
{"Node_id":11599,"weight":0.8545},
{"Node_id":11600,"weight":0.6256},
{"Node_id":11601,"weight":0.8949},
{"Node_id":11602,"weight":2.2106},
{"Node_id":11603,"weight":3.3438},
{"Node_id":11604,"weight":0.9061},
{"Node_id":11607,"weight":0.1121},
{"Node_id":11608,"weight":1.5729},
{"Node_id":11609,"weight":0.4946},
{"Node_id":11610,"weight":0.0536},
{"Node_id":11611,"weight":4.6363},
{"Node_id":11612,"weight":1.3455},
{"Node_id":11613,"weight":0.1914},
{"Node_id":11614,"weight":3.6273},
{"Node_id":11626,"weight":0.4785},
{"Node_id":11627,"weight":0.2814},
{"Node_id":11628,"weight":1.1527},
{"Node_id":11629,"weight":2.2764},
{"Node_id":11630,"weight":1.4236},
{"Node_id":11631,"weight":0.0256},
{"Node_id":11632,"weight":0.0024},
{"Node_id":11633,"weight":0.0941},
{"Node_id":11634,"weight":0.8274},
{"Node_id":11636,"weight":1.7013},
{"Node_id":11637,"weight":0.0752},
{"Node_id":11638,"weight":2.1103},
{"Node_id":11642,"weight":5.3992},
{"Node_id":11643,"weight":0.3302},
{"Node_id":11644,"weight":2.4643},
{"Node_id":11645,"weight":0.3722},
{"Node_id":11646,"weight":1.7955},
{"Node_id":11647,"weight":2.5913},
{"Node_id":11648,"weight":4.3694},
{"Node_id":11728,"weight":3.5362},
{"Node_id":11733,"weight":2.0289},
{"Node_id":11735,"weight":0.0264},
{"Node_id":11737,"weight":1.1898},
{"Node_id":11738,"weight":1.4982},
{"Node_id":11741,"weight":0.5164},
{"Node_id":11742,"weight":0.6081},
{"Node_id":11750,"weight":1.8816},
{"Node_id":11751,"weight":0.826},
{"Node_id":11752,"weight":0.7866},
{"Node_id":11753,"weight":1.2756},
{"Node_id":11754,"weight":0.056},
{"Node_id":11755,"weight":1.0248},
{"Node_id":11756,"weight":3.0343},
{"Node_id":11824,"weight":0.8071},
{"Node_id":11825,"weight":1.7623},
{"Node_id":11826,"weight":0.487},
{"Node_id":11857,"weight":1.4723},
{"Node_id":11858,"weight":0.8784},
{"Node_id":11859,"weight":0.2306},
{"Node_id":11862,"weight":1.6442},
{"Node_id":11863,"weight":0.588},
{"Node_id":11864,"weight":1.2015},
{"Node_id":11871,"weight":0.3648},
{"Node_id":11872,"weight":1.9259},
{"Node_id":11873,"weight":0.8269},
{"Node_id":11874,"weight":0.9071},
{"Node_id":11875,"weight":1.4468},
{"Node_id":11880,"weight":0.0276},
{"Node_id":11881,"weight":2.5654},
{"Node_id":11882,"weight":0.1153},
{"Node_id":11883,"weight":1.8532},
{"Node_id":11886,"weight":0.802},
{"Node_id":11887,"weight":3.3438},
{"Node_id":11888,"weight":3.2847},
{"Node_id":11889,"weight":2.9195},
{"Node_id":11890,"weight":0.3174},
{"Node_id":11893,"weight":0.2274},
{"Node_id":11894,"weight":1.5272},
{"Node_id":11897,"weight":0.3673},
{"Node_id":11898,"weight":0.98},
{"Node_id":11899,"weight":1.0418},
{"Node_id":11900,"weight":0.4105}]