[{"Node_id":43,"weight":4.833},
{"Node_id":45,"weight":2.3063},
{"Node_id":46,"weight":1.8957},
{"Node_id":49,"weight":4.1914},
{"Node_id":50,"weight":4.3534},
{"Node_id":51,"weight":1.6302},
{"Node_id":52,"weight":1.8738},
{"Node_id":53,"weight":1.5245},
{"Node_id":54,"weight":5.0294},
{"Node_id":55,"weight":1.5807},
{"Node_id":56,"weight":3.8716},
{"Node_id":57,"weight":2.2907},
{"Node_id":58,"weight":2.6612},
{"Node_id":59,"weight":2.2061},
{"Node_id":60,"weight":1.5218},
{"Node_id":61,"weight":2.2017},
{"Node_id":62,"weight":5.3771},
{"Node_id":63,"weight":2.3918},
{"Node_id":64,"weight":1.5327},
{"Node_id":65,"weight":1.5527},
{"Node_id":211,"weight":1.9606},
{"Node_id":212,"weight":1.7719},
{"Node_id":213,"weight":1.4474},
{"Node_id":214,"weight":2.4768},
{"Node_id":226,"weight":2.9808},
{"Node_id":229,"weight":1.4128},
{"Node_id":230,"weight":1.5992},
{"Node_id":231,"weight":1.6762},
{"Node_id":232,"weight":2.0212},
{"Node_id":233,"weight":3.0389},
{"Node_id":234,"weight":3.3377},
{"Node_id":280,"weight":1.7448},
{"Node_id":282,"weight":2.0397},
{"Node_id":283,"weight":1.7464},
{"Node_id":284,"weight":1.9802},
{"Node_id":285,"weight":2.027},
{"Node_id":286,"weight":1.5828},
{"Node_id":287,"weight":3.0504},
{"Node_id":290,"weight":1.7881},
{"Node_id":347,"weight":3.5326},
{"Node_id":348,"weight":3.248},
{"Node_id":349,"weight":1.4526},
{"Node_id":389,"weight":2.9917},
{"Node_id":390,"weight":1.5779},
{"Node_id":391,"weight":2.1503},
{"Node_id":392,"weight":1.465},
{"Node_id":393,"weight":1.9811},
{"Node_id":394,"weight":1.4526},
{"Node_id":395,"weight":1.5771},
{"Node_id":396,"weight":1.8062},
{"Node_id":397,"weight":2.0125},
{"Node_id":400,"weight":2.5371},
{"Node_id":401,"weight":2.1323},
{"Node_id":402,"weight":1.4223},
{"Node_id":403,"weight":4.3858},
{"Node_id":404,"weight":4.4364},
{"Node_id":407,"weight":1.513},
{"Node_id":408,"weight":1.7036},
{"Node_id":409,"weight":2.1218},
{"Node_id":410,"weight":4.4451},
{"Node_id":411,"weight":1.6538},
{"Node_id":412,"weight":2.2185},
{"Node_id":413,"weight":1.7535},
{"Node_id":414,"weight":2.102},
{"Node_id":415,"weight":1.397},
{"Node_id":416,"weight":2.0685},
{"Node_id":417,"weight":1.8851},
{"Node_id":418,"weight":1.8379},
{"Node_id":419,"weight":5.6515},
{"Node_id":420,"weight":1.8992},
{"Node_id":422,"weight":2.0125},
{"Node_id":423,"weight":2.5594},
{"Node_id":424,"weight":1.7244},
{"Node_id":425,"weight":3.6969},
{"Node_id":426,"weight":3.1703},
{"Node_id":427,"weight":1.5184},
{"Node_id":428,"weight":1.3869},
{"Node_id":429,"weight":2.1829},
{"Node_id":430,"weight":2.2196},
{"Node_id":431,"weight":1.9597},
{"Node_id":432,"weight":2.8477},
{"Node_id":433,"weight":1.6694},
{"Node_id":434,"weight":3.577},
{"Node_id":435,"weight":2.889},
{"Node_id":436,"weight":2.885},
{"Node_id":437,"weight":1.5259},
{"Node_id":438,"weight":3.8567},
{"Node_id":439,"weight":3.3079},
{"Node_id":440,"weight":1.8354},
{"Node_id":441,"weight":1.7736},
{"Node_id":442,"weight":3.714},
{"Node_id":443,"weight":1.8371},
{"Node_id":444,"weight":2.9808},
{"Node_id":445,"weight":2.9614},
{"Node_id":446,"weight":3.4934},
{"Node_id":447,"weight":1.3882},
{"Node_id":448,"weight":1.7623},
{"Node_id":449,"weight":2.3711},
{"Node_id":450,"weight":1.4313},
{"Node_id":451,"weight":1.5527},
{"Node_id":452,"weight":2.2599},
{"Node_id":453,"weight":2.0029},
{"Node_id":455,"weight":1.9359},
{"Node_id":456,"weight":2.9381},
{"Node_id":457,"weight":2.9174},
{"Node_id":458,"weight":1.6171},
{"Node_id":459,"weight":1.8103},
{"Node_id":460,"weight":1.5334},
{"Node_id":461,"weight":2.887},
{"Node_id":462,"weight":1.8186},
{"Node_id":463,"weight":1.9542},
{"Node_id":475,"weight":3.0006},
{"Node_id":476,"weight":2.1785},
{"Node_id":477,"weight":3.0786},
{"Node_id":478,"weight":3.8275},
{"Node_id":479,"weight":1.7881},
{"Node_id":480,"weight":3.055},
{"Node_id":481,"weight":1.9662},
{"Node_id":482,"weight":2.4671},
{"Node_id":483,"weight":3.2905},
{"Node_id":484,"weight":1.901},
{"Node_id":486,"weight":1.9802},
{"Node_id":487,"weight":7.8236},
{"Node_id":491,"weight":1.6913},
{"Node_id":492,"weight":2.645},
{"Node_id":493,"weight":4.0163},
{"Node_id":494,"weight":1.4915},
{"Node_id":495,"weight":1.5347},
{"Node_id":496,"weight":2.6531},
{"Node_id":497,"weight":2.2611},
{"Node_id":577,"weight":2.8248},
{"Node_id":581,"weight":1.748},
{"Node_id":582,"weight":1.4855},
{"Node_id":585,"weight":2.4492},
{"Node_id":586,"weight":1.8904},
{"Node_id":587,"weight":1.9783},
{"Node_id":588,"weight":1.6508},
{"Node_id":590,"weight":2.4356},
{"Node_id":591,"weight":2.0897},
{"Node_id":592,"weight":3.1322},
{"Node_id":593,"weight":1.956},
{"Node_id":594,"weight":4.5362},
{"Node_id":595,"weight":2.8574},
{"Node_id":598,"weight":4.6053},
{"Node_id":600,"weight":1.5177},
{"Node_id":601,"weight":1.414},
{"Node_id":602,"weight":1.7496},
{"Node_id":603,"weight":2.0318},
{"Node_id":604,"weight":3.2424},
{"Node_id":605,"weight":1.8756},
{"Node_id":669,"weight":2.5371},
{"Node_id":670,"weight":1.414},
{"Node_id":671,"weight":2.4643},
{"Node_id":701,"weight":1.4461},
{"Node_id":702,"weight":2.0446},
{"Node_id":703,"weight":2.5821},
{"Node_id":704,"weight":3.4761},
{"Node_id":705,"weight":1.5062},
{"Node_id":706,"weight":2.0989},
{"Node_id":707,"weight":2.3788},
{"Node_id":708,"weight":1.5485},
{"Node_id":709,"weight":4.4108},
{"Node_id":712,"weight":1.4384},
{"Node_id":713,"weight":2.7551},
{"Node_id":714,"weight":1.7409},
{"Node_id":715,"weight":2.1333},
{"Node_id":716,"weight":1.9634},
{"Node_id":717,"weight":1.8111},
{"Node_id":718,"weight":2.7604},
{"Node_id":719,"weight":1.5779},
{"Node_id":720,"weight":4.1383},
{"Node_id":722,"weight":3.6233},
{"Node_id":723,"weight":1.7599},
{"Node_id":725,"weight":1.4096},
{"Node_id":726,"weight":3.9072},
{"Node_id":727,"weight":1.8211},
{"Node_id":728,"weight":2.5312},
{"Node_id":731,"weight":2.6514},
{"Node_id":732,"weight":1.4229},
{"Node_id":733,"weight":2.7132},
{"Node_id":734,"weight":1.8404},
{"Node_id":735,"weight":1.9332},
{"Node_id":738,"weight":4.119},
{"Node_id":739,"weight":2.4937},
{"Node_id":740,"weight":3.9992},
{"Node_id":741,"weight":1.9268},
{"Node_id":742,"weight":1.4351},
{"Node_id":743,"weight":1.5361},
{"Node_id":744,"weight":1.6501},
{"Node_id":745,"weight":1.9001},
{"Node_id":760,"weight":0.1294},
{"Node_id":761,"weight":1.2721},
{"Node_id":762,"weight":3.2676},
{"Node_id":763,"weight":0.036},
{"Node_id":764,"weight":2.8691},
{"Node_id":769,"weight":2.7046},
{"Node_id":770,"weight":0.5266},
{"Node_id":771,"weight":0.49},
{"Node_id":772,"weight":1.62},
{"Node_id":773,"weight":2.1763},
{"Node_id":774,"weight":0.6955},
{"Node_id":775,"weight":2.5166},
{"Node_id":776,"weight":5.4448},
{"Node_id":777,"weight":1.9072},
{"Node_id":778,"weight":0.6239},
{"Node_id":779,"weight":0.9529},
{"Node_id":780,"weight":1.0716},
{"Node_id":781,"weight":0.944},
{"Node_id":782,"weight":1.9569},
{"Node_id":783,"weight":1.6822},
{"Node_id":784,"weight":0.8274},
{"Node_id":789,"weight":1.2856},
{"Node_id":790,"weight":2.0755},
{"Node_id":791,"weight":0.1519},
{"Node_id":803,"weight":0.388},
{"Node_id":804,"weight":1.2448},
{"Node_id":808,"weight":0.7598},
{"Node_id":810,"weight":2.498},
{"Node_id":811,"weight":1.827},
{"Node_id":834,"weight":4.0878},
{"Node_id":835,"weight":1.8245},
{"Node_id":836,"weight":2.173},
{"Node_id":837,"weight":2.1741},
{"Node_id":838,"weight":0.6803},
{"Node_id":839,"weight":3.2876},
{"Node_id":840,"weight":0.7755},
{"Node_id":841,"weight":3.7011},
{"Node_id":842,"weight":0.7829},
{"Node_id":846,"weight":1.4435},
{"Node_id":847,"weight":4.8588},
{"Node_id":849,"weight":2.5459},
{"Node_id":850,"weight":0.2258},
{"Node_id":851,"weight":1.7089},
{"Node_id":852,"weight":2.9153},
{"Node_id":853,"weight":0.2302},
{"Node_id":854,"weight":3.429},
{"Node_id":857,"weight":0.3437},
{"Node_id":858,"weight":0.2294},
{"Node_id":861,"weight":0.9579},
{"Node_id":864,"weight":0.3602},
{"Node_id":865,"weight":3.6233},
{"Node_id":866,"weight":1.6128},
{"Node_id":867,"weight":2.1763},
{"Node_id":868,"weight":4.8988},
{"Node_id":869,"weight":1.7535},
{"Node_id":870,"weight":0.6678},
{"Node_id":871,"weight":1.0465},
{"Node_id":872,"weight":0.8231},
{"Node_id":891,"weight":1.4191},
{"Node_id":892,"weight":1.1859},
{"Node_id":897,"weight":1.6258},
{"Node_id":898,"weight":0.3174},
{"Node_id":901,"weight":0.9203},
{"Node_id":902,"weight":0.9346},
{"Node_id":903,"weight":2.5195},
{"Node_id":904,"weight":1.0997},
{"Node_id":905,"weight":1.08},
{"Node_id":906,"weight":0.3293},
{"Node_id":907,"weight":0.2055},
{"Node_id":910,"weight":1.1698},
{"Node_id":911,"weight":0.3756},
{"Node_id":912,"weight":1.969},
{"Node_id":913,"weight":0.5849},
{"Node_id":914,"weight":0.216},
{"Node_id":915,"weight":0.0532},
{"Node_id":920,"weight":3.818},
{"Node_id":921,"weight":0.2408},
{"Node_id":922,"weight":3.7401},
{"Node_id":923,"weight":0.9982},
{"Node_id":924,"weight":0.4608},
{"Node_id":925,"weight":0.2884},
{"Node_id":926,"weight":1.5437},
{"Node_id":927,"weight":1.1914},
{"Node_id":928,"weight":0.7332},
{"Node_id":929,"weight":0.9714},
{"Node_id":930,"weight":0.9115},
{"Node_id":931,"weight":0.4768},
{"Node_id":932,"weight":0.2745},
{"Node_id":933,"weight":0.9095},
{"Node_id":934,"weight":0.1141},
{"Node_id":935,"weight":0.1491},
{"Node_id":936,"weight":0.4879},
{"Node_id":939,"weight":0.1322},
{"Node_id":940,"weight":0.5155},
{"Node_id":1061,"weight":0.6879},
{"Node_id":1062,"weight":1.8379},
{"Node_id":1063,"weight":1.2396},
{"Node_id":1837,"weight":0.9041},
{"Node_id":1838,"weight":1.3462},
{"Node_id":1839,"weight":0.4297},
{"Node_id":1841,"weight":1.8904},
{"Node_id":1843,"weight":0.7745},
{"Node_id":1844,"weight":1.2145},
{"Node_id":1845,"weight":0.9494},
{"Node_id":1846,"weight":1.39},
{"Node_id":1847,"weight":2.9896},
{"Node_id":1848,"weight":0.2282},
{"Node_id":1849,"weight":4.3694},
{"Node_id":1850,"weight":1.8878},
{"Node_id":1851,"weight":1.033},
{"Node_id":1852,"weight":2.1333},
{"Node_id":1853,"weight":0.6682},
{"Node_id":1854,"weight":0.2896},
{"Node_id":1859,"weight":0.7773},
{"Node_id":1860,"weight":1.8203},
{"Node_id":1861,"weight":3.5326},
{"Node_id":1862,"weight":1.3081},
{"Node_id":1866,"weight":0.4084},
{"Node_id":1867,"weight":0.1378},
{"Node_id":1868,"weight":1.2202},
{"Node_id":1869,"weight":2.4356},
{"Node_id":1873,"weight":1.2727},
{"Node_id":1874,"weight":0.9997},
{"Node_id":1875,"weight":0.8217},
{"Node_id":1876,"weight":1.139},
{"Node_id":1877,"weight":1.6837},
{"Node_id":1878,"weight":0.2152},
{"Node_id":1879,"weight":2.3039},
{"Node_id":1880,"weight":1.2791},
{"Node_id":1881,"weight":0.1197},
{"Node_id":1882,"weight":0.1987},
{"Node_id":1885,"weight":5.4927},
{"Node_id":1886,"weight":2.7586},
{"Node_id":1887,"weight":0.1463},
{"Node_id":1890,"weight":3.429},
{"Node_id":1891,"weight":1.1521},
{"Node_id":1892,"weight":2.3075},
{"Node_id":1893,"weight":2.6547},
{"Node_id":1894,"weight":3.0809},
{"Node_id":1895,"weight":1.4102},
{"Node_id":1898,"weight":0.7727},
{"Node_id":1903,"weight":2.7409},
{"Node_id":1904,"weight":2.4329},
{"Node_id":1905,"weight":3.6677},
{"Node_id":1906,"weight":1.7535},
{"Node_id":1907,"weight":0.9198},
{"Node_id":1908,"weight":0.6843},
{"Node_id":1909,"weight":1.3376},
{"Node_id":1912,"weight":0.4726},
{"Node_id":1913,"weight":1.2208},
{"Node_id":1914,"weight":1.901},
{"Node_id":1919,"weight":0.4604},
{"Node_id":1920,"weight":0.7713},
{"Node_id":1921,"weight":0.3789},
{"Node_id":1922,"weight":0.9494},
{"Node_id":1923,"weight":1.2236},
{"Node_id":1924,"weight":2.5836},
{"Node_id":1927,"weight":1.5561},
{"Node_id":1930,"weight":0.3417},
{"Node_id":1931,"weight":0.7662},
{"Node_id":1932,"weight":0.4938},
{"Node_id":1933,"weight":1.8236},
{"Node_id":1971,"weight":1.9615},
{"Node_id":1972,"weight":1.0906},
{"Node_id":1973,"weight":0.4583},
{"Node_id":1974,"weight":0.8731},
{"Node_id":1975,"weight":0.6745},
{"Node_id":1978,"weight":1.1703},
{"Node_id":1981,"weight":0.7487},
{"Node_id":1984,"weight":1.3004},
{"Node_id":1985,"weight":5.5957},
{"Node_id":1986,"weight":0.2039},
{"Node_id":1987,"weight":0.054},
{"Node_id":1988,"weight":0.4515},
{"Node_id":1989,"weight":1.7504},
{"Node_id":1990,"weight":1.6501},
{"Node_id":1991,"weight":1.268},
{"Node_id":1992,"weight":0.8487},
{"Node_id":1993,"weight":0.5147},
{"Node_id":1994,"weight":0.5555},
{"Node_id":1995,"weight":0.795},
{"Node_id":1996,"weight":0.9479},
{"Node_id":1999,"weight":2.6162},
{"Node_id":2000,"weight":2.4909},
{"Node_id":2001,"weight":1.5265},
{"Node_id":2002,"weight":0.3677},
{"Node_id":2003,"weight":0.725},
{"Node_id":2004,"weight":1.5008},
{"Node_id":2005,"weight":0.5177},
{"Node_id":2027,"weight":1.0299},
{"Node_id":2028,"weight":2.508},
{"Node_id":2031,"weight":1.014},
{"Node_id":2032,"weight":2.1418},
{"Node_id":2033,"weight":3.818},
{"Node_id":2034,"weight":3.2619},
{"Node_id":2035,"weight":0.8179},
{"Node_id":2036,"weight":0.7286},
{"Node_id":2044,"weight":0.4692},
{"Node_id":2045,"weight":1.8103},
{"Node_id":2046,"weight":3.7669},
{"Node_id":2047,"weight":2.7287},
{"Node_id":2052,"weight":2.1676},
{"Node_id":2053,"weight":0.4811},
{"Node_id":2054,"weight":1.5645},
{"Node_id":2055,"weight":2.1535},
{"Node_id":2056,"weight":1.5652},
{"Node_id":2058,"weight":0.0624},
{"Node_id":2294,"weight":1.6114},
{"Node_id":2295,"weight":2.0125},
{"Node_id":2367,"weight":0.5941},
{"Node_id":2368,"weight":3.1247},
{"Node_id":2369,"weight":4.1448},
{"Node_id":2370,"weight":1.7744},
{"Node_id":2371,"weight":1.1803},
{"Node_id":2372,"weight":1.7307},
{"Node_id":2375,"weight":0.4912},
{"Node_id":2376,"weight":1.9027},
{"Node_id":2377,"weight":1.0222},
{"Node_id":2378,"weight":0.5117},
{"Node_id":2379,"weight":1.7792},
{"Node_id":2380,"weight":1.8704},
{"Node_id":2381,"weight":0.131},
{"Node_id":2382,"weight":0.4591},
{"Node_id":2383,"weight":0.8789},
{"Node_id":2384,"weight":0.4604},
{"Node_id":2385,"weight":0.8886},
{"Node_id":2388,"weight":1.3261},
{"Node_id":2389,"weight":4.0396},
{"Node_id":2393,"weight":4.833},
{"Node_id":2394,"weight":0.7291},
{"Node_id":2399,"weight":1.6013},
{"Node_id":2406,"weight":3.4624},
{"Node_id":2407,"weight":3.4095},
{"Node_id":2414,"weight":7.418},
{"Node_id":2415,"weight":1.5389},
{"Node_id":2416,"weight":1.9089},
{"Node_id":2417,"weight":1.1792},
{"Node_id":2418,"weight":0.1342},
{"Node_id":2419,"weight":0.4084},
{"Node_id":2420,"weight":3.727},
{"Node_id":2421,"weight":0.322},
{"Node_id":2422,"weight":3.577},
{"Node_id":2427,"weight":2.2646},
{"Node_id":2428,"weight":0.6517},
{"Node_id":2429,"weight":0.1451},
{"Node_id":2430,"weight":2.9896},
{"Node_id":2431,"weight":2.0816},
{"Node_id":2432,"weight":0.3232},
{"Node_id":2435,"weight":0.3146},
{"Node_id":2436,"weight":0.6177},
{"Node_id":2437,"weight":0.911},
{"Node_id":2441,"weight":2.3309},
{"Node_id":2442,"weight":1.0658},
{"Node_id":2453,"weight":0.9435},
{"Node_id":2454,"weight":0.2615},
{"Node_id":2455,"weight":1.8939},
{"Node_id":2456,"weight":1.7159},
{"Node_id":2459,"weight":1.0616},
{"Node_id":2460,"weight":3.0458},
{"Node_id":2461,"weight":2.1632},
{"Node_id":2462,"weight":0.1595},
{"Node_id":2463,"weight":1.0711},
{"Node_id":2465,"weight":0.1511},
{"Node_id":2466,"weight":0.1648},
{"Node_id":2467,"weight":0.9901},
{"Node_id":2468,"weight":1.2282},
{"Node_id":2469,"weight":0.3586},
{"Node_id":2470,"weight":1.8029},
{"Node_id":2471,"weight":1.0284},
{"Node_id":2472,"weight":2.1578},
{"Node_id":2473,"weight":1.5942},
{"Node_id":2474,"weight":0.5989},
{"Node_id":2475,"weight":0.9169},
{"Node_id":2476,"weight":1.5136},
{"Node_id":2477,"weight":1.2049},
{"Node_id":2478,"weight":0.5741},
{"Node_id":2479,"weight":2.1041},
{"Node_id":2480,"weight":1.5423},
{"Node_id":2481,"weight":1.7276},
{"Node_id":2482,"weight":0.4176},
{"Node_id":2512,"weight":0.6646},
{"Node_id":2513,"weight":2.1719},
{"Node_id":2514,"weight":1.0038},
{"Node_id":2515,"weight":2.2943},
{"Node_id":2516,"weight":0.403},
{"Node_id":2519,"weight":0.9139},
{"Node_id":2524,"weight":6.2126},
{"Node_id":2533,"weight":3.055},
{"Node_id":2534,"weight":0.4038},
{"Node_id":2535,"weight":1.4172},
{"Node_id":2536,"weight":1.295},
{"Node_id":2537,"weight":0.2007},
{"Node_id":2538,"weight":2.7339},
{"Node_id":2539,"weight":0.8161},
{"Node_id":2540,"weight":0.3826},
{"Node_id":2541,"weight":0.6504},
{"Node_id":2542,"weight":0.854},
{"Node_id":2543,"weight":1.4236},
{"Node_id":2544,"weight":0.4629},
{"Node_id":2551,"weight":1.0423},
{"Node_id":2561,"weight":1.0774},
{"Node_id":2562,"weight":1.4908},
{"Node_id":2563,"weight":1.4631},
{"Node_id":2564,"weight":2.0775},
{"Node_id":2565,"weight":1.789},
{"Node_id":2566,"weight":1.1072},
{"Node_id":2567,"weight":2.3309},
{"Node_id":2568,"weight":0.9159},
{"Node_id":2569,"weight":0.8132},
{"Node_id":2570,"weight":1.1903},
{"Node_id":2571,"weight":1.6383},
{"Node_id":2572,"weight":0.8001},
{"Node_id":2575,"weight":1.8834},
{"Node_id":2576,"weight":1.2809},
{"Node_id":2577,"weight":2.0029},
{"Node_id":2578,"weight":1.9736},
{"Node_id":2582,"weight":0.9105},
{"Node_id":2583,"weight":1.8489},
{"Node_id":2584,"weight":3.1075},
{"Node_id":2585,"weight":0.9464},
{"Node_id":2586,"weight":0.0748},
{"Node_id":2587,"weight":0.2603},
{"Node_id":2588,"weight":1.2529},
{"Node_id":2590,"weight":0.3805},
{"Node_id":2591,"weight":4.5174},
{"Node_id":2592,"weight":0.0748},
{"Node_id":2593,"weight":1.2145},
{"Node_id":2594,"weight":3.0881},
{"Node_id":2595,"weight":0.3569},
{"Node_id":2596,"weight":0.4184},
{"Node_id":2599,"weight":1.4064},
{"Node_id":2600,"weight":3.2314},
{"Node_id":2601,"weight":0.4205},
{"Node_id":2602,"weight":1.172},
{"Node_id":2606,"weight":2.7857},
{"Node_id":2607,"weight":0.5473},
{"Node_id":2610,"weight":0.2088},
{"Node_id":2612,"weight":2.401},
{"Node_id":2614,"weight":0.6081},
{"Node_id":2615,"weight":2.1665},
{"Node_id":2619,"weight":0.7213},
{"Node_id":2620,"weight":2.2208},
{"Node_id":2621,"weight":5.6515},
{"Node_id":2622,"weight":5.2539},
{"Node_id":2624,"weight":1.631},
{"Node_id":2625,"weight":3.842},
{"Node_id":2626,"weight":4.8203},
{"Node_id":2627,"weight":0.6098},
{"Node_id":2645,"weight":0.9455},
{"Node_id":2646,"weight":0.038},
{"Node_id":2647,"weight":2.126},
{"Node_id":2648,"weight":1.4802},
{"Node_id":2649,"weight":0.4629},
{"Node_id":2652,"weight":1.5471},
{"Node_id":2658,"weight":2.2163},
{"Node_id":2659,"weight":0.9977},
{"Node_id":2699,"weight":0.6718},
{"Node_id":2700,"weight":1.2832},
{"Node_id":2701,"weight":0.2177},
{"Node_id":2702,"weight":1.2962},
{"Node_id":2703,"weight":3.4323},
{"Node_id":2704,"weight":0.7556},
{"Node_id":2705,"weight":0.3068},
{"Node_id":2706,"weight":0.5326},
{"Node_id":2707,"weight":0.1523},
{"Node_id":2708,"weight":2.7339},
{"Node_id":2709,"weight":2.5239},
{"Node_id":2710,"weight":0.7773},
{"Node_id":2711,"weight":0.5262},
{"Node_id":2712,"weight":1.7105},
{"Node_id":2714,"weight":1.3334},
{"Node_id":2715,"weight":1.2815},
{"Node_id":2716,"weight":2.5297},
{"Node_id":2717,"weight":3.3138},
{"Node_id":2718,"weight":0.064},
{"Node_id":2719,"weight":0.6548},
{"Node_id":2720,"weight":0.6857},
{"Node_id":2721,"weight":0.8043},
{"Node_id":2722,"weight":0.1302},
{"Node_id":2723,"weight":0.0492},
{"Node_id":2724,"weight":1.0289},
{"Node_id":2725,"weight":2.0515},
{"Node_id":2726,"weight":0.3011},
{"Node_id":2727,"weight":0.268},
{"Node_id":2728,"weight":0.4811},
{"Node_id":2734,"weight":1.6523},
{"Node_id":2735,"weight":0.5159},
{"Node_id":2736,"weight":0.3917},
{"Node_id":2737,"weight":1.6642},
{"Node_id":2738,"weight":4.1513},
{"Node_id":2739,"weight":0.4819},
{"Node_id":2740,"weight":1.0732},
{"Node_id":2743,"weight":0.8554},
{"Node_id":2744,"weight":0.5138},
{"Node_id":2745,"weight":1.4358},
{"Node_id":2746,"weight":0.5066},
{"Node_id":2747,"weight":0.6081},
{"Node_id":2748,"weight":0.8383},
{"Node_id":2749,"weight":0.29},
{"Node_id":2750,"weight":7.418},
{"Node_id":2756,"weight":0.5875},
{"Node_id":2759,"weight":1.1434},
{"Node_id":2760,"weight":2.8154},
{"Node_id":2761,"weight":0.7657},
{"Node_id":2762,"weight":2.1503},
{"Node_id":2763,"weight":1.2174},
{"Node_id":2764,"weight":0.8683},
{"Node_id":2765,"weight":0.1386},
{"Node_id":2766,"weight":1.9597},
{"Node_id":2767,"weight":3.2178},
{"Node_id":2768,"weight":1.1271},
{"Node_id":2769,"weight":0.4301},
{"Node_id":2770,"weight":1.3153},
{"Node_id":2775,"weight":2.3788},
{"Node_id":2776,"weight":0.3483},
{"Node_id":2777,"weight":1.0099},
{"Node_id":2787,"weight":4.6903},
{"Node_id":2788,"weight":0.3772},
{"Node_id":2791,"weight":1.1147},
{"Node_id":2792,"weight":0.2908},
{"Node_id":2793,"weight":2.8496},
{"Node_id":2794,"weight":2.2494},
{"Node_id":2887,"weight":2.508},
{"Node_id":2892,"weight":0.1841},
{"Node_id":2893,"weight":0.8449},
{"Node_id":2895,"weight":0.4507},
{"Node_id":2896,"weight":2.1461},
{"Node_id":2897,"weight":0.2363},
{"Node_id":2898,"weight":0.02},
{"Node_id":2899,"weight":1.8128},
{"Node_id":2900,"weight":0.4075},
{"Node_id":2901,"weight":0.3314},
{"Node_id":2904,"weight":3.0162},
{"Node_id":3022,"weight":1.7575},
{"Node_id":3023,"weight":1.7159},
{"Node_id":3024,"weight":0.2128},
{"Node_id":3025,"weight":3.3903},
{"Node_id":3026,"weight":1.1488},
{"Node_id":3027,"weight":1.8626},
{"Node_id":3028,"weight":2.1397},
{"Node_id":3029,"weight":1.607},
{"Node_id":3030,"weight":0.6177},
{"Node_id":3031,"weight":0.4255},
{"Node_id":3032,"weight":0.7446},
{"Node_id":3033,"weight":0.2692},
{"Node_id":3034,"weight":3.0207},
{"Node_id":3035,"weight":0.4532},
{"Node_id":3036,"weight":2.0806},
{"Node_id":3037,"weight":0.5758},
{"Node_id":3038,"weight":1.7591},
{"Node_id":3039,"weight":0.8359},
{"Node_id":3040,"weight":0.1523},
{"Node_id":3041,"weight":3.5884},
{"Node_id":3042,"weight":3.6885},
{"Node_id":3045,"weight":0.5061},
{"Node_id":3046,"weight":0.9609},
{"Node_id":3047,"weight":0.3905},
{"Node_id":3048,"weight":1.7051},
{"Node_id":3049,"weight":3.3407},
{"Node_id":3050,"weight":0.6562},
{"Node_id":3051,"weight":0.4595},
{"Node_id":3052,"weight":2.7803},
{"Node_id":3053,"weight":0.2221},
{"Node_id":3054,"weight":1.2651},
{"Node_id":3055,"weight":3.0072},
{"Node_id":3056,"weight":4.7474},
{"Node_id":3057,"weight":0.4351},
{"Node_id":3058,"weight":1.793},
{"Node_id":3059,"weight":1.6078},
{"Node_id":3060,"weight":1.5715},
{"Node_id":3065,"weight":1.0084},
{"Node_id":3066,"weight":3.3621},
{"Node_id":3207,"weight":6.6441},
{"Node_id":3208,"weight":1.5103},
{"Node_id":3209,"weight":1.9188},
{"Node_id":3524,"weight":0.034},
{"Node_id":3722,"weight":0.6464},
{"Node_id":3843,"weight":2.4671},
{"Node_id":3844,"weight":2.0105},
{"Node_id":4004,"weight":0.479},
{"Node_id":4005,"weight":0.8635},
{"Node_id":4006,"weight":2.0183},
{"Node_id":4007,"weight":1.5779},
{"Node_id":4008,"weight":3.5657},
{"Node_id":4009,"weight":3.8666},
{"Node_id":4010,"weight":3.5508},
{"Node_id":4011,"weight":3.1124},
{"Node_id":4012,"weight":0.3269},
{"Node_id":4013,"weight":8.1114},
{"Node_id":4014,"weight":2.6466},
{"Node_id":4015,"weight":0.457},
{"Node_id":4016,"weight":0.0124},
{"Node_id":4017,"weight":0.9301},
{"Node_id":4018,"weight":0.3677},
{"Node_id":4019,"weight":1.5835},
{"Node_id":4020,"weight":5.4448},
{"Node_id":4021,"weight":0.8161},
{"Node_id":4022,"weight":0.8071},
{"Node_id":4023,"weight":1.2506},
{"Node_id":4024,"weight":0.6522},
{"Node_id":4025,"weight":1.5089},
{"Node_id":4026,"weight":0.405},
{"Node_id":4027,"weight":0.74},
{"Node_id":4028,"weight":1.254},
{"Node_id":4029,"weight":0.359},
{"Node_id":4030,"weight":0.3656},
{"Node_id":4031,"weight":0.338},
{"Node_id":4032,"weight":1.2587},
{"Node_id":4033,"weight":1.602},
{"Node_id":4034,"weight":0.5006},
{"Node_id":4035,"weight":1.9134},
{"Node_id":4036,"weight":0.3992},
{"Node_id":4037,"weight":1.2213},
{"Node_id":4038,"weight":0.9694},
{"Node_id":4042,"weight":1.5548},
{"Node_id":4043,"weight":3.9824},
{"Node_id":4044,"weight":0.8123},
{"Node_id":4045,"weight":0.8655},
{"Node_id":4046,"weight":1.3401},
{"Node_id":4049,"weight":0.9066},
{"Node_id":4052,"weight":0.2136},
{"Node_id":4053,"weight":0.8993},
{"Node_id":4056,"weight":0.7699},
{"Node_id":4057,"weight":1.1999},
{"Node_id":4058,"weight":0.1704},
{"Node_id":4059,"weight":1.5645},
{"Node_id":4060,"weight":2.883},
{"Node_id":4061,"weight":1.9496},
{"Node_id":4062,"weight":4.0634},
{"Node_id":4068,"weight":2.97},
{"Node_id":4069,"weight":0.9774},
{"Node_id":4070,"weight":1.3437},
{"Node_id":4152,"weight":1.0012},
{"Node_id":4153,"weight":0.2031},
{"Node_id":4156,"weight":0.5249},
{"Node_id":4157,"weight":3.2314},
{"Node_id":4158,"weight":0.6664},
{"Node_id":4159,"weight":0.2802},
{"Node_id":4160,"weight":0.5728},
{"Node_id":4161,"weight":1.597},
{"Node_id":4164,"weight":0.4151},
{"Node_id":4165,"weight":3.6636},
{"Node_id":4169,"weight":1.6063},
{"Node_id":4172,"weight":1.0186},
{"Node_id":4173,"weight":0.7295},
{"Node_id":4176,"weight":4.2402},
{"Node_id":4177,"weight":0.1467},
{"Node_id":4178,"weight":0.3801},
{"Node_id":4179,"weight":2.456},
{"Node_id":4180,"weight":1.0959},
{"Node_id":4181,"weight":4.6155},
{"Node_id":4182,"weight":1.9214},
{"Node_id":4183,"weight":0.678},
{"Node_id":4184,"weight":0.658},
{"Node_id":4185,"weight":1.016},
{"Node_id":4186,"weight":0.8128},
{"Node_id":4187,"weight":0.1781},
{"Node_id":4188,"weight":1.4696},
{"Node_id":4189,"weight":1.8948},
{"Node_id":4190,"weight":0.6789},
{"Node_id":4191,"weight":0.5715},
{"Node_id":4192,"weight":2.5008},
{"Node_id":4193,"weight":1.0548},
{"Node_id":4196,"weight":1.8413},
{"Node_id":4197,"weight":0.3129},
{"Node_id":4198,"weight":1.4742},
{"Node_id":4199,"weight":1.6936},
{"Node_id":4200,"weight":1.8211},
{"Node_id":4201,"weight":1.6142},
{"Node_id":4202,"weight":2.0096},
{"Node_id":4203,"weight":0.6937},
{"Node_id":4204,"weight":3.6392},
{"Node_id":4205,"weight":1.5245},
{"Node_id":4206,"weight":1.5892},
{"Node_id":4207,"weight":1.2657},
{"Node_id":4208,"weight":0.0885},
{"Node_id":4209,"weight":1.4565},
{"Node_id":4210,"weight":0.3693},
{"Node_id":4212,"weight":0.7259},
{"Node_id":4213,"weight":4.2051},
{"Node_id":4214,"weight":1.4657},
{"Node_id":4215,"weight":3.2044},
{"Node_id":4216,"weight":0.7023},
{"Node_id":4217,"weight":2.4533},
{"Node_id":4218,"weight":0.038},
{"Node_id":4221,"weight":0.4938},
{"Node_id":4222,"weight":1.0981},
{"Node_id":4223,"weight":0.6588},
{"Node_id":4224,"weight":2.773},
{"Node_id":4303,"weight":2.5852},
{"Node_id":4320,"weight":0.6199},
{"Node_id":4321,"weight":0.3265},
{"Node_id":4322,"weight":3.0715},
{"Node_id":4323,"weight":2.31},
{"Node_id":4324,"weight":0.985},
{"Node_id":4325,"weight":0.6362},
{"Node_id":4326,"weight":2.1928},
{"Node_id":4327,"weight":1.1407},
{"Node_id":4328,"weight":0.2802},
{"Node_id":4329,"weight":0.982},
{"Node_id":4330,"weight":0.4968},
{"Node_id":4406,"weight":0.4968},
{"Node_id":4407,"weight":1.8712},
{"Node_id":4408,"weight":1.7615},
{"Node_id":4409,"weight":2.4049},
{"Node_id":4410,"weight":1.9606},
{"Node_id":4411,"weight":0.0488},
{"Node_id":4412,"weight":0.5641},
{"Node_id":4413,"weight":1.439},
{"Node_id":4414,"weight":2.1155},
{"Node_id":4415,"weight":0.4314},
{"Node_id":4416,"weight":0.8751},
{"Node_id":4417,"weight":0.825},
{"Node_id":4418,"weight":3.1651},
{"Node_id":4420,"weight":1.3963},
{"Node_id":4421,"weight":1.4982},
{"Node_id":4422,"weight":0.6682},
{"Node_id":4423,"weight":0.3302},
{"Node_id":4424,"weight":1.7655},
{"Node_id":4425,"weight":0.0564},
{"Node_id":4426,"weight":0.8293},
{"Node_id":4427,"weight":0.2096},
{"Node_id":4428,"weight":0.1081},
{"Node_id":4429,"weight":0.3269},
{"Node_id":4435,"weight":2.5239},
{"Node_id":4436,"weight":3.5845},
{"Node_id":4437,"weight":0.7501},
{"Node_id":4438,"weight":0.6651},
{"Node_id":4439,"weight":1.079},
{"Node_id":4440,"weight":2.321},
{"Node_id":4441,"weight":1.7167},
{"Node_id":4443,"weight":1.7776},
{"Node_id":4444,"weight":0.9987},
{"Node_id":4447,"weight":0.1523},
{"Node_id":4448,"weight":0.0208},
{"Node_id":4451,"weight":0.7172},
{"Node_id":4452,"weight":0.9356},
{"Node_id":4453,"weight":0.2546},
{"Node_id":4455,"weight":0.1061},
{"Node_id":4456,"weight":1.8012},
{"Node_id":4457,"weight":0.2424},
{"Node_id":4458,"weight":3.7357},
{"Node_id":4459,"weight":1.2921},
{"Node_id":4460,"weight":4.0694},
{"Node_id":4461,"weight":1.0094},
{"Node_id":4462,"weight":0.4671},
{"Node_id":4463,"weight":1.5984},
{"Node_id":4464,"weight":4.4451},
{"Node_id":4467,"weight":1.2709},
{"Node_id":4468,"weight":2.5867},
{"Node_id":4469,"weight":0.646},
{"Node_id":4470,"weight":0.3963},
{"Node_id":4471,"weight":1.5814},
{"Node_id":4472,"weight":2.1994},
{"Node_id":4473,"weight":0.04},
{"Node_id":4474,"weight":0.8944},
{"Node_id":4477,"weight":1.6679},
{"Node_id":4478,"weight":0.0965},
{"Node_id":4479,"weight":2.8633},
{"Node_id":4480,"weight":1.385},
{"Node_id":4481,"weight":0.3996},
{"Node_id":4482,"weight":1.5245},
{"Node_id":4483,"weight":0.6821},
{"Node_id":4484,"weight":0.7694},
{"Node_id":4485,"weight":1.167},
{"Node_id":4486,"weight":1.5451},
{"Node_id":4487,"weight":0.6946},
{"Node_id":4488,"weight":2.1939},
{"Node_id":4489,"weight":1.1909},
{"Node_id":4490,"weight":0.3047},
{"Node_id":4491,"weight":0.5862},
{"Node_id":4492,"weight":1.0507},
{"Node_id":4493,"weight":0.8978},
{"Node_id":4494,"weight":1.5464},
{"Node_id":4495,"weight":1.43},
{"Node_id":4497,"weight":1.5548},
{"Node_id":4498,"weight":1.2785},
{"Node_id":4501,"weight":0.4142},
{"Node_id":4502,"weight":0.174},
{"Node_id":4503,"weight":1.3075},
{"Node_id":4504,"weight":1.4941},
{"Node_id":4505,"weight":0.7639},
{"Node_id":4506,"weight":0.058},
{"Node_id":4507,"weight":2.8991},
{"Node_id":4508,"weight":0.2136},
{"Node_id":4531,"weight":3.2704},
{"Node_id":4532,"weight":1.6982},
{"Node_id":4533,"weight":0.9484},
{"Node_id":4534,"weight":1.1347},
{"Node_id":4536,"weight":1.047},
{"Node_id":4537,"weight":1.3714},
{"Node_id":4538,"weight":1.9783},
{"Node_id":4539,"weight":3.3746},
{"Node_id":4540,"weight":1.3219},
{"Node_id":4541,"weight":0.938},
{"Node_id":4542,"weight":1.5103},
{"Node_id":4543,"weight":0.3503},
{"Node_id":4544,"weight":1.2832},
{"Node_id":4545,"weight":3.5732},
{"Node_id":4546,"weight":0.3955},
{"Node_id":4547,"weight":1.9259},
{"Node_id":4548,"weight":0.3685},
{"Node_id":4549,"weight":1.0748},
{"Node_id":4550,"weight":1.6405},
{"Node_id":4551,"weight":0.3011},
{"Node_id":4552,"weight":2.9174},
{"Node_id":4553,"weight":0.3955},
{"Node_id":4554,"weight":3.3683},
{"Node_id":4555,"weight":2.1698},
{"Node_id":4556,"weight":0.9865},
{"Node_id":4557,"weight":2.9153},
{"Node_id":4558,"weight":1.151},
{"Node_id":4559,"weight":0.4713},
{"Node_id":4564,"weight":2.0979},
{"Node_id":4565,"weight":0.1258},
{"Node_id":4566,"weight":0.2201},
{"Node_id":4567,"weight":1.1942},
{"Node_id":4568,"weight":0.8034},
{"Node_id":4570,"weight":1.0637},
{"Node_id":4572,"weight":1.1709},
{"Node_id":4573,"weight":0.6816},
{"Node_id":4574,"weight":2.2943},
{"Node_id":4575,"weight":4.6363},
{"Node_id":4576,"weight":0.5053},
{"Node_id":4577,"weight":0.0388},
{"Node_id":4578,"weight":0.4276},
{"Node_id":4579,"weight":2.7235},
{"Node_id":4580,"weight":4.5653},
{"Node_id":4581,"weight":1.3547},
{"Node_id":4582,"weight":1.058},
{"Node_id":4585,"weight":1.3034},
{"Node_id":4586,"weight":2.7551},
{"Node_id":4587,"weight":1.1265},
{"Node_id":4588,"weight":3.1781},
{"Node_id":4589,"weight":2.9174},
{"Node_id":4590,"weight":0.8794},
{"Node_id":4591,"weight":0.4184},
{"Node_id":4592,"weight":0.98},
{"Node_id":4593,"weight":0.98},
{"Node_id":4594,"weight":0.5902},
{"Node_id":4597,"weight":1.0853},
{"Node_id":4598,"weight":1.4611},
{"Node_id":4600,"weight":2.3801},
{"Node_id":4603,"weight":0.8934},
{"Node_id":4604,"weight":1.2015},
{"Node_id":4605,"weight":0.0556},
{"Node_id":4606,"weight":1.0997},
{"Node_id":4609,"weight":1.45},
{"Node_id":4611,"weight":0.2481},
{"Node_id":4612,"weight":2.2265},
{"Node_id":4613,"weight":0.7708},
{"Node_id":4614,"weight":2.2333},
{"Node_id":4615,"weight":1.1494},
{"Node_id":4616,"weight":0.3277},
{"Node_id":4617,"weight":1.8704},
{"Node_id":4618,"weight":5.8061},
{"Node_id":4659,"weight":0.5884},
{"Node_id":4660,"weight":0.0528},
{"Node_id":4663,"weight":0.5481},
{"Node_id":4731,"weight":0.8076},
{"Node_id":4732,"weight":0.7391},
{"Node_id":4735,"weight":0.988},
{"Node_id":4736,"weight":1.1825},
{"Node_id":4737,"weight":0.8095},
{"Node_id":4740,"weight":0.8998},
{"Node_id":4741,"weight":0.942},
{"Node_id":4744,"weight":0.6292},
{"Node_id":4745,"weight":0.8891},
{"Node_id":4748,"weight":2.3271},
{"Node_id":4749,"weight":0.0228},
{"Node_id":4750,"weight":1.5191},
{"Node_id":4751,"weight":0.7268},
{"Node_id":4752,"weight":1.4153},
{"Node_id":4755,"weight":1.3794},
{"Node_id":4756,"weight":2.3075},
{"Node_id":4757,"weight":2.4923},
{"Node_id":4758,"weight":0.072},
{"Node_id":4759,"weight":1.5451},
{"Node_id":4760,"weight":1.4268},
{"Node_id":4761,"weight":1.4808},
{"Node_id":4762,"weight":4.2915},
{"Node_id":4763,"weight":1.2077},
{"Node_id":4764,"weight":0.909},
{"Node_id":4769,"weight":0.568},
{"Node_id":4775,"weight":1.9404},
{"Node_id":4776,"weight":2.895},
{"Node_id":5025,"weight":0.0244},
{"Node_id":5026,"weight":1.6121},
{"Node_id":5029,"weight":0.6151},
{"Node_id":5030,"weight":1.254},
{"Node_id":5031,"weight":3.1099},
{"Node_id":5032,"weight":1.2322},
{"Node_id":5033,"weight":2.8305},
{"Node_id":5034,"weight":1.119},
{"Node_id":5035,"weight":0.7154},
{"Node_id":5036,"weight":4.3694},
{"Node_id":5037,"weight":0.3273},
{"Node_id":5038,"weight":0.5241},
{"Node_id":5039,"weight":0.1849},
{"Node_id":5040,"weight":0.4515},
{"Node_id":5041,"weight":1.1864},
{"Node_id":5042,"weight":2.1302},
{"Node_id":5194,"weight":2.4601},
{"Node_id":5195,"weight":0.3693},
{"Node_id":5196,"weight":1.0418},
{"Node_id":5197,"weight":0.0124},
{"Node_id":5213,"weight":0.73},
{"Node_id":5214,"weight":1.9625},
{"Node_id":5215,"weight":2.3149},
{"Node_id":5216,"weight":0.612},
{"Node_id":5217,"weight":1.4384},
{"Node_id":5266,"weight":0.9002},
{"Node_id":5267,"weight":0.5823},
{"Node_id":5268,"weight":0.3302},
{"Node_id":5269,"weight":1.7283},
{"Node_id":5270,"weight":2.7357},
{"Node_id":5271,"weight":2.1365},
{"Node_id":5274,"weight":0.4255},
{"Node_id":5332,"weight":0.7186},
{"Node_id":5333,"weight":0.0704},
{"Node_id":5334,"weight":0.5361},
{"Node_id":5374,"weight":0.281},
{"Node_id":5375,"weight":5.4685},
{"Node_id":5376,"weight":1.3304},
{"Node_id":5377,"weight":0.7866},
{"Node_id":5378,"weight":0.5797},
{"Node_id":5379,"weight":1.5279},
{"Node_id":5380,"weight":1.4835},
{"Node_id":5381,"weight":2.6761},
{"Node_id":5382,"weight":0.4009},
{"Node_id":5385,"weight":2.1708},
{"Node_id":5386,"weight":0.638},
{"Node_id":5387,"weight":0.4751},
{"Node_id":5388,"weight":2.2028},
{"Node_id":5389,"weight":2.7839},
{"Node_id":5392,"weight":2.4423},
{"Node_id":5393,"weight":0.6195},
{"Node_id":5394,"weight":0.8833},
{"Node_id":5395,"weight":0.3714},
{"Node_id":5398,"weight":1.3334},
{"Node_id":5399,"weight":1.2803},
{"Node_id":5400,"weight":1.1505},
{"Node_id":5401,"weight":1.2587},
{"Node_id":5402,"weight":1.059},
{"Node_id":5403,"weight":1.4975},
{"Node_id":5404,"weight":0.6491},
{"Node_id":5405,"weight":1.1703},
{"Node_id":5406,"weight":5.3992},
{"Node_id":5410,"weight":1.9736},
{"Node_id":5411,"weight":2.6417},
{"Node_id":5412,"weight":0.5207},
{"Node_id":5413,"weight":1.9081},
{"Node_id":5414,"weight":2.0938},
{"Node_id":5415,"weight":0.6248},
{"Node_id":5416,"weight":0.8833},
{"Node_id":5417,"weight":1.6412},
{"Node_id":5418,"weight":1.2454},
{"Node_id":5419,"weight":2.7322},
{"Node_id":5420,"weight":0.8559},
{"Node_id":5423,"weight":2.375},
{"Node_id":5424,"weight":0.7114},
{"Node_id":5425,"weight":3.6513},
{"Node_id":5426,"weight":1.5722},
{"Node_id":5427,"weight":2.6612},
{"Node_id":5428,"weight":0.4503},
{"Node_id":5429,"weight":0.6522},
{"Node_id":5432,"weight":1.5306},
{"Node_id":5433,"weight":0.8545},
{"Node_id":5434,"weight":0.6256},
{"Node_id":5435,"weight":0.8949},
{"Node_id":5436,"weight":2.2106},
{"Node_id":5437,"weight":3.3438},
{"Node_id":5438,"weight":0.9061},
{"Node_id":5441,"weight":0.1121},
{"Node_id":5442,"weight":1.5729},
{"Node_id":5443,"weight":0.4946},
{"Node_id":5444,"weight":0.0536},
{"Node_id":5445,"weight":4.6363},
{"Node_id":5446,"weight":1.3455},
{"Node_id":5447,"weight":0.1914},
{"Node_id":5448,"weight":3.6273},
{"Node_id":5460,"weight":0.4785},
{"Node_id":5461,"weight":0.2814},
{"Node_id":5462,"weight":1.1527},
{"Node_id":5463,"weight":2.2764},
{"Node_id":5464,"weight":1.4236},
{"Node_id":5465,"weight":0.0256},
{"Node_id":5466,"weight":0.0024},
{"Node_id":5467,"weight":0.0941},
{"Node_id":5468,"weight":0.8274},
{"Node_id":5470,"weight":1.7013},
{"Node_id":5471,"weight":0.0752},
{"Node_id":5472,"weight":2.1103},
{"Node_id":5476,"weight":5.3992},
{"Node_id":5477,"weight":0.3302},
{"Node_id":5478,"weight":2.4643},
{"Node_id":5479,"weight":0.3722},
{"Node_id":5480,"weight":1.7955},
{"Node_id":5481,"weight":2.5913},
{"Node_id":5482,"weight":4.3694},
{"Node_id":5562,"weight":3.5362},
{"Node_id":5567,"weight":2.0289},
{"Node_id":5569,"weight":0.0264},
{"Node_id":5571,"weight":1.1898},
{"Node_id":5572,"weight":1.4982},
{"Node_id":5575,"weight":0.5164},
{"Node_id":5576,"weight":0.6081},
{"Node_id":5584,"weight":1.8816},
{"Node_id":5585,"weight":0.826},
{"Node_id":5586,"weight":0.7866},
{"Node_id":5587,"weight":1.2756},
{"Node_id":5588,"weight":0.056},
{"Node_id":5589,"weight":1.0248},
{"Node_id":5590,"weight":3.0343},
{"Node_id":5658,"weight":0.8071},
{"Node_id":5659,"weight":1.7623},
{"Node_id":5660,"weight":0.487},
{"Node_id":5691,"weight":1.4723},
{"Node_id":5692,"weight":0.8784},
{"Node_id":5693,"weight":0.2306},
{"Node_id":5696,"weight":1.6442},
{"Node_id":5697,"weight":0.588},
{"Node_id":5698,"weight":1.2015},
{"Node_id":5705,"weight":0.3648},
{"Node_id":5706,"weight":1.9259},
{"Node_id":5707,"weight":0.8269},
{"Node_id":5708,"weight":0.9071},
{"Node_id":5709,"weight":1.4468},
{"Node_id":5714,"weight":0.0276},
{"Node_id":5715,"weight":2.5654},
{"Node_id":5716,"weight":0.1153},
{"Node_id":5717,"weight":1.8532},
{"Node_id":5720,"weight":0.802},
{"Node_id":5721,"weight":3.3438},
{"Node_id":5722,"weight":3.2847},
{"Node_id":5723,"weight":2.9195},
{"Node_id":5724,"weight":0.3174},
{"Node_id":5727,"weight":0.2274},
{"Node_id":5728,"weight":1.5272},
{"Node_id":5731,"weight":0.3673},
{"Node_id":5732,"weight":0.98},
{"Node_id":5733,"weight":1.0418},
{"Node_id":5734,"weight":0.4105},
{"Node_id":9988,"weight":1.9214},
{"Node_id":9992,"weight":2.184},
{"Node_id":9993,"weight":3.483},
{"Node_id":9994,"weight":2.2799},
{"Node_id":9995,"weight":2.0505},
{"Node_id":9996,"weight":1.9802},
{"Node_id":9997,"weight":2.5051},
{"Node_id":10001,"weight":2.4994},
{"Node_id":10002,"weight":2.7218},
{"Node_id":10003,"weight":3.6636},
{"Node_id":10004,"weight":1.6493},
{"Node_id":10005,"weight":4.0396},
{"Node_id":10006,"weight":2.0367},
{"Node_id":10007,"weight":1.4319},
{"Node_id":10008,"weight":3.8918},
{"Node_id":10009,"weight":2.3699},
{"Node_id":10010,"weight":1.8825},
{"Node_id":10011,"weight":1.9924},
{"Node_id":10012,"weight":2.5459},
{"Node_id":10013,"weight":2.6645},
{"Node_id":10014,"weight":2.321},
{"Node_id":10015,"weight":1.6936},
{"Node_id":10016,"weight":4.1254},
{"Node_id":10019,"weight":2.1397},
{"Node_id":10020,"weight":2.4195},
{"Node_id":10021,"weight":1.4064},
{"Node_id":10022,"weight":1.8203},
{"Node_id":10023,"weight":4.1846},
{"Node_id":10030,"weight":2.7912},
{"Node_id":10035,"weight":2.9298},
{"Node_id":10036,"weight":3.7945},
{"Node_id":10040,"weight":1.5736},
{"Node_id":10041,"weight":1.9597},
{"Node_id":10042,"weight":1.9569},
{"Node_id":10043,"weight":1.4474},
{"Node_id":10044,"weight":1.9468},
{"Node_id":10045,"weight":2.0241},
{"Node_id":10066,"weight":1.4371},
{"Node_id":10067,"weight":2.4866},
{"Node_id":10068,"weight":1.7922},
{"Node_id":10069,"weight":1.5259},
{"Node_id":10070,"weight":3.2124},
{"Node_id":10071,"weight":2.5123},
{"Node_id":10072,"weight":1.832},
{"Node_id":10073,"weight":4.7357},
{"Node_id":10074,"weight":1.744},
{"Node_id":10075,"weight":1.748},
{"Node_id":10078,"weight":1.8643},
{"Node_id":10079,"weight":3.4127},
{"Node_id":10080,"weight":1.7036},
{"Node_id":10081,"weight":2.5852},
{"Node_id":10083,"weight":2.0846},
{"Node_id":10084,"weight":3.9713},
{"Node_id":10085,"weight":3.2963},
{"Node_id":10086,"weight":2.0212},
{"Node_id":10087,"weight":1.3976},
{"Node_id":10088,"weight":1.5513},
{"Node_id":10089,"weight":1.8203},
{"Node_id":10090,"weight":1.5492},
{"Node_id":10091,"weight":2.0456},
{"Node_id":10092,"weight":1.7036},
{"Node_id":10093,"weight":2.0595},
{"Node_id":10094,"weight":4.7954},
{"Node_id":10097,"weight":1.8421},
{"Node_id":10098,"weight":1.4624},
{"Node_id":10099,"weight":3.429},
{"Node_id":10100,"weight":2.764},
{"Node_id":10101,"weight":2.001},
{"Node_id":10102,"weight":1.6353},
{"Node_id":10103,"weight":1.4539},
{"Node_id":10104,"weight":4.219},
{"Node_id":10105,"weight":3.0667},
{"Node_id":10120,"weight":1.5638},
{"Node_id":10123,"weight":1.7583},
{"Node_id":10124,"weight":2.4102},
{"Node_id":10129,"weight":7.6004},
{"Node_id":10130,"weight":1.6034},
{"Node_id":10133,"weight":1.8421},
{"Node_id":10134,"weight":1.9532},
{"Node_id":10135,"weight":2.1928},
{"Node_id":10136,"weight":1.6493},
{"Node_id":10137,"weight":1.9395},
{"Node_id":10138,"weight":2.3983},
{"Node_id":10139,"weight":2.2634},
{"Node_id":10140,"weight":2.2253},
{"Node_id":10142,"weight":2.4369},
{"Node_id":10143,"weight":2.3271},
{"Node_id":10144,"weight":3.1026},
{"Node_id":10145,"weight":1.5764},
{"Node_id":10146,"weight":1.7097},
{"Node_id":10147,"weight":2.7115},
{"Node_id":10152,"weight":1.4261},
{"Node_id":10153,"weight":4.2766},
{"Node_id":10154,"weight":6.0725},
{"Node_id":10155,"weight":3.2397},
{"Node_id":10156,"weight":2.3763},
{"Node_id":10157,"weight":5.2159},
{"Node_id":10158,"weight":2.6006},
{"Node_id":10159,"weight":2.7857},
{"Node_id":10160,"weight":3.3714},
{"Node_id":10161,"weight":1.5666},
{"Node_id":10162,"weight":2.6612},
{"Node_id":10163,"weight":1.886},
{"Node_id":10164,"weight":1.866},
{"Node_id":10165,"weight":1.5327},
{"Node_id":10166,"weight":2.1218},
{"Node_id":10167,"weight":1.5123},
{"Node_id":10168,"weight":3.596},
{"Node_id":10169,"weight":1.7013},
{"Node_id":10171,"weight":2.887},
{"Node_id":10172,"weight":2.2287},
{"Node_id":10294,"weight":1.6875},
{"Node_id":10295,"weight":3.3227},
{"Node_id":10296,"weight":3.2733},
{"Node_id":10811,"weight":2.0887},
{"Node_id":11045,"weight":5.077},
{"Node_id":11046,"weight":1.4178},
{"Node_id":11047,"weight":4.1064},
{"Node_id":11048,"weight":2.0695},
{"Node_id":11050,"weight":2.2196},
{"Node_id":11052,"weight":2.0907},
{"Node_id":11053,"weight":2.9635},
{"Node_id":11054,"weight":3.9549},
{"Node_id":11055,"weight":1.4474},
{"Node_id":11056,"weight":1.7051},
{"Node_id":11057,"weight":2.3996},
{"Node_id":11058,"weight":1.7433},
{"Node_id":11059,"weight":2.1807},
{"Node_id":11060,"weight":2.3866},
{"Node_id":11061,"weight":1.3919},
{"Node_id":11062,"weight":2.0928},
{"Node_id":11067,"weight":2.0938},
{"Node_id":11068,"weight":1.9615},
{"Node_id":11069,"weight":2.0299},
{"Node_id":11070,"weight":2.3433},
{"Node_id":11072,"weight":2.5504},
{"Node_id":11074,"weight":2.5519},
{"Node_id":11075,"weight":1.8523},
{"Node_id":11076,"weight":2.3648},
{"Node_id":11080,"weight":1.4481},
{"Node_id":11081,"weight":1.4384},
{"Node_id":11082,"weight":5.2933},
{"Node_id":11083,"weight":1.4313},
{"Node_id":11084,"weight":3.3287},
{"Node_id":11085,"weight":1.9305},
{"Node_id":11086,"weight":4.8078},
{"Node_id":11087,"weight":2.5195},
{"Node_id":11088,"weight":1.3882},
{"Node_id":11089,"weight":3.2151},
{"Node_id":11090,"weight":2.3271},
{"Node_id":11092,"weight":4.6469},
{"Node_id":11093,"weight":2.2943},
{"Node_id":11094,"weight":3.4523},
{"Node_id":11095,"weight":1.4617},
{"Node_id":11097,"weight":3.0978},
{"Node_id":11098,"weight":1.6142},
{"Node_id":11099,"weight":1.3869},
{"Node_id":11100,"weight":3.0006},
{"Node_id":11101,"weight":2.8691},
{"Node_id":11102,"weight":1.7276},
{"Node_id":11103,"weight":1.3982},
{"Node_id":11105,"weight":2.0918},
{"Node_id":11110,"weight":2.7604},
{"Node_id":11111,"weight":1.7647},
{"Node_id":11112,"weight":3.4225},
{"Node_id":11113,"weight":3.1651},
{"Node_id":11114,"weight":2.6482},
{"Node_id":11115,"weight":1.6434},
{"Node_id":11116,"weight":2.6662},
{"Node_id":11118,"weight":1.8704},
{"Node_id":11119,"weight":1.4455},
{"Node_id":11120,"weight":1.452},
{"Node_id":11121,"weight":3.6677},
{"Node_id":11122,"weight":2.9722},
{"Node_id":11123,"weight":1.6405},
{"Node_id":11126,"weight":3.511},
{"Node_id":11127,"weight":1.6627},
{"Node_id":11128,"weight":3.1173},
{"Node_id":11129,"weight":2.2752},
{"Node_id":11130,"weight":1.6049},
{"Node_id":11131,"weight":1.6612},
{"Node_id":11132,"weight":2.9786},
{"Node_id":11133,"weight":1.9496},
{"Node_id":11134,"weight":1.7151},
{"Node_id":11137,"weight":1.8037},
{"Node_id":11138,"weight":1.7448},
{"Node_id":11139,"weight":1.9197},
{"Node_id":11140,"weight":2.6369},
{"Node_id":11178,"weight":2.1397},
{"Node_id":11179,"weight":1.4822},
{"Node_id":11180,"weight":3.7852},
{"Node_id":11181,"weight":1.9487},
{"Node_id":11182,"weight":2.1218},
{"Node_id":11183,"weight":2.2242},
{"Node_id":11185,"weight":5.9496},
{"Node_id":11188,"weight":2.9298},
{"Node_id":11191,"weight":4.1711},
{"Node_id":11192,"weight":2.4142},
{"Node_id":11193,"weight":2.4838},
{"Node_id":11194,"weight":2.4629},
{"Node_id":11195,"weight":3.2676},
{"Node_id":11196,"weight":4.6259},
{"Node_id":11197,"weight":4.5555},
{"Node_id":11198,"weight":1.7865},
{"Node_id":11199,"weight":1.4862},
{"Node_id":11200,"weight":1.8921},
{"Node_id":11201,"weight":1.5055},
{"Node_id":11202,"weight":1.4261},
{"Node_id":11203,"weight":1.7551},
{"Node_id":11205,"weight":5.2539},
{"Node_id":11206,"weight":1.4815},
{"Node_id":11207,"weight":1.4287},
{"Node_id":11208,"weight":1.5451},
{"Node_id":11209,"weight":1.6229},
{"Node_id":11210,"weight":4.2051},
{"Node_id":11211,"weight":2.579},
{"Node_id":11212,"weight":1.5885},
{"Node_id":11213,"weight":2.883},
{"Node_id":11217,"weight":2.5654},
{"Node_id":11231,"weight":2.2494},
{"Node_id":11232,"weight":2.5669},
{"Node_id":11234,"weight":2.8439},
{"Node_id":11235,"weight":2.3371},
{"Node_id":11236,"weight":1.3913},
{"Node_id":11237,"weight":4.3066},
{"Node_id":11238,"weight":2.7712},
{"Node_id":11239,"weight":5.077},
{"Node_id":11240,"weight":1.9386},
{"Node_id":11246,"weight":1.4955},
{"Node_id":11247,"weight":1.4364},
{"Node_id":11248,"weight":1.7639},
{"Node_id":11249,"weight":4.872},
{"Node_id":11254,"weight":1.4855},
{"Node_id":11255,"weight":3.0297},
{"Node_id":11256,"weight":1.421},
{"Node_id":11257,"weight":1.9487},
{"Node_id":11258,"weight":2.6434},
{"Node_id":11259,"weight":1.6777},
{"Node_id":11263,"weight":2.4168},
{"Node_id":11496,"weight":5.4217},
{"Node_id":11497,"weight":5.5429},
{"Node_id":11501,"weight":3.3377},
{"Node_id":11560,"weight":5.045},
{"Node_id":11561,"weight":3.8766},
{"Node_id":11562,"weight":1.719},
{"Node_id":11563,"weight":1.7354},
{"Node_id":11564,"weight":2.4768},
{"Node_id":11565,"weight":1.7198},
{"Node_id":11568,"weight":3.6076},
{"Node_id":11569,"weight":3.4523},
{"Node_id":11570,"weight":3.6273},
{"Node_id":11571,"weight":3.7401},
{"Node_id":11572,"weight":2.0338},
{"Node_id":11573,"weight":1.6906},
{"Node_id":11574,"weight":3.6718},
{"Node_id":11575,"weight":2.1418},
{"Node_id":11576,"weight":1.6419},
{"Node_id":11577,"weight":1.8549},
{"Node_id":11578,"weight":2.0212},
{"Node_id":11579,"weight":3.3808},
{"Node_id":11580,"weight":3.8469},
{"Node_id":11581,"weight":3.305},
{"Node_id":11582,"weight":1.4742},
{"Node_id":11585,"weight":1.5464},
{"Node_id":11586,"weight":2.0575},
{"Node_id":11587,"weight":1.7922},
{"Node_id":11592,"weight":5.4927},
{"Node_id":11595,"weight":3.7446},
{"Node_id":11598,"weight":3.5075},
{"Node_id":11599,"weight":1.7472},
{"Node_id":11600,"weight":1.4001},
{"Node_id":11601,"weight":3.6885},
{"Node_id":11602,"weight":2.5519},
{"Node_id":11604,"weight":3.8372},
{"Node_id":11605,"weight":2.0615},
{"Node_id":11606,"weight":2.0785},
{"Node_id":11607,"weight":2.1654},
{"Node_id":11608,"weight":1.6114},
{"Node_id":11609,"weight":1.812},
{"Node_id":11610,"weight":1.9143},
{"Node_id":11611,"weight":1.7567},
{"Node_id":11612,"weight":2.1862},
{"Node_id":11613,"weight":2.1906},
{"Node_id":11614,"weight":2.7357},
{"Node_id":11615,"weight":2.9465},
{"Node_id":11616,"weight":2.1249},
{"Node_id":11617,"weight":3.6432},
{"Node_id":11618,"weight":5.1441},
{"Node_id":11619,"weight":5.2734},
{"Node_id":11620,"weight":3.0978},
{"Node_id":11621,"weight":3.8132},
{"Node_id":11622,"weight":5.045},
{"Node_id":11623,"weight":2.401},
{"Node_id":11624,"weight":2.101},
{"Node_id":11625,"weight":1.515},
{"Node_id":11628,"weight":3.0644},
{"Node_id":11629,"weight":3.0366},
{"Node_id":11630,"weight":2.3039},
{"Node_id":11632,"weight":3.0184},
{"Node_id":11634,"weight":2.0038},
{"Node_id":11635,"weight":2.025},
{"Node_id":11647,"weight":3.9658},
{"Node_id":11648,"weight":2.5579},
{"Node_id":11649,"weight":2.0192},
{"Node_id":11652,"weight":2.8135},
{"Node_id":11653,"weight":2.8381},
{"Node_id":11654,"weight":2.889},
{"Node_id":11655,"weight":2.0338},
{"Node_id":11657,"weight":1.9323},
{"Node_id":11658,"weight":1.7237},
{"Node_id":11659,"weight":1.7599},
{"Node_id":11660,"weight":2.3015},
{"Node_id":11661,"weight":1.4881},
{"Node_id":11662,"weight":1.3988},
{"Node_id":11663,"weight":2.9786},
{"Node_id":11664,"weight":3.3652},
{"Node_id":11665,"weight":2.6337},
{"Node_id":11666,"weight":1.5485},
{"Node_id":11667,"weight":2.5297},
{"Node_id":11668,"weight":1.5327},
{"Node_id":11669,"weight":1.7663},
{"Node_id":11670,"weight":1.9423},
{"Node_id":11671,"weight":1.4422},
{"Node_id":11672,"weight":1.5885},
{"Node_id":11673,"weight":1.5729},
{"Node_id":11674,"weight":1.5306},
{"Node_id":11675,"weight":2.7409},
{"Node_id":11705,"weight":1.4052},
{"Node_id":11706,"weight":1.6324},
{"Node_id":11707,"weight":2.8711},
{"Node_id":11708,"weight":5.0933},
{"Node_id":11709,"weight":1.5659},
{"Node_id":11710,"weight":1.4782},
{"Node_id":11712,"weight":2.4796},
{"Node_id":11713,"weight":2.6337},
{"Node_id":11714,"weight":5.4927},
{"Node_id":11717,"weight":2.0928},
{"Node_id":11726,"weight":1.4862},
{"Node_id":11727,"weight":1.4435},
{"Node_id":11728,"weight":4.8458},
{"Node_id":11729,"weight":2.1622},
{"Node_id":11730,"weight":1.8253},
{"Node_id":11731,"weight":2.1928},
{"Node_id":11732,"weight":1.587},
{"Node_id":11733,"weight":1.656},
{"Node_id":11734,"weight":2.4684},
{"Node_id":11735,"weight":3.511},
{"Node_id":11736,"weight":1.5368},
{"Node_id":11737,"weight":1.6027},
{"Node_id":11739,"weight":1.8609},
{"Node_id":11744,"weight":2.6928},
{"Node_id":11745,"weight":3.3903},
{"Node_id":11746,"weight":2.2943},
{"Node_id":11750,"weight":2.1376},
{"Node_id":11751,"weight":2.6147},
{"Node_id":11752,"weight":2.0485},
{"Node_id":11754,"weight":2.97},
{"Node_id":11755,"weight":4.1513},
{"Node_id":11756,"weight":2.9031},
{"Node_id":11757,"weight":1.5197},
{"Node_id":11758,"weight":3.4356},
{"Node_id":11759,"weight":4.4538},
{"Node_id":11760,"weight":3.2507},
{"Node_id":11761,"weight":1.4775},
{"Node_id":11762,"weight":3.6595},
{"Node_id":11763,"weight":1.4769},
{"Node_id":11764,"weight":4.7832},
{"Node_id":11765,"weight":1.8354},
{"Node_id":11766,"weight":2.7857},
{"Node_id":11768,"weight":4.284},
{"Node_id":11769,"weight":1.8643},
{"Node_id":11770,"weight":2.1354},
{"Node_id":11771,"weight":1.8153},
{"Node_id":11774,"weight":2.5882},
{"Node_id":11775,"weight":2.1774},
{"Node_id":11776,"weight":4.0049},
{"Node_id":11777,"weight":2.9444},
{"Node_id":11778,"weight":2.6466},
{"Node_id":11779,"weight":2.1796},
{"Node_id":11780,"weight":3.3079},
{"Node_id":11781,"weight":3.562},
{"Node_id":11782,"weight":1.6164},
{"Node_id":11784,"weight":2.4994},
{"Node_id":11785,"weight":2.6022},
{"Node_id":11786,"weight":1.5603},
{"Node_id":11787,"weight":2.2716},
{"Node_id":11788,"weight":3.3287},
{"Node_id":11789,"weight":1.7543},
{"Node_id":11790,"weight":3.3468},
{"Node_id":11791,"weight":1.9098},
{"Node_id":11792,"weight":1.8078},
{"Node_id":11793,"weight":2.4519},
{"Node_id":11794,"weight":3.3138},
{"Node_id":11795,"weight":2.6434},
{"Node_id":11797,"weight":1.8379},
{"Node_id":11798,"weight":1.7711},
{"Node_id":11799,"weight":3.0072},
{"Node_id":11800,"weight":1.5485},
{"Node_id":11801,"weight":1.4585},
{"Node_id":11802,"weight":3.1222},
{"Node_id":11803,"weight":2.1752},
{"Node_id":11804,"weight":2.6321},
{"Node_id":11805,"weight":2.7183},
{"Node_id":11807,"weight":3.1026},
{"Node_id":11809,"weight":1.4868},
{"Node_id":11810,"weight":1.6785},
{"Node_id":11811,"weight":2.2576},
{"Node_id":11812,"weight":3.1625},
{"Node_id":11813,"weight":1.827},
{"Node_id":11814,"weight":2.3814},
{"Node_id":11815,"weight":2.6761},
{"Node_id":11816,"weight":1.7988},
{"Node_id":11818,"weight":2.4342},
{"Node_id":11819,"weight":1.4461},
{"Node_id":11820,"weight":3.4356},
{"Node_id":11837,"weight":2.3827},
{"Node_id":11838,"weight":2.1514},
{"Node_id":11839,"weight":1.421},
{"Node_id":11840,"weight":4.2546},
{"Node_id":11841,"weight":2.889},
{"Node_id":11842,"weight":2.6162},
{"Node_id":11845,"weight":4.508},
{"Node_id":11848,"weight":2.6401},
{"Node_id":11851,"weight":2.1197},
{"Node_id":11852,"weight":1.9161},
{"Node_id":11890,"weight":1.7105},
{"Node_id":11891,"weight":2.1239},
{"Node_id":11893,"weight":2.7115},
{"Node_id":11894,"weight":2.3597},
{"Node_id":11895,"weight":1.6383},
{"Node_id":11896,"weight":1.4624},
{"Node_id":11897,"weight":3.6392},
{"Node_id":11898,"weight":1.7338},
{"Node_id":11899,"weight":4.3776},
{"Node_id":11900,"weight":1.7089},
{"Node_id":11901,"weight":1.4789},
{"Node_id":11902,"weight":3.2591},
{"Node_id":11903,"weight":3.3871},
{"Node_id":11904,"weight":2.9277},
{"Node_id":11905,"weight":4.5653},
{"Node_id":11906,"weight":3.2178},
{"Node_id":11908,"weight":2.2073},
{"Node_id":11909,"weight":1.5779},
{"Node_id":11910,"weight":3.8085},
{"Node_id":11911,"weight":1.6186},
{"Node_id":11912,"weight":6.8113},
{"Node_id":11913,"weight":1.6179},
{"Node_id":11914,"weight":1.7377},
{"Node_id":11915,"weight":2.4588},
{"Node_id":11916,"weight":1.6478},
{"Node_id":11917,"weight":1.5231},
{"Node_id":11918,"weight":2.342},
{"Node_id":11919,"weight":1.4644},
{"Node_id":11920,"weight":2.0595},
{"Node_id":11921,"weight":2.2681},
{"Node_id":11928,"weight":3.3871},
{"Node_id":11929,"weight":1.5807},
{"Node_id":11930,"weight":2.7586},
{"Node_id":11931,"weight":2.885},
{"Node_id":11932,"weight":4.5653},
{"Node_id":11933,"weight":3.3683},
{"Node_id":11934,"weight":2.7374},
{"Node_id":11937,"weight":2.0485},
{"Node_id":11938,"weight":1.8261},
{"Node_id":11939,"weight":2.9593},
{"Node_id":11940,"weight":2.0565},
{"Node_id":11941,"weight":2.5123},
{"Node_id":11942,"weight":1.4121},
{"Node_id":11943,"weight":2.2061},
{"Node_id":11944,"weight":1.7136},
{"Node_id":11946,"weight":1.7182},
{"Node_id":11949,"weight":2.0605},
{"Node_id":11950,"weight":3.6233},
{"Node_id":11953,"weight":2.6242},
{"Node_id":11954,"weight":1.5771},
{"Node_id":11955,"weight":1.5402},
{"Node_id":11956,"weight":3.2591},
{"Node_id":11957,"weight":1.6754},
{"Node_id":11958,"weight":1.5238},
{"Node_id":11959,"weight":2.0096},
{"Node_id":11960,"weight":2.8381},
{"Node_id":11961,"weight":2.1155},
{"Node_id":11962,"weight":1.5687},
{"Node_id":11963,"weight":1.4014},
{"Node_id":11964,"weight":1.7417},
{"Node_id":11965,"weight":2.3699},
{"Node_id":11968,"weight":1.6078},
{"Node_id":11970,"weight":3.562},
{"Node_id":11971,"weight":2.8633},
{"Node_id":11977,"weight":3.5326},
{"Node_id":11978,"weight":4.0163},
{"Node_id":11979,"weight":3.226},
{"Node_id":11980,"weight":1.7051},
{"Node_id":11981,"weight":2.9113},
{"Node_id":11982,"weight":1.8913},
{"Node_id":11985,"weight":1.6085},
{"Node_id":11986,"weight":1.5999},
{"Node_id":11987,"weight":3.0738},
{"Node_id":11988,"weight":1.5878},
{"Node_id":12081,"weight":2.2907},
{"Node_id":12086,"weight":3.5398},
{"Node_id":12087,"weight":1.8379},
{"Node_id":12088,"weight":1.3907},
{"Node_id":12090,"weight":4.0049},
{"Node_id":12091,"weight":3.4969},
{"Node_id":12092,"weight":1.7841},
{"Node_id":12093,"weight":2.4966},
{"Node_id":12094,"weight":4.9126},
{"Node_id":12095,"weight":3.562},
{"Node_id":12096,"weight":4.9548},
{"Node_id":12097,"weight":4.7592},
{"Node_id":12098,"weight":2.1873},
{"Node_id":12213,"weight":2.4994},
{"Node_id":12214,"weight":5.4448},
{"Node_id":12215,"weight":1.7988},
{"Node_id":12216,"weight":1.6412},
{"Node_id":12217,"weight":1.4802},
{"Node_id":12218,"weight":1.4683},
{"Node_id":12219,"weight":4.0634},
{"Node_id":12220,"weight":2.895},
{"Node_id":12221,"weight":3.3347},
{"Node_id":12222,"weight":1.6508},
{"Node_id":12223,"weight":3.3777},
{"Node_id":12224,"weight":2.9072},
{"Node_id":12225,"weight":1.4178},
{"Node_id":12226,"weight":2.4881},
{"Node_id":12227,"weight":2.3788},
{"Node_id":12228,"weight":2.9614},
{"Node_id":12229,"weight":1.6664},
{"Node_id":12230,"weight":1.7963},
{"Node_id":12231,"weight":1.9143},
{"Node_id":12232,"weight":1.6523},
{"Node_id":12233,"weight":1.6538},
{"Node_id":12234,"weight":1.9036},
{"Node_id":12236,"weight":3.3999},
{"Node_id":12237,"weight":2.3584},
{"Node_id":12238,"weight":2.1785},
{"Node_id":12239,"weight":2.5224},
{"Node_id":12240,"weight":2.4601},
{"Node_id":12241,"weight":1.7074},
{"Node_id":12242,"weight":1.8834},
{"Node_id":12243,"weight":1.8921},
{"Node_id":12244,"weight":1.39},
{"Node_id":12245,"weight":2.2106},
{"Node_id":12246,"weight":1.9241},
{"Node_id":12247,"weight":1.6627},
{"Node_id":12248,"weight":3.0667},
{"Node_id":12249,"weight":2.0605},
{"Node_id":12250,"weight":2.2895},
{"Node_id":12251,"weight":1.43},
{"Node_id":12256,"weight":2.8305},
{"Node_id":12257,"weight":1.7825},
{"Node_id":12394,"weight":1.6186},
{"Node_id":12395,"weight":2.4754},
{"Node_id":12396,"weight":1.8756},
{"Node_id":12704,"weight":1.7988},
{"Node_id":12886,"weight":2.7098},
{"Node_id":13002,"weight":1.7543},
{"Node_id":13003,"weight":1.9746},
{"Node_id":13139,"weight":1.7898},
{"Node_id":13140,"weight":1.7043},
{"Node_id":13141,"weight":1.6612},
{"Node_id":13142,"weight":1.8669},
{"Node_id":13143,"weight":1.6762},
{"Node_id":13144,"weight":2.2208},
{"Node_id":13145,"weight":3.0297},
{"Node_id":13146,"weight":2.4262},
{"Node_id":13147,"weight":2.4155},
{"Node_id":13148,"weight":3.2017},
{"Node_id":13149,"weight":2.4866},
{"Node_id":13150,"weight":2.9939},
{"Node_id":13151,"weight":4.4538},
{"Node_id":13152,"weight":2.1796},
{"Node_id":13153,"weight":1.8523},
{"Node_id":13154,"weight":2.0038},
{"Node_id":13155,"weight":1.9934},
{"Node_id":13156,"weight":1.5652},
{"Node_id":13157,"weight":1.6792},
{"Node_id":13158,"weight":1.561},
{"Node_id":13159,"weight":1.5892},
{"Node_id":13160,"weight":1.6006},
{"Node_id":13161,"weight":1.7377},
{"Node_id":13162,"weight":2.3321},
{"Node_id":13163,"weight":2.0202},
{"Node_id":13164,"weight":4.284},
{"Node_id":13165,"weight":3.4969},
{"Node_id":13166,"weight":1.5736},
{"Node_id":13167,"weight":1.7857},
{"Node_id":13168,"weight":2.3271},
{"Node_id":13169,"weight":1.873},
{"Node_id":13170,"weight":2.0685},
{"Node_id":13171,"weight":1.8506},
{"Node_id":13172,"weight":2.5609},
{"Node_id":13173,"weight":1.6034},
{"Node_id":13174,"weight":2.0358},
{"Node_id":13177,"weight":3.6801},
{"Node_id":13178,"weight":5.1441},
{"Node_id":13179,"weight":4.0396},
{"Node_id":13180,"weight":2.1611},
{"Node_id":13181,"weight":4.7832},
{"Node_id":13183,"weight":2.6662},
{"Node_id":13184,"weight":2.4208},
{"Node_id":13185,"weight":1.5687},
{"Node_id":13186,"weight":2.8191},
{"Node_id":13187,"weight":1.4935},
{"Node_id":13188,"weight":1.7362},
{"Node_id":13191,"weight":6.1637},
{"Node_id":13192,"weight":1.9359},
{"Node_id":13193,"weight":3.3287},
{"Node_id":13194,"weight":3.0458},
{"Node_id":13195,"weight":2.1165},
{"Node_id":13196,"weight":1.5022},
{"Node_id":13197,"weight":2.5066},
{"Node_id":13201,"weight":2.4089},
{"Node_id":13202,"weight":1.7615},
{"Node_id":13204,"weight":1.9597},
{"Node_id":13205,"weight":2.955},
{"Node_id":13280,"weight":2.1062},
{"Node_id":13281,"weight":1.5949},
{"Node_id":13282,"weight":2.0705},
{"Node_id":13283,"weight":5.1441},
{"Node_id":13285,"weight":1.5582},
{"Node_id":13286,"weight":1.9477},
{"Node_id":13287,"weight":3.4095},
{"Node_id":13288,"weight":1.798},
{"Node_id":13289,"weight":3.8132},
{"Node_id":13290,"weight":5.1794},
{"Node_id":13291,"weight":8.1114},
{"Node_id":13292,"weight":3.5732},
{"Node_id":13293,"weight":6.5699},
{"Node_id":13294,"weight":1.8506},
{"Node_id":13295,"weight":3.2098},
{"Node_id":13296,"weight":2.1665},
{"Node_id":13299,"weight":2.0959},
{"Node_id":13301,"weight":2.2907},
{"Node_id":13302,"weight":5.2734},
{"Node_id":13303,"weight":3.8372},
{"Node_id":13304,"weight":1.6649},
{"Node_id":13305,"weight":2.5775},
{"Node_id":13306,"weight":3.0929},
{"Node_id":13307,"weight":1.7036},
{"Node_id":13308,"weight":2.5297},
{"Node_id":13309,"weight":1.917},
{"Node_id":13310,"weight":1.5416},
{"Node_id":13311,"weight":2.5913},
{"Node_id":13312,"weight":2.2006},
{"Node_id":13313,"weight":2.2073},
{"Node_id":13314,"weight":1.7346},
{"Node_id":13315,"weight":1.7252},
{"Node_id":13316,"weight":2.2871},
{"Node_id":13317,"weight":2.375},
{"Node_id":13318,"weight":1.9487},
{"Node_id":13319,"weight":2.5684},
{"Node_id":13320,"weight":2.4221},
{"Node_id":13321,"weight":1.6523},
{"Node_id":13322,"weight":2.1031},
{"Node_id":13323,"weight":1.7607},
{"Node_id":13324,"weight":1.4045},
{"Node_id":13325,"weight":2.3321},
{"Node_id":13326,"weight":3.5146},
{"Node_id":13327,"weight":3.7991},
{"Node_id":13328,"weight":2.5534},
{"Node_id":13329,"weight":2.2028},
{"Node_id":13330,"weight":1.9896},
{"Node_id":13331,"weight":1.8843},
{"Node_id":13332,"weight":2.8381},
{"Node_id":13333,"weight":1.5076},
{"Node_id":13334,"weight":2.184},
{"Node_id":13335,"weight":2.0416},
{"Node_id":13336,"weight":3.7579},
{"Node_id":13337,"weight":1.9296},
{"Node_id":13338,"weight":2.1093},
{"Node_id":13339,"weight":2.7876},
{"Node_id":13340,"weight":2.2657},
{"Node_id":13341,"weight":3.1651},
{"Node_id":13343,"weight":2.0192},
{"Node_id":13344,"weight":2.6678},
{"Node_id":13345,"weight":2.4768},
{"Node_id":13346,"weight":1.5245},
{"Node_id":13347,"weight":4.7954},
{"Node_id":13348,"weight":1.9896},
{"Node_id":13349,"weight":2.3075},
{"Node_id":13350,"weight":2.5023},
{"Node_id":13351,"weight":1.421},
{"Node_id":13352,"weight":1.7151},
{"Node_id":13353,"weight":1.5575},
{"Node_id":13354,"weight":1.9634},
{"Node_id":13430,"weight":2.6037},
{"Node_id":13446,"weight":2.5341},
{"Node_id":13447,"weight":2.6482},
{"Node_id":13448,"weight":2.2095},
{"Node_id":13449,"weight":2.2634},
{"Node_id":13450,"weight":1.653},
{"Node_id":13451,"weight":1.397},
{"Node_id":13452,"weight":2.5166},
{"Node_id":13453,"weight":1.9468},
{"Node_id":13454,"weight":2.0338},
{"Node_id":13455,"weight":1.7528},
{"Node_id":13456,"weight":1.53},
{"Node_id":13532,"weight":2.9808},
{"Node_id":13533,"weight":4.2402},
{"Node_id":13534,"weight":1.935},
{"Node_id":13535,"weight":1.6792},
{"Node_id":13536,"weight":3.2591},
{"Node_id":13537,"weight":1.6538},
{"Node_id":13538,"weight":2.1568},
{"Node_id":13539,"weight":3.1781},
{"Node_id":13540,"weight":2.881},
{"Node_id":13541,"weight":1.4848},
{"Node_id":13542,"weight":1.5793},
{"Node_id":13543,"weight":3.1833},
{"Node_id":13544,"weight":2.7857},
{"Node_id":13545,"weight":1.659},
{"Node_id":13547,"weight":1.7575},
{"Node_id":13548,"weight":2.2955},
{"Node_id":13549,"weight":2.0202},
{"Node_id":13550,"weight":2.7235},
{"Node_id":13551,"weight":2.1796},
{"Node_id":13552,"weight":2.7339},
{"Node_id":13553,"weight":3.3967},
{"Node_id":13554,"weight":2.4208},
{"Node_id":13555,"weight":1.5652},
{"Node_id":13556,"weight":2.6945},
{"Node_id":13557,"weight":4.1064},
{"Node_id":13561,"weight":1.5259},
{"Node_id":13562,"weight":2.1312},
{"Node_id":13563,"weight":1.5002},
{"Node_id":13564,"weight":6.3182},
{"Node_id":13565,"weight":2.0745},
{"Node_id":13566,"weight":1.4822},
{"Node_id":13567,"weight":1.4848},
{"Node_id":13568,"weight":2.0436},
{"Node_id":13570,"weight":2.4852},
{"Node_id":13571,"weight":1.8643},
{"Node_id":13572,"weight":3.1651},
{"Node_id":13573,"weight":3.7357},
{"Node_id":13574,"weight":1.3932},
{"Node_id":13575,"weight":1.4975},
{"Node_id":13576,"weight":1.8037},
{"Node_id":13577,"weight":1.5963},
{"Node_id":13578,"weight":2.5224},
{"Node_id":13579,"weight":3.842},
{"Node_id":13580,"weight":2.1622},
{"Node_id":13582,"weight":5.8401},
{"Node_id":13583,"weight":1.6906},
{"Node_id":13584,"weight":1.7736},
{"Node_id":13585,"weight":1.9296},
{"Node_id":13586,"weight":2.7857},
{"Node_id":13587,"weight":2.3546},
{"Node_id":13588,"weight":3.776},
{"Node_id":13589,"weight":4.0694},
{"Node_id":13590,"weight":2.4671},
{"Node_id":13591,"weight":2.173},
{"Node_id":13592,"weight":1.752},
{"Node_id":13593,"weight":2.0038},
{"Node_id":13594,"weight":1.4371},
{"Node_id":13595,"weight":2.7081},
{"Node_id":13596,"weight":1.4835},
{"Node_id":13597,"weight":1.9962},
{"Node_id":13598,"weight":2.727},
{"Node_id":13599,"weight":2.2517},
{"Node_id":13600,"weight":2.3648},
{"Node_id":13601,"weight":3.596},
{"Node_id":13603,"weight":2.4275},
{"Node_id":13604,"weight":1.9277},
{"Node_id":13605,"weight":2.3866},
{"Node_id":13606,"weight":5.3992},
{"Node_id":13607,"weight":1.4624},
{"Node_id":13608,"weight":1.5485},
{"Node_id":13609,"weight":2.3395},
{"Node_id":13610,"weight":1.8895},
{"Node_id":13611,"weight":2.4588},
{"Node_id":13612,"weight":2.2799},
{"Node_id":13613,"weight":2.8652},
{"Node_id":13614,"weight":1.5062},
{"Node_id":13615,"weight":1.4881},
{"Node_id":13616,"weight":1.5842},
{"Node_id":13617,"weight":1.4921},
{"Node_id":13618,"weight":1.8078},
{"Node_id":13619,"weight":1.776},
{"Node_id":13620,"weight":3.305},
{"Node_id":13621,"weight":2.5959},
{"Node_id":13622,"weight":1.6974},
{"Node_id":13624,"weight":1.4848},
{"Node_id":13625,"weight":2.881},
{"Node_id":13626,"weight":1.7401},
{"Node_id":13627,"weight":2.3234},
{"Node_id":13628,"weight":1.6208},
{"Node_id":13629,"weight":2.6563},
{"Node_id":13630,"weight":1.6486},
{"Node_id":13631,"weight":1.9332},
{"Node_id":13632,"weight":1.8523},
{"Node_id":13633,"weight":2.8229},
{"Node_id":13634,"weight":2.5579},
{"Node_id":13657,"weight":6.0725},
{"Node_id":13658,"weight":2.8574},
{"Node_id":13659,"weight":1.4178},
{"Node_id":13661,"weight":2.1719},
{"Node_id":13662,"weight":1.5035},
{"Node_id":13663,"weight":1.3882},
{"Node_id":13664,"weight":2.2576},
{"Node_id":13665,"weight":3.3652},
{"Node_id":13666,"weight":2.5254},
{"Node_id":13667,"weight":1.7105},
{"Node_id":13668,"weight":4.8458},
{"Node_id":13669,"weight":2.2552},
{"Node_id":13670,"weight":1.3988},
{"Node_id":13671,"weight":1.4172},
{"Node_id":13672,"weight":1.6523},
{"Node_id":13673,"weight":1.7963},
{"Node_id":13674,"weight":4.1002},
{"Node_id":13675,"weight":2.5066},
{"Node_id":13676,"weight":2.5385},
{"Node_id":13677,"weight":2.877},
{"Node_id":13678,"weight":1.9523},
{"Node_id":13679,"weight":2.5714},
{"Node_id":13680,"weight":1.4565},
{"Node_id":13681,"weight":1.744},
{"Node_id":13682,"weight":1.6732},
{"Node_id":13683,"weight":1.798},
{"Node_id":13684,"weight":1.9305},
{"Node_id":13685,"weight":1.4229},
{"Node_id":13687,"weight":4.1711},
{"Node_id":13688,"weight":2.6711},
{"Node_id":13689,"weight":2.205},
{"Node_id":13690,"weight":3.1347},
{"Node_id":13691,"weight":1.4815},
{"Node_id":13692,"weight":1.752},
{"Node_id":13693,"weight":3.0252},
{"Node_id":13694,"weight":1.6368},
{"Node_id":13697,"weight":2.0565},
{"Node_id":13698,"weight":1.9296},
{"Node_id":13699,"weight":1.8136},
{"Node_id":13700,"weight":2.2242},
{"Node_id":13701,"weight":2.3571},
{"Node_id":13702,"weight":3.8038},
{"Node_id":13703,"weight":2.0938},
{"Node_id":13704,"weight":2.0745},
{"Node_id":13705,"weight":2.5123},
{"Node_id":13706,"weight":1.5786},
{"Node_id":13707,"weight":1.726},
{"Node_id":13708,"weight":1.4663},
{"Node_id":13711,"weight":2.9011},
{"Node_id":13712,"weight":5.2347},
{"Node_id":13713,"weight":3.4095},
{"Node_id":13714,"weight":3.4225},
{"Node_id":13715,"weight":1.8557},
{"Node_id":13716,"weight":2.6498},
{"Node_id":13717,"weight":2.1134},
{"Node_id":13718,"weight":2.366},
{"Node_id":13719,"weight":1.9395},
{"Node_id":13720,"weight":3.1859},
{"Node_id":13722,"weight":1.8337},
{"Node_id":13723,"weight":1.5652},
{"Node_id":13724,"weight":2.543},
{"Node_id":13725,"weight":5.8061},
{"Node_id":13727,"weight":2.1774},
{"Node_id":13728,"weight":1.4795},
{"Node_id":13729,"weight":1.3944},
{"Node_id":13730,"weight":2.3222},
{"Node_id":13731,"weight":1.8012},
{"Node_id":13732,"weight":5.2933},
{"Node_id":13735,"weight":1.5652},
{"Node_id":13736,"weight":2.5944},
{"Node_id":13738,"weight":1.5029},
{"Node_id":13739,"weight":2.8751},
{"Node_id":13740,"weight":1.5361},
{"Node_id":13741,"weight":3.2342},
{"Node_id":13742,"weight":1.9432},
{"Node_id":13743,"weight":1.639},
{"Node_id":13744,"weight":2.0436},
{"Node_id":13747,"weight":5.7105},
{"Node_id":13785,"weight":1.6657},
{"Node_id":13786,"weight":2.0918},
{"Node_id":13787,"weight":4.8588},
{"Node_id":13788,"weight":2.9257},
{"Node_id":13789,"weight":3.4323},
{"Node_id":13856,"weight":3.6392},
{"Node_id":13857,"weight":1.9727},
{"Node_id":13858,"weight":5.7414},
{"Node_id":13859,"weight":3.0929},
{"Node_id":13860,"weight":2.3609},
{"Node_id":13861,"weight":1.7113},
{"Node_id":13862,"weight":1.4268},
{"Node_id":13865,"weight":2.9896},
{"Node_id":13866,"weight":2.0938},
{"Node_id":13867,"weight":3.6718},
{"Node_id":13868,"weight":2.1124},
{"Node_id":13869,"weight":2.5519},
{"Node_id":13870,"weight":2.3445},
{"Node_id":13871,"weight":1.5527},
{"Node_id":13872,"weight":1.752},
{"Node_id":13873,"weight":2.7658},
{"Node_id":13874,"weight":1.9241},
{"Node_id":13875,"weight":1.8506},
{"Node_id":13876,"weight":2.4951},
{"Node_id":13877,"weight":3.3168},
{"Node_id":13878,"weight":1.9368},
{"Node_id":13879,"weight":2.2599},
{"Node_id":13880,"weight":1.8532},
{"Node_id":13881,"weight":2.2379},
{"Node_id":13882,"weight":1.8379},
{"Node_id":13883,"weight":3.6718},
{"Node_id":13884,"weight":1.6317},
{"Node_id":13885,"weight":3.7624},
{"Node_id":13886,"weight":1.5617},
{"Node_id":13887,"weight":1.8566},
{"Node_id":13888,"weight":1.8575},
{"Node_id":13889,"weight":1.6013},
{"Node_id":13894,"weight":1.4198},
{"Node_id":13898,"weight":2.0377},
{"Node_id":13899,"weight":1.5218}]