[{"Node_id":10487,"weight":1.9214},
{"Node_id":10491,"weight":2.184},
{"Node_id":10492,"weight":3.483},
{"Node_id":10493,"weight":2.2799},
{"Node_id":10494,"weight":2.0505},
{"Node_id":10495,"weight":1.9802},
{"Node_id":10496,"weight":2.5051},
{"Node_id":10500,"weight":2.4994},
{"Node_id":10501,"weight":2.7218},
{"Node_id":10502,"weight":3.6636},
{"Node_id":10503,"weight":1.6493},
{"Node_id":10504,"weight":4.0396},
{"Node_id":10505,"weight":2.0367},
{"Node_id":10506,"weight":1.4319},
{"Node_id":10507,"weight":3.8918},
{"Node_id":10508,"weight":2.3699},
{"Node_id":10509,"weight":1.8825},
{"Node_id":10510,"weight":1.9924},
{"Node_id":10511,"weight":2.5459},
{"Node_id":10512,"weight":2.6645},
{"Node_id":10513,"weight":2.321},
{"Node_id":10514,"weight":1.6936},
{"Node_id":10515,"weight":4.1254},
{"Node_id":10518,"weight":2.1397},
{"Node_id":10519,"weight":2.4195},
{"Node_id":10520,"weight":1.4064},
{"Node_id":10521,"weight":1.8203},
{"Node_id":10522,"weight":4.1846},
{"Node_id":10529,"weight":2.7912},
{"Node_id":10534,"weight":2.9298},
{"Node_id":10535,"weight":3.7945},
{"Node_id":10539,"weight":1.5736},
{"Node_id":10540,"weight":1.9597},
{"Node_id":10541,"weight":1.9569},
{"Node_id":10542,"weight":1.4474},
{"Node_id":10543,"weight":1.9468},
{"Node_id":10544,"weight":2.0241},
{"Node_id":10565,"weight":1.4371},
{"Node_id":10566,"weight":2.4866},
{"Node_id":10567,"weight":1.7922},
{"Node_id":10568,"weight":1.5259},
{"Node_id":10569,"weight":3.2124},
{"Node_id":10570,"weight":2.5123},
{"Node_id":10571,"weight":1.832},
{"Node_id":10572,"weight":4.7357},
{"Node_id":10573,"weight":1.744},
{"Node_id":10574,"weight":1.748},
{"Node_id":10577,"weight":1.8643},
{"Node_id":10578,"weight":3.4127},
{"Node_id":10579,"weight":1.7036},
{"Node_id":10580,"weight":2.5852},
{"Node_id":10582,"weight":2.0846},
{"Node_id":10583,"weight":3.9713},
{"Node_id":10584,"weight":3.2963},
{"Node_id":10585,"weight":2.0212},
{"Node_id":10586,"weight":1.3976},
{"Node_id":10587,"weight":1.5513},
{"Node_id":10588,"weight":1.8203},
{"Node_id":10589,"weight":1.5492},
{"Node_id":10590,"weight":2.0456},
{"Node_id":10591,"weight":1.7036},
{"Node_id":10592,"weight":2.0595},
{"Node_id":10593,"weight":4.7954},
{"Node_id":10596,"weight":1.8421},
{"Node_id":10597,"weight":1.4624},
{"Node_id":10598,"weight":3.429},
{"Node_id":10599,"weight":2.764},
{"Node_id":10600,"weight":2.001},
{"Node_id":10601,"weight":1.6353},
{"Node_id":10602,"weight":1.4539},
{"Node_id":10603,"weight":4.219},
{"Node_id":10604,"weight":3.0667},
{"Node_id":10619,"weight":1.5638},
{"Node_id":10622,"weight":1.7583},
{"Node_id":10623,"weight":2.4102},
{"Node_id":10628,"weight":7.6004},
{"Node_id":10629,"weight":1.6034},
{"Node_id":10632,"weight":1.8421},
{"Node_id":10633,"weight":1.9532},
{"Node_id":10634,"weight":2.1928},
{"Node_id":10635,"weight":1.6493},
{"Node_id":10636,"weight":1.9395},
{"Node_id":10637,"weight":2.3983},
{"Node_id":10638,"weight":2.2634},
{"Node_id":10639,"weight":2.2253},
{"Node_id":10641,"weight":2.4369},
{"Node_id":10642,"weight":2.3271},
{"Node_id":10643,"weight":3.1026},
{"Node_id":10644,"weight":1.5764},
{"Node_id":10645,"weight":1.7097},
{"Node_id":10646,"weight":2.7115},
{"Node_id":10651,"weight":1.4261},
{"Node_id":10652,"weight":4.2766},
{"Node_id":10653,"weight":6.0725},
{"Node_id":10654,"weight":3.2397},
{"Node_id":10655,"weight":2.3763},
{"Node_id":10656,"weight":5.2159},
{"Node_id":10657,"weight":2.6006},
{"Node_id":10658,"weight":2.7857},
{"Node_id":10659,"weight":3.3714},
{"Node_id":10660,"weight":1.5666},
{"Node_id":10661,"weight":2.6612},
{"Node_id":10662,"weight":1.886},
{"Node_id":10663,"weight":1.866},
{"Node_id":10664,"weight":1.5327},
{"Node_id":10665,"weight":2.1218},
{"Node_id":10666,"weight":1.5123},
{"Node_id":10667,"weight":3.596},
{"Node_id":10668,"weight":1.7013},
{"Node_id":10670,"weight":2.887},
{"Node_id":10671,"weight":2.2287},
{"Node_id":10793,"weight":1.6875},
{"Node_id":10794,"weight":3.3227},
{"Node_id":10795,"weight":3.2733},
{"Node_id":11118,"weight":2.8172},
{"Node_id":11308,"weight":2.5654},
{"Node_id":11309,"weight":1.4281},
{"Node_id":11310,"weight":2.0887},
{"Node_id":11543,"weight":2.806},
{"Node_id":11544,"weight":5.077},
{"Node_id":11545,"weight":1.4178},
{"Node_id":11546,"weight":4.1064},
{"Node_id":11547,"weight":2.0695},
{"Node_id":11548,"weight":1.6085},
{"Node_id":11549,"weight":2.2196},
{"Node_id":11550,"weight":1.6027},
{"Node_id":11551,"weight":2.0907},
{"Node_id":11552,"weight":2.9635},
{"Node_id":11553,"weight":3.9549},
{"Node_id":11554,"weight":1.4474},
{"Node_id":11555,"weight":1.7051},
{"Node_id":11556,"weight":2.3996},
{"Node_id":11557,"weight":1.7433},
{"Node_id":11558,"weight":2.1807},
{"Node_id":11559,"weight":2.3866},
{"Node_id":11560,"weight":1.3919},
{"Node_id":11561,"weight":2.0928},
{"Node_id":11564,"weight":4.5751},
{"Node_id":11565,"weight":1.8481},
{"Node_id":11566,"weight":2.0938},
{"Node_id":11567,"weight":1.9615},
{"Node_id":11568,"weight":2.0299},
{"Node_id":11569,"weight":2.3433},
{"Node_id":11570,"weight":1.7159},
{"Node_id":11571,"weight":2.5504},
{"Node_id":11572,"weight":2.9765},
{"Node_id":11573,"weight":2.5519},
{"Node_id":11574,"weight":1.8523},
{"Node_id":11575,"weight":2.3648},
{"Node_id":11578,"weight":1.4868},
{"Node_id":11579,"weight":1.4481},
{"Node_id":11580,"weight":1.4384},
{"Node_id":11581,"weight":5.2933},
{"Node_id":11582,"weight":1.4313},
{"Node_id":11583,"weight":3.3287},
{"Node_id":11584,"weight":1.9305},
{"Node_id":11585,"weight":4.8078},
{"Node_id":11586,"weight":2.5195},
{"Node_id":11587,"weight":1.3882},
{"Node_id":11588,"weight":3.2151},
{"Node_id":11589,"weight":2.3271},
{"Node_id":11590,"weight":1.6208},
{"Node_id":11591,"weight":4.6469},
{"Node_id":11592,"weight":2.2943},
{"Node_id":11593,"weight":3.4523},
{"Node_id":11594,"weight":1.4617},
{"Node_id":11595,"weight":1.4313},
{"Node_id":11596,"weight":3.0978},
{"Node_id":11597,"weight":1.6142},
{"Node_id":11598,"weight":1.3869},
{"Node_id":11599,"weight":3.0006},
{"Node_id":11600,"weight":2.8691},
{"Node_id":11601,"weight":1.7276},
{"Node_id":11602,"weight":1.3982},
{"Node_id":11603,"weight":1.8869},
{"Node_id":11604,"weight":2.0918},
{"Node_id":11609,"weight":2.7604},
{"Node_id":11610,"weight":1.7647},
{"Node_id":11611,"weight":3.4225},
{"Node_id":11612,"weight":3.1651},
{"Node_id":11613,"weight":2.6482},
{"Node_id":11614,"weight":1.6434},
{"Node_id":11615,"weight":2.6662},
{"Node_id":11616,"weight":1.5204},
{"Node_id":11617,"weight":1.8704},
{"Node_id":11618,"weight":1.4455},
{"Node_id":11619,"weight":1.452},
{"Node_id":11620,"weight":3.6677},
{"Node_id":11621,"weight":2.9722},
{"Node_id":11622,"weight":1.6405},
{"Node_id":11625,"weight":3.511},
{"Node_id":11626,"weight":1.6627},
{"Node_id":11627,"weight":3.1173},
{"Node_id":11628,"weight":2.2752},
{"Node_id":11629,"weight":1.6049},
{"Node_id":11630,"weight":1.6612},
{"Node_id":11631,"weight":2.9786},
{"Node_id":11632,"weight":1.9496},
{"Node_id":11633,"weight":1.7151},
{"Node_id":11636,"weight":1.8037},
{"Node_id":11637,"weight":1.7448},
{"Node_id":11638,"weight":1.9197},
{"Node_id":11639,"weight":2.6369},
{"Node_id":11675,"weight":1.4494},
{"Node_id":11676,"weight":4.4024},
{"Node_id":11677,"weight":2.1397},
{"Node_id":11678,"weight":1.4822},
{"Node_id":11679,"weight":3.7852},
{"Node_id":11680,"weight":1.9487},
{"Node_id":11681,"weight":2.1218},
{"Node_id":11682,"weight":2.2242},
{"Node_id":11683,"weight":1.9972},
{"Node_id":11684,"weight":5.9496},
{"Node_id":11687,"weight":2.9298},
{"Node_id":11690,"weight":4.1711},
{"Node_id":11691,"weight":2.4142},
{"Node_id":11692,"weight":2.4838},
{"Node_id":11693,"weight":2.4629},
{"Node_id":11694,"weight":3.2676},
{"Node_id":11695,"weight":4.6259},
{"Node_id":11696,"weight":4.5555},
{"Node_id":11697,"weight":1.7865},
{"Node_id":11698,"weight":1.4862},
{"Node_id":11699,"weight":1.8921},
{"Node_id":11700,"weight":1.5055},
{"Node_id":11701,"weight":1.4261},
{"Node_id":11702,"weight":1.7551},
{"Node_id":11703,"weight":1.8652},
{"Node_id":11704,"weight":5.2539},
{"Node_id":11705,"weight":1.4815},
{"Node_id":11706,"weight":1.4287},
{"Node_id":11707,"weight":1.5451},
{"Node_id":11708,"weight":1.6229},
{"Node_id":11709,"weight":4.2051},
{"Node_id":11710,"weight":2.579},
{"Node_id":11711,"weight":1.5885},
{"Node_id":11712,"weight":2.883},
{"Node_id":11715,"weight":3.4591},
{"Node_id":11716,"weight":2.5654},
{"Node_id":11719,"weight":7.8236},
{"Node_id":11729,"weight":1.5225},
{"Node_id":11730,"weight":2.2494},
{"Node_id":11731,"weight":2.5669},
{"Node_id":11732,"weight":3.2452},
{"Node_id":11733,"weight":2.8439},
{"Node_id":11734,"weight":2.3371},
{"Node_id":11735,"weight":1.3913},
{"Node_id":11736,"weight":4.3066},
{"Node_id":11737,"weight":2.7712},
{"Node_id":11738,"weight":5.077},
{"Node_id":11739,"weight":1.9386},
{"Node_id":11743,"weight":2.2425},
{"Node_id":11744,"weight":2.0144},
{"Node_id":11745,"weight":1.4955},
{"Node_id":11746,"weight":1.4364},
{"Node_id":11747,"weight":1.7639},
{"Node_id":11748,"weight":4.872},
{"Node_id":11752,"weight":2.2967},
{"Node_id":11753,"weight":1.4855},
{"Node_id":11754,"weight":3.0297},
{"Node_id":11755,"weight":1.421},
{"Node_id":11756,"weight":1.9487},
{"Node_id":11757,"weight":2.6434},
{"Node_id":11758,"weight":1.6777},
{"Node_id":11759,"weight":1.5008},
{"Node_id":11760,"weight":2.9765},
{"Node_id":11761,"weight":1.7082},
{"Node_id":11762,"weight":2.4168},
{"Node_id":11995,"weight":5.4217},
{"Node_id":11996,"weight":5.5429},
{"Node_id":11997,"weight":2.5534},
{"Node_id":11998,"weight":1.4223},
{"Node_id":11999,"weight":2.2728},
{"Node_id":12000,"weight":3.3377},
{"Node_id":12059,"weight":5.045},
{"Node_id":12060,"weight":3.8766},
{"Node_id":12061,"weight":1.719},
{"Node_id":12062,"weight":1.7354},
{"Node_id":12063,"weight":2.4768},
{"Node_id":12064,"weight":1.7198},
{"Node_id":12067,"weight":3.6076},
{"Node_id":12068,"weight":3.4523},
{"Node_id":12069,"weight":3.6273},
{"Node_id":12070,"weight":3.7401},
{"Node_id":12071,"weight":2.0338},
{"Node_id":12072,"weight":1.6906},
{"Node_id":12073,"weight":3.6718},
{"Node_id":12074,"weight":2.1418},
{"Node_id":12075,"weight":1.6419},
{"Node_id":12076,"weight":1.8549},
{"Node_id":12077,"weight":2.0212},
{"Node_id":12078,"weight":3.3808},
{"Node_id":12079,"weight":3.8469},
{"Node_id":12080,"weight":3.305},
{"Node_id":12081,"weight":1.4742},
{"Node_id":12084,"weight":1.5464},
{"Node_id":12085,"weight":2.0575},
{"Node_id":12086,"weight":1.7922},
{"Node_id":12089,"weight":4.1579},
{"Node_id":12090,"weight":1.615},
{"Node_id":12091,"weight":5.4927},
{"Node_id":12094,"weight":3.7446},
{"Node_id":12097,"weight":3.5075},
{"Node_id":12098,"weight":1.7472},
{"Node_id":12099,"weight":1.4001},
{"Node_id":12100,"weight":3.6885},
{"Node_id":12101,"weight":2.5519},
{"Node_id":12102,"weight":1.8145},
{"Node_id":12103,"weight":3.8372},
{"Node_id":12104,"weight":2.0615},
{"Node_id":12105,"weight":2.0785},
{"Node_id":12106,"weight":2.1654},
{"Node_id":12107,"weight":1.6114},
{"Node_id":12108,"weight":1.812},
{"Node_id":12109,"weight":1.9143},
{"Node_id":12110,"weight":1.7567},
{"Node_id":12111,"weight":2.1862},
{"Node_id":12112,"weight":2.1906},
{"Node_id":12113,"weight":2.7357},
{"Node_id":12114,"weight":2.9465},
{"Node_id":12115,"weight":2.1249},
{"Node_id":12116,"weight":3.6432},
{"Node_id":12117,"weight":5.1441},
{"Node_id":12118,"weight":5.2734},
{"Node_id":12119,"weight":3.0978},
{"Node_id":12120,"weight":3.8132},
{"Node_id":12121,"weight":5.045},
{"Node_id":12122,"weight":2.401},
{"Node_id":12123,"weight":2.101},
{"Node_id":12124,"weight":1.515},
{"Node_id":12127,"weight":3.0644},
{"Node_id":12128,"weight":3.0366},
{"Node_id":12129,"weight":2.3039},
{"Node_id":12130,"weight":1.7849},
{"Node_id":12131,"weight":3.0184},
{"Node_id":12132,"weight":1.886},
{"Node_id":12133,"weight":2.0038},
{"Node_id":12134,"weight":2.025},
{"Node_id":12144,"weight":1.9206},
{"Node_id":12145,"weight":2.4329},
{"Node_id":12146,"weight":3.9658},
{"Node_id":12147,"weight":2.5579},
{"Node_id":12148,"weight":2.0192},
{"Node_id":12151,"weight":2.8135},
{"Node_id":12152,"weight":2.8381},
{"Node_id":12153,"weight":2.889},
{"Node_id":12154,"weight":2.0338},
{"Node_id":12155,"weight":3.0667},
{"Node_id":12156,"weight":1.9323},
{"Node_id":12157,"weight":1.7237},
{"Node_id":12158,"weight":1.7599},
{"Node_id":12159,"weight":2.3015},
{"Node_id":12160,"weight":1.4881},
{"Node_id":12161,"weight":1.3988},
{"Node_id":12162,"weight":2.9786},
{"Node_id":12163,"weight":3.3652},
{"Node_id":12164,"weight":2.6337},
{"Node_id":12165,"weight":1.5485},
{"Node_id":12166,"weight":2.5297},
{"Node_id":12167,"weight":1.5327},
{"Node_id":12168,"weight":1.7663},
{"Node_id":12169,"weight":1.9423},
{"Node_id":12170,"weight":1.4422},
{"Node_id":12171,"weight":1.5885},
{"Node_id":12172,"weight":1.5729},
{"Node_id":12173,"weight":1.5306},
{"Node_id":12174,"weight":2.7409},
{"Node_id":12203,"weight":1.6657},
{"Node_id":12204,"weight":1.4052},
{"Node_id":12205,"weight":1.6324},
{"Node_id":12206,"weight":2.8711},
{"Node_id":12207,"weight":5.0933},
{"Node_id":12208,"weight":1.5659},
{"Node_id":12209,"weight":1.4782},
{"Node_id":12210,"weight":2.6761},
{"Node_id":12211,"weight":2.4796},
{"Node_id":12212,"weight":2.6337},
{"Node_id":12213,"weight":5.4927},
{"Node_id":12216,"weight":2.0928},
{"Node_id":12225,"weight":1.4862},
{"Node_id":12226,"weight":1.4435},
{"Node_id":12227,"weight":4.8458},
{"Node_id":12228,"weight":2.1622},
{"Node_id":12229,"weight":1.8253},
{"Node_id":12230,"weight":2.1928},
{"Node_id":12231,"weight":1.587},
{"Node_id":12232,"weight":1.656},
{"Node_id":12233,"weight":2.4684},
{"Node_id":12234,"weight":3.511},
{"Node_id":12235,"weight":1.5368},
{"Node_id":12236,"weight":1.6027},
{"Node_id":12237,"weight":1.733},
{"Node_id":12238,"weight":1.8609},
{"Node_id":12241,"weight":3.6312},
{"Node_id":12242,"weight":2.3699},
{"Node_id":12243,"weight":2.6928},
{"Node_id":12244,"weight":3.3903},
{"Node_id":12245,"weight":2.2943},
{"Node_id":12248,"weight":1.9597},
{"Node_id":12249,"weight":2.1376},
{"Node_id":12250,"weight":2.6147},
{"Node_id":12251,"weight":2.0485},
{"Node_id":12252,"weight":1.8438},
{"Node_id":12253,"weight":2.97},
{"Node_id":12254,"weight":4.1513},
{"Node_id":12255,"weight":2.9031},
{"Node_id":12256,"weight":1.5197},
{"Node_id":12257,"weight":3.4356},
{"Node_id":12258,"weight":4.4538},
{"Node_id":12259,"weight":3.2507},
{"Node_id":12260,"weight":1.4775},
{"Node_id":12261,"weight":3.6595},
{"Node_id":12262,"weight":1.4769},
{"Node_id":12263,"weight":4.7832},
{"Node_id":12264,"weight":1.8354},
{"Node_id":12265,"weight":2.7857},
{"Node_id":12266,"weight":3.3468},
{"Node_id":12267,"weight":4.284},
{"Node_id":12268,"weight":1.8643},
{"Node_id":12269,"weight":2.1354},
{"Node_id":12270,"weight":1.8153},
{"Node_id":12273,"weight":2.5882},
{"Node_id":12274,"weight":2.1774},
{"Node_id":12275,"weight":4.0049},
{"Node_id":12276,"weight":2.9444},
{"Node_id":12277,"weight":2.6466},
{"Node_id":12278,"weight":2.1796},
{"Node_id":12279,"weight":3.3079},
{"Node_id":12280,"weight":3.562},
{"Node_id":12281,"weight":1.6164},
{"Node_id":12282,"weight":1.9915},
{"Node_id":12283,"weight":2.4994},
{"Node_id":12284,"weight":2.6022},
{"Node_id":12285,"weight":1.5603},
{"Node_id":12286,"weight":2.2716},
{"Node_id":12287,"weight":3.3287},
{"Node_id":12288,"weight":1.7543},
{"Node_id":12289,"weight":3.3468},
{"Node_id":12290,"weight":1.9098},
{"Node_id":12291,"weight":1.8078},
{"Node_id":12292,"weight":2.4519},
{"Node_id":12293,"weight":3.3138},
{"Node_id":12294,"weight":2.6434},
{"Node_id":12295,"weight":2.9939},
{"Node_id":12296,"weight":1.8379},
{"Node_id":12297,"weight":1.7711},
{"Node_id":12298,"weight":3.0072},
{"Node_id":12299,"weight":1.5485},
{"Node_id":12300,"weight":1.4585},
{"Node_id":12301,"weight":3.1222},
{"Node_id":12302,"weight":2.1752},
{"Node_id":12303,"weight":2.6321},
{"Node_id":12304,"weight":2.7183},
{"Node_id":12305,"weight":3.5694},
{"Node_id":12306,"weight":3.1026},
{"Node_id":12307,"weight":2.4315},
{"Node_id":12308,"weight":1.4868},
{"Node_id":12309,"weight":1.6785},
{"Node_id":12310,"weight":2.2576},
{"Node_id":12311,"weight":3.1625},
{"Node_id":12312,"weight":1.827},
{"Node_id":12313,"weight":2.3814},
{"Node_id":12314,"weight":2.6761},
{"Node_id":12315,"weight":1.7988},
{"Node_id":12316,"weight":5.9118},
{"Node_id":12317,"weight":2.4342},
{"Node_id":12318,"weight":1.4461},
{"Node_id":12319,"weight":3.4356},
{"Node_id":12335,"weight":1.4982},
{"Node_id":12336,"weight":2.3827},
{"Node_id":12337,"weight":2.1514},
{"Node_id":12338,"weight":1.421},
{"Node_id":12339,"weight":4.2546},
{"Node_id":12340,"weight":2.889},
{"Node_id":12341,"weight":2.6162},
{"Node_id":12344,"weight":4.508},
{"Node_id":12347,"weight":2.6401},
{"Node_id":12350,"weight":2.1197},
{"Node_id":12351,"weight":1.9161},
{"Node_id":12387,"weight":2.4643},
{"Node_id":12388,"weight":2.1145},
{"Node_id":12389,"weight":1.7105},
{"Node_id":12390,"weight":2.1239},
{"Node_id":12391,"weight":1.8834},
{"Node_id":12392,"weight":2.7115},
{"Node_id":12393,"weight":2.3597},
{"Node_id":12394,"weight":1.6383},
{"Node_id":12395,"weight":1.4624},
{"Node_id":12396,"weight":3.6392},
{"Node_id":12397,"weight":1.7338},
{"Node_id":12398,"weight":4.3776},
{"Node_id":12399,"weight":1.7089},
{"Node_id":12400,"weight":1.4789},
{"Node_id":12401,"weight":3.2591},
{"Node_id":12402,"weight":3.3871},
{"Node_id":12403,"weight":2.9277},
{"Node_id":12404,"weight":4.5653},
{"Node_id":12405,"weight":3.2178},
{"Node_id":12406,"weight":2.321},
{"Node_id":12407,"weight":2.2073},
{"Node_id":12408,"weight":1.5779},
{"Node_id":12409,"weight":3.8085},
{"Node_id":12410,"weight":1.6186},
{"Node_id":12411,"weight":6.8113},
{"Node_id":12412,"weight":1.6179},
{"Node_id":12413,"weight":1.7377},
{"Node_id":12414,"weight":2.4588},
{"Node_id":12415,"weight":1.6478},
{"Node_id":12416,"weight":1.5231},
{"Node_id":12417,"weight":2.342},
{"Node_id":12418,"weight":1.4644},
{"Node_id":12419,"weight":2.0595},
{"Node_id":12420,"weight":2.2681},
{"Node_id":12422,"weight":1.5109},
{"Node_id":12423,"weight":2.4519},
{"Node_id":12424,"weight":1.7105},
{"Node_id":12427,"weight":3.3871},
{"Node_id":12428,"weight":1.5807},
{"Node_id":12429,"weight":2.7586},
{"Node_id":12430,"weight":2.885},
{"Node_id":12431,"weight":4.5653},
{"Node_id":12432,"weight":3.3683},
{"Node_id":12433,"weight":2.7374},
{"Node_id":12436,"weight":2.0485},
{"Node_id":12437,"weight":1.8261},
{"Node_id":12438,"weight":2.9593},
{"Node_id":12439,"weight":2.0565},
{"Node_id":12440,"weight":2.5123},
{"Node_id":12441,"weight":1.4121},
{"Node_id":12442,"weight":2.2061},
{"Node_id":12443,"weight":1.7136},
{"Node_id":12444,"weight":2.2799},
{"Node_id":12445,"weight":1.7182},
{"Node_id":12448,"weight":2.0605},
{"Node_id":12449,"weight":3.6233},
{"Node_id":12452,"weight":2.6242},
{"Node_id":12453,"weight":1.5771},
{"Node_id":12454,"weight":1.5402},
{"Node_id":12455,"weight":3.2591},
{"Node_id":12456,"weight":1.6754},
{"Node_id":12457,"weight":1.5238},
{"Node_id":12458,"weight":2.0096},
{"Node_id":12459,"weight":2.8381},
{"Node_id":12460,"weight":2.1155},
{"Node_id":12461,"weight":1.5687},
{"Node_id":12462,"weight":1.4014},
{"Node_id":12463,"weight":1.7417},
{"Node_id":12464,"weight":2.3699},
{"Node_id":12467,"weight":1.6078},
{"Node_id":12468,"weight":1.7857},
{"Node_id":12469,"weight":3.562},
{"Node_id":12470,"weight":2.8633},
{"Node_id":12474,"weight":1.9259},
{"Node_id":12475,"weight":2.6662},
{"Node_id":12476,"weight":3.5326},
{"Node_id":12477,"weight":4.0163},
{"Node_id":12478,"weight":3.226},
{"Node_id":12479,"weight":1.7051},
{"Node_id":12480,"weight":2.9113},
{"Node_id":12481,"weight":1.8913},
{"Node_id":12484,"weight":1.6085},
{"Node_id":12485,"weight":1.5999},
{"Node_id":12486,"weight":3.0738},
{"Node_id":12487,"weight":1.5878},
{"Node_id":12579,"weight":3.0117},
{"Node_id":12580,"weight":2.2907},
{"Node_id":12584,"weight":2.0038},
{"Node_id":12585,"weight":3.5398},
{"Node_id":12586,"weight":1.8379},
{"Node_id":12587,"weight":1.3907},
{"Node_id":12588,"weight":3.0786},
{"Node_id":12589,"weight":4.0049},
{"Node_id":12590,"weight":3.4969},
{"Node_id":12591,"weight":1.7841},
{"Node_id":12592,"weight":2.4966},
{"Node_id":12593,"weight":4.9126},
{"Node_id":12594,"weight":3.562},
{"Node_id":12595,"weight":4.9548},
{"Node_id":12596,"weight":4.7592},
{"Node_id":12597,"weight":2.1873},
{"Node_id":12607,"weight":3.0184},
{"Node_id":12608,"weight":1.4572},
{"Node_id":12712,"weight":2.4994},
{"Node_id":12713,"weight":5.4448},
{"Node_id":12714,"weight":1.7988},
{"Node_id":12715,"weight":1.6412},
{"Node_id":12716,"weight":1.4802},
{"Node_id":12717,"weight":1.4683},
{"Node_id":12718,"weight":4.0634},
{"Node_id":12719,"weight":2.895},
{"Node_id":12720,"weight":3.3347},
{"Node_id":12721,"weight":1.6508},
{"Node_id":12722,"weight":3.3777},
{"Node_id":12723,"weight":2.9072},
{"Node_id":12724,"weight":1.4178},
{"Node_id":12725,"weight":2.4881},
{"Node_id":12726,"weight":2.3788},
{"Node_id":12727,"weight":2.9614},
{"Node_id":12728,"weight":1.6664},
{"Node_id":12729,"weight":1.7963},
{"Node_id":12730,"weight":1.9143},
{"Node_id":12731,"weight":1.6523},
{"Node_id":12732,"weight":1.6538},
{"Node_id":12733,"weight":1.9036},
{"Node_id":12734,"weight":1.7776},
{"Node_id":12735,"weight":3.3999},
{"Node_id":12736,"weight":2.3584},
{"Node_id":12737,"weight":2.1785},
{"Node_id":12738,"weight":2.5224},
{"Node_id":12739,"weight":2.4601},
{"Node_id":12740,"weight":1.7074},
{"Node_id":12741,"weight":1.8834},
{"Node_id":12742,"weight":1.8921},
{"Node_id":12743,"weight":1.39},
{"Node_id":12744,"weight":2.2106},
{"Node_id":12745,"weight":1.9241},
{"Node_id":12746,"weight":1.6627},
{"Node_id":12747,"weight":3.0667},
{"Node_id":12748,"weight":2.0605},
{"Node_id":12749,"weight":2.2895},
{"Node_id":12750,"weight":1.43},
{"Node_id":12751,"weight":2.4698},
{"Node_id":12752,"weight":2.7694},
{"Node_id":12753,"weight":1.6982},
{"Node_id":12754,"weight":2.4505},
{"Node_id":12755,"weight":2.8305},
{"Node_id":12756,"weight":1.7825},
{"Node_id":12809,"weight":1.702},
{"Node_id":12876,"weight":2.9133},
{"Node_id":12892,"weight":1.4546},
{"Node_id":12893,"weight":1.6186},
{"Node_id":12894,"weight":2.4754},
{"Node_id":12895,"weight":1.8756},
{"Node_id":12921,"weight":1.4217},
{"Node_id":12958,"weight":1.5701},
{"Node_id":13076,"weight":1.9532},
{"Node_id":13202,"weight":3.2071},
{"Node_id":13203,"weight":1.7988},
{"Node_id":13298,"weight":3.3529},
{"Node_id":13341,"weight":2.658},
{"Node_id":13356,"weight":2.5371},
{"Node_id":13357,"weight":5.9496},
{"Node_id":13384,"weight":1.5589},
{"Node_id":13385,"weight":2.7098},
{"Node_id":13501,"weight":1.7543},
{"Node_id":13502,"weight":1.9746},
{"Node_id":13575,"weight":1.4729},
{"Node_id":13597,"weight":2.4754},
{"Node_id":13598,"weight":2.4302},
{"Node_id":13638,"weight":1.7898},
{"Node_id":13639,"weight":1.7043},
{"Node_id":13640,"weight":1.6612},
{"Node_id":13641,"weight":1.8669},
{"Node_id":13642,"weight":1.6762},
{"Node_id":13643,"weight":2.2208},
{"Node_id":13644,"weight":3.0297},
{"Node_id":13645,"weight":2.4262},
{"Node_id":13646,"weight":2.4155},
{"Node_id":13647,"weight":3.2017},
{"Node_id":13648,"weight":2.4866},
{"Node_id":13649,"weight":2.9939},
{"Node_id":13650,"weight":4.4538},
{"Node_id":13651,"weight":2.1796},
{"Node_id":13652,"weight":1.8523},
{"Node_id":13653,"weight":2.0038},
{"Node_id":13654,"weight":1.9934},
{"Node_id":13655,"weight":1.5652},
{"Node_id":13656,"weight":1.6792},
{"Node_id":13657,"weight":1.561},
{"Node_id":13658,"weight":1.5892},
{"Node_id":13659,"weight":1.6006},
{"Node_id":13660,"weight":1.7377},
{"Node_id":13661,"weight":2.3321},
{"Node_id":13662,"weight":2.0202},
{"Node_id":13663,"weight":4.284},
{"Node_id":13664,"weight":3.4969},
{"Node_id":13665,"weight":1.5736},
{"Node_id":13666,"weight":1.7857},
{"Node_id":13667,"weight":2.3271},
{"Node_id":13668,"weight":1.873},
{"Node_id":13669,"weight":2.0685},
{"Node_id":13670,"weight":1.8506},
{"Node_id":13671,"weight":2.5609},
{"Node_id":13672,"weight":1.6034},
{"Node_id":13673,"weight":2.0358},
{"Node_id":13674,"weight":3.3808},
{"Node_id":13675,"weight":2.2599},
{"Node_id":13676,"weight":3.6801},
{"Node_id":13677,"weight":5.1441},
{"Node_id":13678,"weight":4.0396},
{"Node_id":13679,"weight":2.1611},
{"Node_id":13680,"weight":4.7832},
{"Node_id":13681,"weight":3.4258},
{"Node_id":13682,"weight":2.6662},
{"Node_id":13683,"weight":2.4208},
{"Node_id":13684,"weight":1.5687},
{"Node_id":13685,"weight":2.8191},
{"Node_id":13686,"weight":1.4935},
{"Node_id":13687,"weight":1.7362},
{"Node_id":13690,"weight":6.1637},
{"Node_id":13691,"weight":1.9359},
{"Node_id":13692,"weight":3.3287},
{"Node_id":13693,"weight":3.0458},
{"Node_id":13694,"weight":2.1165},
{"Node_id":13695,"weight":1.5022},
{"Node_id":13696,"weight":2.5066},
{"Node_id":13699,"weight":1.4281},
{"Node_id":13700,"weight":2.4089},
{"Node_id":13701,"weight":1.7615},
{"Node_id":13702,"weight":1.4995},
{"Node_id":13703,"weight":1.9597},
{"Node_id":13704,"weight":2.955},
{"Node_id":13707,"weight":2.4235},
{"Node_id":13708,"weight":1.6634},
{"Node_id":13754,"weight":1.6883},
{"Node_id":13777,"weight":3.2676},
{"Node_id":13779,"weight":2.1062},
{"Node_id":13780,"weight":1.5949},
{"Node_id":13781,"weight":2.0705},
{"Node_id":13782,"weight":5.1441},
{"Node_id":13783,"weight":1.9018},
{"Node_id":13784,"weight":1.5582},
{"Node_id":13785,"weight":1.9477},
{"Node_id":13786,"weight":3.4095},
{"Node_id":13787,"weight":1.798},
{"Node_id":13788,"weight":3.8132},
{"Node_id":13789,"weight":5.1794},
{"Node_id":13790,"weight":8.1114},
{"Node_id":13791,"weight":3.5732},
{"Node_id":13792,"weight":6.5699},
{"Node_id":13793,"weight":1.8506},
{"Node_id":13794,"weight":3.2098},
{"Node_id":13795,"weight":2.1665},
{"Node_id":13798,"weight":2.0959},
{"Node_id":13799,"weight":3.1099},
{"Node_id":13800,"weight":2.2907},
{"Node_id":13801,"weight":5.2734},
{"Node_id":13802,"weight":3.8372},
{"Node_id":13803,"weight":1.6649},
{"Node_id":13804,"weight":2.5775},
{"Node_id":13805,"weight":3.0929},
{"Node_id":13806,"weight":1.7036},
{"Node_id":13807,"weight":2.5297},
{"Node_id":13808,"weight":1.917},
{"Node_id":13809,"weight":1.5416},
{"Node_id":13810,"weight":2.5913},
{"Node_id":13811,"weight":2.2006},
{"Node_id":13812,"weight":2.2073},
{"Node_id":13813,"weight":1.7346},
{"Node_id":13814,"weight":1.7252},
{"Node_id":13815,"weight":2.2871},
{"Node_id":13816,"weight":2.375},
{"Node_id":13817,"weight":1.9487},
{"Node_id":13818,"weight":2.5684},
{"Node_id":13819,"weight":2.4221},
{"Node_id":13820,"weight":1.6523},
{"Node_id":13821,"weight":2.1031},
{"Node_id":13822,"weight":1.7607},
{"Node_id":13823,"weight":1.4045},
{"Node_id":13824,"weight":2.3321},
{"Node_id":13825,"weight":3.5146},
{"Node_id":13826,"weight":3.7991},
{"Node_id":13827,"weight":2.5534},
{"Node_id":13828,"weight":2.2028},
{"Node_id":13829,"weight":1.9896},
{"Node_id":13830,"weight":1.8843},
{"Node_id":13831,"weight":2.8381},
{"Node_id":13832,"weight":1.5076},
{"Node_id":13833,"weight":2.184},
{"Node_id":13834,"weight":2.0416},
{"Node_id":13835,"weight":3.7579},
{"Node_id":13836,"weight":1.9296},
{"Node_id":13837,"weight":2.1093},
{"Node_id":13838,"weight":2.7876},
{"Node_id":13839,"weight":2.2657},
{"Node_id":13840,"weight":3.1651},
{"Node_id":13841,"weight":4.0163},
{"Node_id":13842,"weight":2.0192},
{"Node_id":13843,"weight":2.6678},
{"Node_id":13844,"weight":2.4768},
{"Node_id":13845,"weight":1.5245},
{"Node_id":13846,"weight":4.7954},
{"Node_id":13847,"weight":1.9896},
{"Node_id":13848,"weight":2.3075},
{"Node_id":13849,"weight":2.5023},
{"Node_id":13850,"weight":1.421},
{"Node_id":13851,"weight":1.7151},
{"Node_id":13852,"weight":1.5575},
{"Node_id":13853,"weight":1.9634},
{"Node_id":13874,"weight":2.5312},
{"Node_id":13896,"weight":3.1651},
{"Node_id":13912,"weight":2.0231},
{"Node_id":13927,"weight":2.6945},
{"Node_id":13928,"weight":3.6843},
{"Node_id":13929,"weight":2.6037},
{"Node_id":13944,"weight":3.6233},
{"Node_id":13945,"weight":2.5341},
{"Node_id":13946,"weight":2.6482},
{"Node_id":13947,"weight":2.2095},
{"Node_id":13948,"weight":2.2634},
{"Node_id":13949,"weight":1.653},
{"Node_id":13950,"weight":1.397},
{"Node_id":13951,"weight":2.5166},
{"Node_id":13952,"weight":1.9468},
{"Node_id":13953,"weight":2.0338},
{"Node_id":13954,"weight":1.7528},
{"Node_id":13955,"weight":1.53},
{"Node_id":14030,"weight":1.8128},
{"Node_id":14031,"weight":2.9808},
{"Node_id":14032,"weight":4.2402},
{"Node_id":14033,"weight":1.935},
{"Node_id":14034,"weight":1.6792},
{"Node_id":14035,"weight":3.2591},
{"Node_id":14036,"weight":1.6538},
{"Node_id":14037,"weight":2.1568},
{"Node_id":14038,"weight":3.1781},
{"Node_id":14039,"weight":2.881},
{"Node_id":14040,"weight":1.4848},
{"Node_id":14041,"weight":1.5793},
{"Node_id":14042,"weight":3.1833},
{"Node_id":14043,"weight":2.7857},
{"Node_id":14044,"weight":1.659},
{"Node_id":14045,"weight":1.6754},
{"Node_id":14046,"weight":1.7575},
{"Node_id":14047,"weight":2.2955},
{"Node_id":14048,"weight":2.0202},
{"Node_id":14049,"weight":2.7235},
{"Node_id":14050,"weight":2.1796},
{"Node_id":14051,"weight":2.7339},
{"Node_id":14052,"weight":3.3967},
{"Node_id":14053,"weight":2.4208},
{"Node_id":14054,"weight":1.5652},
{"Node_id":14055,"weight":2.6945},
{"Node_id":14056,"weight":4.1064},
{"Node_id":14060,"weight":1.5259},
{"Node_id":14061,"weight":2.1312},
{"Node_id":14062,"weight":1.5002},
{"Node_id":14063,"weight":6.3182},
{"Node_id":14064,"weight":2.0745},
{"Node_id":14065,"weight":1.4822},
{"Node_id":14066,"weight":1.4848},
{"Node_id":14067,"weight":2.0436},
{"Node_id":14068,"weight":1.9905},
{"Node_id":14069,"weight":2.4852},
{"Node_id":14070,"weight":1.8643},
{"Node_id":14071,"weight":3.1651},
{"Node_id":14072,"weight":3.7357},
{"Node_id":14073,"weight":1.3932},
{"Node_id":14074,"weight":1.4975},
{"Node_id":14075,"weight":1.8037},
{"Node_id":14076,"weight":1.5963},
{"Node_id":14077,"weight":2.5224},
{"Node_id":14078,"weight":3.842},
{"Node_id":14079,"weight":2.1622},
{"Node_id":14080,"weight":1.8515},
{"Node_id":14081,"weight":5.8401},
{"Node_id":14082,"weight":1.6906},
{"Node_id":14083,"weight":1.7736},
{"Node_id":14084,"weight":1.9296},
{"Node_id":14085,"weight":2.7857},
{"Node_id":14086,"weight":2.3546},
{"Node_id":14087,"weight":3.776},
{"Node_id":14088,"weight":4.0694},
{"Node_id":14089,"weight":2.4671},
{"Node_id":14090,"weight":2.173},
{"Node_id":14091,"weight":1.752},
{"Node_id":14092,"weight":2.0038},
{"Node_id":14093,"weight":1.4371},
{"Node_id":14094,"weight":2.7081},
{"Node_id":14095,"weight":1.4835},
{"Node_id":14096,"weight":1.9962},
{"Node_id":14097,"weight":2.727},
{"Node_id":14098,"weight":2.2517},
{"Node_id":14099,"weight":2.3648},
{"Node_id":14100,"weight":3.596},
{"Node_id":14101,"weight":2.6257},
{"Node_id":14102,"weight":2.4275},
{"Node_id":14103,"weight":1.9277},
{"Node_id":14104,"weight":2.3866},
{"Node_id":14105,"weight":5.3992},
{"Node_id":14106,"weight":1.4624},
{"Node_id":14107,"weight":1.5485},
{"Node_id":14108,"weight":2.3395},
{"Node_id":14109,"weight":1.8895},
{"Node_id":14110,"weight":2.4588},
{"Node_id":14111,"weight":2.2799},
{"Node_id":14112,"weight":2.8652},
{"Node_id":14113,"weight":1.5062},
{"Node_id":14114,"weight":1.4881},
{"Node_id":14115,"weight":1.5842},
{"Node_id":14116,"weight":1.4921},
{"Node_id":14117,"weight":1.8078},
{"Node_id":14118,"weight":1.776},
{"Node_id":14119,"weight":3.305},
{"Node_id":14120,"weight":2.5959},
{"Node_id":14121,"weight":1.6974},
{"Node_id":14122,"weight":2.2196},
{"Node_id":14123,"weight":1.4848},
{"Node_id":14124,"weight":2.881},
{"Node_id":14125,"weight":1.7401},
{"Node_id":14126,"weight":2.3234},
{"Node_id":14127,"weight":1.6208},
{"Node_id":14128,"weight":2.6563},
{"Node_id":14129,"weight":1.6486},
{"Node_id":14130,"weight":1.9332},
{"Node_id":14131,"weight":1.8523},
{"Node_id":14132,"weight":2.8229},
{"Node_id":14133,"weight":2.5579},
{"Node_id":14155,"weight":2.0907},
{"Node_id":14156,"weight":6.0725},
{"Node_id":14157,"weight":2.8574},
{"Node_id":14158,"weight":1.4178},
{"Node_id":14159,"weight":1.5992},
{"Node_id":14160,"weight":2.1719},
{"Node_id":14161,"weight":1.5035},
{"Node_id":14162,"weight":1.3882},
{"Node_id":14163,"weight":2.2576},
{"Node_id":14164,"weight":3.3652},
{"Node_id":14165,"weight":2.5254},
{"Node_id":14166,"weight":1.7105},
{"Node_id":14167,"weight":4.8458},
{"Node_id":14168,"weight":2.2552},
{"Node_id":14169,"weight":1.3988},
{"Node_id":14170,"weight":1.4172},
{"Node_id":14171,"weight":1.6523},
{"Node_id":14172,"weight":1.7963},
{"Node_id":14173,"weight":4.1002},
{"Node_id":14174,"weight":2.5066},
{"Node_id":14175,"weight":2.5385},
{"Node_id":14176,"weight":2.877},
{"Node_id":14177,"weight":1.9523},
{"Node_id":14178,"weight":2.5714},
{"Node_id":14179,"weight":1.4565},
{"Node_id":14180,"weight":1.744},
{"Node_id":14181,"weight":1.6732},
{"Node_id":14182,"weight":1.798},
{"Node_id":14183,"weight":1.9305},
{"Node_id":14184,"weight":1.4229},
{"Node_id":14185,"weight":1.543},
{"Node_id":14186,"weight":4.1711},
{"Node_id":14187,"weight":2.6711},
{"Node_id":14188,"weight":2.205},
{"Node_id":14189,"weight":3.1347},
{"Node_id":14190,"weight":1.4815},
{"Node_id":14191,"weight":1.752},
{"Node_id":14192,"weight":3.0252},
{"Node_id":14193,"weight":1.6368},
{"Node_id":14194,"weight":2.9593},
{"Node_id":14195,"weight":3.1964},
{"Node_id":14196,"weight":2.0565},
{"Node_id":14197,"weight":1.9296},
{"Node_id":14198,"weight":1.8136},
{"Node_id":14199,"weight":2.2242},
{"Node_id":14200,"weight":2.3571},
{"Node_id":14201,"weight":3.8038},
{"Node_id":14202,"weight":2.0938},
{"Node_id":14203,"weight":2.0745},
{"Node_id":14204,"weight":2.5123},
{"Node_id":14205,"weight":1.5786},
{"Node_id":14206,"weight":1.726},
{"Node_id":14207,"weight":1.4663},
{"Node_id":14208,"weight":2.6563},
{"Node_id":14209,"weight":1.4147},
{"Node_id":14210,"weight":2.9011},
{"Node_id":14211,"weight":5.2347},
{"Node_id":14212,"weight":3.4095},
{"Node_id":14213,"weight":3.4225},
{"Node_id":14214,"weight":1.8557},
{"Node_id":14215,"weight":2.6498},
{"Node_id":14216,"weight":2.1134},
{"Node_id":14217,"weight":2.366},
{"Node_id":14218,"weight":1.9395},
{"Node_id":14219,"weight":3.1859},
{"Node_id":14220,"weight":2.2907},
{"Node_id":14221,"weight":1.8337},
{"Node_id":14222,"weight":1.5652},
{"Node_id":14223,"weight":2.543},
{"Node_id":14224,"weight":5.8061},
{"Node_id":14225,"weight":3.6969},
{"Node_id":14226,"weight":2.1774},
{"Node_id":14227,"weight":1.4795},
{"Node_id":14228,"weight":1.3944},
{"Node_id":14229,"weight":2.3222},
{"Node_id":14230,"weight":1.8012},
{"Node_id":14231,"weight":5.2933},
{"Node_id":14234,"weight":1.5652},
{"Node_id":14235,"weight":2.5944},
{"Node_id":14236,"weight":2.0856},
{"Node_id":14237,"weight":1.5029},
{"Node_id":14238,"weight":2.8751},
{"Node_id":14239,"weight":1.5361},
{"Node_id":14240,"weight":3.2342},
{"Node_id":14241,"weight":1.9432},
{"Node_id":14242,"weight":1.639},
{"Node_id":14243,"weight":2.0436},
{"Node_id":14246,"weight":5.7105},
{"Node_id":14283,"weight":1.8834},
{"Node_id":14284,"weight":1.6657},
{"Node_id":14285,"weight":2.0918},
{"Node_id":14286,"weight":4.8588},
{"Node_id":14287,"weight":2.9257},
{"Node_id":14288,"weight":3.4323},
{"Node_id":14298,"weight":1.8756},
{"Node_id":14354,"weight":4.1982},
{"Node_id":14355,"weight":3.6392},
{"Node_id":14356,"weight":1.9727},
{"Node_id":14357,"weight":5.7414},
{"Node_id":14358,"weight":3.0929},
{"Node_id":14359,"weight":2.3609},
{"Node_id":14360,"weight":1.7113},
{"Node_id":14361,"weight":1.4268},
{"Node_id":14364,"weight":2.9896},
{"Node_id":14365,"weight":2.0938},
{"Node_id":14366,"weight":3.6718},
{"Node_id":14367,"weight":2.1124},
{"Node_id":14368,"weight":2.5519},
{"Node_id":14369,"weight":2.3445},
{"Node_id":14370,"weight":1.5527},
{"Node_id":14371,"weight":1.752},
{"Node_id":14372,"weight":2.7658},
{"Node_id":14373,"weight":1.9241},
{"Node_id":14374,"weight":1.8506},
{"Node_id":14375,"weight":2.4951},
{"Node_id":14376,"weight":3.3168},
{"Node_id":14377,"weight":1.9368},
{"Node_id":14378,"weight":2.2599},
{"Node_id":14379,"weight":1.8532},
{"Node_id":14380,"weight":2.2379},
{"Node_id":14381,"weight":1.8379},
{"Node_id":14382,"weight":3.6718},
{"Node_id":14383,"weight":1.6317},
{"Node_id":14384,"weight":3.7624},
{"Node_id":14385,"weight":1.5617},
{"Node_id":14386,"weight":1.8566},
{"Node_id":14387,"weight":1.8575},
{"Node_id":14388,"weight":1.6013},
{"Node_id":14392,"weight":2.508},
{"Node_id":14393,"weight":1.4198},
{"Node_id":14394,"weight":2.4478},
{"Node_id":14395,"weight":1.4474},
{"Node_id":14396,"weight":3.0229},
{"Node_id":14397,"weight":2.0377},
{"Node_id":14398,"weight":1.5218},
{"Node_id":14631,"weight":4.833},
{"Node_id":14632,"weight":1.5485},
{"Node_id":14633,"weight":2.3063},
{"Node_id":14634,"weight":1.8957},
{"Node_id":14637,"weight":4.1914},
{"Node_id":14638,"weight":4.3534},
{"Node_id":14639,"weight":1.6302},
{"Node_id":14640,"weight":1.8738},
{"Node_id":14641,"weight":1.5245},
{"Node_id":14642,"weight":5.0294},
{"Node_id":14643,"weight":1.5807},
{"Node_id":14644,"weight":3.8716},
{"Node_id":14645,"weight":2.2907},
{"Node_id":14646,"weight":2.6612},
{"Node_id":14647,"weight":2.2061},
{"Node_id":14648,"weight":1.5218},
{"Node_id":14649,"weight":2.2017},
{"Node_id":14650,"weight":5.3771},
{"Node_id":14651,"weight":2.3918},
{"Node_id":14652,"weight":1.5327},
{"Node_id":14653,"weight":1.5527},
{"Node_id":14654,"weight":2.2448},
{"Node_id":14798,"weight":5.2347},
{"Node_id":14799,"weight":1.9606},
{"Node_id":14800,"weight":1.7719},
{"Node_id":14801,"weight":1.4474},
{"Node_id":14802,"weight":2.4768},
{"Node_id":14813,"weight":1.7417},
{"Node_id":14814,"weight":2.9808},
{"Node_id":14817,"weight":1.4128},
{"Node_id":14818,"weight":1.5992},
{"Node_id":14819,"weight":1.6762},
{"Node_id":14820,"weight":2.0212},
{"Node_id":14821,"weight":3.0389},
{"Node_id":14822,"weight":3.3377},
{"Node_id":14867,"weight":2.6337},
{"Node_id":14868,"weight":1.7448},
{"Node_id":14869,"weight":1.6331},
{"Node_id":14870,"weight":2.0397},
{"Node_id":14871,"weight":1.7464},
{"Node_id":14872,"weight":1.9802},
{"Node_id":14873,"weight":2.027},
{"Node_id":14874,"weight":1.5828},
{"Node_id":14875,"weight":3.0504},
{"Node_id":14876,"weight":1.4281},
{"Node_id":14877,"weight":2.1557},
{"Node_id":14878,"weight":1.7881},
{"Node_id":14887,"weight":2.645},
{"Node_id":14888,"weight":1.575},
{"Node_id":14934,"weight":4.212},
{"Node_id":14935,"weight":3.5326},
{"Node_id":14936,"weight":3.248},
{"Node_id":14937,"weight":1.4526},
{"Node_id":14977,"weight":2.9917},
{"Node_id":14978,"weight":1.5779},
{"Node_id":14979,"weight":2.1503},
{"Node_id":14980,"weight":1.465},
{"Node_id":14981,"weight":1.9811},
{"Node_id":14982,"weight":1.4526},
{"Node_id":14983,"weight":1.5771},
{"Node_id":14984,"weight":1.8062},
{"Node_id":14985,"weight":2.0125},
{"Node_id":14986,"weight":5.7414},
{"Node_id":14987,"weight":4.1318},
{"Node_id":14988,"weight":2.5371},
{"Node_id":14989,"weight":2.1323},
{"Node_id":14990,"weight":1.4223},
{"Node_id":14991,"weight":4.3858},
{"Node_id":14992,"weight":4.4364},
{"Node_id":14993,"weight":1.4064},
{"Node_id":14994,"weight":1.4533},
{"Node_id":14995,"weight":1.513},
{"Node_id":14996,"weight":1.7036},
{"Node_id":14997,"weight":2.1218},
{"Node_id":14998,"weight":4.4451},
{"Node_id":14999,"weight":1.6538},
{"Node_id":15000,"weight":2.2185},
{"Node_id":15001,"weight":1.7535},
{"Node_id":15002,"weight":2.102},
{"Node_id":15003,"weight":1.397},
{"Node_id":15004,"weight":2.0685},
{"Node_id":15005,"weight":1.8851},
{"Node_id":15006,"weight":1.8379},
{"Node_id":15007,"weight":5.6515},
{"Node_id":15008,"weight":1.8992},
{"Node_id":15009,"weight":1.7939},
{"Node_id":15010,"weight":2.0125},
{"Node_id":15011,"weight":2.5594},
{"Node_id":15012,"weight":1.7244},
{"Node_id":15013,"weight":3.6969},
{"Node_id":15014,"weight":3.1703},
{"Node_id":15015,"weight":1.5184},
{"Node_id":15016,"weight":1.3869},
{"Node_id":15017,"weight":2.1829},
{"Node_id":15018,"weight":2.2196},
{"Node_id":15019,"weight":1.9597},
{"Node_id":15020,"weight":2.8477},
{"Node_id":15021,"weight":1.6694},
{"Node_id":15022,"weight":3.577},
{"Node_id":15023,"weight":2.889},
{"Node_id":15024,"weight":2.885},
{"Node_id":15025,"weight":1.5259},
{"Node_id":15026,"weight":3.8567},
{"Node_id":15027,"weight":3.3079},
{"Node_id":15028,"weight":1.8354},
{"Node_id":15029,"weight":1.7736},
{"Node_id":15030,"weight":3.714},
{"Node_id":15031,"weight":1.8371},
{"Node_id":15032,"weight":2.9808},
{"Node_id":15033,"weight":2.9614},
{"Node_id":15034,"weight":3.4934},
{"Node_id":15035,"weight":1.3882},
{"Node_id":15036,"weight":1.7623},
{"Node_id":15037,"weight":2.3711},
{"Node_id":15038,"weight":1.4313},
{"Node_id":15039,"weight":1.5527},
{"Node_id":15040,"weight":2.2599},
{"Node_id":15041,"weight":2.0029},
{"Node_id":15042,"weight":2.6596},
{"Node_id":15043,"weight":1.9359},
{"Node_id":15044,"weight":2.9381},
{"Node_id":15045,"weight":2.9174},
{"Node_id":15046,"weight":1.6171},
{"Node_id":15047,"weight":1.8103},
{"Node_id":15048,"weight":1.5334},
{"Node_id":15049,"weight":2.887},
{"Node_id":15050,"weight":1.8186},
{"Node_id":15051,"weight":1.9542},
{"Node_id":15062,"weight":1.6785},
{"Node_id":15063,"weight":3.0006},
{"Node_id":15064,"weight":2.1785},
{"Node_id":15065,"weight":3.0786},
{"Node_id":15066,"weight":3.8275},
{"Node_id":15067,"weight":1.7881},
{"Node_id":15068,"weight":3.055},
{"Node_id":15069,"weight":1.9662},
{"Node_id":15070,"weight":2.4671},
{"Node_id":15071,"weight":3.2905},
{"Node_id":15072,"weight":1.901},
{"Node_id":15073,"weight":1.9802},
{"Node_id":15074,"weight":1.9802},
{"Node_id":15075,"weight":7.8236},
{"Node_id":15079,"weight":1.6913},
{"Node_id":15080,"weight":2.645},
{"Node_id":15081,"weight":4.0163},
{"Node_id":15082,"weight":1.4915},
{"Node_id":15083,"weight":1.5347},
{"Node_id":15084,"weight":2.6531},
{"Node_id":15085,"weight":2.2611},
{"Node_id":15164,"weight":4.3454},
{"Node_id":15165,"weight":2.8248},
{"Node_id":15168,"weight":2.4994},
{"Node_id":15169,"weight":1.748},
{"Node_id":15170,"weight":1.4855},
{"Node_id":15171,"weight":2.764},
{"Node_id":15172,"weight":1.8721},
{"Node_id":15173,"weight":2.4492},
{"Node_id":15174,"weight":1.8904},
{"Node_id":15175,"weight":1.9783},
{"Node_id":15176,"weight":1.6508},
{"Node_id":15177,"weight":2.1302},
{"Node_id":15178,"weight":2.4356},
{"Node_id":15179,"weight":2.0897},
{"Node_id":15180,"weight":3.1322},
{"Node_id":15181,"weight":1.956},
{"Node_id":15182,"weight":4.5362},
{"Node_id":15183,"weight":2.8574},
{"Node_id":15186,"weight":4.6053},
{"Node_id":15187,"weight":2.7839},
{"Node_id":15188,"weight":1.5177},
{"Node_id":15189,"weight":1.414},
{"Node_id":15190,"weight":1.7496},
{"Node_id":15191,"weight":2.0318},
{"Node_id":15192,"weight":3.2424},
{"Node_id":15193,"weight":1.8756},
{"Node_id":15257,"weight":2.5371},
{"Node_id":15258,"weight":1.414},
{"Node_id":15259,"weight":2.4643},
{"Node_id":15288,"weight":1.8128},
{"Node_id":15289,"weight":1.4461},
{"Node_id":15290,"weight":2.0446},
{"Node_id":15291,"weight":2.5821},
{"Node_id":15292,"weight":3.4761},
{"Node_id":15293,"weight":1.5062},
{"Node_id":15294,"weight":2.0989},
{"Node_id":15295,"weight":2.3788},
{"Node_id":15296,"weight":1.5485},
{"Node_id":15297,"weight":4.4108},
{"Node_id":15300,"weight":1.4384},
{"Node_id":15301,"weight":2.7551},
{"Node_id":15302,"weight":1.7409},
{"Node_id":15303,"weight":2.1333},
{"Node_id":15304,"weight":1.9634},
{"Node_id":15305,"weight":1.8111},
{"Node_id":15306,"weight":2.7604},
{"Node_id":15307,"weight":1.5779},
{"Node_id":15308,"weight":4.1383},
{"Node_id":15309,"weight":1.4565},
{"Node_id":15310,"weight":3.6233},
{"Node_id":15311,"weight":1.7599},
{"Node_id":15312,"weight":2.5806},
{"Node_id":15313,"weight":1.4096},
{"Node_id":15314,"weight":3.9072},
{"Node_id":15315,"weight":1.8211},
{"Node_id":15316,"weight":2.5312},
{"Node_id":15317,"weight":1.8037},
{"Node_id":15318,"weight":2.9657},
{"Node_id":15319,"weight":2.6514},
{"Node_id":15320,"weight":1.4229},
{"Node_id":15321,"weight":2.7132},
{"Node_id":15322,"weight":1.8404},
{"Node_id":15323,"weight":1.9332},
{"Node_id":15324,"weight":2.5867},
{"Node_id":15325,"weight":1.6694},
{"Node_id":15326,"weight":4.119},
{"Node_id":15327,"weight":2.4937},
{"Node_id":15328,"weight":3.9992},
{"Node_id":15329,"weight":1.9268},
{"Node_id":15330,"weight":1.4351},
{"Node_id":15331,"weight":1.5361},
{"Node_id":15332,"weight":1.6501},
{"Node_id":15333,"weight":1.9001},
{"Node_id":15348,"weight":0.1294},
{"Node_id":15349,"weight":1.2721},
{"Node_id":15350,"weight":3.2676},
{"Node_id":15351,"weight":0.036},
{"Node_id":15352,"weight":2.8691},
{"Node_id":15357,"weight":2.7046},
{"Node_id":15358,"weight":0.5266},
{"Node_id":15359,"weight":0.49},
{"Node_id":15360,"weight":1.62},
{"Node_id":15361,"weight":2.1763},
{"Node_id":15362,"weight":0.6955},
{"Node_id":15363,"weight":2.5166},
{"Node_id":15364,"weight":5.4448},
{"Node_id":15365,"weight":1.9072},
{"Node_id":15366,"weight":0.6239},
{"Node_id":15367,"weight":0.9529},
{"Node_id":15368,"weight":1.0716},
{"Node_id":15369,"weight":0.944},
{"Node_id":15370,"weight":1.9569},
{"Node_id":15371,"weight":1.6822},
{"Node_id":15372,"weight":0.8274},
{"Node_id":15377,"weight":1.2856},
{"Node_id":15378,"weight":2.0755},
{"Node_id":15379,"weight":0.1519},
{"Node_id":15391,"weight":0.388},
{"Node_id":15392,"weight":1.2448},
{"Node_id":15396,"weight":0.7598},
{"Node_id":15398,"weight":2.498},
{"Node_id":15399,"weight":1.827},
{"Node_id":15422,"weight":4.0878},
{"Node_id":15423,"weight":1.8245},
{"Node_id":15424,"weight":2.173},
{"Node_id":15425,"weight":2.1741},
{"Node_id":15426,"weight":0.6803},
{"Node_id":15427,"weight":3.2876},
{"Node_id":15428,"weight":0.7755},
{"Node_id":15429,"weight":3.7011},
{"Node_id":15430,"weight":0.7829},
{"Node_id":15434,"weight":1.4435},
{"Node_id":15435,"weight":4.8588},
{"Node_id":15437,"weight":2.5459},
{"Node_id":15438,"weight":0.2258},
{"Node_id":15439,"weight":1.7089},
{"Node_id":15440,"weight":2.9153},
{"Node_id":15441,"weight":0.2302},
{"Node_id":15442,"weight":3.429},
{"Node_id":15445,"weight":0.3437},
{"Node_id":15446,"weight":0.2294},
{"Node_id":15449,"weight":0.9579},
{"Node_id":15452,"weight":0.3602},
{"Node_id":15453,"weight":3.6233},
{"Node_id":15454,"weight":1.6128},
{"Node_id":15455,"weight":2.1763},
{"Node_id":15456,"weight":4.8988},
{"Node_id":15457,"weight":1.7535},
{"Node_id":15458,"weight":0.6678},
{"Node_id":15459,"weight":1.0465},
{"Node_id":15460,"weight":0.8231},
{"Node_id":15479,"weight":1.4191},
{"Node_id":15480,"weight":1.1859},
{"Node_id":15485,"weight":1.6258},
{"Node_id":15486,"weight":0.3174},
{"Node_id":15489,"weight":0.9203},
{"Node_id":15490,"weight":0.9346},
{"Node_id":15491,"weight":2.5195},
{"Node_id":15492,"weight":1.0997},
{"Node_id":15493,"weight":1.08},
{"Node_id":15494,"weight":0.3293},
{"Node_id":15495,"weight":0.2055},
{"Node_id":15498,"weight":1.1698},
{"Node_id":15499,"weight":0.3756},
{"Node_id":15500,"weight":1.969},
{"Node_id":15501,"weight":0.5849},
{"Node_id":15502,"weight":0.216},
{"Node_id":15503,"weight":0.0532},
{"Node_id":15508,"weight":3.818},
{"Node_id":15509,"weight":0.2408},
{"Node_id":15510,"weight":3.7401},
{"Node_id":15511,"weight":0.9982},
{"Node_id":15512,"weight":0.4608},
{"Node_id":15513,"weight":0.2884},
{"Node_id":15514,"weight":1.5437},
{"Node_id":15515,"weight":1.1914},
{"Node_id":15516,"weight":0.7332},
{"Node_id":15517,"weight":0.9714},
{"Node_id":15518,"weight":0.9115},
{"Node_id":15519,"weight":0.4768},
{"Node_id":15520,"weight":0.2745},
{"Node_id":15521,"weight":0.9095},
{"Node_id":15522,"weight":0.1141},
{"Node_id":15523,"weight":0.1491},
{"Node_id":15524,"weight":0.4879},
{"Node_id":15527,"weight":0.1322},
{"Node_id":15528,"weight":0.5155},
{"Node_id":15649,"weight":0.6879},
{"Node_id":15650,"weight":1.8379},
{"Node_id":15651,"weight":1.2396}]