[{"Node_id":2620,"weight":1.9214},
{"Node_id":2624,"weight":2.184},
{"Node_id":2625,"weight":3.483},
{"Node_id":2626,"weight":2.2799},
{"Node_id":2627,"weight":2.0505},
{"Node_id":2628,"weight":1.9802},
{"Node_id":2629,"weight":2.5051},
{"Node_id":2633,"weight":2.4994},
{"Node_id":2634,"weight":2.7218},
{"Node_id":2635,"weight":3.6636},
{"Node_id":2636,"weight":1.6493},
{"Node_id":2637,"weight":4.0396},
{"Node_id":2638,"weight":2.0367},
{"Node_id":2639,"weight":1.4319},
{"Node_id":2640,"weight":3.8918},
{"Node_id":2641,"weight":2.3699},
{"Node_id":2642,"weight":1.8825},
{"Node_id":2643,"weight":1.9924},
{"Node_id":2644,"weight":2.5459},
{"Node_id":2645,"weight":2.6645},
{"Node_id":2646,"weight":2.321},
{"Node_id":2647,"weight":1.6936},
{"Node_id":2648,"weight":4.1254},
{"Node_id":2651,"weight":2.1397},
{"Node_id":2652,"weight":2.4195},
{"Node_id":2653,"weight":1.4064},
{"Node_id":2654,"weight":1.8203},
{"Node_id":2655,"weight":4.1846},
{"Node_id":2662,"weight":2.7912},
{"Node_id":2667,"weight":2.9298},
{"Node_id":2668,"weight":3.7945},
{"Node_id":2672,"weight":1.5736},
{"Node_id":2673,"weight":1.9597},
{"Node_id":2674,"weight":1.9569},
{"Node_id":2675,"weight":1.4474},
{"Node_id":2676,"weight":1.9468},
{"Node_id":2677,"weight":2.0241},
{"Node_id":2698,"weight":1.4371},
{"Node_id":2699,"weight":2.4866},
{"Node_id":2700,"weight":1.7922},
{"Node_id":2701,"weight":1.5259},
{"Node_id":2702,"weight":3.2124},
{"Node_id":2703,"weight":2.5123},
{"Node_id":2704,"weight":1.832},
{"Node_id":2705,"weight":4.7357},
{"Node_id":2706,"weight":1.744},
{"Node_id":2707,"weight":1.748},
{"Node_id":2710,"weight":1.8643},
{"Node_id":2711,"weight":3.4127},
{"Node_id":2712,"weight":1.7036},
{"Node_id":2713,"weight":2.5852},
{"Node_id":2715,"weight":2.0846},
{"Node_id":2716,"weight":3.9713},
{"Node_id":2717,"weight":3.2963},
{"Node_id":2718,"weight":2.0212},
{"Node_id":2719,"weight":1.3976},
{"Node_id":2720,"weight":1.5513},
{"Node_id":2721,"weight":1.8203},
{"Node_id":2722,"weight":1.5492},
{"Node_id":2723,"weight":2.0456},
{"Node_id":2724,"weight":1.7036},
{"Node_id":2725,"weight":2.0595},
{"Node_id":2726,"weight":4.7954},
{"Node_id":2729,"weight":1.8421},
{"Node_id":2730,"weight":1.4624},
{"Node_id":2731,"weight":3.429},
{"Node_id":2732,"weight":2.764},
{"Node_id":2733,"weight":2.001},
{"Node_id":2734,"weight":1.6353},
{"Node_id":2735,"weight":1.4539},
{"Node_id":2736,"weight":4.219},
{"Node_id":2737,"weight":3.0667},
{"Node_id":2752,"weight":1.5638},
{"Node_id":2755,"weight":1.7583},
{"Node_id":2756,"weight":2.4102},
{"Node_id":2761,"weight":7.6004},
{"Node_id":2762,"weight":1.6034},
{"Node_id":2765,"weight":1.8421},
{"Node_id":2766,"weight":1.9532},
{"Node_id":2767,"weight":2.1928},
{"Node_id":2768,"weight":1.6493},
{"Node_id":2769,"weight":1.9395},
{"Node_id":2770,"weight":2.3983},
{"Node_id":2771,"weight":2.2634},
{"Node_id":2772,"weight":2.2253},
{"Node_id":2774,"weight":2.4369},
{"Node_id":2775,"weight":2.3271},
{"Node_id":2776,"weight":3.1026},
{"Node_id":2777,"weight":1.5764},
{"Node_id":2778,"weight":1.7097},
{"Node_id":2779,"weight":2.7115},
{"Node_id":2784,"weight":1.4261},
{"Node_id":2785,"weight":4.2766},
{"Node_id":2786,"weight":6.0725},
{"Node_id":2787,"weight":3.2397},
{"Node_id":2788,"weight":2.3763},
{"Node_id":2789,"weight":5.2159},
{"Node_id":2790,"weight":2.6006},
{"Node_id":2791,"weight":2.7857},
{"Node_id":2792,"weight":3.3714},
{"Node_id":2793,"weight":1.5666},
{"Node_id":2794,"weight":2.6612},
{"Node_id":2795,"weight":1.886},
{"Node_id":2796,"weight":1.866},
{"Node_id":2797,"weight":1.5327},
{"Node_id":2798,"weight":2.1218},
{"Node_id":2799,"weight":1.5123},
{"Node_id":2800,"weight":3.596},
{"Node_id":2801,"weight":1.7013},
{"Node_id":2803,"weight":2.887},
{"Node_id":2804,"weight":2.2287},
{"Node_id":2926,"weight":1.6875},
{"Node_id":2927,"weight":3.3227},
{"Node_id":2928,"weight":3.2733},
{"Node_id":3443,"weight":2.0887},
{"Node_id":3677,"weight":5.077},
{"Node_id":3678,"weight":1.4178},
{"Node_id":3679,"weight":4.1064},
{"Node_id":3680,"weight":2.0695},
{"Node_id":3682,"weight":2.2196},
{"Node_id":3684,"weight":2.0907},
{"Node_id":3685,"weight":2.9635},
{"Node_id":3686,"weight":3.9549},
{"Node_id":3687,"weight":1.4474},
{"Node_id":3688,"weight":1.7051},
{"Node_id":3689,"weight":2.3996},
{"Node_id":3690,"weight":1.7433},
{"Node_id":3691,"weight":2.1807},
{"Node_id":3692,"weight":2.3866},
{"Node_id":3693,"weight":1.3919},
{"Node_id":3694,"weight":2.0928},
{"Node_id":3699,"weight":2.0938},
{"Node_id":3700,"weight":1.9615},
{"Node_id":3701,"weight":2.0299},
{"Node_id":3702,"weight":2.3433},
{"Node_id":3704,"weight":2.5504},
{"Node_id":3706,"weight":2.5519},
{"Node_id":3707,"weight":1.8523},
{"Node_id":3708,"weight":2.3648},
{"Node_id":3712,"weight":1.4481},
{"Node_id":3713,"weight":1.4384},
{"Node_id":3714,"weight":5.2933},
{"Node_id":3715,"weight":1.4313},
{"Node_id":3716,"weight":3.3287},
{"Node_id":3717,"weight":1.9305},
{"Node_id":3718,"weight":4.8078},
{"Node_id":3719,"weight":2.5195},
{"Node_id":3720,"weight":1.3882},
{"Node_id":3721,"weight":3.2151},
{"Node_id":3722,"weight":2.3271},
{"Node_id":3724,"weight":4.6469},
{"Node_id":3725,"weight":2.2943},
{"Node_id":3726,"weight":3.4523},
{"Node_id":3727,"weight":1.4617},
{"Node_id":3729,"weight":3.0978},
{"Node_id":3730,"weight":1.6142},
{"Node_id":3731,"weight":1.3869},
{"Node_id":3732,"weight":3.0006},
{"Node_id":3733,"weight":2.8691},
{"Node_id":3734,"weight":1.7276},
{"Node_id":3735,"weight":1.3982},
{"Node_id":3737,"weight":2.0918},
{"Node_id":3742,"weight":2.7604},
{"Node_id":3743,"weight":1.7647},
{"Node_id":3744,"weight":3.4225},
{"Node_id":3745,"weight":3.1651},
{"Node_id":3746,"weight":2.6482},
{"Node_id":3747,"weight":1.6434},
{"Node_id":3748,"weight":2.6662},
{"Node_id":3750,"weight":1.8704},
{"Node_id":3751,"weight":1.4455},
{"Node_id":3752,"weight":1.452},
{"Node_id":3753,"weight":3.6677},
{"Node_id":3754,"weight":2.9722},
{"Node_id":3755,"weight":1.6405},
{"Node_id":3758,"weight":3.511},
{"Node_id":3759,"weight":1.6627},
{"Node_id":3760,"weight":3.1173},
{"Node_id":3761,"weight":2.2752},
{"Node_id":3762,"weight":1.6049},
{"Node_id":3763,"weight":1.6612},
{"Node_id":3764,"weight":2.9786},
{"Node_id":3765,"weight":1.9496},
{"Node_id":3766,"weight":1.7151},
{"Node_id":3769,"weight":1.8037},
{"Node_id":3770,"weight":1.7448},
{"Node_id":3771,"weight":1.9197},
{"Node_id":3772,"weight":2.6369},
{"Node_id":3810,"weight":2.1397},
{"Node_id":3811,"weight":1.4822},
{"Node_id":3812,"weight":3.7852},
{"Node_id":3813,"weight":1.9487},
{"Node_id":3814,"weight":2.1218},
{"Node_id":3815,"weight":2.2242},
{"Node_id":3817,"weight":5.9496},
{"Node_id":3820,"weight":2.9298},
{"Node_id":3823,"weight":4.1711},
{"Node_id":3824,"weight":2.4142},
{"Node_id":3825,"weight":2.4838},
{"Node_id":3826,"weight":2.4629},
{"Node_id":3827,"weight":3.2676},
{"Node_id":3828,"weight":4.6259},
{"Node_id":3829,"weight":4.5555},
{"Node_id":3830,"weight":1.7865},
{"Node_id":3831,"weight":1.4862},
{"Node_id":3832,"weight":1.8921},
{"Node_id":3833,"weight":1.5055},
{"Node_id":3834,"weight":1.4261},
{"Node_id":3835,"weight":1.7551},
{"Node_id":3837,"weight":5.2539},
{"Node_id":3838,"weight":1.4815},
{"Node_id":3839,"weight":1.4287},
{"Node_id":3840,"weight":1.5451},
{"Node_id":3841,"weight":1.6229},
{"Node_id":3842,"weight":4.2051},
{"Node_id":3843,"weight":2.579},
{"Node_id":3844,"weight":1.5885},
{"Node_id":3845,"weight":2.883},
{"Node_id":3849,"weight":2.5654},
{"Node_id":3863,"weight":2.2494},
{"Node_id":3864,"weight":2.5669},
{"Node_id":3866,"weight":2.8439},
{"Node_id":3867,"weight":2.3371},
{"Node_id":3868,"weight":1.3913},
{"Node_id":3869,"weight":4.3066},
{"Node_id":3870,"weight":2.7712},
{"Node_id":3871,"weight":5.077},
{"Node_id":3872,"weight":1.9386},
{"Node_id":3878,"weight":1.4955},
{"Node_id":3879,"weight":1.4364},
{"Node_id":3880,"weight":1.7639},
{"Node_id":3881,"weight":4.872},
{"Node_id":3886,"weight":1.4855},
{"Node_id":3887,"weight":3.0297},
{"Node_id":3888,"weight":1.421},
{"Node_id":3889,"weight":1.9487},
{"Node_id":3890,"weight":2.6434},
{"Node_id":3891,"weight":1.6777},
{"Node_id":3895,"weight":2.4168},
{"Node_id":4128,"weight":5.4217},
{"Node_id":4129,"weight":5.5429},
{"Node_id":4133,"weight":3.3377},
{"Node_id":4192,"weight":5.045},
{"Node_id":4193,"weight":3.8766},
{"Node_id":4194,"weight":1.719},
{"Node_id":4195,"weight":1.7354},
{"Node_id":4196,"weight":2.4768},
{"Node_id":4197,"weight":1.7198},
{"Node_id":4200,"weight":3.6076},
{"Node_id":4201,"weight":3.4523},
{"Node_id":4202,"weight":3.6273},
{"Node_id":4203,"weight":3.7401},
{"Node_id":4204,"weight":2.0338},
{"Node_id":4205,"weight":1.6906},
{"Node_id":4206,"weight":3.6718},
{"Node_id":4207,"weight":2.1418},
{"Node_id":4208,"weight":1.6419},
{"Node_id":4209,"weight":1.8549},
{"Node_id":4210,"weight":2.0212},
{"Node_id":4211,"weight":3.3808},
{"Node_id":4212,"weight":3.8469},
{"Node_id":4213,"weight":3.305},
{"Node_id":4214,"weight":1.4742},
{"Node_id":4217,"weight":1.5464},
{"Node_id":4218,"weight":2.0575},
{"Node_id":4219,"weight":1.7922},
{"Node_id":4224,"weight":5.4927},
{"Node_id":4227,"weight":3.7446},
{"Node_id":4230,"weight":3.5075},
{"Node_id":4231,"weight":1.7472},
{"Node_id":4232,"weight":1.4001},
{"Node_id":4233,"weight":3.6885},
{"Node_id":4234,"weight":2.5519},
{"Node_id":4236,"weight":3.8372},
{"Node_id":4237,"weight":2.0615},
{"Node_id":4238,"weight":2.0785},
{"Node_id":4239,"weight":2.1654},
{"Node_id":4240,"weight":1.6114},
{"Node_id":4241,"weight":1.812},
{"Node_id":4242,"weight":1.9143},
{"Node_id":4243,"weight":1.7567},
{"Node_id":4244,"weight":2.1862},
{"Node_id":4245,"weight":2.1906},
{"Node_id":4246,"weight":2.7357},
{"Node_id":4247,"weight":2.9465},
{"Node_id":4248,"weight":2.1249},
{"Node_id":4249,"weight":3.6432},
{"Node_id":4250,"weight":5.1441},
{"Node_id":4251,"weight":5.2734},
{"Node_id":4252,"weight":3.0978},
{"Node_id":4253,"weight":3.8132},
{"Node_id":4254,"weight":5.045},
{"Node_id":4255,"weight":2.401},
{"Node_id":4256,"weight":2.101},
{"Node_id":4257,"weight":1.515},
{"Node_id":4260,"weight":3.0644},
{"Node_id":4261,"weight":3.0366},
{"Node_id":4262,"weight":2.3039},
{"Node_id":4264,"weight":3.0184},
{"Node_id":4266,"weight":2.0038},
{"Node_id":4267,"weight":2.025},
{"Node_id":4279,"weight":3.9658},
{"Node_id":4280,"weight":2.5579},
{"Node_id":4281,"weight":2.0192},
{"Node_id":4284,"weight":2.8135},
{"Node_id":4285,"weight":2.8381},
{"Node_id":4286,"weight":2.889},
{"Node_id":4287,"weight":2.0338},
{"Node_id":4289,"weight":1.9323},
{"Node_id":4290,"weight":1.7237},
{"Node_id":4291,"weight":1.7599},
{"Node_id":4292,"weight":2.3015},
{"Node_id":4293,"weight":1.4881},
{"Node_id":4294,"weight":1.3988},
{"Node_id":4295,"weight":2.9786},
{"Node_id":4296,"weight":3.3652},
{"Node_id":4297,"weight":2.6337},
{"Node_id":4298,"weight":1.5485},
{"Node_id":4299,"weight":2.5297},
{"Node_id":4300,"weight":1.5327},
{"Node_id":4301,"weight":1.7663},
{"Node_id":4302,"weight":1.9423},
{"Node_id":4303,"weight":1.4422},
{"Node_id":4304,"weight":1.5885},
{"Node_id":4305,"weight":1.5729},
{"Node_id":4306,"weight":1.5306},
{"Node_id":4307,"weight":2.7409},
{"Node_id":4337,"weight":1.4052},
{"Node_id":4338,"weight":1.6324},
{"Node_id":4339,"weight":2.8711},
{"Node_id":4340,"weight":5.0933},
{"Node_id":4341,"weight":1.5659},
{"Node_id":4342,"weight":1.4782},
{"Node_id":4344,"weight":2.4796},
{"Node_id":4345,"weight":2.6337},
{"Node_id":4346,"weight":5.4927},
{"Node_id":4349,"weight":2.0928},
{"Node_id":4358,"weight":1.4862},
{"Node_id":4359,"weight":1.4435},
{"Node_id":4360,"weight":4.8458},
{"Node_id":4361,"weight":2.1622},
{"Node_id":4362,"weight":1.8253},
{"Node_id":4363,"weight":2.1928},
{"Node_id":4364,"weight":1.587},
{"Node_id":4365,"weight":1.656},
{"Node_id":4366,"weight":2.4684},
{"Node_id":4367,"weight":3.511},
{"Node_id":4368,"weight":1.5368},
{"Node_id":4369,"weight":1.6027},
{"Node_id":4371,"weight":1.8609},
{"Node_id":4376,"weight":2.6928},
{"Node_id":4377,"weight":3.3903},
{"Node_id":4378,"weight":2.2943},
{"Node_id":4382,"weight":2.1376},
{"Node_id":4383,"weight":2.6147},
{"Node_id":4384,"weight":2.0485},
{"Node_id":4386,"weight":2.97},
{"Node_id":4387,"weight":4.1513},
{"Node_id":4388,"weight":2.9031},
{"Node_id":4389,"weight":1.5197},
{"Node_id":4390,"weight":3.4356},
{"Node_id":4391,"weight":4.4538},
{"Node_id":4392,"weight":3.2507},
{"Node_id":4393,"weight":1.4775},
{"Node_id":4394,"weight":3.6595},
{"Node_id":4395,"weight":1.4769},
{"Node_id":4396,"weight":4.7832},
{"Node_id":4397,"weight":1.8354},
{"Node_id":4398,"weight":2.7857},
{"Node_id":4400,"weight":4.284},
{"Node_id":4401,"weight":1.8643},
{"Node_id":4402,"weight":2.1354},
{"Node_id":4403,"weight":1.8153},
{"Node_id":4406,"weight":2.5882},
{"Node_id":4407,"weight":2.1774},
{"Node_id":4408,"weight":4.0049},
{"Node_id":4409,"weight":2.9444},
{"Node_id":4410,"weight":2.6466},
{"Node_id":4411,"weight":2.1796},
{"Node_id":4412,"weight":3.3079},
{"Node_id":4413,"weight":3.562},
{"Node_id":4414,"weight":1.6164},
{"Node_id":4416,"weight":2.4994},
{"Node_id":4417,"weight":2.6022},
{"Node_id":4418,"weight":1.5603},
{"Node_id":4419,"weight":2.2716},
{"Node_id":4420,"weight":3.3287},
{"Node_id":4421,"weight":1.7543},
{"Node_id":4422,"weight":3.3468},
{"Node_id":4423,"weight":1.9098},
{"Node_id":4424,"weight":1.8078},
{"Node_id":4425,"weight":2.4519},
{"Node_id":4426,"weight":3.3138},
{"Node_id":4427,"weight":2.6434},
{"Node_id":4429,"weight":1.8379},
{"Node_id":4430,"weight":1.7711},
{"Node_id":4431,"weight":3.0072},
{"Node_id":4432,"weight":1.5485},
{"Node_id":4433,"weight":1.4585},
{"Node_id":4434,"weight":3.1222},
{"Node_id":4435,"weight":2.1752},
{"Node_id":4436,"weight":2.6321},
{"Node_id":4437,"weight":2.7183},
{"Node_id":4439,"weight":3.1026},
{"Node_id":4441,"weight":1.4868},
{"Node_id":4442,"weight":1.6785},
{"Node_id":4443,"weight":2.2576},
{"Node_id":4444,"weight":3.1625},
{"Node_id":4445,"weight":1.827},
{"Node_id":4446,"weight":2.3814},
{"Node_id":4447,"weight":2.6761},
{"Node_id":4448,"weight":1.7988},
{"Node_id":4450,"weight":2.4342},
{"Node_id":4451,"weight":1.4461},
{"Node_id":4452,"weight":3.4356},
{"Node_id":4469,"weight":2.3827},
{"Node_id":4470,"weight":2.1514},
{"Node_id":4471,"weight":1.421},
{"Node_id":4472,"weight":4.2546},
{"Node_id":4473,"weight":2.889},
{"Node_id":4474,"weight":2.6162},
{"Node_id":4477,"weight":4.508},
{"Node_id":4480,"weight":2.6401},
{"Node_id":4483,"weight":2.1197},
{"Node_id":4484,"weight":1.9161},
{"Node_id":4522,"weight":1.7105},
{"Node_id":4523,"weight":2.1239},
{"Node_id":4525,"weight":2.7115},
{"Node_id":4526,"weight":2.3597},
{"Node_id":4527,"weight":1.6383},
{"Node_id":4528,"weight":1.4624},
{"Node_id":4529,"weight":3.6392},
{"Node_id":4530,"weight":1.7338},
{"Node_id":4531,"weight":4.3776},
{"Node_id":4532,"weight":1.7089},
{"Node_id":4533,"weight":1.4789},
{"Node_id":4534,"weight":3.2591},
{"Node_id":4535,"weight":3.3871},
{"Node_id":4536,"weight":2.9277},
{"Node_id":4537,"weight":4.5653},
{"Node_id":4538,"weight":3.2178},
{"Node_id":4540,"weight":2.2073},
{"Node_id":4541,"weight":1.5779},
{"Node_id":4542,"weight":3.8085},
{"Node_id":4543,"weight":1.6186},
{"Node_id":4544,"weight":6.8113},
{"Node_id":4545,"weight":1.6179},
{"Node_id":4546,"weight":1.7377},
{"Node_id":4547,"weight":2.4588},
{"Node_id":4548,"weight":1.6478},
{"Node_id":4549,"weight":1.5231},
{"Node_id":4550,"weight":2.342},
{"Node_id":4551,"weight":1.4644},
{"Node_id":4552,"weight":2.0595},
{"Node_id":4553,"weight":2.2681},
{"Node_id":4560,"weight":3.3871},
{"Node_id":4561,"weight":1.5807},
{"Node_id":4562,"weight":2.7586},
{"Node_id":4563,"weight":2.885},
{"Node_id":4564,"weight":4.5653},
{"Node_id":4565,"weight":3.3683},
{"Node_id":4566,"weight":2.7374},
{"Node_id":4569,"weight":2.0485},
{"Node_id":4570,"weight":1.8261},
{"Node_id":4571,"weight":2.9593},
{"Node_id":4572,"weight":2.0565},
{"Node_id":4573,"weight":2.5123},
{"Node_id":4574,"weight":1.4121},
{"Node_id":4575,"weight":2.2061},
{"Node_id":4576,"weight":1.7136},
{"Node_id":4578,"weight":1.7182},
{"Node_id":4581,"weight":2.0605},
{"Node_id":4582,"weight":3.6233},
{"Node_id":4585,"weight":2.6242},
{"Node_id":4586,"weight":1.5771},
{"Node_id":4587,"weight":1.5402},
{"Node_id":4588,"weight":3.2591},
{"Node_id":4589,"weight":1.6754},
{"Node_id":4590,"weight":1.5238},
{"Node_id":4591,"weight":2.0096},
{"Node_id":4592,"weight":2.8381},
{"Node_id":4593,"weight":2.1155},
{"Node_id":4594,"weight":1.5687},
{"Node_id":4595,"weight":1.4014},
{"Node_id":4596,"weight":1.7417},
{"Node_id":4597,"weight":2.3699},
{"Node_id":4600,"weight":1.6078},
{"Node_id":4602,"weight":3.562},
{"Node_id":4603,"weight":2.8633},
{"Node_id":4609,"weight":3.5326},
{"Node_id":4610,"weight":4.0163},
{"Node_id":4611,"weight":3.226},
{"Node_id":4612,"weight":1.7051},
{"Node_id":4613,"weight":2.9113},
{"Node_id":4614,"weight":1.8913},
{"Node_id":4617,"weight":1.6085},
{"Node_id":4618,"weight":1.5999},
{"Node_id":4619,"weight":3.0738},
{"Node_id":4620,"weight":1.5878},
{"Node_id":4713,"weight":2.2907},
{"Node_id":4718,"weight":3.5398},
{"Node_id":4719,"weight":1.8379},
{"Node_id":4720,"weight":1.3907},
{"Node_id":4722,"weight":4.0049},
{"Node_id":4723,"weight":3.4969},
{"Node_id":4724,"weight":1.7841},
{"Node_id":4725,"weight":2.4966},
{"Node_id":4726,"weight":4.9126},
{"Node_id":4727,"weight":3.562},
{"Node_id":4728,"weight":4.9548},
{"Node_id":4729,"weight":4.7592},
{"Node_id":4730,"weight":2.1873},
{"Node_id":4845,"weight":2.4994},
{"Node_id":4846,"weight":5.4448},
{"Node_id":4847,"weight":1.7988},
{"Node_id":4848,"weight":1.6412},
{"Node_id":4849,"weight":1.4802},
{"Node_id":4850,"weight":1.4683},
{"Node_id":4851,"weight":4.0634},
{"Node_id":4852,"weight":2.895},
{"Node_id":4853,"weight":3.3347},
{"Node_id":4854,"weight":1.6508},
{"Node_id":4855,"weight":3.3777},
{"Node_id":4856,"weight":2.9072},
{"Node_id":4857,"weight":1.4178},
{"Node_id":4858,"weight":2.4881},
{"Node_id":4859,"weight":2.3788},
{"Node_id":4860,"weight":2.9614},
{"Node_id":4861,"weight":1.6664},
{"Node_id":4862,"weight":1.7963},
{"Node_id":4863,"weight":1.9143},
{"Node_id":4864,"weight":1.6523},
{"Node_id":4865,"weight":1.6538},
{"Node_id":4866,"weight":1.9036},
{"Node_id":4868,"weight":3.3999},
{"Node_id":4869,"weight":2.3584},
{"Node_id":4870,"weight":2.1785},
{"Node_id":4871,"weight":2.5224},
{"Node_id":4872,"weight":2.4601},
{"Node_id":4873,"weight":1.7074},
{"Node_id":4874,"weight":1.8834},
{"Node_id":4875,"weight":1.8921},
{"Node_id":4876,"weight":1.39},
{"Node_id":4877,"weight":2.2106},
{"Node_id":4878,"weight":1.9241},
{"Node_id":4879,"weight":1.6627},
{"Node_id":4880,"weight":3.0667},
{"Node_id":4881,"weight":2.0605},
{"Node_id":4882,"weight":2.2895},
{"Node_id":4883,"weight":1.43},
{"Node_id":4888,"weight":2.8305},
{"Node_id":4889,"weight":1.7825},
{"Node_id":5026,"weight":1.6186},
{"Node_id":5027,"weight":2.4754},
{"Node_id":5028,"weight":1.8756},
{"Node_id":5209,"weight":1.9532},
{"Node_id":5335,"weight":3.2071},
{"Node_id":5336,"weight":1.7988},
{"Node_id":5431,"weight":3.3529},
{"Node_id":5474,"weight":2.658},
{"Node_id":5489,"weight":2.5371},
{"Node_id":5490,"weight":5.9496},
{"Node_id":5517,"weight":1.5589},
{"Node_id":5518,"weight":2.7098},
{"Node_id":5634,"weight":1.7543},
{"Node_id":5635,"weight":1.9746},
{"Node_id":5708,"weight":1.4729},
{"Node_id":5730,"weight":2.4754},
{"Node_id":5731,"weight":2.4302},
{"Node_id":5771,"weight":1.7898},
{"Node_id":5772,"weight":1.7043},
{"Node_id":5773,"weight":1.6612},
{"Node_id":5774,"weight":1.8669},
{"Node_id":5775,"weight":1.6762},
{"Node_id":5776,"weight":2.2208},
{"Node_id":5777,"weight":3.0297},
{"Node_id":5778,"weight":2.4262},
{"Node_id":5779,"weight":2.4155},
{"Node_id":5780,"weight":3.2017},
{"Node_id":5781,"weight":2.4866},
{"Node_id":5782,"weight":2.9939},
{"Node_id":5783,"weight":4.4538},
{"Node_id":5784,"weight":2.1796},
{"Node_id":5785,"weight":1.8523},
{"Node_id":5786,"weight":2.0038},
{"Node_id":5787,"weight":1.9934},
{"Node_id":5788,"weight":1.5652},
{"Node_id":5789,"weight":1.6792},
{"Node_id":5790,"weight":1.561},
{"Node_id":5791,"weight":1.5892},
{"Node_id":5792,"weight":1.6006},
{"Node_id":5793,"weight":1.7377},
{"Node_id":5794,"weight":2.3321},
{"Node_id":5795,"weight":2.0202},
{"Node_id":5796,"weight":4.284},
{"Node_id":5797,"weight":3.4969},
{"Node_id":5798,"weight":1.5736},
{"Node_id":5799,"weight":1.7857},
{"Node_id":5800,"weight":2.3271},
{"Node_id":5801,"weight":1.873},
{"Node_id":5802,"weight":2.0685},
{"Node_id":5803,"weight":1.8506},
{"Node_id":5804,"weight":2.5609},
{"Node_id":5805,"weight":1.6034},
{"Node_id":5806,"weight":2.0358},
{"Node_id":5807,"weight":3.3808},
{"Node_id":5808,"weight":2.2599},
{"Node_id":5809,"weight":3.6801},
{"Node_id":5810,"weight":5.1441},
{"Node_id":5811,"weight":4.0396},
{"Node_id":5812,"weight":2.1611},
{"Node_id":5813,"weight":4.7832},
{"Node_id":5814,"weight":3.4258},
{"Node_id":5815,"weight":2.6662},
{"Node_id":5816,"weight":2.4208},
{"Node_id":5817,"weight":1.5687},
{"Node_id":5818,"weight":2.8191},
{"Node_id":5819,"weight":1.4935},
{"Node_id":5820,"weight":1.7362},
{"Node_id":5823,"weight":6.1637},
{"Node_id":5824,"weight":1.9359},
{"Node_id":5825,"weight":3.3287},
{"Node_id":5826,"weight":3.0458},
{"Node_id":5827,"weight":2.1165},
{"Node_id":5828,"weight":1.5022},
{"Node_id":5829,"weight":2.5066},
{"Node_id":5832,"weight":1.4281},
{"Node_id":5833,"weight":2.4089},
{"Node_id":5834,"weight":1.7615},
{"Node_id":5835,"weight":1.4995},
{"Node_id":5836,"weight":1.9597},
{"Node_id":5837,"weight":2.955},
{"Node_id":5840,"weight":2.4235},
{"Node_id":5841,"weight":1.6634},
{"Node_id":5887,"weight":1.6883},
{"Node_id":5910,"weight":3.2676},
{"Node_id":5912,"weight":2.1062},
{"Node_id":5913,"weight":1.5949},
{"Node_id":5914,"weight":2.0705},
{"Node_id":5915,"weight":5.1441},
{"Node_id":5916,"weight":1.9018},
{"Node_id":5917,"weight":1.5582},
{"Node_id":5918,"weight":1.9477},
{"Node_id":5919,"weight":3.4095},
{"Node_id":5920,"weight":1.798},
{"Node_id":5921,"weight":3.8132},
{"Node_id":5922,"weight":5.1794},
{"Node_id":5923,"weight":8.1114},
{"Node_id":5924,"weight":3.5732},
{"Node_id":5925,"weight":6.5699},
{"Node_id":5926,"weight":1.8506},
{"Node_id":5927,"weight":3.2098},
{"Node_id":5928,"weight":2.1665},
{"Node_id":5931,"weight":2.0959},
{"Node_id":5932,"weight":3.1099},
{"Node_id":5933,"weight":2.2907},
{"Node_id":5934,"weight":5.2734},
{"Node_id":5935,"weight":3.8372},
{"Node_id":5936,"weight":1.6649},
{"Node_id":5937,"weight":2.5775},
{"Node_id":5938,"weight":3.0929},
{"Node_id":5939,"weight":1.7036},
{"Node_id":5940,"weight":2.5297},
{"Node_id":5941,"weight":1.917},
{"Node_id":5942,"weight":1.5416},
{"Node_id":5943,"weight":2.5913},
{"Node_id":5944,"weight":2.2006},
{"Node_id":5945,"weight":2.2073},
{"Node_id":5946,"weight":1.7346},
{"Node_id":5947,"weight":1.7252},
{"Node_id":5948,"weight":2.2871},
{"Node_id":5949,"weight":2.375},
{"Node_id":5950,"weight":1.9487},
{"Node_id":5951,"weight":2.5684},
{"Node_id":5952,"weight":2.4221},
{"Node_id":5953,"weight":1.6523},
{"Node_id":5954,"weight":2.1031},
{"Node_id":5955,"weight":1.7607},
{"Node_id":5956,"weight":1.4045},
{"Node_id":5957,"weight":2.3321},
{"Node_id":5958,"weight":3.5146},
{"Node_id":5959,"weight":3.7991},
{"Node_id":5960,"weight":2.5534},
{"Node_id":5961,"weight":2.2028},
{"Node_id":5962,"weight":1.9896},
{"Node_id":5963,"weight":1.8843},
{"Node_id":5964,"weight":2.8381},
{"Node_id":5965,"weight":1.5076},
{"Node_id":5966,"weight":2.184},
{"Node_id":5967,"weight":2.0416},
{"Node_id":5968,"weight":3.7579},
{"Node_id":5969,"weight":1.9296},
{"Node_id":5970,"weight":2.1093},
{"Node_id":5971,"weight":2.7876},
{"Node_id":5972,"weight":2.2657},
{"Node_id":5973,"weight":3.1651},
{"Node_id":5974,"weight":4.0163},
{"Node_id":5975,"weight":2.0192},
{"Node_id":5976,"weight":2.6678},
{"Node_id":5977,"weight":2.4768},
{"Node_id":5978,"weight":1.5245},
{"Node_id":5979,"weight":4.7954},
{"Node_id":5980,"weight":1.9896},
{"Node_id":5981,"weight":2.3075},
{"Node_id":5982,"weight":2.5023},
{"Node_id":5983,"weight":1.421},
{"Node_id":5984,"weight":1.7151},
{"Node_id":5985,"weight":1.5575},
{"Node_id":5986,"weight":1.9634},
{"Node_id":6007,"weight":2.5312},
{"Node_id":6029,"weight":3.1651},
{"Node_id":6045,"weight":2.0231},
{"Node_id":6060,"weight":2.6945},
{"Node_id":6061,"weight":3.6843},
{"Node_id":6062,"weight":2.6037},
{"Node_id":6077,"weight":3.6233},
{"Node_id":6078,"weight":2.5341},
{"Node_id":6079,"weight":2.6482},
{"Node_id":6080,"weight":2.2095},
{"Node_id":6081,"weight":2.2634},
{"Node_id":6082,"weight":1.653},
{"Node_id":6083,"weight":1.397},
{"Node_id":6084,"weight":2.5166},
{"Node_id":6085,"weight":1.9468},
{"Node_id":6086,"weight":2.0338},
{"Node_id":6087,"weight":1.7528},
{"Node_id":6088,"weight":1.53},
{"Node_id":6163,"weight":1.8128},
{"Node_id":6164,"weight":2.9808},
{"Node_id":6165,"weight":4.2402},
{"Node_id":6166,"weight":1.935},
{"Node_id":6167,"weight":1.6792},
{"Node_id":6168,"weight":3.2591},
{"Node_id":6169,"weight":1.6538},
{"Node_id":6170,"weight":2.1568},
{"Node_id":6171,"weight":3.1781},
{"Node_id":6172,"weight":2.881},
{"Node_id":6173,"weight":1.4848},
{"Node_id":6174,"weight":1.5793},
{"Node_id":6175,"weight":3.1833},
{"Node_id":6176,"weight":2.7857},
{"Node_id":6177,"weight":1.659},
{"Node_id":6178,"weight":1.6754},
{"Node_id":6179,"weight":1.7575},
{"Node_id":6180,"weight":2.2955},
{"Node_id":6181,"weight":2.0202},
{"Node_id":6182,"weight":2.7235},
{"Node_id":6183,"weight":2.1796},
{"Node_id":6184,"weight":2.7339},
{"Node_id":6185,"weight":3.3967},
{"Node_id":6186,"weight":2.4208},
{"Node_id":6187,"weight":1.5652},
{"Node_id":6188,"weight":2.6945},
{"Node_id":6189,"weight":4.1064},
{"Node_id":6193,"weight":1.5259},
{"Node_id":6194,"weight":2.1312},
{"Node_id":6195,"weight":1.5002},
{"Node_id":6196,"weight":6.3182},
{"Node_id":6197,"weight":2.0745},
{"Node_id":6198,"weight":1.4822},
{"Node_id":6199,"weight":1.4848},
{"Node_id":6200,"weight":2.0436},
{"Node_id":6201,"weight":1.9905},
{"Node_id":6202,"weight":2.4852},
{"Node_id":6203,"weight":1.8643},
{"Node_id":6204,"weight":3.1651},
{"Node_id":6205,"weight":3.7357},
{"Node_id":6206,"weight":1.3932},
{"Node_id":6207,"weight":1.4975},
{"Node_id":6208,"weight":1.8037},
{"Node_id":6209,"weight":1.5963},
{"Node_id":6210,"weight":2.5224},
{"Node_id":6211,"weight":3.842},
{"Node_id":6212,"weight":2.1622},
{"Node_id":6213,"weight":1.8515},
{"Node_id":6214,"weight":5.8401},
{"Node_id":6215,"weight":1.6906},
{"Node_id":6216,"weight":1.7736},
{"Node_id":6217,"weight":1.9296},
{"Node_id":6218,"weight":2.7857},
{"Node_id":6219,"weight":2.3546},
{"Node_id":6220,"weight":3.776},
{"Node_id":6221,"weight":4.0694},
{"Node_id":6222,"weight":2.4671},
{"Node_id":6223,"weight":2.173},
{"Node_id":6224,"weight":1.752},
{"Node_id":6225,"weight":2.0038},
{"Node_id":6226,"weight":1.4371},
{"Node_id":6227,"weight":2.7081},
{"Node_id":6228,"weight":1.4835},
{"Node_id":6229,"weight":1.9962},
{"Node_id":6230,"weight":2.727},
{"Node_id":6231,"weight":2.2517},
{"Node_id":6232,"weight":2.3648},
{"Node_id":6233,"weight":3.596},
{"Node_id":6234,"weight":2.6257},
{"Node_id":6235,"weight":2.4275},
{"Node_id":6236,"weight":1.9277},
{"Node_id":6237,"weight":2.3866},
{"Node_id":6238,"weight":5.3992},
{"Node_id":6239,"weight":1.4624},
{"Node_id":6240,"weight":1.5485},
{"Node_id":6241,"weight":2.3395},
{"Node_id":6242,"weight":1.8895},
{"Node_id":6243,"weight":2.4588},
{"Node_id":6244,"weight":2.2799},
{"Node_id":6245,"weight":2.8652},
{"Node_id":6246,"weight":1.5062},
{"Node_id":6247,"weight":1.4881},
{"Node_id":6248,"weight":1.5842},
{"Node_id":6249,"weight":1.4921},
{"Node_id":6250,"weight":1.8078},
{"Node_id":6251,"weight":1.776},
{"Node_id":6252,"weight":3.305},
{"Node_id":6253,"weight":2.5959},
{"Node_id":6254,"weight":1.6974},
{"Node_id":6255,"weight":2.2196},
{"Node_id":6256,"weight":1.4848},
{"Node_id":6257,"weight":2.881},
{"Node_id":6258,"weight":1.7401},
{"Node_id":6259,"weight":2.3234},
{"Node_id":6260,"weight":1.6208},
{"Node_id":6261,"weight":2.6563},
{"Node_id":6262,"weight":1.6486},
{"Node_id":6263,"weight":1.9332},
{"Node_id":6264,"weight":1.8523},
{"Node_id":6265,"weight":2.8229},
{"Node_id":6266,"weight":2.5579},
{"Node_id":6288,"weight":2.0907},
{"Node_id":6289,"weight":6.0725},
{"Node_id":6290,"weight":2.8574},
{"Node_id":6291,"weight":1.4178},
{"Node_id":6292,"weight":1.5992},
{"Node_id":6293,"weight":2.1719},
{"Node_id":6294,"weight":1.5035},
{"Node_id":6295,"weight":1.3882},
{"Node_id":6296,"weight":2.2576},
{"Node_id":6297,"weight":3.3652},
{"Node_id":6298,"weight":2.5254},
{"Node_id":6299,"weight":1.7105},
{"Node_id":6300,"weight":4.8458},
{"Node_id":6301,"weight":2.2552},
{"Node_id":6302,"weight":1.3988},
{"Node_id":6303,"weight":1.4172},
{"Node_id":6304,"weight":1.6523},
{"Node_id":6305,"weight":1.7963},
{"Node_id":6306,"weight":4.1002},
{"Node_id":6307,"weight":2.5066},
{"Node_id":6308,"weight":2.5385},
{"Node_id":6309,"weight":2.877},
{"Node_id":6310,"weight":1.9523},
{"Node_id":6311,"weight":2.5714},
{"Node_id":6312,"weight":1.4565},
{"Node_id":6313,"weight":1.744},
{"Node_id":6314,"weight":1.6732},
{"Node_id":6315,"weight":1.798},
{"Node_id":6316,"weight":1.9305},
{"Node_id":6317,"weight":1.4229},
{"Node_id":6318,"weight":1.543},
{"Node_id":6319,"weight":4.1711},
{"Node_id":6320,"weight":2.6711},
{"Node_id":6321,"weight":2.205},
{"Node_id":6322,"weight":3.1347},
{"Node_id":6323,"weight":1.4815},
{"Node_id":6324,"weight":1.752},
{"Node_id":6325,"weight":3.0252},
{"Node_id":6326,"weight":1.6368},
{"Node_id":6327,"weight":2.9593},
{"Node_id":6328,"weight":3.1964},
{"Node_id":6329,"weight":2.0565},
{"Node_id":6330,"weight":1.9296},
{"Node_id":6331,"weight":1.8136},
{"Node_id":6332,"weight":2.2242},
{"Node_id":6333,"weight":2.3571},
{"Node_id":6334,"weight":3.8038},
{"Node_id":6335,"weight":2.0938},
{"Node_id":6336,"weight":2.0745},
{"Node_id":6337,"weight":2.5123},
{"Node_id":6338,"weight":1.5786},
{"Node_id":6339,"weight":1.726},
{"Node_id":6340,"weight":1.4663},
{"Node_id":6341,"weight":2.6563},
{"Node_id":6342,"weight":1.4147},
{"Node_id":6343,"weight":2.9011},
{"Node_id":6344,"weight":5.2347},
{"Node_id":6345,"weight":3.4095},
{"Node_id":6346,"weight":3.4225},
{"Node_id":6347,"weight":1.8557},
{"Node_id":6348,"weight":2.6498},
{"Node_id":6349,"weight":2.1134},
{"Node_id":6350,"weight":2.366},
{"Node_id":6351,"weight":1.9395},
{"Node_id":6352,"weight":3.1859},
{"Node_id":6353,"weight":2.2907},
{"Node_id":6354,"weight":1.8337},
{"Node_id":6355,"weight":1.5652},
{"Node_id":6356,"weight":2.543},
{"Node_id":6357,"weight":5.8061},
{"Node_id":6358,"weight":3.6969},
{"Node_id":6359,"weight":2.1774},
{"Node_id":6360,"weight":1.4795},
{"Node_id":6361,"weight":1.3944},
{"Node_id":6362,"weight":2.3222},
{"Node_id":6363,"weight":1.8012},
{"Node_id":6364,"weight":5.2933},
{"Node_id":6367,"weight":1.5652},
{"Node_id":6368,"weight":2.5944},
{"Node_id":6369,"weight":2.0856},
{"Node_id":6370,"weight":1.5029},
{"Node_id":6371,"weight":2.8751},
{"Node_id":6372,"weight":1.5361},
{"Node_id":6373,"weight":3.2342},
{"Node_id":6374,"weight":1.9432},
{"Node_id":6375,"weight":1.639},
{"Node_id":6376,"weight":2.0436},
{"Node_id":6379,"weight":5.7105},
{"Node_id":6416,"weight":1.8834},
{"Node_id":6417,"weight":1.6657},
{"Node_id":6418,"weight":2.0918},
{"Node_id":6419,"weight":4.8588},
{"Node_id":6420,"weight":2.9257},
{"Node_id":6421,"weight":3.4323},
{"Node_id":6431,"weight":1.8756},
{"Node_id":6487,"weight":4.1982},
{"Node_id":6488,"weight":3.6392},
{"Node_id":6489,"weight":1.9727},
{"Node_id":6490,"weight":5.7414},
{"Node_id":6491,"weight":3.0929},
{"Node_id":6492,"weight":2.3609},
{"Node_id":6493,"weight":1.7113},
{"Node_id":6494,"weight":1.4268},
{"Node_id":6497,"weight":2.9896},
{"Node_id":6498,"weight":2.0938},
{"Node_id":6499,"weight":3.6718},
{"Node_id":6500,"weight":2.1124},
{"Node_id":6501,"weight":2.5519},
{"Node_id":6502,"weight":2.3445},
{"Node_id":6503,"weight":1.5527},
{"Node_id":6504,"weight":1.752},
{"Node_id":6505,"weight":2.7658},
{"Node_id":6506,"weight":1.9241},
{"Node_id":6507,"weight":1.8506},
{"Node_id":6508,"weight":2.4951},
{"Node_id":6509,"weight":3.3168},
{"Node_id":6510,"weight":1.9368},
{"Node_id":6511,"weight":2.2599},
{"Node_id":6512,"weight":1.8532},
{"Node_id":6513,"weight":2.2379},
{"Node_id":6514,"weight":1.8379},
{"Node_id":6515,"weight":3.6718},
{"Node_id":6516,"weight":1.6317},
{"Node_id":6517,"weight":3.7624},
{"Node_id":6518,"weight":1.5617},
{"Node_id":6519,"weight":1.8566},
{"Node_id":6520,"weight":1.8575},
{"Node_id":6521,"weight":1.6013},
{"Node_id":6525,"weight":2.508},
{"Node_id":6526,"weight":1.4198},
{"Node_id":6527,"weight":2.4478},
{"Node_id":6528,"weight":1.4474},
{"Node_id":6529,"weight":3.0229},
{"Node_id":6530,"weight":2.0377},
{"Node_id":6531,"weight":1.5218},
{"Node_id":6764,"weight":4.833},
{"Node_id":6765,"weight":1.5485},
{"Node_id":6766,"weight":2.3063},
{"Node_id":6767,"weight":1.8957},
{"Node_id":6770,"weight":4.1914},
{"Node_id":6771,"weight":4.3534},
{"Node_id":6772,"weight":1.6302},
{"Node_id":6773,"weight":1.8738},
{"Node_id":6774,"weight":1.5245},
{"Node_id":6775,"weight":5.0294},
{"Node_id":6776,"weight":1.5807},
{"Node_id":6777,"weight":3.8716},
{"Node_id":6778,"weight":2.2907},
{"Node_id":6779,"weight":2.6612},
{"Node_id":6780,"weight":2.2061},
{"Node_id":6781,"weight":1.5218},
{"Node_id":6782,"weight":2.2017},
{"Node_id":6783,"weight":5.3771},
{"Node_id":6784,"weight":2.3918},
{"Node_id":6785,"weight":1.5327},
{"Node_id":6786,"weight":1.5527},
{"Node_id":6787,"weight":2.2448},
{"Node_id":6931,"weight":5.2347},
{"Node_id":6932,"weight":1.9606},
{"Node_id":6933,"weight":1.7719},
{"Node_id":6934,"weight":1.4474},
{"Node_id":6935,"weight":2.4768},
{"Node_id":6946,"weight":1.7417},
{"Node_id":6947,"weight":2.9808},
{"Node_id":6950,"weight":1.4128},
{"Node_id":6951,"weight":1.5992},
{"Node_id":6952,"weight":1.6762},
{"Node_id":6953,"weight":2.0212},
{"Node_id":6954,"weight":3.0389},
{"Node_id":6955,"weight":3.3377},
{"Node_id":7000,"weight":2.6337},
{"Node_id":7001,"weight":1.7448},
{"Node_id":7002,"weight":1.6331},
{"Node_id":7003,"weight":2.0397},
{"Node_id":7004,"weight":1.7464},
{"Node_id":7005,"weight":1.9802},
{"Node_id":7006,"weight":2.027},
{"Node_id":7007,"weight":1.5828},
{"Node_id":7008,"weight":3.0504},
{"Node_id":7009,"weight":1.4281},
{"Node_id":7010,"weight":2.1557},
{"Node_id":7011,"weight":1.7881},
{"Node_id":7020,"weight":2.645},
{"Node_id":7021,"weight":1.575},
{"Node_id":7067,"weight":4.212},
{"Node_id":7068,"weight":3.5326},
{"Node_id":7069,"weight":3.248},
{"Node_id":7070,"weight":1.4526},
{"Node_id":7110,"weight":2.9917},
{"Node_id":7111,"weight":1.5779},
{"Node_id":7112,"weight":2.1503},
{"Node_id":7113,"weight":1.465},
{"Node_id":7114,"weight":1.9811},
{"Node_id":7115,"weight":1.4526},
{"Node_id":7116,"weight":1.5771},
{"Node_id":7117,"weight":1.8062},
{"Node_id":7118,"weight":2.0125},
{"Node_id":7119,"weight":5.7414},
{"Node_id":7120,"weight":4.1318},
{"Node_id":7121,"weight":2.5371},
{"Node_id":7122,"weight":2.1323},
{"Node_id":7123,"weight":1.4223},
{"Node_id":7124,"weight":4.3858},
{"Node_id":7125,"weight":4.4364},
{"Node_id":7126,"weight":1.4064},
{"Node_id":7127,"weight":1.4533},
{"Node_id":7128,"weight":1.513},
{"Node_id":7129,"weight":1.7036},
{"Node_id":7130,"weight":2.1218},
{"Node_id":7131,"weight":4.4451},
{"Node_id":7132,"weight":1.6538},
{"Node_id":7133,"weight":2.2185},
{"Node_id":7134,"weight":1.7535},
{"Node_id":7135,"weight":2.102},
{"Node_id":7136,"weight":1.397},
{"Node_id":7137,"weight":2.0685},
{"Node_id":7138,"weight":1.8851},
{"Node_id":7139,"weight":1.8379},
{"Node_id":7140,"weight":5.6515},
{"Node_id":7141,"weight":1.8992},
{"Node_id":7142,"weight":1.7939},
{"Node_id":7143,"weight":2.0125},
{"Node_id":7144,"weight":2.5594},
{"Node_id":7145,"weight":1.7244},
{"Node_id":7146,"weight":3.6969},
{"Node_id":7147,"weight":3.1703},
{"Node_id":7148,"weight":1.5184},
{"Node_id":7149,"weight":1.3869},
{"Node_id":7150,"weight":2.1829},
{"Node_id":7151,"weight":2.2196},
{"Node_id":7152,"weight":1.9597},
{"Node_id":7153,"weight":2.8477},
{"Node_id":7154,"weight":1.6694},
{"Node_id":7155,"weight":3.577},
{"Node_id":7156,"weight":2.889},
{"Node_id":7157,"weight":2.885},
{"Node_id":7158,"weight":1.5259},
{"Node_id":7159,"weight":3.8567},
{"Node_id":7160,"weight":3.3079},
{"Node_id":7161,"weight":1.8354},
{"Node_id":7162,"weight":1.7736},
{"Node_id":7163,"weight":3.714},
{"Node_id":7164,"weight":1.8371},
{"Node_id":7165,"weight":2.9808},
{"Node_id":7166,"weight":2.9614},
{"Node_id":7167,"weight":3.4934},
{"Node_id":7168,"weight":1.3882},
{"Node_id":7169,"weight":1.7623},
{"Node_id":7170,"weight":2.3711},
{"Node_id":7171,"weight":1.4313},
{"Node_id":7172,"weight":1.5527},
{"Node_id":7173,"weight":2.2599},
{"Node_id":7174,"weight":2.0029},
{"Node_id":7175,"weight":2.6596},
{"Node_id":7176,"weight":1.9359},
{"Node_id":7177,"weight":2.9381},
{"Node_id":7178,"weight":2.9174},
{"Node_id":7179,"weight":1.6171},
{"Node_id":7180,"weight":1.8103},
{"Node_id":7181,"weight":1.5334},
{"Node_id":7182,"weight":2.887},
{"Node_id":7183,"weight":1.8186},
{"Node_id":7184,"weight":1.9542},
{"Node_id":7195,"weight":1.6785},
{"Node_id":7196,"weight":3.0006},
{"Node_id":7197,"weight":2.1785},
{"Node_id":7198,"weight":3.0786},
{"Node_id":7199,"weight":3.8275},
{"Node_id":7200,"weight":1.7881},
{"Node_id":7201,"weight":3.055},
{"Node_id":7202,"weight":1.9662},
{"Node_id":7203,"weight":2.4671},
{"Node_id":7204,"weight":3.2905},
{"Node_id":7205,"weight":1.901},
{"Node_id":7206,"weight":1.9802},
{"Node_id":7207,"weight":1.9802},
{"Node_id":7208,"weight":7.8236},
{"Node_id":7212,"weight":1.6913},
{"Node_id":7213,"weight":2.645},
{"Node_id":7214,"weight":4.0163},
{"Node_id":7215,"weight":1.4915},
{"Node_id":7216,"weight":1.5347},
{"Node_id":7217,"weight":2.6531},
{"Node_id":7218,"weight":2.2611},
{"Node_id":7297,"weight":4.3454},
{"Node_id":7298,"weight":2.8248},
{"Node_id":7301,"weight":2.4994},
{"Node_id":7302,"weight":1.748},
{"Node_id":7303,"weight":1.4855},
{"Node_id":7304,"weight":2.764},
{"Node_id":7305,"weight":1.8721},
{"Node_id":7306,"weight":2.4492},
{"Node_id":7307,"weight":1.8904},
{"Node_id":7308,"weight":1.9783},
{"Node_id":7309,"weight":1.6508},
{"Node_id":7310,"weight":2.1302},
{"Node_id":7311,"weight":2.4356},
{"Node_id":7312,"weight":2.0897},
{"Node_id":7313,"weight":3.1322},
{"Node_id":7314,"weight":1.956},
{"Node_id":7315,"weight":4.5362},
{"Node_id":7316,"weight":2.8574},
{"Node_id":7319,"weight":4.6053},
{"Node_id":7320,"weight":2.7839},
{"Node_id":7321,"weight":1.5177},
{"Node_id":7322,"weight":1.414},
{"Node_id":7323,"weight":1.7496},
{"Node_id":7324,"weight":2.0318},
{"Node_id":7325,"weight":3.2424},
{"Node_id":7326,"weight":1.8756},
{"Node_id":7390,"weight":2.5371},
{"Node_id":7391,"weight":1.414},
{"Node_id":7392,"weight":2.4643},
{"Node_id":7421,"weight":1.8128},
{"Node_id":7422,"weight":1.4461},
{"Node_id":7423,"weight":2.0446},
{"Node_id":7424,"weight":2.5821},
{"Node_id":7425,"weight":3.4761},
{"Node_id":7426,"weight":1.5062},
{"Node_id":7427,"weight":2.0989},
{"Node_id":7428,"weight":2.3788},
{"Node_id":7429,"weight":1.5485},
{"Node_id":7430,"weight":4.4108},
{"Node_id":7433,"weight":1.4384},
{"Node_id":7434,"weight":2.7551},
{"Node_id":7435,"weight":1.7409},
{"Node_id":7436,"weight":2.1333},
{"Node_id":7437,"weight":1.9634},
{"Node_id":7438,"weight":1.8111},
{"Node_id":7439,"weight":2.7604},
{"Node_id":7440,"weight":1.5779},
{"Node_id":7441,"weight":4.1383},
{"Node_id":7442,"weight":1.4565},
{"Node_id":7443,"weight":3.6233},
{"Node_id":7444,"weight":1.7599},
{"Node_id":7445,"weight":2.5806},
{"Node_id":7446,"weight":1.4096},
{"Node_id":7447,"weight":3.9072},
{"Node_id":7448,"weight":1.8211},
{"Node_id":7449,"weight":2.5312},
{"Node_id":7450,"weight":1.8037},
{"Node_id":7451,"weight":2.9657},
{"Node_id":7452,"weight":2.6514},
{"Node_id":7453,"weight":1.4229},
{"Node_id":7454,"weight":2.7132},
{"Node_id":7455,"weight":1.8404},
{"Node_id":7456,"weight":1.9332},
{"Node_id":7457,"weight":2.5867},
{"Node_id":7458,"weight":1.6694},
{"Node_id":7459,"weight":4.119},
{"Node_id":7460,"weight":2.4937},
{"Node_id":7461,"weight":3.9992},
{"Node_id":7462,"weight":1.9268},
{"Node_id":7463,"weight":1.4351},
{"Node_id":7464,"weight":1.5361},
{"Node_id":7465,"weight":1.6501},
{"Node_id":7466,"weight":1.9001},
{"Node_id":7492,"weight":1.5396},
{"Node_id":7493,"weight":1.4409},
{"Node_id":7494,"weight":6.0299},
{"Node_id":7495,"weight":1.8037},
{"Node_id":7496,"weight":2.1939},
{"Node_id":7497,"weight":1.5143},
{"Node_id":7498,"weight":1.8203},
{"Node_id":7499,"weight":1.5055},
{"Node_id":7500,"weight":1.8575},
{"Node_id":7501,"weight":2.2402},
{"Node_id":7502,"weight":4.8588},
{"Node_id":7503,"weight":1.4274},
{"Node_id":7504,"weight":2.0948},
{"Node_id":7505,"weight":2.1503},
{"Node_id":7506,"weight":2.1051},
{"Node_id":7507,"weight":1.726},
{"Node_id":7508,"weight":1.9395},
{"Node_id":7509,"weight":1.3982},
{"Node_id":7510,"weight":3.248},
{"Node_id":7511,"weight":1.5687},
{"Node_id":7512,"weight":2.3395},
{"Node_id":7513,"weight":1.6128},
{"Node_id":7514,"weight":1.3919},
{"Node_id":7515,"weight":1.5568},
{"Node_id":7516,"weight":1.6361},
{"Node_id":7517,"weight":2.6928},
{"Node_id":7518,"weight":2.891},
{"Node_id":7519,"weight":2.6844},
{"Node_id":7520,"weight":7.1301},
{"Node_id":7521,"weight":1.9597},
{"Node_id":7527,"weight":1.893},
{"Node_id":7528,"weight":3.9176},
{"Node_id":7529,"weight":2.3198},
{"Node_id":7530,"weight":2.6678},
{"Node_id":7531,"weight":2.0948},
{"Node_id":7532,"weight":1.8592},
{"Node_id":7533,"weight":4.7357},
{"Node_id":7534,"weight":2.3309},
{"Node_id":7535,"weight":1.4185},
{"Node_id":7536,"weight":1.7615},
{"Node_id":7537,"weight":1.4644},
{"Node_id":7538,"weight":3.1729},
{"Node_id":7539,"weight":2.6794},
{"Node_id":7540,"weight":2.97},
{"Node_id":7541,"weight":1.4611},
{"Node_id":7547,"weight":2.2344},
{"Node_id":7548,"weight":2.6777},
{"Node_id":7549,"weight":1.7043},
{"Node_id":7550,"weight":2.0877},
{"Node_id":7551,"weight":1.822},
{"Node_id":7552,"weight":3.1755},
{"Node_id":7553,"weight":1.6244},
{"Node_id":7554,"weight":1.5389},
{"Node_id":7555,"weight":2.0907},
{"Node_id":7556,"weight":1.843},
{"Node_id":7557,"weight":3.5732},
{"Node_id":7558,"weight":1.7971},
{"Node_id":7559,"weight":2.9962},
{"Node_id":7560,"weight":2.3198},
{"Node_id":7561,"weight":2.4275},
{"Node_id":7562,"weight":1.4835},
{"Node_id":7563,"weight":1.6501},
{"Node_id":7564,"weight":1.832},
{"Node_id":7565,"weight":1.39},
{"Node_id":7566,"weight":2.3358},
{"Node_id":7567,"weight":1.9662},
{"Node_id":7568,"weight":1.6815},
{"Node_id":7569,"weight":1.9802},
{"Node_id":7570,"weight":3.5253},
{"Node_id":7571,"weight":2.7986},
{"Node_id":7572,"weight":2.6744},
{"Node_id":7573,"weight":2.5224},
{"Node_id":7583,"weight":3.8372},
{"Node_id":7584,"weight":2.5975},
{"Node_id":7585,"weight":2.3546},
{"Node_id":7588,"weight":1.6471},
{"Node_id":7589,"weight":2.2529},
{"Node_id":7590,"weight":4.2546},
{"Node_id":7591,"weight":3.3777},
{"Node_id":7592,"weight":2.6289},
{"Node_id":7593,"weight":1.7719},
{"Node_id":7594,"weight":2.8324},
{"Node_id":7595,"weight":1.8843},
{"Node_id":7596,"weight":2.0877},
{"Node_id":7597,"weight":2.5929},
{"Node_id":7598,"weight":1.6777},
{"Node_id":7599,"weight":4.2915},
{"Node_id":7600,"weight":1.4409},
{"Node_id":7601,"weight":1.4644},
{"Node_id":7602,"weight":3.3591},
{"Node_id":7603,"weight":2.1884},
{"Node_id":7604,"weight":2.9298},
{"Node_id":7605,"weight":3.4761},
{"Node_id":7606,"weight":4.4988},
{"Node_id":7607,"weight":3.7669},
{"Node_id":7684,"weight":2.7676},
{"Node_id":7685,"weight":1.8878},
{"Node_id":7686,"weight":3.7313},
{"Node_id":7687,"weight":2.2599},
{"Node_id":7688,"weight":4.0514},
{"Node_id":7689,"weight":2.9195},
{"Node_id":7690,"weight":1.7728},
{"Node_id":7691,"weight":1.3976},
{"Node_id":7692,"weight":1.7504},
{"Node_id":7693,"weight":1.6853},
{"Node_id":7694,"weight":1.9868},
{"Node_id":7695,"weight":2.1589},
{"Node_id":7696,"weight":2.3149},
{"Node_id":7697,"weight":2.3879},
{"Node_id":7698,"weight":4.8458},
{"Node_id":7699,"weight":1.4915},
{"Node_id":7700,"weight":2.239},
{"Node_id":7701,"weight":2.1643},
{"Node_id":7702,"weight":2.5489},
{"Node_id":7703,"weight":1.6649},
{"Node_id":7704,"weight":1.6702},
{"Node_id":7705,"weight":3.5657},
{"Node_id":7706,"weight":1.9783},
{"Node_id":7707,"weight":1.7939},
{"Node_id":7708,"weight":5.3771},
{"Node_id":7709,"weight":2.0456},
{"Node_id":7710,"weight":3.4969},
{"Node_id":7711,"weight":2.0456},
{"Node_id":7723,"weight":2.0948},
{"Node_id":7724,"weight":2.0525},
{"Node_id":7725,"weight":5.0609},
{"Node_id":7726,"weight":4.3066},
{"Node_id":7727,"weight":3.1099},
{"Node_id":7728,"weight":2.6131},
{"Node_id":7729,"weight":1.8245},
{"Node_id":7730,"weight":1.8245},
{"Node_id":7731,"weight":1.4455},
{"Node_id":7758,"weight":2.145},
{"Node_id":7759,"weight":3.055},
{"Node_id":7829,"weight":2.3088},
{"Node_id":7830,"weight":1.5252},
{"Node_id":7831,"weight":1.9487},
{"Node_id":7832,"weight":1.513},
{"Node_id":7833,"weight":1.6597},
{"Node_id":7834,"weight":2.2402},
{"Node_id":7835,"weight":3.2342},
{"Node_id":7836,"weight":2.2787},
{"Node_id":7837,"weight":2.173},
{"Node_id":7838,"weight":4.3297},
{"Node_id":7839,"weight":2.7586},
{"Node_id":7840,"weight":1.8295},
{"Node_id":7841,"weight":2.6596},
{"Node_id":7842,"weight":2.3508},
{"Node_id":7843,"weight":5.2734},
{"Node_id":7844,"weight":3.9072},
{"Node_id":7845,"weight":5.7732},
{"Node_id":7846,"weight":1.3951},
{"Node_id":7872,"weight":3.2205},
{"Node_id":7873,"weight":1.5779},
{"Node_id":7874,"weight":3.9495},
{"Node_id":7875,"weight":2.0918},
{"Node_id":7876,"weight":1.7833},
{"Node_id":7877,"weight":1.4795},
{"Node_id":7878,"weight":1.3907},
{"Node_id":7879,"weight":1.5694},
{"Node_id":7880,"weight":1.6762},
{"Node_id":7881,"weight":2.8267},
{"Node_id":7882,"weight":2.1785},
{"Node_id":7883,"weight":1.6171},
{"Node_id":7884,"weight":1.3882},
{"Node_id":7885,"weight":4.7242},
{"Node_id":7886,"weight":2.5415},
{"Node_id":7887,"weight":2.0397},
{"Node_id":7888,"weight":1.58},
{"Node_id":7889,"weight":1.5437},
{"Node_id":7890,"weight":1.8295},
{"Node_id":7891,"weight":2.4698},
{"Node_id":7892,"weight":1.9305},
{"Node_id":7893,"weight":3.8132},
{"Node_id":7894,"weight":1.9036},
{"Node_id":7895,"weight":1.8054},
{"Node_id":7896,"weight":1.6244},
{"Node_id":7897,"weight":1.5506},
{"Node_id":7898,"weight":1.8851},
{"Node_id":7899,"weight":1.6471},
{"Node_id":7900,"weight":3.1912},
{"Node_id":7901,"weight":1.5687},
{"Node_id":7902,"weight":1.4598},
{"Node_id":7903,"weight":2.2344},
{"Node_id":7904,"weight":2.0048},
{"Node_id":7905,"weight":2.5094},
{"Node_id":7906,"weight":2.1796},
{"Node_id":7923,"weight":6.1171},
{"Node_id":7924,"weight":1.7623},
{"Node_id":7925,"weight":1.4481},
{"Node_id":7928,"weight":4.7592},
{"Node_id":7929,"weight":2.2129},
{"Node_id":8013,"weight":3.1651},
{"Node_id":8014,"weight":2.3284},
{"Node_id":8080,"weight":3.7313},
{"Node_id":8117,"weight":1.3932},
{"Node_id":8171,"weight":1.822},
{"Node_id":8172,"weight":1.7464},
{"Node_id":8199,"weight":1.3913},
{"Node_id":8221,"weight":1.5779},
{"Node_id":8286,"weight":2.8458},
{"Node_id":8439,"weight":1.6936},
{"Node_id":8550,"weight":1.8379},
{"Node_id":8551,"weight":1.9802},
{"Node_id":8577,"weight":1.3894},
{"Node_id":8578,"weight":1.9746},
{"Node_id":8590,"weight":1.8834},
{"Node_id":8625,"weight":2.5268},
{"Node_id":8626,"weight":1.469},
{"Node_id":8627,"weight":2.8229},
{"Node_id":8628,"weight":3.3197},
{"Node_id":8629,"weight":3.5289},
{"Node_id":8630,"weight":1.6013},
{"Node_id":8631,"weight":1.5204},
{"Node_id":8632,"weight":3.5807},
{"Node_id":8633,"weight":2.0605},
{"Node_id":8634,"weight":1.7036},
{"Node_id":8635,"weight":1.7206},
{"Node_id":8636,"weight":2.1302},
{"Node_id":8637,"weight":1.7881},
{"Node_id":8638,"weight":1.7159},
{"Node_id":8639,"weight":4.3297},
{"Node_id":8640,"weight":1.6493},
{"Node_id":8641,"weight":1.7206},
{"Node_id":8644,"weight":1.5624},
{"Node_id":8645,"weight":1.6013},
{"Node_id":8646,"weight":4.6363},
{"Node_id":8653,"weight":2.7029},
{"Node_id":8654,"weight":3.504},
{"Node_id":8655,"weight":1.6553},
{"Node_id":8656,"weight":1.5715},
{"Node_id":8657,"weight":1.9423},
{"Node_id":8658,"weight":1.4481},
{"Node_id":8659,"weight":1.4494},
{"Node_id":8660,"weight":1.5575},
{"Node_id":8661,"weight":5.045},
{"Node_id":8662,"weight":2.1687},
{"Node_id":8663,"weight":1.9915},
{"Node_id":8664,"weight":2.7132},
{"Node_id":8665,"weight":1.9296},
{"Node_id":8666,"weight":2.1072},
{"Node_id":8667,"weight":3.842},
{"Node_id":8668,"weight":1.9259},
{"Node_id":8669,"weight":2.2344},
{"Node_id":8670,"weight":1.5757},
{"Node_id":8671,"weight":2.9852},
{"Node_id":8672,"weight":2.102},
{"Node_id":8673,"weight":1.9423},
{"Node_id":8674,"weight":1.8557},
{"Node_id":8675,"weight":2.2517},
{"Node_id":8676,"weight":2.6911},
{"Node_id":8677,"weight":4.1513},
{"Node_id":8678,"weight":2.9786},
{"Node_id":8679,"weight":5.5957},
{"Node_id":8680,"weight":1.8362},
{"Node_id":8681,"weight":2.7201},
{"Node_id":8682,"weight":2.1796},
{"Node_id":8683,"weight":1.8904},
{"Node_id":8684,"weight":3.2992},
{"Node_id":8685,"weight":1.9764},
{"Node_id":8686,"weight":1.7963},
{"Node_id":8687,"weight":2.1},
{"Node_id":8688,"weight":2.3321},
{"Node_id":8689,"weight":2.3584},
{"Node_id":8690,"weight":3.0574},
{"Node_id":8691,"weight":2.3866},
{"Node_id":8692,"weight":1.5245},
{"Node_id":8693,"weight":1.8387},
{"Node_id":8694,"weight":3.4095},
{"Node_id":8695,"weight":1.9943},
{"Node_id":8774,"weight":2.0416},
{"Node_id":8775,"weight":2.127},
{"Node_id":8776,"weight":2.6811},
{"Node_id":8777,"weight":1.8695},
{"Node_id":8778,"weight":2.0309},
{"Node_id":8779,"weight":2.1124},
{"Node_id":8780,"weight":4.5653},
{"Node_id":8781,"weight":2.3996},
{"Node_id":8782,"weight":1.4881},
{"Node_id":8783,"weight":2.7287},
{"Node_id":8784,"weight":3.0905},
{"Node_id":8785,"weight":2.0887},
{"Node_id":8786,"weight":1.4513},
{"Node_id":8822,"weight":3.4624},
{"Node_id":8823,"weight":1.4147},
{"Node_id":8824,"weight":1.552},
{"Node_id":8825,"weight":3.0139},
{"Node_id":8826,"weight":4.1064},
{"Node_id":8827,"weight":3.6595},
{"Node_id":8828,"weight":1.7276},
{"Node_id":8859,"weight":2.4533},
{"Node_id":8860,"weight":2.4221},
{"Node_id":8861,"weight":2.9011},
{"Node_id":8862,"weight":2.274},
{"Node_id":8863,"weight":2.8691},
{"Node_id":8864,"weight":1.397},
{"Node_id":8865,"weight":1.8992},
{"Node_id":8866,"weight":1.5157},
{"Node_id":8867,"weight":2.8496},
{"Node_id":8868,"weight":1.8295},
{"Node_id":8869,"weight":1.6273},
{"Node_id":8914,"weight":1.3982},
{"Node_id":8935,"weight":1.699},
{"Node_id":8936,"weight":2.1176},
{"Node_id":8943,"weight":2.7462},
{"Node_id":8944,"weight":2.1796},
{"Node_id":8945,"weight":2.1218},
{"Node_id":8946,"weight":1.532},
{"Node_id":8947,"weight":2.8496},
{"Node_id":8948,"weight":3.8038},
{"Node_id":8949,"weight":1.9241},
{"Node_id":8950,"weight":3.5004},
{"Node_id":8951,"weight":2.3635},
{"Node_id":8952,"weight":1.4513},
{"Node_id":8953,"weight":1.5218},
{"Node_id":8954,"weight":1.6951},
{"Node_id":8955,"weight":1.9089},
{"Node_id":8958,"weight":2.1557},
{"Node_id":8959,"weight":3.0857},
{"Node_id":8960,"weight":2.5852},
{"Node_id":8961,"weight":4.7242},
{"Node_id":8962,"weight":1.956},
{"Node_id":8963,"weight":2.8535},
{"Node_id":8964,"weight":2.1972},
{"Node_id":8965,"weight":2.3609},
{"Node_id":8966,"weight":3.1347},
{"Node_id":8967,"weight":1.9981},
{"Node_id":8968,"weight":4.9264},
{"Node_id":8969,"weight":2.2979},
{"Node_id":8970,"weight":3.5217},
{"Node_id":8971,"weight":2.4909},
{"Node_id":8972,"weight":1.5191},
{"Node_id":8973,"weight":2.1302},
{"Node_id":8974,"weight":1.6967},
{"Node_id":8975,"weight":2.61},
{"Node_id":8976,"weight":2.1493},
{"Node_id":8977,"weight":2.2895},
{"Node_id":8978,"weight":3.1075},
{"Node_id":8979,"weight":1.5444},
{"Node_id":8980,"weight":1.5177},
{"Node_id":8981,"weight":1.4683},
{"Node_id":8984,"weight":1.587},
{"Node_id":8985,"weight":2.5714},
{"Node_id":8986,"weight":1.5527},
{"Node_id":8987,"weight":2.7894},
{"Node_id":8988,"weight":1.4147},
{"Node_id":8989,"weight":1.6739},
{"Node_id":8990,"weight":1.7906},
{"Node_id":8991,"weight":6.264},
{"Node_id":8992,"weight":2.4075},
{"Node_id":8997,"weight":6.2126},
{"Node_id":8998,"weight":3.0072},
{"Node_id":8999,"weight":3.8275},
{"Node_id":9000,"weight":3.5362},
{"Node_id":9001,"weight":1.9287},
{"Node_id":9002,"weight":2.5836},
{"Node_id":9003,"weight":2.0202},
{"Node_id":9004,"weight":1.9305},
{"Node_id":9005,"weight":1.4749},
{"Node_id":9006,"weight":2.2967},
{"Node_id":9007,"weight":2.9195},
{"Node_id":9099,"weight":2.3271},
{"Node_id":9100,"weight":1.7535},
{"Node_id":9110,"weight":3.0343},
{"Node_id":9114,"weight":2.2835},
{"Node_id":9115,"weight":6.9068},
{"Node_id":9116,"weight":1.8678},
{"Node_id":9120,"weight":2.7218},
{"Node_id":9121,"weight":1.8404},
{"Node_id":9122,"weight":1.3944},
{"Node_id":9123,"weight":2.2587},
{"Node_id":9124,"weight":1.7074},
{"Node_id":9125,"weight":3.776},
{"Node_id":9126,"weight":4.6363},
{"Node_id":9127,"weight":3.9936},
{"Node_id":9128,"weight":2.231},
{"Node_id":9129,"weight":1.7028},
{"Node_id":9130,"weight":1.9386},
{"Node_id":9131,"weight":1.7144},
{"Node_id":9132,"weight":1.6442},
{"Node_id":9137,"weight":1.4191},
{"Node_id":9138,"weight":1.6229},
{"Node_id":9139,"weight":1.7417},
{"Node_id":9140,"weight":3.6636},
{"Node_id":9141,"weight":1.6853},
{"Node_id":9142,"weight":2.2402},
{"Node_id":9143,"weight":5.4217},
{"Node_id":9165,"weight":2.3234},
{"Node_id":9184,"weight":5.3555},
{"Node_id":9185,"weight":2.441},
{"Node_id":9186,"weight":1.5506},
{"Node_id":9187,"weight":2.9874},
{"Node_id":9197,"weight":1.7971},
{"Node_id":9198,"weight":1.6442},
{"Node_id":9199,"weight":1.3869},
{"Node_id":9203,"weight":2.2253},
{"Node_id":9204,"weight":3.2619},
{"Node_id":9205,"weight":3.0252},
{"Node_id":9221,"weight":1.886},
{"Node_id":9222,"weight":2.0887},
{"Node_id":9229,"weight":1.6545},
{"Node_id":9230,"weight":1.9905},
{"Node_id":9231,"weight":2.1312},
{"Node_id":9244,"weight":1.6013},
{"Node_id":9245,"weight":2.2705},
{"Node_id":9246,"weight":2.3259},
{"Node_id":9247,"weight":1.5015},
{"Node_id":9248,"weight":1.6339},
{"Node_id":9249,"weight":4.4716},
{"Node_id":9250,"weight":2.0897},
{"Node_id":9251,"weight":2.1665},
{"Node_id":9252,"weight":2.5836},
{"Node_id":9253,"weight":1.9578},
{"Node_id":9254,"weight":3.7991},
{"Node_id":9255,"weight":2.3559},
{"Node_id":9256,"weight":2.3996},
{"Node_id":9257,"weight":1.4982},
{"Node_id":9258,"weight":1.6605},
{"Node_id":9259,"weight":1.9802},
{"Node_id":9260,"weight":2.2129},
{"Node_id":9261,"weight":2.9215},
{"Node_id":9262,"weight":2.5944},
{"Node_id":9265,"weight":2.9614},
{"Node_id":9266,"weight":2.1072},
{"Node_id":9270,"weight":1.8021},
{"Node_id":9334,"weight":2.9133},
{"Node_id":9335,"weight":1.5076},
{"Node_id":9336,"weight":2.3622},
{"Node_id":9337,"weight":2.9423},
{"Node_id":9338,"weight":2.9874},
{"Node_id":9339,"weight":2.0826},
{"Node_id":9340,"weight":1.726},
{"Node_id":9341,"weight":1.7433},
{"Node_id":9342,"weight":2.223},
{"Node_id":9343,"weight":2.7081},
{"Node_id":9344,"weight":2.936},
{"Node_id":9348,"weight":1.9905},
{"Node_id":9349,"weight":1.9018},
{"Node_id":9350,"weight":4.1711},
{"Node_id":9351,"weight":1.4683},
{"Node_id":9352,"weight":2.0695},
{"Node_id":9374,"weight":3.8085},
{"Node_id":9375,"weight":1.3894},
{"Node_id":9376,"weight":4.6053},
{"Node_id":9377,"weight":4.4896},
{"Node_id":9378,"weight":3.4591},
{"Node_id":9379,"weight":2.2859},
{"Node_id":9380,"weight":1.5076},
{"Node_id":9381,"weight":1.6085},
{"Node_id":9382,"weight":1.4134},
{"Node_id":9383,"weight":2.0555},
{"Node_id":9387,"weight":1.9615},
{"Node_id":9388,"weight":2.1397},
{"Node_id":9389,"weight":2.885},
{"Node_id":9390,"weight":2.3673},
{"Node_id":9391,"weight":1.9359},
{"Node_id":9394,"weight":1.812},
{"Node_id":9395,"weight":2.3471},
{"Node_id":9396,"weight":2.1525},
{"Node_id":9397,"weight":2.2979},
{"Node_id":9398,"weight":4.9264},
{"Node_id":9399,"weight":3.4591},
{"Node_id":9400,"weight":3.4865},
{"Node_id":9401,"weight":2.2716},
{"Node_id":9402,"weight":1.5878},
{"Node_id":9403,"weight":4.9126},
{"Node_id":9404,"weight":1.3951},
{"Node_id":9405,"weight":2.2599},
{"Node_id":9406,"weight":2.1983},
{"Node_id":9407,"weight":1.6694},
{"Node_id":9408,"weight":2.0836},
{"Node_id":9409,"weight":1.8532},
{"Node_id":9410,"weight":2.5564},
{"Node_id":9411,"weight":2.4089},
{"Node_id":9412,"weight":2.1514},
{"Node_id":9415,"weight":1.4565},
{"Node_id":9419,"weight":2.4221},
{"Node_id":9420,"weight":1.7639},
{"Node_id":9421,"weight":2.6962},
{"Node_id":9431,"weight":3.8666},
{"Node_id":9432,"weight":1.5471},
{"Node_id":9433,"weight":1.6898},
{"Node_id":9434,"weight":1.3951},
{"Node_id":9435,"weight":1.6449},
{"Node_id":9436,"weight":2.0705},
{"Node_id":9437,"weight":1.8575},
{"Node_id":9438,"weight":3.2178},
{"Node_id":9439,"weight":2.6337},
{"Node_id":9440,"weight":2.5489},
{"Node_id":9441,"weight":2.0635},
{"Node_id":9442,"weight":2.6194},
{"Node_id":9443,"weight":1.656},
{"Node_id":9444,"weight":2.1939},
{"Node_id":9445,"weight":1.5694},
{"Node_id":9446,"weight":1.7631},
{"Node_id":9447,"weight":1.4255},
{"Node_id":9448,"weight":3.9441},
{"Node_id":9449,"weight":1.4268},
{"Node_id":9450,"weight":1.4403},
{"Node_id":9451,"weight":2.7081},
{"Node_id":9452,"weight":1.6383},
{"Node_id":9453,"weight":1.4808},
{"Node_id":9454,"weight":1.7496},
{"Node_id":9457,"weight":2.7115},
{"Node_id":9460,"weight":2.0655},
{"Node_id":9461,"weight":1.6694},
{"Node_id":9462,"weight":1.5771},
{"Node_id":9463,"weight":1.86},
{"Node_id":9464,"weight":5.7732},
{"Node_id":9465,"weight":4.2402},
{"Node_id":9466,"weight":2.5594},
{"Node_id":9503,"weight":2.2196},
{"Node_id":9504,"weight":2.6178},
{"Node_id":9505,"weight":4.5951},
{"Node_id":9506,"weight":3.7898},
{"Node_id":9507,"weight":2.9678},
{"Node_id":9543,"weight":3.4934},
{"Node_id":9544,"weight":1.7315},
{"Node_id":9545,"weight":1.8103},
{"Node_id":9546,"weight":2.6695},
{"Node_id":9547,"weight":1.5673},
{"Node_id":9548,"weight":3.5732},
{"Node_id":9549,"weight":2.0338},
{"Node_id":9550,"weight":2.8652},
{"Node_id":9551,"weight":2.3395},
{"Node_id":9552,"weight":2.4574},
{"Node_id":9553,"weight":3.1099},
{"Node_id":9554,"weight":2.5944},
{"Node_id":9555,"weight":2.1557},
{"Node_id":9556,"weight":3.449},
{"Node_id":9557,"weight":3.7991},
{"Node_id":9558,"weight":1.8712},
{"Node_id":9559,"weight":5.3992},
{"Node_id":9560,"weight":1.8913},
{"Node_id":9563,"weight":2.0231},
{"Node_id":9564,"weight":1.9359},
{"Node_id":9565,"weight":1.4306},
{"Node_id":9566,"weight":3.3438},
{"Node_id":9567,"weight":3.1807},
{"Node_id":9568,"weight":1.467},
{"Node_id":9569,"weight":3.0095},
{"Node_id":9572,"weight":2.5224},
{"Node_id":9573,"weight":2.0645},
{"Node_id":9574,"weight":1.5513},
{"Node_id":9575,"weight":2.5745},
{"Node_id":9576,"weight":1.4756},
{"Node_id":9605,"weight":2.4451},
{"Node_id":9606,"weight":2.239},
{"Node_id":9607,"weight":2.879},
{"Node_id":9608,"weight":1.879},
{"Node_id":9609,"weight":3.8469},
{"Node_id":9610,"weight":1.9662},
{"Node_id":9611,"weight":1.5849},
{"Node_id":9614,"weight":2.401},
{"Node_id":9624,"weight":1.7159},
{"Node_id":9625,"weight":1.5062},
{"Node_id":9626,"weight":2.3609},
{"Node_id":9627,"weight":1.7752},
{"Node_id":9628,"weight":2.0115},
{"Node_id":9629,"weight":1.8087},
{"Node_id":9630,"weight":1.4396},
{"Node_id":9631,"weight":2.1862},
{"Node_id":9632,"weight":2.0846},
{"Node_id":9633,"weight":3.1148},
{"Node_id":9634,"weight":1.5252},
{"Node_id":9635,"weight":4.2546},
{"Node_id":9636,"weight":4.0514},
{"Node_id":9637,"weight":2.6482},
{"Node_id":9638,"weight":1.983},
{"Node_id":9639,"weight":1.712},
{"Node_id":9640,"weight":6.6441},
{"Node_id":9719,"weight":3.7898},
{"Node_id":9720,"weight":1.9736},
{"Node_id":9723,"weight":1.4941},
{"Node_id":9724,"weight":3.504},
{"Node_id":9725,"weight":1.5715},
{"Node_id":9726,"weight":3.3652},
{"Node_id":9727,"weight":2.6645},
{"Node_id":9728,"weight":4.0634},
{"Node_id":9729,"weight":3.2178},
{"Node_id":9730,"weight":2.3003},
{"Node_id":9731,"weight":2.6695},
{"Node_id":9732,"weight":4.3614},
{"Node_id":9733,"weight":6.1171},
{"Node_id":9734,"weight":2.3699},
{"Node_id":9735,"weight":3.7806},
{"Node_id":9736,"weight":2.2219},
{"Node_id":9737,"weight":3.6352},
{"Node_id":9738,"weight":1.6171},
{"Node_id":9739,"weight":3.9713},
{"Node_id":9740,"weight":1.983},
{"Node_id":9741,"weight":2.4866},
{"Node_id":9742,"weight":1.5603},
{"Node_id":9743,"weight":5.6232},
{"Node_id":9744,"weight":3.5075},
{"Node_id":9747,"weight":2.5283},
{"Node_id":9748,"weight":1.4435},
{"Node_id":9749,"weight":1.9708},
{"Node_id":9750,"weight":1.7385},
{"Node_id":9751,"weight":2.1546},
{"Node_id":9757,"weight":2.7081},
{"Node_id":9758,"weight":2.0545},
{"Node_id":9759,"weight":3.3591},
{"Node_id":9760,"weight":2.0318},
{"Node_id":9761,"weight":3.7624},
{"Node_id":9762,"weight":2.0918},
{"Node_id":9763,"weight":3.4624},
{"Node_id":9764,"weight":2.6353},
{"Node_id":9765,"weight":2.0755},
{"Node_id":9766,"weight":2.6353},
{"Node_id":9767,"weight":1.4795},
{"Node_id":9768,"weight":1.7599},
{"Node_id":9769,"weight":1.4306},
{"Node_id":9770,"weight":1.78},
{"Node_id":9771,"weight":2.0221},
{"Node_id":9772,"weight":1.4332},
{"Node_id":9773,"weight":2.8248},
{"Node_id":9774,"weight":3.2452},
{"Node_id":9778,"weight":2.0595},
{"Node_id":9779,"weight":3.1912},
{"Node_id":9782,"weight":1.6288},
{"Node_id":9783,"weight":1.5743},
{"Node_id":9784,"weight":3.9713},
{"Node_id":9815,"weight":1.5828},
{"Node_id":9816,"weight":2.0309},
{"Node_id":9817,"weight":1.4663},
{"Node_id":9818,"weight":1.7082},
{"Node_id":9819,"weight":1.4928},
{"Node_id":9822,"weight":2.9113},
{"Node_id":9823,"weight":1.5231},
{"Node_id":9824,"weight":2.8116},
{"Node_id":9825,"weight":1.5062},
{"Node_id":9826,"weight":2.7166},
{"Node_id":9827,"weight":2.3458},
{"Node_id":9828,"weight":2.5181},
{"Node_id":9829,"weight":2.7857},
{"Node_id":9830,"weight":1.6739},
{"Node_id":9831,"weight":2.2646},
{"Node_id":9832,"weight":4.9548},
{"Node_id":9833,"weight":3.4456},
{"Node_id":9834,"weight":1.7028},
{"Node_id":9835,"weight":2.0348},
{"Node_id":9836,"weight":2.5066},
{"Node_id":9837,"weight":1.68},
{"Node_id":9838,"weight":1.9802},
{"Node_id":9839,"weight":4.2331},
{"Node_id":9840,"weight":2.2106},
{"Node_id":9841,"weight":2.3699},
{"Node_id":9842,"weight":4.2619},
{"Node_id":9843,"weight":2.2017},
{"Node_id":9844,"weight":2.441},
{"Node_id":9845,"weight":1.602},
{"Node_id":9846,"weight":2.1939},
{"Node_id":9853,"weight":2.0625},
{"Node_id":9854,"weight":2.4712},
{"Node_id":9855,"weight":2.4698},
{"Node_id":9856,"weight":2.645},
{"Node_id":9857,"weight":2.0348},
{"Node_id":9861,"weight":1.6739},
{"Node_id":9862,"weight":2.0735},
{"Node_id":9863,"weight":1.5506},
{"Node_id":9864,"weight":3.0343},
{"Node_id":9865,"weight":2.5474},
{"Node_id":9866,"weight":1.5701},
{"Node_id":9867,"weight":2.0358},
{"Node_id":9868,"weight":3.9441},
{"Node_id":9869,"weight":2.5385},
{"Node_id":9870,"weight":1.866},
{"Node_id":9871,"weight":1.8506},
{"Node_id":9872,"weight":2.877},
{"Node_id":9873,"weight":1.5204},
{"Node_id":9952,"weight":1.7776},
{"Node_id":9953,"weight":2.8613},
{"Node_id":9954,"weight":1.5934},
{"Node_id":9979,"weight":2.6563},
{"Node_id":9980,"weight":1.8261},
{"Node_id":10059,"weight":1.8286},
{"Node_id":10060,"weight":2.1407},
{"Node_id":10061,"weight":2.4115},
{"Node_id":10062,"weight":2.5297},
{"Node_id":10063,"weight":1.7639},
{"Node_id":10095,"weight":1.3982},
{"Node_id":10096,"weight":2.5699},
{"Node_id":10097,"weight":1.7005},
{"Node_id":10154,"weight":3.005},
{"Node_id":10155,"weight":1.5035},
{"Node_id":10200,"weight":6.3182},
{"Node_id":10201,"weight":1.7512},
{"Node_id":10202,"weight":5.5957},
{"Node_id":10203,"weight":1.4749},
{"Node_id":10204,"weight":4.1846},
{"Node_id":10205,"weight":2.9571},
{"Node_id":10206,"weight":1.4507},
{"Node_id":10207,"weight":4.4988},
{"Node_id":10208,"weight":2.0715},
{"Node_id":10209,"weight":1.7528},
{"Node_id":10210,"weight":1.6747},
{"Node_id":10211,"weight":1.6295},
{"Node_id":10212,"weight":3.3871},
{"Node_id":10213,"weight":1.9551},
{"Node_id":10214,"weight":2.6006},
{"Node_id":10217,"weight":1.6936},
{"Node_id":10218,"weight":2.1103},
{"Node_id":10219,"weight":2.1376},
{"Node_id":10220,"weight":1.6405},
{"Node_id":10221,"weight":2.4671},
{"Node_id":10222,"weight":1.5423},
{"Node_id":10223,"weight":1.4624},
{"Node_id":10224,"weight":6.3182},
{"Node_id":10250,"weight":2.2529},
{"Node_id":10275,"weight":3.6352},
{"Node_id":10290,"weight":4.3297},
{"Node_id":10291,"weight":2.0585},
{"Node_id":10294,"weight":2.1643},
{"Node_id":10295,"weight":3.6115},
{"Node_id":10296,"weight":1.854},
{"Node_id":10297,"weight":2.7515},
{"Node_id":10298,"weight":1.8738},
{"Node_id":10299,"weight":2.0846},
{"Node_id":10302,"weight":2.1983},
{"Node_id":10303,"weight":1.5666},
{"Node_id":10304,"weight":3.9658},
{"Node_id":10305,"weight":1.886},
{"Node_id":10306,"weight":1.7955},
{"Node_id":10307,"weight":2.3173},
{"Node_id":10308,"weight":1.9441},
{"Node_id":10309,"weight":1.5279},
{"Node_id":10310,"weight":2.2017},
{"Node_id":10311,"weight":1.5204},
{"Node_id":10312,"weight":2.6596},
{"Node_id":10313,"weight":2.9939},
{"Node_id":10314,"weight":1.5764},
{"Node_id":10315,"weight":1.5123},
{"Node_id":10316,"weight":2.5729},
{"Node_id":10317,"weight":2.1578},
{"Node_id":10318,"weight":2.1407},
{"Node_id":10319,"weight":1.6353},
{"Node_id":10320,"weight":2.3892},
{"Node_id":10321,"weight":2.3039},
{"Node_id":10322,"weight":2.7046},
{"Node_id":10323,"weight":1.6164},
{"Node_id":10324,"weight":1.8295},
{"Node_id":10325,"weight":3.6273},
{"Node_id":10326,"weight":2.9195},
{"Node_id":10331,"weight":1.8566},
{"Node_id":10332,"weight":2.2483},
{"Node_id":10333,"weight":2.2174},
{"Node_id":10334,"weight":2.3533},
{"Node_id":10335,"weight":3.0028},
{"Node_id":10336,"weight":1.5471},
{"Node_id":10337,"weight":3.2017},
{"Node_id":10338,"weight":2.366},
{"Node_id":10339,"weight":2.9195},
{"Node_id":10340,"weight":2.6466},
{"Node_id":10341,"weight":3.416},
{"Node_id":10342,"weight":1.4236},
{"Node_id":10343,"weight":4.0455},
{"Node_id":10344,"weight":2.1687},
{"Node_id":10347,"weight":1.4968},
{"Node_id":10348,"weight":1.5631},
{"Node_id":10349,"weight":2.6482},
{"Node_id":10350,"weight":2.2811},
{"Node_id":10351,"weight":3.5884},
{"Node_id":10352,"weight":1.9746},
{"Node_id":10353,"weight":3.449},
{"Node_id":10354,"weight":1.9332},
{"Node_id":10355,"weight":2.223},
{"Node_id":10356,"weight":2.7931},
{"Node_id":10362,"weight":3.1651},
{"Node_id":10363,"weight":1.4928},
{"Node_id":10367,"weight":3.1124},
{"Node_id":10368,"weight":3.1002},
{"Node_id":10369,"weight":2.2028},
{"Node_id":10370,"weight":3.9124},
{"Node_id":10371,"weight":3.8372},
{"Node_id":10372,"weight":2.7694},
{"Node_id":10373,"weight":4.0574},
{"Node_id":10374,"weight":7.418},
{"Node_id":10377,"weight":2.4288},
{"Node_id":10378,"weight":4.0514},
{"Node_id":10379,"weight":1.5293},
{"Node_id":10380,"weight":1.5396},
{"Node_id":10383,"weight":1.7939},
{"Node_id":10384,"weight":2.4329},
{"Node_id":10399,"weight":1.4598},
{"Node_id":10400,"weight":2.4155},
{"Node_id":10403,"weight":8.1114},
{"Node_id":10404,"weight":1.6434},
{"Node_id":10407,"weight":2.0067},
{"Node_id":10408,"weight":2.0019},
{"Node_id":10409,"weight":3.6432},
{"Node_id":10410,"weight":2.1884},
{"Node_id":10411,"weight":2.2174},
{"Node_id":10412,"weight":2.0836},
{"Node_id":10413,"weight":2.0289},
{"Node_id":10414,"weight":2.6777},
{"Node_id":10415,"weight":2.9465},
{"Node_id":10436,"weight":1.7028},
{"Node_id":10437,"weight":1.7013},
{"Node_id":10438,"weight":2.4356},
{"Node_id":10439,"weight":1.6747},
{"Node_id":10440,"weight":1.4736},
{"Node_id":10441,"weight":2.1145},
{"Node_id":10442,"weight":1.5029},
{"Node_id":10443,"weight":1.5409},
{"Node_id":10444,"weight":1.8669},
{"Node_id":10445,"weight":3.8227},
{"Node_id":10446,"weight":1.7409},
{"Node_id":10447,"weight":2.6037},
{"Node_id":10448,"weight":2.7912},
{"Node_id":10449,"weight":1.9468},
{"Node_id":10450,"weight":4.9989},
{"Node_id":10451,"weight":1.4855},
{"Node_id":10452,"weight":1.843},
{"Node_id":10453,"weight":1.8773},
{"Node_id":10454,"weight":2.8633},
{"Node_id":10455,"weight":6.3182},
{"Node_id":10456,"weight":2.2196},
{"Node_id":10457,"weight":3.1002},
{"Node_id":10458,"weight":1.5306},
{"Node_id":10459,"weight":3.3591},
{"Node_id":10460,"weight":1.5347},
{"Node_id":10461,"weight":1.4468},
{"Node_id":10462,"weight":1.6649},
{"Node_id":10463,"weight":1.7599},
{"Node_id":10464,"weight":2.2425},
{"Node_id":10465,"weight":2.0615},
{"Node_id":10466,"weight":1.3875},
{"Node_id":10467,"weight":2.321},
{"Node_id":10468,"weight":4.4538},
{"Node_id":10469,"weight":1.4789},
{"Node_id":10470,"weight":1.4572},
{"Node_id":10471,"weight":2.6678},
{"Node_id":10472,"weight":6.5008},
{"Node_id":10473,"weight":5.4685},
{"Node_id":10474,"weight":1.7575},
{"Node_id":10475,"weight":1.9662},
{"Node_id":10476,"weight":1.532},
{"Node_id":10477,"weight":1.5002},
{"Node_id":10478,"weight":1.4578},
{"Node_id":10479,"weight":4.3858},
{"Node_id":10482,"weight":3.2876},
{"Node_id":10483,"weight":3.6885},
{"Node_id":10484,"weight":2.0058},
{"Node_id":10485,"weight":2.0397},
{"Node_id":10486,"weight":1.6523},
{"Node_id":10487,"weight":6.4362},
{"Node_id":10488,"weight":1.86},
{"Node_id":10489,"weight":1.6959},
{"Node_id":10490,"weight":2.1643},
{"Node_id":10491,"weight":1.5736},
{"Node_id":10609,"weight":1.6822},
{"Node_id":10610,"weight":1.9395},
{"Node_id":10611,"weight":1.5245},
{"Node_id":10612,"weight":3.6554},
{"Node_id":10613,"weight":3.3714},
{"Node_id":10616,"weight":1.4585},
{"Node_id":10671,"weight":1.6982},
{"Node_id":10672,"weight":2.1093},
{"Node_id":10673,"weight":2.2669},
{"Node_id":10674,"weight":2.521},
{"Node_id":10675,"weight":1.9839},
{"Node_id":10676,"weight":2.4248},
{"Node_id":10677,"weight":1.752},
{"Node_id":10678,"weight":2.576},
{"Node_id":10734,"weight":2.4383},
{"Node_id":10735,"weight":1.9934},
{"Node_id":10736,"weight":1.8913},
{"Node_id":10737,"weight":4.4108},
{"Node_id":10738,"weight":1.9597},
{"Node_id":10739,"weight":1.659},
{"Node_id":10746,"weight":1.9223},
{"Node_id":10747,"weight":2.0173},
{"Node_id":10748,"weight":3.9604},
{"Node_id":10856,"weight":2.7986},
{"Node_id":10857,"weight":2.579},
{"Node_id":10858,"weight":2.205},
{"Node_id":10859,"weight":3.504},
{"Node_id":10860,"weight":1.4624},
{"Node_id":10866,"weight":3.6554},
{"Node_id":10867,"weight":5.8753},
{"Node_id":10868,"weight":2.7046},
{"Node_id":10869,"weight":1.4422},
{"Node_id":10870,"weight":3.4899},
{"Node_id":10871,"weight":2.6995},
{"Node_id":10872,"weight":3.0833},
{"Node_id":10873,"weight":1.6501},
{"Node_id":10874,"weight":2.5609},
{"Node_id":10875,"weight":2.4049},
{"Node_id":10876,"weight":2.2276},
{"Node_id":10877,"weight":3.248},
{"Node_id":10878,"weight":2.1376},
{"Node_id":10879,"weight":1.5694},
{"Node_id":10880,"weight":1.901},
{"Node_id":10881,"weight":1.9792},
{"Node_id":10882,"weight":1.9487},
{"Node_id":10883,"weight":3.1026},
{"Node_id":10884,"weight":1.4172},
{"Node_id":10891,"weight":3.1807},
{"Node_id":10892,"weight":3.0762},
{"Node_id":10893,"weight":4.1383},
{"Node_id":10894,"weight":1.683},
{"Node_id":10895,"weight":2.4615},
{"Node_id":10896,"weight":1.719},
{"Node_id":10897,"weight":2.214},
{"Node_id":10898,"weight":1.7639},
{"Node_id":10899,"weight":1.4709},
{"Node_id":10900,"weight":2.0725},
{"Node_id":10901,"weight":1.517},
{"Node_id":10902,"weight":1.6747},
{"Node_id":10908,"weight":2.027},
{"Node_id":10909,"weight":3.714},
{"Node_id":10910,"weight":2.3112},
{"Node_id":10911,"weight":1.6605},
{"Node_id":10912,"weight":1.9886},
{"Node_id":10913,"weight":4.7832},
{"Node_id":10914,"weight":1.9377},
{"Node_id":10915,"weight":1.8128},
{"Node_id":10925,"weight":1.4115},
{"Node_id":10926,"weight":3.1938},
{"Node_id":10927,"weight":2.5415},
{"Node_id":10928,"weight":1.5548},
{"Node_id":10929,"weight":1.5807},
{"Node_id":10930,"weight":2.2356},
{"Node_id":10931,"weight":2.3136},
{"Node_id":10932,"weight":1.7607},
{"Node_id":10933,"weight":3.4356},
{"Node_id":10934,"weight":2.6728},
{"Node_id":10935,"weight":1.628},
{"Node_id":10936,"weight":1.5225},
{"Node_id":10958,"weight":3.4865},
{"Node_id":10959,"weight":4.226},
{"Node_id":10996,"weight":1.6875},
{"Node_id":10997,"weight":4.6793},
{"Node_id":10998,"weight":1.6792},
{"Node_id":10999,"weight":2.0775},
{"Node_id":11000,"weight":2.6777},
{"Node_id":11001,"weight":3.2619},
{"Node_id":11002,"weight":1.6288},
{"Node_id":11003,"weight":4.8458},
{"Node_id":11004,"weight":1.822},
{"Node_id":11005,"weight":2.6482},
{"Node_id":11006,"weight":4.9264},
{"Node_id":11007,"weight":1.4115},
{"Node_id":11008,"weight":5.11},
{"Node_id":11009,"weight":3.3777},
{"Node_id":11010,"weight":2.2413},
{"Node_id":11011,"weight":2.5195},
{"Node_id":11012,"weight":3.3347},
{"Node_id":11013,"weight":2.1557},
{"Node_id":11014,"weight":1.4921},
{"Node_id":11015,"weight":3.1447},
{"Node_id":11016,"weight":1.6657},
{"Node_id":11017,"weight":3.9604},
{"Node_id":11018,"weight":2.5254},
{"Node_id":11019,"weight":5.2159},
{"Node_id":11020,"weight":2.1546},
{"Node_id":11021,"weight":2.3124},
{"Node_id":11022,"weight":1.5143},
{"Node_id":11023,"weight":3.6718},
{"Node_id":11024,"weight":2.576},
{"Node_id":11025,"weight":2.3879},
{"Node_id":11026,"weight":3.3903},
{"Node_id":11029,"weight":2.2752},
{"Node_id":11030,"weight":2.342},
{"Node_id":11031,"weight":3.3529},
{"Node_id":11032,"weight":1.5423},
{"Node_id":11033,"weight":2.9593},
{"Node_id":11034,"weight":1.6754},
{"Node_id":11035,"weight":3.3621},
{"Node_id":11036,"weight":1.8396},
{"Node_id":11091,"weight":2.2775},
{"Node_id":11092,"weight":2.2859},
{"Node_id":11093,"weight":2.4574},
{"Node_id":11094,"weight":3.0006},
{"Node_id":11095,"weight":2.3149},
{"Node_id":11096,"weight":2.5181},
{"Node_id":11097,"weight":1.5327},
{"Node_id":11098,"weight":1.5143},
{"Node_id":11099,"weight":2.5729},
{"Node_id":11210,"weight":2.9962},
{"Node_id":11221,"weight":2.173},
{"Node_id":11222,"weight":2.9786},
{"Node_id":11223,"weight":2.7322},
{"Node_id":11224,"weight":1.4185},
{"Node_id":11225,"weight":3.1124},
{"Node_id":11228,"weight":2.1386},
{"Node_id":11439,"weight":3.105},
{"Node_id":11440,"weight":2.3699},
{"Node_id":11441,"weight":3.3317},
{"Node_id":11442,"weight":1.5109},
{"Node_id":11445,"weight":3.4258},
{"Node_id":11446,"weight":1.6777},
{"Node_id":11447,"weight":1.5029},
{"Node_id":11448,"weight":2.6979},
{"Node_id":11449,"weight":3.3347},
{"Node_id":11450,"weight":2.1482},
{"Node_id":11451,"weight":2.397},
{"Node_id":11452,"weight":2.9765},
{"Node_id":11453,"weight":1.9588},
{"Node_id":11497,"weight":2.3763},
{"Node_id":11498,"weight":1.4229},
{"Node_id":11499,"weight":3.3347},
{"Node_id":11500,"weight":2.5867},
{"Node_id":11501,"weight":1.9404},
{"Node_id":11502,"weight":1.8904},
{"Node_id":11503,"weight":2.4089},
{"Node_id":11506,"weight":3.8132},
{"Node_id":11507,"weight":2.5579},
{"Node_id":11508,"weight":1.9107},
{"Node_id":11509,"weight":1.4396},
{"Node_id":11510,"weight":2.1632},
{"Node_id":11511,"weight":2.481},
{"Node_id":11512,"weight":3.0667},
{"Node_id":11513,"weight":2.3711},
{"Node_id":11514,"weight":2.1654},
{"Node_id":11515,"weight":1.7213},
{"Node_id":11516,"weight":2.274},
{"Node_id":11517,"weight":1.8387},
{"Node_id":11518,"weight":2.2657},
{"Node_id":11519,"weight":2.3259},
{"Node_id":11558,"weight":1.532},
{"Node_id":11559,"weight":3.5845},
{"Node_id":11560,"weight":1.9551},
{"Node_id":11561,"weight":2.1752},
{"Node_id":11562,"weight":1.8816},
{"Node_id":11563,"weight":2.7374},
{"Node_id":11564,"weight":1.4026},
{"Node_id":11567,"weight":1.3888},
{"Node_id":11568,"weight":4.5951},
{"Node_id":11569,"weight":1.9551},
{"Node_id":11570,"weight":3.8918},
{"Node_id":11571,"weight":1.4611},
{"Node_id":11572,"weight":1.7151},
{"Node_id":11573,"weight":1.4166},
{"Node_id":11574,"weight":3.9992},
{"Node_id":11585,"weight":4.226},
{"Node_id":11586,"weight":1.5527},
{"Node_id":11587,"weight":2.0555},
{"Node_id":11624,"weight":3.416},
{"Node_id":11625,"weight":2.8516},
{"Node_id":11626,"weight":2.0856},
{"Node_id":11627,"weight":2.0745},
{"Node_id":11628,"weight":2.0959},
{"Node_id":11629,"weight":2.1482},
{"Node_id":11630,"weight":1.568},
{"Node_id":11631,"weight":3.0435},
{"Node_id":11632,"weight":1.5701},
{"Node_id":11633,"weight":2.0755},
{"Node_id":11634,"weight":1.5589},
{"Node_id":11635,"weight":1.4261},
{"Node_id":11636,"weight":2.9444},
{"Node_id":11637,"weight":2.474},
{"Node_id":11638,"weight":2.4615},
{"Node_id":11645,"weight":2.5564},
{"Node_id":11646,"weight":1.3982},
{"Node_id":11647,"weight":2.1249},
{"Node_id":11648,"weight":2.61},
{"Node_id":11649,"weight":4.9126},
{"Node_id":11650,"weight":2.599},
{"Node_id":11651,"weight":1.532},
{"Node_id":11652,"weight":1.7268},
{"Node_id":11653,"weight":1.465},
{"Node_id":11654,"weight":2.5239},
{"Node_id":11671,"weight":3.1885},
{"Node_id":11672,"weight":2.7115},
{"Node_id":11673,"weight":2.9529},
{"Node_id":11674,"weight":3.6115},
{"Node_id":11675,"weight":4.0221},
{"Node_id":11676,"weight":2.7166},
{"Node_id":11677,"weight":1.421},
{"Node_id":11678,"weight":2.8023},
{"Node_id":11679,"weight":2.0407},
{"Node_id":11680,"weight":3.0905},
{"Node_id":11681,"weight":3.3999},
{"Node_id":11682,"weight":2.2775},
{"Node_id":11683,"weight":2.4657},
{"Node_id":11686,"weight":2.5564},
{"Node_id":11687,"weight":1.8878},
{"Node_id":11688,"weight":2.8613},
{"Node_id":11689,"weight":2.0397},
{"Node_id":11690,"weight":2.145},
{"Node_id":11726,"weight":1.6997},
{"Node_id":11727,"weight":1.8965},
{"Node_id":11756,"weight":2.6257},
{"Node_id":11757,"weight":3.9441},
{"Node_id":11758,"weight":1.3988},
{"Node_id":11759,"weight":2.6645},
{"Node_id":11760,"weight":1.6493},
{"Node_id":11761,"weight":4.8203},
{"Node_id":11840,"weight":1.8379},
{"Node_id":11841,"weight":4.0279},
{"Node_id":11861,"weight":1.6442},
{"Node_id":11862,"weight":2.3983},
{"Node_id":11866,"weight":2.3571},
{"Node_id":11867,"weight":2.5283},
{"Node_id":11868,"weight":2.5459},
{"Node_id":11869,"weight":1.656},
{"Node_id":11870,"weight":3.0667},
{"Node_id":11871,"weight":3.1472},
{"Node_id":11881,"weight":1.8128},
{"Node_id":11886,"weight":1.7583},
{"Node_id":11887,"weight":3.1755},
{"Node_id":11902,"weight":1.5506},
{"Node_id":11904,"weight":1.7881},
{"Node_id":11905,"weight":4.4538},
{"Node_id":11906,"weight":1.8128},
{"Node_id":11910,"weight":2.3371},
{"Node_id":11911,"weight":1.9953},
{"Node_id":11912,"weight":3.7226},
{"Node_id":11913,"weight":4.4192},
{"Node_id":11914,"weight":1.8825},
{"Node_id":11915,"weight":1.8421},
{"Node_id":11926,"weight":1.469},
{"Node_id":11927,"weight":2.9657},
{"Node_id":11928,"weight":2.6894},
{"Node_id":11929,"weight":2.7339},
{"Node_id":11932,"weight":2.7115},
{"Node_id":11933,"weight":3.7535},
{"Node_id":11934,"weight":2.4102},
{"Node_id":11935,"weight":1.8337},
{"Node_id":11936,"weight":6.8113},
{"Node_id":11951,"weight":1.5341},
{"Node_id":11952,"weight":2.4181},
{"Node_id":11953,"weight":3.2178},
{"Node_id":11954,"weight":1.4166},
{"Node_id":11955,"weight":2.3483},
{"Node_id":11961,"weight":1.9606},
{"Node_id":11962,"weight":1.6515},
{"Node_id":11963,"weight":1.5002},
{"Node_id":11964,"weight":1.5534},
{"Node_id":11965,"weight":2.5254},
{"Node_id":11966,"weight":2.6353},
{"Node_id":11967,"weight":2.4262},
{"Node_id":11968,"weight":2.4248},
{"Node_id":11969,"weight":2.5519},
{"Node_id":12082,"weight":2.2943},
{"Node_id":12083,"weight":5.7105},
{"Node_id":12084,"weight":2.5609},
{"Node_id":12085,"weight":2.1983},
{"Node_id":12086,"weight":1.7417},
{"Node_id":12087,"weight":2.1113},
{"Node_id":12121,"weight":5.077},
{"Node_id":12122,"weight":2.2764},
{"Node_id":12123,"weight":6.4362},
{"Node_id":12124,"weight":1.3944},
{"Node_id":12125,"weight":2.0525},
{"Node_id":12126,"weight":3.0481},
{"Node_id":12127,"weight":4.5951},
{"Node_id":12128,"weight":2.9444},
{"Node_id":12129,"weight":1.4242},
{"Node_id":12130,"weight":3.0072},
{"Node_id":12131,"weight":2.7287},
{"Node_id":12132,"weight":1.726},
{"Node_id":12133,"weight":2.4505},
{"Node_id":12134,"weight":2.3408},
{"Node_id":12135,"weight":3.449},
{"Node_id":12136,"weight":5.0141},
{"Node_id":12137,"weight":3.2704},
{"Node_id":12138,"weight":1.7151},
{"Node_id":12139,"weight":2.0565},
{"Node_id":12142,"weight":2.599},
{"Node_id":12143,"weight":1.793},
{"Node_id":12144,"weight":3.3683},
{"Node_id":12145,"weight":1.9699},
{"Node_id":12146,"weight":2.5975},
{"Node_id":12147,"weight":2.1461},
{"Node_id":12148,"weight":1.4565},
{"Node_id":12149,"weight":2.4464},
{"Node_id":12150,"weight":2.4288},
{"Node_id":12151,"weight":1.4198},
{"Node_id":12152,"weight":1.5548},
{"Node_id":12153,"weight":2.5821},
{"Node_id":12154,"weight":1.5002},
{"Node_id":12155,"weight":3.4934},
{"Node_id":12156,"weight":3.1075},
{"Node_id":12157,"weight":1.9089},
{"Node_id":12158,"weight":2.4881},
{"Node_id":12159,"weight":1.4941},
{"Node_id":12162,"weight":7.418},
{"Node_id":12163,"weight":2.145},
{"Node_id":12170,"weight":3.1912},
{"Node_id":12171,"weight":3.3438},
{"Node_id":12172,"weight":4.3143},
{"Node_id":12173,"weight":1.6368},
{"Node_id":12195,"weight":2.1386},
{"Node_id":12196,"weight":1.4915},
{"Node_id":12197,"weight":3.248},
{"Node_id":12198,"weight":2.173},
{"Node_id":12199,"weight":2.7569},
{"Node_id":12200,"weight":1.6085},
{"Node_id":12201,"weight":3.1885},
{"Node_id":12202,"weight":1.6099},
{"Node_id":12203,"weight":4.0514},
{"Node_id":12206,"weight":2.4796},
{"Node_id":12211,"weight":1.7393},
{"Node_id":12212,"weight":3.9936},
{"Node_id":12213,"weight":1.5225},
{"Node_id":12214,"weight":2.0775},
{"Node_id":12215,"weight":1.8228},
{"Node_id":12216,"weight":2.2811},
{"Node_id":12217,"weight":1.8869},
{"Node_id":12218,"weight":1.5942},
{"Node_id":12219,"weight":1.6099},
{"Node_id":12220,"weight":1.5177},
{"Node_id":12221,"weight":1.6027},
{"Node_id":12222,"weight":1.5204},
{"Node_id":12223,"weight":2.2471},
{"Node_id":12224,"weight":1.6523},
{"Node_id":12225,"weight":5.0141},
{"Node_id":12226,"weight":2.7766},
{"Node_id":12227,"weight":4.833},
{"Node_id":12228,"weight":2.2084},
{"Node_id":12229,"weight":3.6392},
{"Node_id":12230,"weight":2.7876},
{"Node_id":12231,"weight":4.7474},
{"Node_id":12234,"weight":0.1294},
{"Node_id":12235,"weight":1.2721},
{"Node_id":12236,"weight":3.2676},
{"Node_id":12237,"weight":0.036},
{"Node_id":12238,"weight":2.8691},
{"Node_id":12243,"weight":2.7046},
{"Node_id":12244,"weight":0.5266},
{"Node_id":12245,"weight":0.49},
{"Node_id":12246,"weight":1.62},
{"Node_id":12247,"weight":2.1763},
{"Node_id":12248,"weight":0.6955},
{"Node_id":12249,"weight":2.5166},
{"Node_id":12250,"weight":5.4448},
{"Node_id":12251,"weight":1.9072},
{"Node_id":12252,"weight":0.6239},
{"Node_id":12253,"weight":0.9529},
{"Node_id":12254,"weight":1.0716},
{"Node_id":12255,"weight":0.944},
{"Node_id":12256,"weight":1.9569},
{"Node_id":12257,"weight":1.6822},
{"Node_id":12258,"weight":0.8274},
{"Node_id":12263,"weight":1.2856},
{"Node_id":12264,"weight":2.0755},
{"Node_id":12265,"weight":0.1519},
{"Node_id":12277,"weight":0.388},
{"Node_id":12278,"weight":1.2448},
{"Node_id":12282,"weight":0.7598},
{"Node_id":12284,"weight":2.498},
{"Node_id":12285,"weight":1.827},
{"Node_id":12308,"weight":4.0878},
{"Node_id":12309,"weight":1.8245},
{"Node_id":12310,"weight":2.173},
{"Node_id":12311,"weight":2.1741},
{"Node_id":12312,"weight":0.6803},
{"Node_id":12313,"weight":3.2876},
{"Node_id":12314,"weight":0.7755},
{"Node_id":12315,"weight":3.7011},
{"Node_id":12316,"weight":0.7829},
{"Node_id":12320,"weight":1.4435},
{"Node_id":12321,"weight":4.8588},
{"Node_id":12323,"weight":2.5459},
{"Node_id":12324,"weight":0.2258},
{"Node_id":12325,"weight":1.7089},
{"Node_id":12326,"weight":2.9153},
{"Node_id":12327,"weight":0.2302},
{"Node_id":12328,"weight":3.429},
{"Node_id":12331,"weight":0.3437},
{"Node_id":12332,"weight":0.2294},
{"Node_id":12335,"weight":0.9579},
{"Node_id":12338,"weight":0.3602},
{"Node_id":12339,"weight":3.6233},
{"Node_id":12340,"weight":1.6128},
{"Node_id":12341,"weight":2.1763},
{"Node_id":12342,"weight":4.8988},
{"Node_id":12343,"weight":1.7535},
{"Node_id":12344,"weight":0.6678},
{"Node_id":12345,"weight":1.0465},
{"Node_id":12346,"weight":0.8231},
{"Node_id":12365,"weight":1.4191},
{"Node_id":12366,"weight":1.1859},
{"Node_id":12371,"weight":1.6258},
{"Node_id":12372,"weight":0.3174},
{"Node_id":12375,"weight":0.9203},
{"Node_id":12376,"weight":0.9346},
{"Node_id":12377,"weight":2.5195},
{"Node_id":12378,"weight":1.0997},
{"Node_id":12379,"weight":1.08},
{"Node_id":12380,"weight":0.3293},
{"Node_id":12381,"weight":0.2055},
{"Node_id":12384,"weight":1.1698},
{"Node_id":12385,"weight":0.3756},
{"Node_id":12386,"weight":1.969},
{"Node_id":12387,"weight":0.5849},
{"Node_id":12388,"weight":0.216},
{"Node_id":12389,"weight":0.0532},
{"Node_id":12394,"weight":3.818},
{"Node_id":12395,"weight":0.2408},
{"Node_id":12396,"weight":3.7401},
{"Node_id":12397,"weight":0.9982},
{"Node_id":12398,"weight":0.4608},
{"Node_id":12399,"weight":0.2884},
{"Node_id":12400,"weight":1.5437},
{"Node_id":12401,"weight":1.1914},
{"Node_id":12402,"weight":0.7332},
{"Node_id":12403,"weight":0.9714},
{"Node_id":12404,"weight":0.9115},
{"Node_id":12405,"weight":0.4768},
{"Node_id":12406,"weight":0.2745},
{"Node_id":12407,"weight":0.9095},
{"Node_id":12408,"weight":0.1141},
{"Node_id":12409,"weight":0.1491},
{"Node_id":12410,"weight":0.4879},
{"Node_id":12413,"weight":0.1322},
{"Node_id":12414,"weight":0.5155},
{"Node_id":12535,"weight":0.6879},
{"Node_id":12536,"weight":1.8379},
{"Node_id":12537,"weight":1.2396},
{"Node_id":13311,"weight":0.9041},
{"Node_id":13312,"weight":1.3462},
{"Node_id":13313,"weight":0.4297},
{"Node_id":13315,"weight":1.8904},
{"Node_id":13317,"weight":0.7745},
{"Node_id":13318,"weight":1.2145},
{"Node_id":13319,"weight":0.9494},
{"Node_id":13320,"weight":1.39},
{"Node_id":13321,"weight":2.9896},
{"Node_id":13322,"weight":0.2282},
{"Node_id":13323,"weight":4.3694},
{"Node_id":13324,"weight":1.8878},
{"Node_id":13325,"weight":1.033},
{"Node_id":13326,"weight":2.1333},
{"Node_id":13327,"weight":0.6682},
{"Node_id":13328,"weight":0.2896},
{"Node_id":13333,"weight":0.7773},
{"Node_id":13334,"weight":1.8203},
{"Node_id":13335,"weight":3.5326},
{"Node_id":13336,"weight":1.3081},
{"Node_id":13340,"weight":0.4084},
{"Node_id":13341,"weight":0.1378},
{"Node_id":13342,"weight":1.2202},
{"Node_id":13343,"weight":2.4356},
{"Node_id":13347,"weight":1.2727},
{"Node_id":13348,"weight":0.9997},
{"Node_id":13349,"weight":0.8217},
{"Node_id":13350,"weight":1.139},
{"Node_id":13351,"weight":1.6837},
{"Node_id":13352,"weight":0.2152},
{"Node_id":13353,"weight":2.3039},
{"Node_id":13354,"weight":1.2791},
{"Node_id":13355,"weight":0.1197},
{"Node_id":13356,"weight":0.1987},
{"Node_id":13359,"weight":5.4927},
{"Node_id":13360,"weight":2.7586},
{"Node_id":13361,"weight":0.1463},
{"Node_id":13364,"weight":3.429},
{"Node_id":13365,"weight":1.1521},
{"Node_id":13366,"weight":2.3075},
{"Node_id":13367,"weight":2.6547},
{"Node_id":13368,"weight":3.0809},
{"Node_id":13369,"weight":1.4102},
{"Node_id":13372,"weight":0.7727},
{"Node_id":13377,"weight":2.7409},
{"Node_id":13378,"weight":2.4329},
{"Node_id":13379,"weight":3.6677},
{"Node_id":13380,"weight":1.7535},
{"Node_id":13381,"weight":0.9198},
{"Node_id":13382,"weight":0.6843},
{"Node_id":13383,"weight":1.3376},
{"Node_id":13386,"weight":0.4726},
{"Node_id":13387,"weight":1.2208},
{"Node_id":13388,"weight":1.901},
{"Node_id":13393,"weight":0.4604},
{"Node_id":13394,"weight":0.7713},
{"Node_id":13395,"weight":0.3789},
{"Node_id":13396,"weight":0.9494},
{"Node_id":13397,"weight":1.2236},
{"Node_id":13398,"weight":2.5836},
{"Node_id":13401,"weight":1.5561},
{"Node_id":13404,"weight":0.3417},
{"Node_id":13405,"weight":0.7662},
{"Node_id":13406,"weight":0.4938},
{"Node_id":13407,"weight":1.8236},
{"Node_id":13445,"weight":1.9615},
{"Node_id":13446,"weight":1.0906},
{"Node_id":13447,"weight":0.4583},
{"Node_id":13448,"weight":0.8731},
{"Node_id":13449,"weight":0.6745},
{"Node_id":13452,"weight":1.1703},
{"Node_id":13455,"weight":0.7487},
{"Node_id":13458,"weight":1.3004},
{"Node_id":13459,"weight":5.5957},
{"Node_id":13460,"weight":0.2039},
{"Node_id":13461,"weight":0.054},
{"Node_id":13462,"weight":0.4515},
{"Node_id":13463,"weight":1.7504},
{"Node_id":13464,"weight":1.6501},
{"Node_id":13465,"weight":1.268},
{"Node_id":13466,"weight":0.8487},
{"Node_id":13467,"weight":0.5147},
{"Node_id":13468,"weight":0.5555},
{"Node_id":13469,"weight":0.795},
{"Node_id":13470,"weight":0.9479},
{"Node_id":13473,"weight":2.6162},
{"Node_id":13474,"weight":2.4909},
{"Node_id":13475,"weight":1.5265},
{"Node_id":13476,"weight":0.3677},
{"Node_id":13477,"weight":0.725},
{"Node_id":13478,"weight":1.5008},
{"Node_id":13479,"weight":0.5177},
{"Node_id":13501,"weight":1.0299},
{"Node_id":13502,"weight":2.508},
{"Node_id":13505,"weight":1.014},
{"Node_id":13506,"weight":2.1418},
{"Node_id":13507,"weight":3.818},
{"Node_id":13508,"weight":3.2619},
{"Node_id":13509,"weight":0.8179},
{"Node_id":13510,"weight":0.7286},
{"Node_id":13518,"weight":0.4692},
{"Node_id":13519,"weight":1.8103},
{"Node_id":13520,"weight":3.7669},
{"Node_id":13521,"weight":2.7287},
{"Node_id":13526,"weight":2.1676},
{"Node_id":13527,"weight":0.4811},
{"Node_id":13528,"weight":1.5645},
{"Node_id":13529,"weight":2.1535},
{"Node_id":13530,"weight":1.5652},
{"Node_id":13532,"weight":0.0624},
{"Node_id":13768,"weight":1.6114},
{"Node_id":13769,"weight":2.0125},
{"Node_id":13841,"weight":0.5941},
{"Node_id":13842,"weight":3.1247},
{"Node_id":13843,"weight":4.1448},
{"Node_id":13844,"weight":1.7744},
{"Node_id":13845,"weight":1.1803},
{"Node_id":13846,"weight":1.7307},
{"Node_id":13849,"weight":0.4912},
{"Node_id":13850,"weight":1.9027},
{"Node_id":13851,"weight":1.0222},
{"Node_id":13852,"weight":0.5117},
{"Node_id":13853,"weight":1.7792},
{"Node_id":13854,"weight":1.8704},
{"Node_id":13855,"weight":0.131},
{"Node_id":13856,"weight":0.4591},
{"Node_id":13857,"weight":0.8789},
{"Node_id":13858,"weight":0.4604},
{"Node_id":13859,"weight":0.8886},
{"Node_id":13862,"weight":1.3261},
{"Node_id":13863,"weight":4.0396},
{"Node_id":13867,"weight":4.833},
{"Node_id":13868,"weight":0.7291},
{"Node_id":13873,"weight":1.6013},
{"Node_id":13880,"weight":3.4624},
{"Node_id":13881,"weight":3.4095},
{"Node_id":13888,"weight":7.418},
{"Node_id":13889,"weight":1.5389},
{"Node_id":13890,"weight":1.9089},
{"Node_id":13891,"weight":1.1792},
{"Node_id":13892,"weight":0.1342},
{"Node_id":13893,"weight":0.4084},
{"Node_id":13894,"weight":3.727},
{"Node_id":13895,"weight":0.322},
{"Node_id":13896,"weight":3.577},
{"Node_id":13901,"weight":2.2646},
{"Node_id":13902,"weight":0.6517},
{"Node_id":13903,"weight":0.1451},
{"Node_id":13904,"weight":2.9896},
{"Node_id":13905,"weight":2.0816},
{"Node_id":13906,"weight":0.3232},
{"Node_id":13909,"weight":0.3146},
{"Node_id":13910,"weight":0.6177},
{"Node_id":13911,"weight":0.911},
{"Node_id":13915,"weight":2.3309},
{"Node_id":13916,"weight":1.0658},
{"Node_id":13927,"weight":0.9435},
{"Node_id":13928,"weight":0.2615},
{"Node_id":13929,"weight":1.8939},
{"Node_id":13930,"weight":1.7159},
{"Node_id":13933,"weight":1.0616},
{"Node_id":13934,"weight":3.0458},
{"Node_id":13935,"weight":2.1632},
{"Node_id":13936,"weight":0.1595},
{"Node_id":13937,"weight":1.0711},
{"Node_id":13939,"weight":0.1511},
{"Node_id":13940,"weight":0.1648},
{"Node_id":13941,"weight":0.9901},
{"Node_id":13942,"weight":1.2282},
{"Node_id":13943,"weight":0.3586},
{"Node_id":13944,"weight":1.8029},
{"Node_id":13945,"weight":1.0284},
{"Node_id":13946,"weight":2.1578},
{"Node_id":13947,"weight":1.5942},
{"Node_id":13948,"weight":0.5989},
{"Node_id":13949,"weight":0.9169},
{"Node_id":13950,"weight":1.5136},
{"Node_id":13951,"weight":1.2049},
{"Node_id":13952,"weight":0.5741},
{"Node_id":13953,"weight":2.1041},
{"Node_id":13954,"weight":1.5423},
{"Node_id":13955,"weight":1.7276},
{"Node_id":13956,"weight":0.4176},
{"Node_id":13986,"weight":0.6646},
{"Node_id":13987,"weight":2.1719},
{"Node_id":13988,"weight":1.0038},
{"Node_id":13989,"weight":2.2943},
{"Node_id":13990,"weight":0.403},
{"Node_id":13993,"weight":0.9139},
{"Node_id":13998,"weight":6.2126},
{"Node_id":14007,"weight":3.055},
{"Node_id":14008,"weight":0.4038},
{"Node_id":14009,"weight":1.4172},
{"Node_id":14010,"weight":1.295},
{"Node_id":14011,"weight":0.2007},
{"Node_id":14012,"weight":2.7339},
{"Node_id":14013,"weight":0.8161},
{"Node_id":14014,"weight":0.3826},
{"Node_id":14015,"weight":0.6504},
{"Node_id":14016,"weight":0.854},
{"Node_id":14017,"weight":1.4236},
{"Node_id":14018,"weight":0.4629},
{"Node_id":14025,"weight":1.0423},
{"Node_id":14035,"weight":1.0774},
{"Node_id":14036,"weight":1.4908},
{"Node_id":14037,"weight":1.4631},
{"Node_id":14038,"weight":2.0775},
{"Node_id":14039,"weight":1.789},
{"Node_id":14040,"weight":1.1072},
{"Node_id":14041,"weight":2.3309},
{"Node_id":14042,"weight":0.9159},
{"Node_id":14043,"weight":0.8132},
{"Node_id":14044,"weight":1.1903},
{"Node_id":14045,"weight":1.6383},
{"Node_id":14046,"weight":0.8001},
{"Node_id":14049,"weight":1.8834},
{"Node_id":14050,"weight":1.2809},
{"Node_id":14051,"weight":2.0029},
{"Node_id":14052,"weight":1.9736},
{"Node_id":14056,"weight":0.9105},
{"Node_id":14057,"weight":1.8489},
{"Node_id":14058,"weight":3.1075},
{"Node_id":14059,"weight":0.9464},
{"Node_id":14060,"weight":0.0748},
{"Node_id":14061,"weight":0.2603},
{"Node_id":14062,"weight":1.2529},
{"Node_id":14064,"weight":0.3805},
{"Node_id":14065,"weight":4.5174},
{"Node_id":14066,"weight":0.0748},
{"Node_id":14067,"weight":1.2145},
{"Node_id":14068,"weight":3.0881},
{"Node_id":14069,"weight":0.3569},
{"Node_id":14070,"weight":0.4184},
{"Node_id":14073,"weight":1.4064},
{"Node_id":14074,"weight":3.2314},
{"Node_id":14075,"weight":0.4205},
{"Node_id":14076,"weight":1.172},
{"Node_id":14080,"weight":2.7857},
{"Node_id":14081,"weight":0.5473},
{"Node_id":14084,"weight":0.2088},
{"Node_id":14086,"weight":2.401},
{"Node_id":14088,"weight":0.6081},
{"Node_id":14089,"weight":2.1665},
{"Node_id":14093,"weight":0.7213},
{"Node_id":14094,"weight":2.2208},
{"Node_id":14095,"weight":5.6515},
{"Node_id":14096,"weight":5.2539},
{"Node_id":14098,"weight":1.631},
{"Node_id":14099,"weight":3.842},
{"Node_id":14100,"weight":4.8203},
{"Node_id":14101,"weight":0.6098},
{"Node_id":14119,"weight":0.9455},
{"Node_id":14120,"weight":0.038},
{"Node_id":14121,"weight":2.126},
{"Node_id":14122,"weight":1.4802},
{"Node_id":14123,"weight":0.4629},
{"Node_id":14126,"weight":1.5471},
{"Node_id":14132,"weight":2.2163},
{"Node_id":14133,"weight":0.9977},
{"Node_id":14173,"weight":0.6718},
{"Node_id":14174,"weight":1.2832},
{"Node_id":14175,"weight":0.2177},
{"Node_id":14176,"weight":1.2962},
{"Node_id":14177,"weight":3.4323},
{"Node_id":14178,"weight":0.7556},
{"Node_id":14179,"weight":0.3068},
{"Node_id":14180,"weight":0.5326},
{"Node_id":14181,"weight":0.1523},
{"Node_id":14182,"weight":2.7339},
{"Node_id":14183,"weight":2.5239},
{"Node_id":14184,"weight":0.7773},
{"Node_id":14185,"weight":0.5262},
{"Node_id":14186,"weight":1.7105},
{"Node_id":14188,"weight":1.3334},
{"Node_id":14189,"weight":1.2815},
{"Node_id":14190,"weight":2.5297},
{"Node_id":14191,"weight":3.3138},
{"Node_id":14192,"weight":0.064},
{"Node_id":14193,"weight":0.6548},
{"Node_id":14194,"weight":0.6857},
{"Node_id":14195,"weight":0.8043},
{"Node_id":14196,"weight":0.1302},
{"Node_id":14197,"weight":0.0492},
{"Node_id":14198,"weight":1.0289},
{"Node_id":14199,"weight":2.0515},
{"Node_id":14200,"weight":0.3011},
{"Node_id":14201,"weight":0.268},
{"Node_id":14202,"weight":0.4811},
{"Node_id":14208,"weight":1.6523},
{"Node_id":14209,"weight":0.5159},
{"Node_id":14210,"weight":0.3917},
{"Node_id":14211,"weight":1.6642},
{"Node_id":14212,"weight":4.1513},
{"Node_id":14213,"weight":0.4819},
{"Node_id":14214,"weight":1.0732},
{"Node_id":14217,"weight":0.8554},
{"Node_id":14218,"weight":0.5138},
{"Node_id":14219,"weight":1.4358},
{"Node_id":14220,"weight":0.5066},
{"Node_id":14221,"weight":0.6081},
{"Node_id":14222,"weight":0.8383},
{"Node_id":14223,"weight":0.29},
{"Node_id":14224,"weight":7.418},
{"Node_id":14230,"weight":0.5875},
{"Node_id":14233,"weight":1.1434},
{"Node_id":14234,"weight":2.8154},
{"Node_id":14235,"weight":0.7657},
{"Node_id":14236,"weight":2.1503},
{"Node_id":14237,"weight":1.2174},
{"Node_id":14238,"weight":0.8683},
{"Node_id":14239,"weight":0.1386},
{"Node_id":14240,"weight":1.9597},
{"Node_id":14241,"weight":3.2178},
{"Node_id":14242,"weight":1.1271},
{"Node_id":14243,"weight":0.4301},
{"Node_id":14244,"weight":1.3153},
{"Node_id":14249,"weight":2.3788},
{"Node_id":14250,"weight":0.3483},
{"Node_id":14251,"weight":1.0099},
{"Node_id":14261,"weight":4.6903},
{"Node_id":14262,"weight":0.3772},
{"Node_id":14265,"weight":1.1147},
{"Node_id":14266,"weight":0.2908},
{"Node_id":14267,"weight":2.8496},
{"Node_id":14268,"weight":2.2494},
{"Node_id":14361,"weight":2.508},
{"Node_id":14366,"weight":0.1841},
{"Node_id":14367,"weight":0.8449},
{"Node_id":14369,"weight":0.4507},
{"Node_id":14370,"weight":2.1461},
{"Node_id":14371,"weight":0.2363},
{"Node_id":14372,"weight":0.02},
{"Node_id":14373,"weight":1.8128},
{"Node_id":14374,"weight":0.4075},
{"Node_id":14375,"weight":0.3314},
{"Node_id":14378,"weight":3.0162},
{"Node_id":14496,"weight":1.7575},
{"Node_id":14497,"weight":1.7159},
{"Node_id":14498,"weight":0.2128},
{"Node_id":14499,"weight":3.3903},
{"Node_id":14500,"weight":1.1488},
{"Node_id":14501,"weight":1.8626},
{"Node_id":14502,"weight":2.1397},
{"Node_id":14503,"weight":1.607},
{"Node_id":14504,"weight":0.6177},
{"Node_id":14505,"weight":0.4255},
{"Node_id":14506,"weight":0.7446},
{"Node_id":14507,"weight":0.2692},
{"Node_id":14508,"weight":3.0207},
{"Node_id":14509,"weight":0.4532},
{"Node_id":14510,"weight":2.0806},
{"Node_id":14511,"weight":0.5758},
{"Node_id":14512,"weight":1.7591},
{"Node_id":14513,"weight":0.8359},
{"Node_id":14514,"weight":0.1523},
{"Node_id":14515,"weight":3.5884},
{"Node_id":14516,"weight":3.6885},
{"Node_id":14519,"weight":0.5061},
{"Node_id":14520,"weight":0.9609},
{"Node_id":14521,"weight":0.3905},
{"Node_id":14522,"weight":1.7051},
{"Node_id":14523,"weight":3.3407},
{"Node_id":14524,"weight":0.6562},
{"Node_id":14525,"weight":0.4595},
{"Node_id":14526,"weight":2.7803},
{"Node_id":14527,"weight":0.2221},
{"Node_id":14528,"weight":1.2651},
{"Node_id":14529,"weight":3.0072},
{"Node_id":14530,"weight":4.7474},
{"Node_id":14531,"weight":0.4351},
{"Node_id":14532,"weight":1.793},
{"Node_id":14533,"weight":1.6078},
{"Node_id":14534,"weight":1.5715},
{"Node_id":14539,"weight":1.0084},
{"Node_id":14540,"weight":3.3621},
{"Node_id":14681,"weight":6.6441},
{"Node_id":14682,"weight":1.5103},
{"Node_id":14683,"weight":1.9188}]