[{"Node_id":815,"weight":1.9214},
{"Node_id":819,"weight":2.184},
{"Node_id":820,"weight":3.483},
{"Node_id":821,"weight":2.2799},
{"Node_id":822,"weight":2.0505},
{"Node_id":823,"weight":1.9802},
{"Node_id":824,"weight":2.5051},
{"Node_id":828,"weight":2.4994},
{"Node_id":829,"weight":2.7218},
{"Node_id":830,"weight":3.6636},
{"Node_id":831,"weight":1.6493},
{"Node_id":832,"weight":4.0396},
{"Node_id":833,"weight":2.0367},
{"Node_id":834,"weight":1.4319},
{"Node_id":835,"weight":3.8918},
{"Node_id":836,"weight":2.3699},
{"Node_id":837,"weight":1.8825},
{"Node_id":838,"weight":1.9924},
{"Node_id":839,"weight":2.5459},
{"Node_id":840,"weight":2.6645},
{"Node_id":841,"weight":2.321},
{"Node_id":842,"weight":1.6936},
{"Node_id":843,"weight":4.1254},
{"Node_id":846,"weight":2.1397},
{"Node_id":847,"weight":2.4195},
{"Node_id":848,"weight":1.4064},
{"Node_id":849,"weight":1.8203},
{"Node_id":850,"weight":4.1846},
{"Node_id":857,"weight":2.7912},
{"Node_id":862,"weight":2.9298},
{"Node_id":863,"weight":3.7945},
{"Node_id":867,"weight":1.5736},
{"Node_id":868,"weight":1.9597},
{"Node_id":869,"weight":1.9569},
{"Node_id":870,"weight":1.4474},
{"Node_id":871,"weight":1.9468},
{"Node_id":872,"weight":2.0241},
{"Node_id":893,"weight":1.4371},
{"Node_id":894,"weight":2.4866},
{"Node_id":895,"weight":1.7922},
{"Node_id":896,"weight":1.5259},
{"Node_id":897,"weight":3.2124},
{"Node_id":898,"weight":2.5123},
{"Node_id":899,"weight":1.832},
{"Node_id":900,"weight":4.7357},
{"Node_id":901,"weight":1.744},
{"Node_id":902,"weight":1.748},
{"Node_id":905,"weight":1.8643},
{"Node_id":906,"weight":3.4127},
{"Node_id":907,"weight":1.7036},
{"Node_id":908,"weight":2.5852},
{"Node_id":910,"weight":2.0846},
{"Node_id":911,"weight":3.9713},
{"Node_id":912,"weight":3.2963},
{"Node_id":913,"weight":2.0212},
{"Node_id":914,"weight":1.3976},
{"Node_id":915,"weight":1.5513},
{"Node_id":916,"weight":1.8203},
{"Node_id":917,"weight":1.5492},
{"Node_id":918,"weight":2.0456},
{"Node_id":919,"weight":1.7036},
{"Node_id":920,"weight":2.0595},
{"Node_id":921,"weight":4.7954},
{"Node_id":924,"weight":1.8421},
{"Node_id":925,"weight":1.4624},
{"Node_id":926,"weight":3.429},
{"Node_id":927,"weight":2.764},
{"Node_id":928,"weight":2.001},
{"Node_id":929,"weight":1.6353},
{"Node_id":930,"weight":1.4539},
{"Node_id":931,"weight":4.219},
{"Node_id":932,"weight":3.0667},
{"Node_id":947,"weight":1.5638},
{"Node_id":950,"weight":1.7583},
{"Node_id":951,"weight":2.4102},
{"Node_id":956,"weight":7.6004},
{"Node_id":957,"weight":1.6034},
{"Node_id":960,"weight":1.8421},
{"Node_id":961,"weight":1.9532},
{"Node_id":962,"weight":2.1928},
{"Node_id":963,"weight":1.6493},
{"Node_id":964,"weight":1.9395},
{"Node_id":965,"weight":2.3983},
{"Node_id":966,"weight":2.2634},
{"Node_id":967,"weight":2.2253},
{"Node_id":969,"weight":2.4369},
{"Node_id":970,"weight":2.3271},
{"Node_id":971,"weight":3.1026},
{"Node_id":972,"weight":1.5764},
{"Node_id":973,"weight":1.7097},
{"Node_id":974,"weight":2.7115},
{"Node_id":979,"weight":1.4261},
{"Node_id":980,"weight":4.2766},
{"Node_id":981,"weight":6.0725},
{"Node_id":982,"weight":3.2397},
{"Node_id":983,"weight":2.3763},
{"Node_id":984,"weight":5.2159},
{"Node_id":985,"weight":2.6006},
{"Node_id":986,"weight":2.7857},
{"Node_id":987,"weight":3.3714},
{"Node_id":988,"weight":1.5666},
{"Node_id":989,"weight":2.6612},
{"Node_id":990,"weight":1.886},
{"Node_id":991,"weight":1.866},
{"Node_id":992,"weight":1.5327},
{"Node_id":993,"weight":2.1218},
{"Node_id":994,"weight":1.5123},
{"Node_id":995,"weight":3.596},
{"Node_id":996,"weight":1.7013},
{"Node_id":998,"weight":2.887},
{"Node_id":999,"weight":2.2287},
{"Node_id":1121,"weight":1.6875},
{"Node_id":1122,"weight":3.3227},
{"Node_id":1123,"weight":3.2733},
{"Node_id":1638,"weight":2.0887},
{"Node_id":1872,"weight":5.077},
{"Node_id":1873,"weight":1.4178},
{"Node_id":1874,"weight":4.1064},
{"Node_id":1875,"weight":2.0695},
{"Node_id":1877,"weight":2.2196},
{"Node_id":1879,"weight":2.0907},
{"Node_id":1880,"weight":2.9635},
{"Node_id":1881,"weight":3.9549},
{"Node_id":1882,"weight":1.4474},
{"Node_id":1883,"weight":1.7051},
{"Node_id":1884,"weight":2.3996},
{"Node_id":1885,"weight":1.7433},
{"Node_id":1886,"weight":2.1807},
{"Node_id":1887,"weight":2.3866},
{"Node_id":1888,"weight":1.3919},
{"Node_id":1889,"weight":2.0928},
{"Node_id":1894,"weight":2.0938},
{"Node_id":1895,"weight":1.9615},
{"Node_id":1896,"weight":2.0299},
{"Node_id":1897,"weight":2.3433},
{"Node_id":1899,"weight":2.5504},
{"Node_id":1901,"weight":2.5519},
{"Node_id":1902,"weight":1.8523},
{"Node_id":1903,"weight":2.3648},
{"Node_id":1907,"weight":1.4481},
{"Node_id":1908,"weight":1.4384},
{"Node_id":1909,"weight":5.2933},
{"Node_id":1910,"weight":1.4313},
{"Node_id":1911,"weight":3.3287},
{"Node_id":1912,"weight":1.9305},
{"Node_id":1913,"weight":4.8078},
{"Node_id":1914,"weight":2.5195},
{"Node_id":1915,"weight":1.3882},
{"Node_id":1916,"weight":3.2151},
{"Node_id":1917,"weight":2.3271},
{"Node_id":1919,"weight":4.6469},
{"Node_id":1920,"weight":2.2943},
{"Node_id":1921,"weight":3.4523},
{"Node_id":1922,"weight":1.4617},
{"Node_id":1924,"weight":3.0978},
{"Node_id":1925,"weight":1.6142},
{"Node_id":1926,"weight":1.3869},
{"Node_id":1927,"weight":3.0006},
{"Node_id":1928,"weight":2.8691},
{"Node_id":1929,"weight":1.7276},
{"Node_id":1930,"weight":1.3982},
{"Node_id":1932,"weight":2.0918},
{"Node_id":1937,"weight":2.7604},
{"Node_id":1938,"weight":1.7647},
{"Node_id":1939,"weight":3.4225},
{"Node_id":1940,"weight":3.1651},
{"Node_id":1941,"weight":2.6482},
{"Node_id":1942,"weight":1.6434},
{"Node_id":1943,"weight":2.6662},
{"Node_id":1945,"weight":1.8704},
{"Node_id":1946,"weight":1.4455},
{"Node_id":1947,"weight":1.452},
{"Node_id":1948,"weight":3.6677},
{"Node_id":1949,"weight":2.9722},
{"Node_id":1950,"weight":1.6405},
{"Node_id":1953,"weight":3.511},
{"Node_id":1954,"weight":1.6627},
{"Node_id":1955,"weight":3.1173},
{"Node_id":1956,"weight":2.2752},
{"Node_id":1957,"weight":1.6049},
{"Node_id":1958,"weight":1.6612},
{"Node_id":1959,"weight":2.9786},
{"Node_id":1960,"weight":1.9496},
{"Node_id":1961,"weight":1.7151},
{"Node_id":1964,"weight":1.8037},
{"Node_id":1965,"weight":1.7448},
{"Node_id":1966,"weight":1.9197},
{"Node_id":1967,"weight":2.6369},
{"Node_id":2005,"weight":2.1397},
{"Node_id":2006,"weight":1.4822},
{"Node_id":2007,"weight":3.7852},
{"Node_id":2008,"weight":1.9487},
{"Node_id":2009,"weight":2.1218},
{"Node_id":2010,"weight":2.2242},
{"Node_id":2012,"weight":5.9496},
{"Node_id":2015,"weight":2.9298},
{"Node_id":2018,"weight":4.1711},
{"Node_id":2019,"weight":2.4142},
{"Node_id":2020,"weight":2.4838},
{"Node_id":2021,"weight":2.4629},
{"Node_id":2022,"weight":3.2676},
{"Node_id":2023,"weight":4.6259},
{"Node_id":2024,"weight":4.5555},
{"Node_id":2025,"weight":1.7865},
{"Node_id":2026,"weight":1.4862},
{"Node_id":2027,"weight":1.8921},
{"Node_id":2028,"weight":1.5055},
{"Node_id":2029,"weight":1.4261},
{"Node_id":2030,"weight":1.7551},
{"Node_id":2032,"weight":5.2539},
{"Node_id":2033,"weight":1.4815},
{"Node_id":2034,"weight":1.4287},
{"Node_id":2035,"weight":1.5451},
{"Node_id":2036,"weight":1.6229},
{"Node_id":2037,"weight":4.2051},
{"Node_id":2038,"weight":2.579},
{"Node_id":2039,"weight":1.5885},
{"Node_id":2040,"weight":2.883},
{"Node_id":2044,"weight":2.5654},
{"Node_id":2058,"weight":2.2494},
{"Node_id":2059,"weight":2.5669},
{"Node_id":2061,"weight":2.8439},
{"Node_id":2062,"weight":2.3371},
{"Node_id":2063,"weight":1.3913},
{"Node_id":2064,"weight":4.3066},
{"Node_id":2065,"weight":2.7712},
{"Node_id":2066,"weight":5.077},
{"Node_id":2067,"weight":1.9386},
{"Node_id":2073,"weight":1.4955},
{"Node_id":2074,"weight":1.4364},
{"Node_id":2075,"weight":1.7639},
{"Node_id":2076,"weight":4.872},
{"Node_id":2081,"weight":1.4855},
{"Node_id":2082,"weight":3.0297},
{"Node_id":2083,"weight":1.421},
{"Node_id":2084,"weight":1.9487},
{"Node_id":2085,"weight":2.6434},
{"Node_id":2086,"weight":1.6777},
{"Node_id":2090,"weight":2.4168},
{"Node_id":2323,"weight":5.4217},
{"Node_id":2324,"weight":5.5429},
{"Node_id":2328,"weight":3.3377},
{"Node_id":2387,"weight":5.045},
{"Node_id":2388,"weight":3.8766},
{"Node_id":2389,"weight":1.719},
{"Node_id":2390,"weight":1.7354},
{"Node_id":2391,"weight":2.4768},
{"Node_id":2392,"weight":1.7198},
{"Node_id":2395,"weight":3.6076},
{"Node_id":2396,"weight":3.4523},
{"Node_id":2397,"weight":3.6273},
{"Node_id":2398,"weight":3.7401},
{"Node_id":2399,"weight":2.0338},
{"Node_id":2400,"weight":1.6906},
{"Node_id":2401,"weight":3.6718},
{"Node_id":2402,"weight":2.1418},
{"Node_id":2403,"weight":1.6419},
{"Node_id":2404,"weight":1.8549},
{"Node_id":2405,"weight":2.0212},
{"Node_id":2406,"weight":3.3808},
{"Node_id":2407,"weight":3.8469},
{"Node_id":2408,"weight":3.305},
{"Node_id":2409,"weight":1.4742},
{"Node_id":2412,"weight":1.5464},
{"Node_id":2413,"weight":2.0575},
{"Node_id":2414,"weight":1.7922},
{"Node_id":2419,"weight":5.4927},
{"Node_id":2422,"weight":3.7446},
{"Node_id":2425,"weight":3.5075},
{"Node_id":2426,"weight":1.7472},
{"Node_id":2427,"weight":1.4001},
{"Node_id":2428,"weight":3.6885},
{"Node_id":2429,"weight":2.5519},
{"Node_id":2431,"weight":3.8372},
{"Node_id":2432,"weight":2.0615},
{"Node_id":2433,"weight":2.0785},
{"Node_id":2434,"weight":2.1654},
{"Node_id":2435,"weight":1.6114},
{"Node_id":2436,"weight":1.812},
{"Node_id":2437,"weight":1.9143},
{"Node_id":2438,"weight":1.7567},
{"Node_id":2439,"weight":2.1862},
{"Node_id":2440,"weight":2.1906},
{"Node_id":2441,"weight":2.7357},
{"Node_id":2442,"weight":2.9465},
{"Node_id":2443,"weight":2.1249},
{"Node_id":2444,"weight":3.6432},
{"Node_id":2445,"weight":5.1441},
{"Node_id":2446,"weight":5.2734},
{"Node_id":2447,"weight":3.0978},
{"Node_id":2448,"weight":3.8132},
{"Node_id":2449,"weight":5.045},
{"Node_id":2450,"weight":2.401},
{"Node_id":2451,"weight":2.101},
{"Node_id":2452,"weight":1.515},
{"Node_id":2455,"weight":3.0644},
{"Node_id":2456,"weight":3.0366},
{"Node_id":2457,"weight":2.3039},
{"Node_id":2459,"weight":3.0184},
{"Node_id":2461,"weight":2.0038},
{"Node_id":2462,"weight":2.025},
{"Node_id":2474,"weight":3.9658},
{"Node_id":2475,"weight":2.5579},
{"Node_id":2476,"weight":2.0192},
{"Node_id":2479,"weight":2.8135},
{"Node_id":2480,"weight":2.8381},
{"Node_id":2481,"weight":2.889},
{"Node_id":2482,"weight":2.0338},
{"Node_id":2484,"weight":1.9323},
{"Node_id":2485,"weight":1.7237},
{"Node_id":2486,"weight":1.7599},
{"Node_id":2487,"weight":2.3015},
{"Node_id":2488,"weight":1.4881},
{"Node_id":2489,"weight":1.3988},
{"Node_id":2490,"weight":2.9786},
{"Node_id":2491,"weight":3.3652},
{"Node_id":2492,"weight":2.6337},
{"Node_id":2493,"weight":1.5485},
{"Node_id":2494,"weight":2.5297},
{"Node_id":2495,"weight":1.5327},
{"Node_id":2496,"weight":1.7663},
{"Node_id":2497,"weight":1.9423},
{"Node_id":2498,"weight":1.4422},
{"Node_id":2499,"weight":1.5885},
{"Node_id":2500,"weight":1.5729},
{"Node_id":2501,"weight":1.5306},
{"Node_id":2502,"weight":2.7409},
{"Node_id":2532,"weight":1.4052},
{"Node_id":2533,"weight":1.6324},
{"Node_id":2534,"weight":2.8711},
{"Node_id":2535,"weight":5.0933},
{"Node_id":2536,"weight":1.5659},
{"Node_id":2537,"weight":1.4782},
{"Node_id":2539,"weight":2.4796},
{"Node_id":2540,"weight":2.6337},
{"Node_id":2541,"weight":5.4927},
{"Node_id":2544,"weight":2.0928},
{"Node_id":2553,"weight":1.4862},
{"Node_id":2554,"weight":1.4435},
{"Node_id":2555,"weight":4.8458},
{"Node_id":2556,"weight":2.1622},
{"Node_id":2557,"weight":1.8253},
{"Node_id":2558,"weight":2.1928},
{"Node_id":2559,"weight":1.587},
{"Node_id":2560,"weight":1.656},
{"Node_id":2561,"weight":2.4684},
{"Node_id":2562,"weight":3.511},
{"Node_id":2563,"weight":1.5368},
{"Node_id":2564,"weight":1.6027},
{"Node_id":2566,"weight":1.8609},
{"Node_id":2571,"weight":2.6928},
{"Node_id":2572,"weight":3.3903},
{"Node_id":2573,"weight":2.2943},
{"Node_id":2577,"weight":2.1376},
{"Node_id":2578,"weight":2.6147},
{"Node_id":2579,"weight":2.0485},
{"Node_id":2581,"weight":2.97},
{"Node_id":2582,"weight":4.1513},
{"Node_id":2583,"weight":2.9031},
{"Node_id":2584,"weight":1.5197},
{"Node_id":2585,"weight":3.4356},
{"Node_id":2586,"weight":4.4538},
{"Node_id":2587,"weight":3.2507},
{"Node_id":2588,"weight":1.4775},
{"Node_id":2589,"weight":3.6595},
{"Node_id":2590,"weight":1.4769},
{"Node_id":2591,"weight":4.7832},
{"Node_id":2592,"weight":1.8354},
{"Node_id":2593,"weight":2.7857},
{"Node_id":2595,"weight":4.284},
{"Node_id":2596,"weight":1.8643},
{"Node_id":2597,"weight":2.1354},
{"Node_id":2598,"weight":1.8153},
{"Node_id":2601,"weight":2.5882},
{"Node_id":2602,"weight":2.1774},
{"Node_id":2603,"weight":4.0049},
{"Node_id":2604,"weight":2.9444},
{"Node_id":2605,"weight":2.6466},
{"Node_id":2606,"weight":2.1796},
{"Node_id":2607,"weight":3.3079},
{"Node_id":2608,"weight":3.562},
{"Node_id":2609,"weight":1.6164},
{"Node_id":2611,"weight":2.4994},
{"Node_id":2612,"weight":2.6022},
{"Node_id":2613,"weight":1.5603},
{"Node_id":2614,"weight":2.2716},
{"Node_id":2615,"weight":3.3287},
{"Node_id":2616,"weight":1.7543},
{"Node_id":2617,"weight":3.3468},
{"Node_id":2618,"weight":1.9098},
{"Node_id":2619,"weight":1.8078},
{"Node_id":2620,"weight":2.4519},
{"Node_id":2621,"weight":3.3138},
{"Node_id":2622,"weight":2.6434},
{"Node_id":2624,"weight":1.8379},
{"Node_id":2625,"weight":1.7711},
{"Node_id":2626,"weight":3.0072},
{"Node_id":2627,"weight":1.5485},
{"Node_id":2628,"weight":1.4585},
{"Node_id":2629,"weight":3.1222},
{"Node_id":2630,"weight":2.1752},
{"Node_id":2631,"weight":2.6321},
{"Node_id":2632,"weight":2.7183},
{"Node_id":2634,"weight":3.1026},
{"Node_id":2636,"weight":1.4868},
{"Node_id":2637,"weight":1.6785},
{"Node_id":2638,"weight":2.2576},
{"Node_id":2639,"weight":3.1625},
{"Node_id":2640,"weight":1.827},
{"Node_id":2641,"weight":2.3814},
{"Node_id":2642,"weight":2.6761},
{"Node_id":2643,"weight":1.7988},
{"Node_id":2645,"weight":2.4342},
{"Node_id":2646,"weight":1.4461},
{"Node_id":2647,"weight":3.4356},
{"Node_id":2664,"weight":2.3827},
{"Node_id":2665,"weight":2.1514},
{"Node_id":2666,"weight":1.421},
{"Node_id":2667,"weight":4.2546},
{"Node_id":2668,"weight":2.889},
{"Node_id":2669,"weight":2.6162},
{"Node_id":2672,"weight":4.508},
{"Node_id":2675,"weight":2.6401},
{"Node_id":2678,"weight":2.1197},
{"Node_id":2679,"weight":1.9161},
{"Node_id":2717,"weight":1.7105},
{"Node_id":2718,"weight":2.1239},
{"Node_id":2720,"weight":2.7115},
{"Node_id":2721,"weight":2.3597},
{"Node_id":2722,"weight":1.6383},
{"Node_id":2723,"weight":1.4624},
{"Node_id":2724,"weight":3.6392},
{"Node_id":2725,"weight":1.7338},
{"Node_id":2726,"weight":4.3776},
{"Node_id":2727,"weight":1.7089},
{"Node_id":2728,"weight":1.4789},
{"Node_id":2729,"weight":3.2591},
{"Node_id":2730,"weight":3.3871},
{"Node_id":2731,"weight":2.9277},
{"Node_id":2732,"weight":4.5653},
{"Node_id":2733,"weight":3.2178},
{"Node_id":2735,"weight":2.2073},
{"Node_id":2736,"weight":1.5779},
{"Node_id":2737,"weight":3.8085},
{"Node_id":2738,"weight":1.6186},
{"Node_id":2739,"weight":6.8113},
{"Node_id":2740,"weight":1.6179},
{"Node_id":2741,"weight":1.7377},
{"Node_id":2742,"weight":2.4588},
{"Node_id":2743,"weight":1.6478},
{"Node_id":2744,"weight":1.5231},
{"Node_id":2745,"weight":2.342},
{"Node_id":2746,"weight":1.4644},
{"Node_id":2747,"weight":2.0595},
{"Node_id":2748,"weight":2.2681},
{"Node_id":2755,"weight":3.3871},
{"Node_id":2756,"weight":1.5807},
{"Node_id":2757,"weight":2.7586},
{"Node_id":2758,"weight":2.885},
{"Node_id":2759,"weight":4.5653},
{"Node_id":2760,"weight":3.3683},
{"Node_id":2761,"weight":2.7374},
{"Node_id":2764,"weight":2.0485},
{"Node_id":2765,"weight":1.8261},
{"Node_id":2766,"weight":2.9593},
{"Node_id":2767,"weight":2.0565},
{"Node_id":2768,"weight":2.5123},
{"Node_id":2769,"weight":1.4121},
{"Node_id":2770,"weight":2.2061},
{"Node_id":2771,"weight":1.7136},
{"Node_id":2773,"weight":1.7182},
{"Node_id":2776,"weight":2.0605},
{"Node_id":2777,"weight":3.6233},
{"Node_id":2780,"weight":2.6242},
{"Node_id":2781,"weight":1.5771},
{"Node_id":2782,"weight":1.5402},
{"Node_id":2783,"weight":3.2591},
{"Node_id":2784,"weight":1.6754},
{"Node_id":2785,"weight":1.5238},
{"Node_id":2786,"weight":2.0096},
{"Node_id":2787,"weight":2.8381},
{"Node_id":2788,"weight":2.1155},
{"Node_id":2789,"weight":1.5687},
{"Node_id":2790,"weight":1.4014},
{"Node_id":2791,"weight":1.7417},
{"Node_id":2792,"weight":2.3699},
{"Node_id":2795,"weight":1.6078},
{"Node_id":2797,"weight":3.562},
{"Node_id":2798,"weight":2.8633},
{"Node_id":2804,"weight":3.5326},
{"Node_id":2805,"weight":4.0163},
{"Node_id":2806,"weight":3.226},
{"Node_id":2807,"weight":1.7051},
{"Node_id":2808,"weight":2.9113},
{"Node_id":2809,"weight":1.8913},
{"Node_id":2812,"weight":1.6085},
{"Node_id":2813,"weight":1.5999},
{"Node_id":2814,"weight":3.0738},
{"Node_id":2815,"weight":1.5878},
{"Node_id":2908,"weight":2.2907},
{"Node_id":2913,"weight":3.5398},
{"Node_id":2914,"weight":1.8379},
{"Node_id":2915,"weight":1.3907},
{"Node_id":2917,"weight":4.0049},
{"Node_id":2918,"weight":3.4969},
{"Node_id":2919,"weight":1.7841},
{"Node_id":2920,"weight":2.4966},
{"Node_id":2921,"weight":4.9126},
{"Node_id":2922,"weight":3.562},
{"Node_id":2923,"weight":4.9548},
{"Node_id":2924,"weight":4.7592},
{"Node_id":2925,"weight":2.1873},
{"Node_id":3040,"weight":2.4994},
{"Node_id":3041,"weight":5.4448},
{"Node_id":3042,"weight":1.7988},
{"Node_id":3043,"weight":1.6412},
{"Node_id":3044,"weight":1.4802},
{"Node_id":3045,"weight":1.4683},
{"Node_id":3046,"weight":4.0634},
{"Node_id":3047,"weight":2.895},
{"Node_id":3048,"weight":3.3347},
{"Node_id":3049,"weight":1.6508},
{"Node_id":3050,"weight":3.3777},
{"Node_id":3051,"weight":2.9072},
{"Node_id":3052,"weight":1.4178},
{"Node_id":3053,"weight":2.4881},
{"Node_id":3054,"weight":2.3788},
{"Node_id":3055,"weight":2.9614},
{"Node_id":3056,"weight":1.6664},
{"Node_id":3057,"weight":1.7963},
{"Node_id":3058,"weight":1.9143},
{"Node_id":3059,"weight":1.6523},
{"Node_id":3060,"weight":1.6538},
{"Node_id":3061,"weight":1.9036},
{"Node_id":3063,"weight":3.3999},
{"Node_id":3064,"weight":2.3584},
{"Node_id":3065,"weight":2.1785},
{"Node_id":3066,"weight":2.5224},
{"Node_id":3067,"weight":2.4601},
{"Node_id":3068,"weight":1.7074},
{"Node_id":3069,"weight":1.8834},
{"Node_id":3070,"weight":1.8921},
{"Node_id":3071,"weight":1.39},
{"Node_id":3072,"weight":2.2106},
{"Node_id":3073,"weight":1.9241},
{"Node_id":3074,"weight":1.6627},
{"Node_id":3075,"weight":3.0667},
{"Node_id":3076,"weight":2.0605},
{"Node_id":3077,"weight":2.2895},
{"Node_id":3078,"weight":1.43},
{"Node_id":3083,"weight":2.8305},
{"Node_id":3084,"weight":1.7825},
{"Node_id":3221,"weight":1.6186},
{"Node_id":3222,"weight":2.4754},
{"Node_id":3223,"weight":1.8756},
{"Node_id":3531,"weight":1.7988},
{"Node_id":3713,"weight":2.7098},
{"Node_id":15000,"weight":1.7543},
{"Node_id":15001,"weight":1.9746},
{"Node_id":15137,"weight":1.7898},
{"Node_id":15138,"weight":1.7043},
{"Node_id":15139,"weight":1.6612},
{"Node_id":15140,"weight":1.8669},
{"Node_id":15141,"weight":1.6762},
{"Node_id":15142,"weight":2.2208},
{"Node_id":15143,"weight":3.0297},
{"Node_id":15144,"weight":2.4262},
{"Node_id":15145,"weight":2.4155},
{"Node_id":15146,"weight":3.2017},
{"Node_id":15147,"weight":2.4866},
{"Node_id":15148,"weight":2.9939},
{"Node_id":15149,"weight":4.4538},
{"Node_id":15150,"weight":2.1796},
{"Node_id":15151,"weight":1.8523},
{"Node_id":15152,"weight":2.0038},
{"Node_id":15153,"weight":1.9934},
{"Node_id":15154,"weight":1.5652},
{"Node_id":15155,"weight":1.6792},
{"Node_id":15156,"weight":1.561},
{"Node_id":15157,"weight":1.5892},
{"Node_id":15158,"weight":1.6006},
{"Node_id":15159,"weight":1.7377},
{"Node_id":15160,"weight":2.3321},
{"Node_id":15161,"weight":2.0202},
{"Node_id":15162,"weight":4.284},
{"Node_id":15163,"weight":3.4969},
{"Node_id":15164,"weight":1.5736},
{"Node_id":15165,"weight":1.7857},
{"Node_id":15166,"weight":2.3271},
{"Node_id":15167,"weight":1.873},
{"Node_id":15168,"weight":2.0685},
{"Node_id":15169,"weight":1.8506},
{"Node_id":15170,"weight":2.5609},
{"Node_id":15171,"weight":1.6034},
{"Node_id":15172,"weight":2.0358},
{"Node_id":15175,"weight":3.6801},
{"Node_id":15176,"weight":5.1441},
{"Node_id":15177,"weight":4.0396},
{"Node_id":15178,"weight":2.1611},
{"Node_id":15179,"weight":4.7832},
{"Node_id":15181,"weight":2.6662},
{"Node_id":15182,"weight":2.4208},
{"Node_id":15183,"weight":1.5687},
{"Node_id":15184,"weight":2.8191},
{"Node_id":15185,"weight":1.4935},
{"Node_id":15186,"weight":1.7362},
{"Node_id":15189,"weight":6.1637},
{"Node_id":15190,"weight":1.9359},
{"Node_id":15191,"weight":3.3287},
{"Node_id":15192,"weight":3.0458},
{"Node_id":15193,"weight":2.1165},
{"Node_id":15194,"weight":1.5022},
{"Node_id":15195,"weight":2.5066},
{"Node_id":15199,"weight":2.4089},
{"Node_id":15200,"weight":1.7615},
{"Node_id":15202,"weight":1.9597},
{"Node_id":15203,"weight":2.955},
{"Node_id":15278,"weight":2.1062},
{"Node_id":15279,"weight":1.5949},
{"Node_id":15280,"weight":2.0705},
{"Node_id":15281,"weight":5.1441},
{"Node_id":15283,"weight":1.5582},
{"Node_id":15284,"weight":1.9477},
{"Node_id":15285,"weight":3.4095},
{"Node_id":15286,"weight":1.798},
{"Node_id":15287,"weight":3.8132},
{"Node_id":15288,"weight":5.1794},
{"Node_id":15289,"weight":8.1114},
{"Node_id":15290,"weight":3.5732},
{"Node_id":15291,"weight":6.5699},
{"Node_id":15292,"weight":1.8506},
{"Node_id":15293,"weight":3.2098},
{"Node_id":15294,"weight":2.1665},
{"Node_id":15297,"weight":2.0959},
{"Node_id":15299,"weight":2.2907},
{"Node_id":15300,"weight":5.2734},
{"Node_id":15301,"weight":3.8372},
{"Node_id":15302,"weight":1.6649},
{"Node_id":15303,"weight":2.5775},
{"Node_id":15304,"weight":3.0929},
{"Node_id":15305,"weight":1.7036},
{"Node_id":15306,"weight":2.5297},
{"Node_id":15307,"weight":1.917},
{"Node_id":15308,"weight":1.5416},
{"Node_id":15309,"weight":2.5913},
{"Node_id":15310,"weight":2.2006},
{"Node_id":15311,"weight":2.2073},
{"Node_id":15312,"weight":1.7346},
{"Node_id":15313,"weight":1.7252},
{"Node_id":15314,"weight":2.2871},
{"Node_id":15315,"weight":2.375},
{"Node_id":15316,"weight":1.9487},
{"Node_id":15317,"weight":2.5684},
{"Node_id":15318,"weight":2.4221},
{"Node_id":15319,"weight":1.6523},
{"Node_id":15320,"weight":2.1031},
{"Node_id":15321,"weight":1.7607},
{"Node_id":15322,"weight":1.4045},
{"Node_id":15323,"weight":2.3321},
{"Node_id":15324,"weight":3.5146},
{"Node_id":15325,"weight":3.7991},
{"Node_id":15326,"weight":2.5534},
{"Node_id":15327,"weight":2.2028},
{"Node_id":15328,"weight":1.9896},
{"Node_id":15329,"weight":1.8843},
{"Node_id":15330,"weight":2.8381},
{"Node_id":15331,"weight":1.5076},
{"Node_id":15332,"weight":2.184},
{"Node_id":15333,"weight":2.0416},
{"Node_id":15334,"weight":3.7579},
{"Node_id":15335,"weight":1.9296},
{"Node_id":15336,"weight":2.1093},
{"Node_id":15337,"weight":2.7876},
{"Node_id":15338,"weight":2.2657},
{"Node_id":15339,"weight":3.1651},
{"Node_id":15341,"weight":2.0192},
{"Node_id":15342,"weight":2.6678},
{"Node_id":15343,"weight":2.4768},
{"Node_id":15344,"weight":1.5245},
{"Node_id":15345,"weight":4.7954},
{"Node_id":15346,"weight":1.9896},
{"Node_id":15347,"weight":2.3075},
{"Node_id":15348,"weight":2.5023},
{"Node_id":15349,"weight":1.421},
{"Node_id":15350,"weight":1.7151},
{"Node_id":15351,"weight":1.5575},
{"Node_id":15352,"weight":1.9634},
{"Node_id":15428,"weight":2.6037},
{"Node_id":15444,"weight":2.5341},
{"Node_id":15445,"weight":2.6482},
{"Node_id":15446,"weight":2.2095},
{"Node_id":15447,"weight":2.2634},
{"Node_id":15448,"weight":1.653},
{"Node_id":15449,"weight":1.397},
{"Node_id":15450,"weight":2.5166},
{"Node_id":15451,"weight":1.9468},
{"Node_id":15452,"weight":2.0338},
{"Node_id":15453,"weight":1.7528},
{"Node_id":15454,"weight":1.53},
{"Node_id":15530,"weight":2.9808},
{"Node_id":15531,"weight":4.2402},
{"Node_id":15532,"weight":1.935},
{"Node_id":15533,"weight":1.6792},
{"Node_id":15534,"weight":3.2591},
{"Node_id":15535,"weight":1.6538},
{"Node_id":15536,"weight":2.1568},
{"Node_id":15537,"weight":3.1781},
{"Node_id":15538,"weight":2.881},
{"Node_id":15539,"weight":1.4848},
{"Node_id":15540,"weight":1.5793},
{"Node_id":15541,"weight":3.1833},
{"Node_id":15542,"weight":2.7857},
{"Node_id":15543,"weight":1.659},
{"Node_id":15545,"weight":1.7575},
{"Node_id":15546,"weight":2.2955},
{"Node_id":15547,"weight":2.0202},
{"Node_id":15548,"weight":2.7235},
{"Node_id":15549,"weight":2.1796},
{"Node_id":15550,"weight":2.7339},
{"Node_id":15551,"weight":3.3967},
{"Node_id":15552,"weight":2.4208},
{"Node_id":15553,"weight":1.5652},
{"Node_id":15554,"weight":2.6945},
{"Node_id":15555,"weight":4.1064},
{"Node_id":15559,"weight":1.5259},
{"Node_id":15560,"weight":2.1312},
{"Node_id":15561,"weight":1.5002},
{"Node_id":15562,"weight":6.3182},
{"Node_id":15563,"weight":2.0745},
{"Node_id":15564,"weight":1.4822},
{"Node_id":15565,"weight":1.4848},
{"Node_id":15566,"weight":2.0436},
{"Node_id":15568,"weight":2.4852},
{"Node_id":15569,"weight":1.8643},
{"Node_id":15570,"weight":3.1651},
{"Node_id":15571,"weight":3.7357},
{"Node_id":15572,"weight":1.3932},
{"Node_id":15573,"weight":1.4975},
{"Node_id":15574,"weight":1.8037},
{"Node_id":15575,"weight":1.5963},
{"Node_id":15576,"weight":2.5224},
{"Node_id":15577,"weight":3.842},
{"Node_id":15578,"weight":2.1622},
{"Node_id":15580,"weight":5.8401},
{"Node_id":15581,"weight":1.6906},
{"Node_id":15582,"weight":1.7736},
{"Node_id":15583,"weight":1.9296},
{"Node_id":15584,"weight":2.7857},
{"Node_id":15585,"weight":2.3546},
{"Node_id":15586,"weight":3.776},
{"Node_id":15587,"weight":4.0694},
{"Node_id":15588,"weight":2.4671},
{"Node_id":15589,"weight":2.173},
{"Node_id":15590,"weight":1.752},
{"Node_id":15591,"weight":2.0038},
{"Node_id":15592,"weight":1.4371},
{"Node_id":15593,"weight":2.7081},
{"Node_id":15594,"weight":1.4835},
{"Node_id":15595,"weight":1.9962},
{"Node_id":15596,"weight":2.727},
{"Node_id":15597,"weight":2.2517},
{"Node_id":15598,"weight":2.3648},
{"Node_id":15599,"weight":3.596},
{"Node_id":15601,"weight":2.4275},
{"Node_id":15602,"weight":1.9277},
{"Node_id":15603,"weight":2.3866},
{"Node_id":15604,"weight":5.3992},
{"Node_id":15605,"weight":1.4624},
{"Node_id":15606,"weight":1.5485},
{"Node_id":15607,"weight":2.3395},
{"Node_id":15608,"weight":1.8895},
{"Node_id":15609,"weight":2.4588},
{"Node_id":15610,"weight":2.2799},
{"Node_id":15611,"weight":2.8652},
{"Node_id":15612,"weight":1.5062},
{"Node_id":15613,"weight":1.4881},
{"Node_id":15614,"weight":1.5842},
{"Node_id":15615,"weight":1.4921},
{"Node_id":15616,"weight":1.8078},
{"Node_id":15617,"weight":1.776},
{"Node_id":15618,"weight":3.305},
{"Node_id":15619,"weight":2.5959},
{"Node_id":15620,"weight":1.6974},
{"Node_id":15622,"weight":1.4848},
{"Node_id":15623,"weight":2.881},
{"Node_id":15624,"weight":1.7401},
{"Node_id":15625,"weight":2.3234},
{"Node_id":15626,"weight":1.6208},
{"Node_id":15627,"weight":2.6563},
{"Node_id":15628,"weight":1.6486},
{"Node_id":15629,"weight":1.9332},
{"Node_id":15630,"weight":1.8523},
{"Node_id":15631,"weight":2.8229},
{"Node_id":15632,"weight":2.5579},
{"Node_id":15654,"weight":2.0907},
{"Node_id":15655,"weight":6.0725},
{"Node_id":15656,"weight":2.8574},
{"Node_id":15657,"weight":1.4178},
{"Node_id":15658,"weight":1.5992},
{"Node_id":15659,"weight":2.1719},
{"Node_id":15660,"weight":1.5035},
{"Node_id":15661,"weight":1.3882},
{"Node_id":15662,"weight":2.2576},
{"Node_id":15663,"weight":3.3652},
{"Node_id":15664,"weight":2.5254},
{"Node_id":15665,"weight":1.7105},
{"Node_id":15666,"weight":4.8458},
{"Node_id":15667,"weight":2.2552},
{"Node_id":15668,"weight":1.3988},
{"Node_id":15669,"weight":1.4172},
{"Node_id":15670,"weight":1.6523},
{"Node_id":15671,"weight":1.7963},
{"Node_id":15672,"weight":4.1002},
{"Node_id":15673,"weight":2.5066},
{"Node_id":15674,"weight":2.5385},
{"Node_id":15675,"weight":2.877},
{"Node_id":15676,"weight":1.9523},
{"Node_id":15677,"weight":2.5714},
{"Node_id":15678,"weight":1.4565},
{"Node_id":15679,"weight":1.744},
{"Node_id":15680,"weight":1.6732},
{"Node_id":15681,"weight":1.798},
{"Node_id":15682,"weight":1.9305},
{"Node_id":15683,"weight":1.4229},
{"Node_id":15684,"weight":1.543},
{"Node_id":15685,"weight":4.1711},
{"Node_id":15686,"weight":2.6711},
{"Node_id":15687,"weight":2.205},
{"Node_id":15688,"weight":3.1347},
{"Node_id":15689,"weight":1.4815},
{"Node_id":15690,"weight":1.752},
{"Node_id":15691,"weight":3.0252},
{"Node_id":15692,"weight":1.6368},
{"Node_id":15693,"weight":2.9593},
{"Node_id":15694,"weight":3.1964},
{"Node_id":15695,"weight":2.0565},
{"Node_id":15696,"weight":1.9296},
{"Node_id":15697,"weight":1.8136},
{"Node_id":15698,"weight":2.2242},
{"Node_id":15699,"weight":2.3571},
{"Node_id":15700,"weight":3.8038},
{"Node_id":15701,"weight":2.0938},
{"Node_id":15702,"weight":2.0745},
{"Node_id":15703,"weight":2.5123},
{"Node_id":15704,"weight":1.5786},
{"Node_id":15705,"weight":1.726},
{"Node_id":15706,"weight":1.4663},
{"Node_id":15707,"weight":2.6563},
{"Node_id":15708,"weight":1.4147},
{"Node_id":15709,"weight":2.9011},
{"Node_id":15710,"weight":5.2347},
{"Node_id":15711,"weight":3.4095},
{"Node_id":15712,"weight":3.4225},
{"Node_id":15713,"weight":1.8557},
{"Node_id":15714,"weight":2.6498},
{"Node_id":15715,"weight":2.1134},
{"Node_id":15716,"weight":2.366},
{"Node_id":15717,"weight":1.9395},
{"Node_id":15718,"weight":3.1859},
{"Node_id":15719,"weight":2.2907},
{"Node_id":15720,"weight":1.8337},
{"Node_id":15721,"weight":1.5652},
{"Node_id":15722,"weight":2.543},
{"Node_id":15723,"weight":5.8061},
{"Node_id":15724,"weight":3.6969},
{"Node_id":15725,"weight":2.1774},
{"Node_id":15726,"weight":1.4795},
{"Node_id":15727,"weight":1.3944},
{"Node_id":15728,"weight":2.3222},
{"Node_id":15729,"weight":1.8012},
{"Node_id":15730,"weight":5.2933},
{"Node_id":15733,"weight":1.5652},
{"Node_id":15734,"weight":2.5944},
{"Node_id":15735,"weight":2.0856},
{"Node_id":15736,"weight":1.5029},
{"Node_id":15737,"weight":2.8751},
{"Node_id":15738,"weight":1.5361},
{"Node_id":15739,"weight":3.2342},
{"Node_id":15740,"weight":1.9432},
{"Node_id":15741,"weight":1.639},
{"Node_id":15742,"weight":2.0436},
{"Node_id":15745,"weight":5.7105},
{"Node_id":15782,"weight":1.8834},
{"Node_id":15783,"weight":1.6657},
{"Node_id":15784,"weight":2.0918},
{"Node_id":15785,"weight":4.8588},
{"Node_id":15786,"weight":2.9257},
{"Node_id":15787,"weight":3.4323},
{"Node_id":15797,"weight":1.8756},
{"Node_id":15853,"weight":4.1982},
{"Node_id":15854,"weight":3.6392},
{"Node_id":15855,"weight":1.9727},
{"Node_id":15856,"weight":5.7414},
{"Node_id":15857,"weight":3.0929},
{"Node_id":15858,"weight":2.3609},
{"Node_id":15859,"weight":1.7113},
{"Node_id":15860,"weight":1.4268},
{"Node_id":15863,"weight":2.9896},
{"Node_id":15864,"weight":2.0938},
{"Node_id":15865,"weight":3.6718},
{"Node_id":15866,"weight":2.1124},
{"Node_id":15867,"weight":2.5519},
{"Node_id":15868,"weight":2.3445},
{"Node_id":15869,"weight":1.5527},
{"Node_id":15870,"weight":1.752},
{"Node_id":15871,"weight":2.7658},
{"Node_id":15872,"weight":1.9241},
{"Node_id":15873,"weight":1.8506},
{"Node_id":15874,"weight":2.4951},
{"Node_id":15875,"weight":3.3168},
{"Node_id":15876,"weight":1.9368},
{"Node_id":15877,"weight":2.2599},
{"Node_id":15878,"weight":1.8532},
{"Node_id":15879,"weight":2.2379},
{"Node_id":15880,"weight":1.8379},
{"Node_id":15881,"weight":3.6718},
{"Node_id":15882,"weight":1.6317},
{"Node_id":15883,"weight":3.7624},
{"Node_id":15884,"weight":1.5617},
{"Node_id":15885,"weight":1.8566},
{"Node_id":15886,"weight":1.8575},
{"Node_id":15887,"weight":1.6013},
{"Node_id":15891,"weight":2.508},
{"Node_id":15892,"weight":1.4198},
{"Node_id":15893,"weight":2.4478},
{"Node_id":15894,"weight":1.4474},
{"Node_id":15895,"weight":3.0229},
{"Node_id":15896,"weight":2.0377},
{"Node_id":15897,"weight":1.5218},
{"Node_id":16130,"weight":4.833},
{"Node_id":16131,"weight":1.5485},
{"Node_id":16132,"weight":2.3063},
{"Node_id":16133,"weight":1.8957},
{"Node_id":16136,"weight":4.1914},
{"Node_id":16137,"weight":4.3534},
{"Node_id":16138,"weight":1.6302},
{"Node_id":16139,"weight":1.8738},
{"Node_id":16140,"weight":1.5245},
{"Node_id":16141,"weight":5.0294},
{"Node_id":16142,"weight":1.5807},
{"Node_id":16143,"weight":3.8716},
{"Node_id":16144,"weight":2.2907},
{"Node_id":16145,"weight":2.6612},
{"Node_id":16146,"weight":2.2061},
{"Node_id":16147,"weight":1.5218},
{"Node_id":16148,"weight":2.2017},
{"Node_id":16149,"weight":5.3771},
{"Node_id":16150,"weight":2.3918},
{"Node_id":16151,"weight":1.5327},
{"Node_id":16152,"weight":1.5527},
{"Node_id":16153,"weight":2.2448},
{"Node_id":16297,"weight":5.2347},
{"Node_id":16298,"weight":1.9606},
{"Node_id":16299,"weight":1.7719},
{"Node_id":16300,"weight":1.4474},
{"Node_id":16301,"weight":2.4768},
{"Node_id":16312,"weight":1.7417},
{"Node_id":16313,"weight":2.9808},
{"Node_id":16316,"weight":1.4128},
{"Node_id":16317,"weight":1.5992},
{"Node_id":16318,"weight":1.6762},
{"Node_id":16319,"weight":2.0212},
{"Node_id":16320,"weight":3.0389},
{"Node_id":16321,"weight":3.3377},
{"Node_id":16366,"weight":2.6337},
{"Node_id":16367,"weight":1.7448},
{"Node_id":16368,"weight":1.6331},
{"Node_id":16369,"weight":2.0397},
{"Node_id":16370,"weight":1.7464},
{"Node_id":16371,"weight":1.9802},
{"Node_id":16372,"weight":2.027},
{"Node_id":16373,"weight":1.5828},
{"Node_id":16374,"weight":3.0504},
{"Node_id":16375,"weight":1.4281},
{"Node_id":16376,"weight":2.1557},
{"Node_id":16377,"weight":1.7881},
{"Node_id":16386,"weight":2.645},
{"Node_id":16387,"weight":1.575},
{"Node_id":16433,"weight":4.212},
{"Node_id":16434,"weight":3.5326},
{"Node_id":16435,"weight":3.248},
{"Node_id":16436,"weight":1.4526},
{"Node_id":16476,"weight":2.9917},
{"Node_id":16477,"weight":1.5779},
{"Node_id":16478,"weight":2.1503},
{"Node_id":16479,"weight":1.465},
{"Node_id":16480,"weight":1.9811},
{"Node_id":16481,"weight":1.4526},
{"Node_id":16482,"weight":1.5771},
{"Node_id":16483,"weight":1.8062},
{"Node_id":16484,"weight":2.0125},
{"Node_id":16485,"weight":5.7414},
{"Node_id":16486,"weight":4.1318},
{"Node_id":16487,"weight":2.5371},
{"Node_id":16488,"weight":2.1323},
{"Node_id":16489,"weight":1.4223},
{"Node_id":16490,"weight":4.3858},
{"Node_id":16491,"weight":4.4364},
{"Node_id":16492,"weight":1.4064},
{"Node_id":16493,"weight":1.4533},
{"Node_id":16494,"weight":1.513},
{"Node_id":16495,"weight":1.7036},
{"Node_id":16496,"weight":2.1218},
{"Node_id":16497,"weight":4.4451},
{"Node_id":16498,"weight":1.6538},
{"Node_id":16499,"weight":2.2185},
{"Node_id":16500,"weight":1.7535},
{"Node_id":16501,"weight":2.102},
{"Node_id":16502,"weight":1.397},
{"Node_id":16503,"weight":2.0685},
{"Node_id":16504,"weight":1.8851},
{"Node_id":16505,"weight":1.8379},
{"Node_id":16506,"weight":5.6515},
{"Node_id":16507,"weight":1.8992},
{"Node_id":16508,"weight":1.7939},
{"Node_id":16509,"weight":2.0125},
{"Node_id":16510,"weight":2.5594},
{"Node_id":16511,"weight":1.7244},
{"Node_id":16512,"weight":3.6969},
{"Node_id":16513,"weight":3.1703},
{"Node_id":16514,"weight":1.5184},
{"Node_id":16515,"weight":1.3869},
{"Node_id":16516,"weight":2.1829},
{"Node_id":16517,"weight":2.2196},
{"Node_id":16518,"weight":1.9597},
{"Node_id":16519,"weight":2.8477},
{"Node_id":16520,"weight":1.6694},
{"Node_id":16521,"weight":3.577},
{"Node_id":16522,"weight":2.889},
{"Node_id":16523,"weight":2.885},
{"Node_id":16524,"weight":1.5259},
{"Node_id":16525,"weight":3.8567},
{"Node_id":16526,"weight":3.3079},
{"Node_id":16527,"weight":1.8354},
{"Node_id":16528,"weight":1.7736},
{"Node_id":16529,"weight":3.714},
{"Node_id":16530,"weight":1.8371},
{"Node_id":16531,"weight":2.9808},
{"Node_id":16532,"weight":2.9614},
{"Node_id":16533,"weight":3.4934},
{"Node_id":16534,"weight":1.3882},
{"Node_id":16535,"weight":1.7623},
{"Node_id":16536,"weight":2.3711},
{"Node_id":16537,"weight":1.4313},
{"Node_id":16538,"weight":1.5527},
{"Node_id":16539,"weight":2.2599},
{"Node_id":16540,"weight":2.0029},
{"Node_id":16541,"weight":2.6596},
{"Node_id":16542,"weight":1.9359},
{"Node_id":16543,"weight":2.9381},
{"Node_id":16544,"weight":2.9174},
{"Node_id":16545,"weight":1.6171},
{"Node_id":16546,"weight":1.8103},
{"Node_id":16547,"weight":1.5334},
{"Node_id":16548,"weight":2.887},
{"Node_id":16549,"weight":1.8186},
{"Node_id":16550,"weight":1.9542},
{"Node_id":16561,"weight":1.6785},
{"Node_id":16562,"weight":3.0006},
{"Node_id":16563,"weight":2.1785},
{"Node_id":16564,"weight":3.0786},
{"Node_id":16565,"weight":3.8275},
{"Node_id":16566,"weight":1.7881},
{"Node_id":16567,"weight":3.055},
{"Node_id":16568,"weight":1.9662},
{"Node_id":16569,"weight":2.4671},
{"Node_id":16570,"weight":3.2905},
{"Node_id":16571,"weight":1.901},
{"Node_id":16572,"weight":1.9802},
{"Node_id":16573,"weight":1.9802},
{"Node_id":16574,"weight":7.8236},
{"Node_id":16578,"weight":1.6913},
{"Node_id":16579,"weight":2.645},
{"Node_id":16580,"weight":4.0163},
{"Node_id":16581,"weight":1.4915},
{"Node_id":16582,"weight":1.5347},
{"Node_id":16583,"weight":2.6531},
{"Node_id":16584,"weight":2.2611},
{"Node_id":16663,"weight":4.3454},
{"Node_id":16664,"weight":2.8248},
{"Node_id":16667,"weight":2.4994},
{"Node_id":16668,"weight":1.748},
{"Node_id":16669,"weight":1.4855},
{"Node_id":16670,"weight":2.764},
{"Node_id":16671,"weight":1.8721},
{"Node_id":16672,"weight":2.4492},
{"Node_id":16673,"weight":1.8904},
{"Node_id":16674,"weight":1.9783},
{"Node_id":16675,"weight":1.6508},
{"Node_id":16676,"weight":2.1302},
{"Node_id":16677,"weight":2.4356},
{"Node_id":16678,"weight":2.0897},
{"Node_id":16679,"weight":3.1322},
{"Node_id":16680,"weight":1.956},
{"Node_id":16681,"weight":4.5362},
{"Node_id":16682,"weight":2.8574},
{"Node_id":16685,"weight":4.6053},
{"Node_id":16686,"weight":2.7839},
{"Node_id":16687,"weight":1.5177},
{"Node_id":16688,"weight":1.414},
{"Node_id":16689,"weight":1.7496},
{"Node_id":16690,"weight":2.0318},
{"Node_id":16691,"weight":3.2424},
{"Node_id":16692,"weight":1.8756},
{"Node_id":16756,"weight":2.5371},
{"Node_id":16757,"weight":1.414},
{"Node_id":16758,"weight":2.4643},
{"Node_id":16787,"weight":1.8128},
{"Node_id":16788,"weight":1.4461},
{"Node_id":16789,"weight":2.0446},
{"Node_id":16790,"weight":2.5821},
{"Node_id":16791,"weight":3.4761},
{"Node_id":16792,"weight":1.5062},
{"Node_id":16793,"weight":2.0989},
{"Node_id":16794,"weight":2.3788},
{"Node_id":16795,"weight":1.5485},
{"Node_id":16796,"weight":4.4108},
{"Node_id":16799,"weight":1.4384},
{"Node_id":16800,"weight":2.7551},
{"Node_id":16801,"weight":1.7409},
{"Node_id":16802,"weight":2.1333},
{"Node_id":16803,"weight":1.9634},
{"Node_id":16804,"weight":1.8111},
{"Node_id":16805,"weight":2.7604},
{"Node_id":16806,"weight":1.5779},
{"Node_id":16807,"weight":4.1383},
{"Node_id":16808,"weight":1.4565},
{"Node_id":16809,"weight":3.6233},
{"Node_id":16810,"weight":1.7599},
{"Node_id":16811,"weight":2.5806},
{"Node_id":16812,"weight":1.4096},
{"Node_id":16813,"weight":3.9072},
{"Node_id":16814,"weight":1.8211},
{"Node_id":16815,"weight":2.5312},
{"Node_id":16816,"weight":1.8037},
{"Node_id":16817,"weight":2.9657},
{"Node_id":16818,"weight":2.6514},
{"Node_id":16819,"weight":1.4229},
{"Node_id":16820,"weight":2.7132},
{"Node_id":16821,"weight":1.8404},
{"Node_id":16822,"weight":1.9332},
{"Node_id":16823,"weight":2.5867},
{"Node_id":16824,"weight":1.6694},
{"Node_id":16825,"weight":4.119},
{"Node_id":16826,"weight":2.4937},
{"Node_id":16827,"weight":3.9992},
{"Node_id":16828,"weight":1.9268},
{"Node_id":16829,"weight":1.4351},
{"Node_id":16830,"weight":1.5361},
{"Node_id":16831,"weight":1.6501},
{"Node_id":16832,"weight":1.9001},
{"Node_id":16847,"weight":0.1294},
{"Node_id":16848,"weight":1.2721},
{"Node_id":16849,"weight":3.2676},
{"Node_id":16850,"weight":0.036},
{"Node_id":16851,"weight":2.8691},
{"Node_id":16856,"weight":2.7046},
{"Node_id":16857,"weight":0.5266},
{"Node_id":16858,"weight":0.49},
{"Node_id":16859,"weight":1.62},
{"Node_id":16860,"weight":2.1763},
{"Node_id":16861,"weight":0.6955},
{"Node_id":16862,"weight":2.5166},
{"Node_id":16863,"weight":5.4448},
{"Node_id":16864,"weight":1.9072},
{"Node_id":16865,"weight":0.6239},
{"Node_id":16866,"weight":0.9529},
{"Node_id":16867,"weight":1.0716},
{"Node_id":16868,"weight":0.944},
{"Node_id":16869,"weight":1.9569},
{"Node_id":16870,"weight":1.6822},
{"Node_id":16871,"weight":0.8274},
{"Node_id":16876,"weight":1.2856},
{"Node_id":16877,"weight":2.0755},
{"Node_id":16878,"weight":0.1519},
{"Node_id":16890,"weight":0.388},
{"Node_id":16891,"weight":1.2448},
{"Node_id":16895,"weight":0.7598},
{"Node_id":16897,"weight":2.498},
{"Node_id":16898,"weight":1.827},
{"Node_id":16921,"weight":4.0878},
{"Node_id":16922,"weight":1.8245},
{"Node_id":16923,"weight":2.173},
{"Node_id":16924,"weight":2.1741},
{"Node_id":16925,"weight":0.6803},
{"Node_id":16926,"weight":3.2876},
{"Node_id":16927,"weight":0.7755},
{"Node_id":16928,"weight":3.7011},
{"Node_id":16929,"weight":0.7829},
{"Node_id":16933,"weight":1.4435},
{"Node_id":16934,"weight":4.8588},
{"Node_id":16936,"weight":2.5459},
{"Node_id":16937,"weight":0.2258},
{"Node_id":16938,"weight":1.7089},
{"Node_id":16939,"weight":2.9153},
{"Node_id":16940,"weight":0.2302},
{"Node_id":16941,"weight":3.429},
{"Node_id":16944,"weight":0.3437},
{"Node_id":16945,"weight":0.2294},
{"Node_id":16948,"weight":0.9579},
{"Node_id":16951,"weight":0.3602},
{"Node_id":16952,"weight":3.6233},
{"Node_id":16953,"weight":1.6128},
{"Node_id":16954,"weight":2.1763},
{"Node_id":16955,"weight":4.8988},
{"Node_id":16956,"weight":1.7535},
{"Node_id":16957,"weight":0.6678},
{"Node_id":16958,"weight":1.0465},
{"Node_id":16959,"weight":0.8231},
{"Node_id":16978,"weight":1.4191},
{"Node_id":16979,"weight":1.1859},
{"Node_id":16984,"weight":1.6258},
{"Node_id":16985,"weight":0.3174},
{"Node_id":16988,"weight":0.9203},
{"Node_id":16989,"weight":0.9346},
{"Node_id":16990,"weight":2.5195},
{"Node_id":16991,"weight":1.0997},
{"Node_id":16992,"weight":1.08},
{"Node_id":16993,"weight":0.3293},
{"Node_id":16994,"weight":0.2055},
{"Node_id":16997,"weight":1.1698},
{"Node_id":16998,"weight":0.3756},
{"Node_id":16999,"weight":1.969},
{"Node_id":17000,"weight":0.5849},
{"Node_id":17001,"weight":0.216},
{"Node_id":17002,"weight":0.0532},
{"Node_id":17007,"weight":3.818},
{"Node_id":17008,"weight":0.2408},
{"Node_id":17009,"weight":3.7401},
{"Node_id":17010,"weight":0.9982},
{"Node_id":17011,"weight":0.4608},
{"Node_id":17012,"weight":0.2884},
{"Node_id":17013,"weight":1.5437},
{"Node_id":17014,"weight":1.1914},
{"Node_id":17015,"weight":0.7332},
{"Node_id":17016,"weight":0.9714},
{"Node_id":17017,"weight":0.9115},
{"Node_id":17018,"weight":0.4768},
{"Node_id":17019,"weight":0.2745},
{"Node_id":17020,"weight":0.9095},
{"Node_id":17021,"weight":0.1141},
{"Node_id":17022,"weight":0.1491},
{"Node_id":17023,"weight":0.4879},
{"Node_id":17026,"weight":0.1322},
{"Node_id":17027,"weight":0.5155},
{"Node_id":17148,"weight":0.6879},
{"Node_id":17149,"weight":1.8379},
{"Node_id":17150,"weight":1.2396},
{"Node_id":17924,"weight":0.9041},
{"Node_id":17925,"weight":1.3462},
{"Node_id":17926,"weight":0.4297},
{"Node_id":17928,"weight":1.8904},
{"Node_id":17930,"weight":0.7745},
{"Node_id":17931,"weight":1.2145},
{"Node_id":17932,"weight":0.9494},
{"Node_id":17933,"weight":1.39},
{"Node_id":17934,"weight":2.9896},
{"Node_id":17935,"weight":0.2282},
{"Node_id":17936,"weight":4.3694},
{"Node_id":17937,"weight":1.8878},
{"Node_id":17938,"weight":1.033},
{"Node_id":17939,"weight":2.1333},
{"Node_id":17940,"weight":0.6682},
{"Node_id":17941,"weight":0.2896},
{"Node_id":17946,"weight":0.7773},
{"Node_id":17947,"weight":1.8203},
{"Node_id":17948,"weight":3.5326},
{"Node_id":17949,"weight":1.3081},
{"Node_id":17953,"weight":0.4084},
{"Node_id":17954,"weight":0.1378},
{"Node_id":17955,"weight":1.2202},
{"Node_id":17956,"weight":2.4356},
{"Node_id":17960,"weight":1.2727},
{"Node_id":17961,"weight":0.9997},
{"Node_id":17962,"weight":0.8217},
{"Node_id":17963,"weight":1.139},
{"Node_id":17964,"weight":1.6837},
{"Node_id":17965,"weight":0.2152},
{"Node_id":17966,"weight":2.3039},
{"Node_id":17967,"weight":1.2791},
{"Node_id":17968,"weight":0.1197},
{"Node_id":17969,"weight":0.1987},
{"Node_id":17972,"weight":5.4927},
{"Node_id":17973,"weight":2.7586},
{"Node_id":17974,"weight":0.1463},
{"Node_id":17977,"weight":3.429},
{"Node_id":17978,"weight":1.1521},
{"Node_id":17979,"weight":2.3075},
{"Node_id":17980,"weight":2.6547},
{"Node_id":17981,"weight":3.0809},
{"Node_id":17982,"weight":1.4102},
{"Node_id":17985,"weight":0.7727},
{"Node_id":17990,"weight":2.7409},
{"Node_id":17991,"weight":2.4329},
{"Node_id":17992,"weight":3.6677},
{"Node_id":17993,"weight":1.7535},
{"Node_id":17994,"weight":0.9198},
{"Node_id":17995,"weight":0.6843},
{"Node_id":17996,"weight":1.3376},
{"Node_id":17999,"weight":0.4726},
{"Node_id":18000,"weight":1.2208},
{"Node_id":18001,"weight":1.901},
{"Node_id":18006,"weight":0.4604},
{"Node_id":18007,"weight":0.7713},
{"Node_id":18008,"weight":0.3789},
{"Node_id":18009,"weight":0.9494},
{"Node_id":18010,"weight":1.2236},
{"Node_id":18011,"weight":2.5836},
{"Node_id":18014,"weight":1.5561},
{"Node_id":18017,"weight":0.3417},
{"Node_id":18018,"weight":0.7662},
{"Node_id":18019,"weight":0.4938},
{"Node_id":18020,"weight":1.8236},
{"Node_id":18058,"weight":1.9615},
{"Node_id":18059,"weight":1.0906},
{"Node_id":18060,"weight":0.4583},
{"Node_id":18061,"weight":0.8731},
{"Node_id":18062,"weight":0.6745},
{"Node_id":18065,"weight":1.1703},
{"Node_id":18068,"weight":0.7487},
{"Node_id":18071,"weight":1.3004},
{"Node_id":18072,"weight":5.5957},
{"Node_id":18073,"weight":0.2039},
{"Node_id":18074,"weight":0.054},
{"Node_id":18075,"weight":0.4515},
{"Node_id":18076,"weight":1.7504},
{"Node_id":18077,"weight":1.6501},
{"Node_id":18078,"weight":1.268},
{"Node_id":18079,"weight":0.8487},
{"Node_id":18080,"weight":0.5147},
{"Node_id":18081,"weight":0.5555},
{"Node_id":18082,"weight":0.795},
{"Node_id":18083,"weight":0.9479},
{"Node_id":18086,"weight":2.6162},
{"Node_id":18087,"weight":2.4909},
{"Node_id":18088,"weight":1.5265},
{"Node_id":18089,"weight":0.3677},
{"Node_id":18090,"weight":0.725},
{"Node_id":18091,"weight":1.5008},
{"Node_id":18092,"weight":0.5177},
{"Node_id":18114,"weight":1.0299},
{"Node_id":18115,"weight":2.508},
{"Node_id":18118,"weight":1.014},
{"Node_id":18119,"weight":2.1418},
{"Node_id":18120,"weight":3.818},
{"Node_id":18121,"weight":3.2619},
{"Node_id":18122,"weight":0.8179},
{"Node_id":18123,"weight":0.7286},
{"Node_id":18131,"weight":0.4692},
{"Node_id":18132,"weight":1.8103},
{"Node_id":18133,"weight":3.7669},
{"Node_id":18134,"weight":2.7287},
{"Node_id":18139,"weight":2.1676},
{"Node_id":18140,"weight":0.4811},
{"Node_id":18141,"weight":1.5645},
{"Node_id":18142,"weight":2.1535},
{"Node_id":18143,"weight":1.5652},
{"Node_id":18145,"weight":0.0624},
{"Node_id":18381,"weight":1.6114},
{"Node_id":18382,"weight":2.0125},
{"Node_id":18454,"weight":0.5941},
{"Node_id":18455,"weight":3.1247},
{"Node_id":18456,"weight":4.1448},
{"Node_id":18457,"weight":1.7744},
{"Node_id":18458,"weight":1.1803},
{"Node_id":18459,"weight":1.7307},
{"Node_id":18462,"weight":0.4912},
{"Node_id":18463,"weight":1.9027},
{"Node_id":18464,"weight":1.0222},
{"Node_id":18465,"weight":0.5117},
{"Node_id":18466,"weight":1.7792},
{"Node_id":18467,"weight":1.8704},
{"Node_id":18468,"weight":0.131},
{"Node_id":18469,"weight":0.4591},
{"Node_id":18470,"weight":0.8789},
{"Node_id":18471,"weight":0.4604},
{"Node_id":18472,"weight":0.8886},
{"Node_id":18475,"weight":1.3261},
{"Node_id":18476,"weight":4.0396},
{"Node_id":18480,"weight":4.833},
{"Node_id":18481,"weight":0.7291},
{"Node_id":18486,"weight":1.6013},
{"Node_id":18493,"weight":3.4624},
{"Node_id":18494,"weight":3.4095},
{"Node_id":18501,"weight":7.418},
{"Node_id":18502,"weight":1.5389},
{"Node_id":18503,"weight":1.9089},
{"Node_id":18504,"weight":1.1792},
{"Node_id":18505,"weight":0.1342},
{"Node_id":18506,"weight":0.4084},
{"Node_id":18507,"weight":3.727},
{"Node_id":18508,"weight":0.322},
{"Node_id":18509,"weight":3.577},
{"Node_id":18514,"weight":2.2646},
{"Node_id":18515,"weight":0.6517},
{"Node_id":18516,"weight":0.1451},
{"Node_id":18517,"weight":2.9896},
{"Node_id":18518,"weight":2.0816},
{"Node_id":18519,"weight":0.3232},
{"Node_id":18522,"weight":0.3146},
{"Node_id":18523,"weight":0.6177},
{"Node_id":18524,"weight":0.911},
{"Node_id":18528,"weight":2.3309},
{"Node_id":18529,"weight":1.0658},
{"Node_id":18540,"weight":0.9435},
{"Node_id":18541,"weight":0.2615},
{"Node_id":18542,"weight":1.8939},
{"Node_id":18543,"weight":1.7159},
{"Node_id":18546,"weight":1.0616},
{"Node_id":18547,"weight":3.0458},
{"Node_id":18548,"weight":2.1632},
{"Node_id":18549,"weight":0.1595},
{"Node_id":18550,"weight":1.0711},
{"Node_id":18552,"weight":0.1511},
{"Node_id":18553,"weight":0.1648},
{"Node_id":18554,"weight":0.9901},
{"Node_id":18555,"weight":1.2282},
{"Node_id":18556,"weight":0.3586},
{"Node_id":18557,"weight":1.8029},
{"Node_id":18558,"weight":1.0284},
{"Node_id":18559,"weight":2.1578},
{"Node_id":18560,"weight":1.5942},
{"Node_id":18561,"weight":0.5989},
{"Node_id":18562,"weight":0.9169},
{"Node_id":18563,"weight":1.5136},
{"Node_id":18564,"weight":1.2049},
{"Node_id":18565,"weight":0.5741},
{"Node_id":18566,"weight":2.1041},
{"Node_id":18567,"weight":1.5423},
{"Node_id":18568,"weight":1.7276},
{"Node_id":18569,"weight":0.4176},
{"Node_id":18599,"weight":0.6646},
{"Node_id":18600,"weight":2.1719},
{"Node_id":18601,"weight":1.0038},
{"Node_id":18602,"weight":2.2943},
{"Node_id":18603,"weight":0.403},
{"Node_id":18606,"weight":0.9139},
{"Node_id":18611,"weight":6.2126},
{"Node_id":18620,"weight":3.055},
{"Node_id":18621,"weight":0.4038},
{"Node_id":18622,"weight":1.4172},
{"Node_id":18623,"weight":1.295},
{"Node_id":18624,"weight":0.2007},
{"Node_id":18625,"weight":2.7339},
{"Node_id":18626,"weight":0.8161},
{"Node_id":18627,"weight":0.3826},
{"Node_id":18628,"weight":0.6504},
{"Node_id":18629,"weight":0.854},
{"Node_id":18630,"weight":1.4236},
{"Node_id":18631,"weight":0.4629},
{"Node_id":18638,"weight":1.0423},
{"Node_id":18648,"weight":1.0774},
{"Node_id":18649,"weight":1.4908},
{"Node_id":18650,"weight":1.4631},
{"Node_id":18651,"weight":2.0775},
{"Node_id":18652,"weight":1.789},
{"Node_id":18653,"weight":1.1072},
{"Node_id":18654,"weight":2.3309},
{"Node_id":18655,"weight":0.9159},
{"Node_id":18656,"weight":0.8132},
{"Node_id":18657,"weight":1.1903},
{"Node_id":18658,"weight":1.6383},
{"Node_id":18659,"weight":0.8001},
{"Node_id":18662,"weight":1.8834},
{"Node_id":18663,"weight":1.2809},
{"Node_id":18664,"weight":2.0029},
{"Node_id":18665,"weight":1.9736},
{"Node_id":18669,"weight":0.9105},
{"Node_id":18670,"weight":1.8489},
{"Node_id":18671,"weight":3.1075},
{"Node_id":18672,"weight":0.9464},
{"Node_id":18673,"weight":0.0748},
{"Node_id":18674,"weight":0.2603},
{"Node_id":18675,"weight":1.2529},
{"Node_id":18677,"weight":0.3805},
{"Node_id":18678,"weight":4.5174},
{"Node_id":18679,"weight":0.0748},
{"Node_id":18680,"weight":1.2145},
{"Node_id":18681,"weight":3.0881},
{"Node_id":18682,"weight":0.3569},
{"Node_id":18683,"weight":0.4184},
{"Node_id":18686,"weight":1.4064},
{"Node_id":18687,"weight":3.2314},
{"Node_id":18688,"weight":0.4205},
{"Node_id":18689,"weight":1.172},
{"Node_id":18693,"weight":2.7857},
{"Node_id":18694,"weight":0.5473},
{"Node_id":18697,"weight":0.2088},
{"Node_id":18699,"weight":2.401},
{"Node_id":18701,"weight":0.6081},
{"Node_id":18702,"weight":2.1665},
{"Node_id":18706,"weight":0.7213},
{"Node_id":18707,"weight":2.2208},
{"Node_id":18708,"weight":5.6515},
{"Node_id":18709,"weight":5.2539},
{"Node_id":18711,"weight":1.631},
{"Node_id":18712,"weight":3.842},
{"Node_id":18713,"weight":4.8203},
{"Node_id":18714,"weight":0.6098},
{"Node_id":18732,"weight":0.9455},
{"Node_id":18733,"weight":0.038},
{"Node_id":18734,"weight":2.126},
{"Node_id":18735,"weight":1.4802},
{"Node_id":18736,"weight":0.4629},
{"Node_id":18739,"weight":1.5471},
{"Node_id":18745,"weight":2.2163},
{"Node_id":18746,"weight":0.9977},
{"Node_id":18786,"weight":0.6718},
{"Node_id":18787,"weight":1.2832},
{"Node_id":18788,"weight":0.2177},
{"Node_id":18789,"weight":1.2962},
{"Node_id":18790,"weight":3.4323},
{"Node_id":18791,"weight":0.7556},
{"Node_id":18792,"weight":0.3068},
{"Node_id":18793,"weight":0.5326},
{"Node_id":18794,"weight":0.1523},
{"Node_id":18795,"weight":2.7339},
{"Node_id":18796,"weight":2.5239},
{"Node_id":18797,"weight":0.7773},
{"Node_id":18798,"weight":0.5262},
{"Node_id":18799,"weight":1.7105},
{"Node_id":18801,"weight":1.3334},
{"Node_id":18802,"weight":1.2815},
{"Node_id":18803,"weight":2.5297},
{"Node_id":18804,"weight":3.3138},
{"Node_id":18805,"weight":0.064},
{"Node_id":18806,"weight":0.6548},
{"Node_id":18807,"weight":0.6857},
{"Node_id":18808,"weight":0.8043},
{"Node_id":18809,"weight":0.1302},
{"Node_id":18810,"weight":0.0492},
{"Node_id":18811,"weight":1.0289},
{"Node_id":18812,"weight":2.0515},
{"Node_id":18813,"weight":0.3011},
{"Node_id":18814,"weight":0.268},
{"Node_id":18815,"weight":0.4811},
{"Node_id":18821,"weight":1.6523},
{"Node_id":18822,"weight":0.5159},
{"Node_id":18823,"weight":0.3917},
{"Node_id":18824,"weight":1.6642},
{"Node_id":18825,"weight":4.1513},
{"Node_id":18826,"weight":0.4819},
{"Node_id":18827,"weight":1.0732},
{"Node_id":18830,"weight":0.8554},
{"Node_id":18831,"weight":0.5138},
{"Node_id":18832,"weight":1.4358},
{"Node_id":18833,"weight":0.5066},
{"Node_id":18834,"weight":0.6081},
{"Node_id":18835,"weight":0.8383},
{"Node_id":18836,"weight":0.29},
{"Node_id":18837,"weight":7.418},
{"Node_id":18843,"weight":0.5875},
{"Node_id":18846,"weight":1.1434},
{"Node_id":18847,"weight":2.8154},
{"Node_id":18848,"weight":0.7657},
{"Node_id":18849,"weight":2.1503},
{"Node_id":18850,"weight":1.2174},
{"Node_id":18851,"weight":0.8683},
{"Node_id":18852,"weight":0.1386},
{"Node_id":18853,"weight":1.9597},
{"Node_id":18854,"weight":3.2178},
{"Node_id":18855,"weight":1.1271},
{"Node_id":18856,"weight":0.4301},
{"Node_id":18857,"weight":1.3153},
{"Node_id":18862,"weight":2.3788},
{"Node_id":18863,"weight":0.3483},
{"Node_id":18864,"weight":1.0099},
{"Node_id":18874,"weight":4.6903},
{"Node_id":18875,"weight":0.3772},
{"Node_id":18878,"weight":1.1147},
{"Node_id":18879,"weight":0.2908},
{"Node_id":18880,"weight":2.8496},
{"Node_id":18881,"weight":2.2494},
{"Node_id":18974,"weight":2.508},
{"Node_id":18979,"weight":0.1841},
{"Node_id":18980,"weight":0.8449},
{"Node_id":18982,"weight":0.4507},
{"Node_id":18983,"weight":2.1461},
{"Node_id":18984,"weight":0.2363},
{"Node_id":18985,"weight":0.02},
{"Node_id":18986,"weight":1.8128},
{"Node_id":18987,"weight":0.4075},
{"Node_id":18988,"weight":0.3314},
{"Node_id":18991,"weight":3.0162},
{"Node_id":19109,"weight":1.7575},
{"Node_id":19110,"weight":1.7159},
{"Node_id":19111,"weight":0.2128},
{"Node_id":19112,"weight":3.3903},
{"Node_id":19113,"weight":1.1488},
{"Node_id":19114,"weight":1.8626},
{"Node_id":19115,"weight":2.1397},
{"Node_id":19116,"weight":1.607},
{"Node_id":19117,"weight":0.6177},
{"Node_id":19118,"weight":0.4255},
{"Node_id":19119,"weight":0.7446},
{"Node_id":19120,"weight":0.2692},
{"Node_id":19121,"weight":3.0207},
{"Node_id":19122,"weight":0.4532},
{"Node_id":19123,"weight":2.0806},
{"Node_id":19124,"weight":0.5758},
{"Node_id":19125,"weight":1.7591},
{"Node_id":19126,"weight":0.8359},
{"Node_id":19127,"weight":0.1523},
{"Node_id":19128,"weight":3.5884},
{"Node_id":19129,"weight":3.6885},
{"Node_id":19132,"weight":0.5061},
{"Node_id":19133,"weight":0.9609},
{"Node_id":19134,"weight":0.3905},
{"Node_id":19135,"weight":1.7051},
{"Node_id":19136,"weight":3.3407},
{"Node_id":19137,"weight":0.6562},
{"Node_id":19138,"weight":0.4595},
{"Node_id":19139,"weight":2.7803},
{"Node_id":19140,"weight":0.2221},
{"Node_id":19141,"weight":1.2651},
{"Node_id":19142,"weight":3.0072},
{"Node_id":19143,"weight":4.7474},
{"Node_id":19144,"weight":0.4351},
{"Node_id":19145,"weight":1.793},
{"Node_id":19146,"weight":1.6078},
{"Node_id":19147,"weight":1.5715},
{"Node_id":19152,"weight":1.0084},
{"Node_id":19153,"weight":3.3621},
{"Node_id":19294,"weight":6.6441},
{"Node_id":19295,"weight":1.5103},
{"Node_id":19296,"weight":1.9188},
{"Node_id":19611,"weight":0.034},
{"Node_id":19809,"weight":0.6464},
{"Node_id":20430,"weight":2.4671},
{"Node_id":20431,"weight":2.0105},
{"Node_id":20591,"weight":0.479},
{"Node_id":20592,"weight":0.8635},
{"Node_id":20593,"weight":2.0183},
{"Node_id":20594,"weight":1.5779},
{"Node_id":20595,"weight":3.5657},
{"Node_id":20596,"weight":3.8666},
{"Node_id":20597,"weight":3.5508},
{"Node_id":20598,"weight":3.1124},
{"Node_id":20599,"weight":0.3269},
{"Node_id":20600,"weight":8.1114},
{"Node_id":20601,"weight":2.6466},
{"Node_id":20602,"weight":0.457},
{"Node_id":20603,"weight":0.0124},
{"Node_id":20604,"weight":0.9301},
{"Node_id":20605,"weight":0.3677},
{"Node_id":20606,"weight":1.5835},
{"Node_id":20607,"weight":5.4448},
{"Node_id":20608,"weight":0.8161},
{"Node_id":20609,"weight":0.8071},
{"Node_id":20610,"weight":1.2506},
{"Node_id":20611,"weight":0.6522},
{"Node_id":20612,"weight":1.5089},
{"Node_id":20613,"weight":0.405},
{"Node_id":20614,"weight":0.74},
{"Node_id":20615,"weight":1.254},
{"Node_id":20616,"weight":0.359},
{"Node_id":20617,"weight":0.3656},
{"Node_id":20618,"weight":0.338},
{"Node_id":20619,"weight":1.2587},
{"Node_id":20620,"weight":1.602},
{"Node_id":20621,"weight":0.5006},
{"Node_id":20622,"weight":1.9134},
{"Node_id":20623,"weight":0.3992},
{"Node_id":20624,"weight":1.2213},
{"Node_id":20625,"weight":0.9694},
{"Node_id":20629,"weight":1.5548},
{"Node_id":20630,"weight":3.9824},
{"Node_id":20631,"weight":0.8123},
{"Node_id":20632,"weight":0.8655},
{"Node_id":20633,"weight":1.3401},
{"Node_id":20636,"weight":0.9066},
{"Node_id":20639,"weight":0.2136},
{"Node_id":20640,"weight":0.8993},
{"Node_id":20643,"weight":0.7699},
{"Node_id":20644,"weight":1.1999},
{"Node_id":20645,"weight":0.1704},
{"Node_id":20646,"weight":1.5645},
{"Node_id":20647,"weight":2.883},
{"Node_id":20648,"weight":1.9496},
{"Node_id":20649,"weight":4.0634},
{"Node_id":20655,"weight":2.97},
{"Node_id":20656,"weight":0.9774},
{"Node_id":20657,"weight":1.3437},
{"Node_id":20739,"weight":1.0012},
{"Node_id":20740,"weight":0.2031},
{"Node_id":20743,"weight":0.5249},
{"Node_id":20744,"weight":3.2314},
{"Node_id":20745,"weight":0.6664},
{"Node_id":20746,"weight":0.2802},
{"Node_id":20747,"weight":0.5728},
{"Node_id":20748,"weight":1.597},
{"Node_id":20751,"weight":0.4151},
{"Node_id":20752,"weight":3.6636},
{"Node_id":20756,"weight":1.6063},
{"Node_id":20759,"weight":1.0186},
{"Node_id":20760,"weight":0.7295},
{"Node_id":20763,"weight":4.2402},
{"Node_id":20764,"weight":0.1467},
{"Node_id":20765,"weight":0.3801},
{"Node_id":20766,"weight":2.456},
{"Node_id":20767,"weight":1.0959},
{"Node_id":20768,"weight":4.6155},
{"Node_id":20769,"weight":1.9214},
{"Node_id":20770,"weight":0.678},
{"Node_id":20771,"weight":0.658},
{"Node_id":20772,"weight":1.016},
{"Node_id":20773,"weight":0.8128},
{"Node_id":20774,"weight":0.1781},
{"Node_id":20775,"weight":1.4696},
{"Node_id":20776,"weight":1.8948},
{"Node_id":20777,"weight":0.6789},
{"Node_id":20778,"weight":0.5715},
{"Node_id":20779,"weight":2.5008},
{"Node_id":20780,"weight":1.0548},
{"Node_id":20783,"weight":1.8413},
{"Node_id":20784,"weight":0.3129},
{"Node_id":20785,"weight":1.4742},
{"Node_id":20786,"weight":1.6936},
{"Node_id":20787,"weight":1.8211},
{"Node_id":20788,"weight":1.6142},
{"Node_id":20789,"weight":2.0096},
{"Node_id":20790,"weight":0.6937},
{"Node_id":20791,"weight":3.6392},
{"Node_id":20792,"weight":1.5245},
{"Node_id":20793,"weight":1.5892},
{"Node_id":20794,"weight":1.2657},
{"Node_id":20795,"weight":0.0885},
{"Node_id":20796,"weight":1.4565},
{"Node_id":20797,"weight":0.3693},
{"Node_id":20799,"weight":0.7259},
{"Node_id":20800,"weight":4.2051},
{"Node_id":20801,"weight":1.4657},
{"Node_id":20802,"weight":3.2044},
{"Node_id":20803,"weight":0.7023},
{"Node_id":20804,"weight":2.4533},
{"Node_id":20805,"weight":0.038},
{"Node_id":20808,"weight":0.4938},
{"Node_id":20809,"weight":1.0981},
{"Node_id":20810,"weight":0.6588},
{"Node_id":20811,"weight":2.773},
{"Node_id":20890,"weight":2.5852},
{"Node_id":20907,"weight":0.6199},
{"Node_id":20908,"weight":0.3265},
{"Node_id":20909,"weight":3.0715},
{"Node_id":20910,"weight":2.31},
{"Node_id":20911,"weight":0.985},
{"Node_id":20912,"weight":0.6362},
{"Node_id":20913,"weight":2.1928},
{"Node_id":20914,"weight":1.1407},
{"Node_id":20915,"weight":0.2802},
{"Node_id":20916,"weight":0.982},
{"Node_id":20917,"weight":0.4968},
{"Node_id":20993,"weight":0.4968},
{"Node_id":20994,"weight":1.8712},
{"Node_id":20995,"weight":1.7615},
{"Node_id":20996,"weight":2.4049},
{"Node_id":20997,"weight":1.9606},
{"Node_id":20998,"weight":0.0488},
{"Node_id":20999,"weight":0.5641},
{"Node_id":21000,"weight":1.439},
{"Node_id":21001,"weight":2.1155},
{"Node_id":21002,"weight":0.4314},
{"Node_id":21003,"weight":0.8751},
{"Node_id":21004,"weight":0.825},
{"Node_id":21005,"weight":3.1651},
{"Node_id":21007,"weight":1.3963},
{"Node_id":21008,"weight":1.4982},
{"Node_id":21009,"weight":0.6682},
{"Node_id":21010,"weight":0.3302},
{"Node_id":21011,"weight":1.7655},
{"Node_id":21012,"weight":0.0564},
{"Node_id":21013,"weight":0.8293},
{"Node_id":21014,"weight":0.2096},
{"Node_id":21015,"weight":0.1081},
{"Node_id":21016,"weight":0.3269},
{"Node_id":21022,"weight":2.5239},
{"Node_id":21023,"weight":3.5845},
{"Node_id":21024,"weight":0.7501},
{"Node_id":21025,"weight":0.6651},
{"Node_id":21026,"weight":1.079},
{"Node_id":21027,"weight":2.321},
{"Node_id":21028,"weight":1.7167},
{"Node_id":21030,"weight":1.7776},
{"Node_id":21031,"weight":0.9987},
{"Node_id":21034,"weight":0.1523},
{"Node_id":21035,"weight":0.0208},
{"Node_id":21038,"weight":0.7172},
{"Node_id":21039,"weight":0.9356},
{"Node_id":21040,"weight":0.2546},
{"Node_id":21042,"weight":0.1061},
{"Node_id":21043,"weight":1.8012},
{"Node_id":21044,"weight":0.2424},
{"Node_id":21045,"weight":3.7357},
{"Node_id":21046,"weight":1.2921},
{"Node_id":21047,"weight":4.0694},
{"Node_id":21048,"weight":1.0094},
{"Node_id":21049,"weight":0.4671},
{"Node_id":21050,"weight":1.5984},
{"Node_id":21051,"weight":4.4451},
{"Node_id":21054,"weight":1.2709},
{"Node_id":21055,"weight":2.5867},
{"Node_id":21056,"weight":0.646},
{"Node_id":21057,"weight":0.3963},
{"Node_id":21058,"weight":1.5814},
{"Node_id":21059,"weight":2.1994},
{"Node_id":21060,"weight":0.04},
{"Node_id":21061,"weight":0.8944},
{"Node_id":21064,"weight":1.6679},
{"Node_id":21065,"weight":0.0965},
{"Node_id":21066,"weight":2.8633},
{"Node_id":21067,"weight":1.385},
{"Node_id":21068,"weight":0.3996},
{"Node_id":21069,"weight":1.5245},
{"Node_id":21070,"weight":0.6821},
{"Node_id":21071,"weight":0.7694},
{"Node_id":21072,"weight":1.167},
{"Node_id":21073,"weight":1.5451},
{"Node_id":21074,"weight":0.6946},
{"Node_id":21075,"weight":2.1939},
{"Node_id":21076,"weight":1.1909},
{"Node_id":21077,"weight":0.3047},
{"Node_id":21078,"weight":0.5862},
{"Node_id":21079,"weight":1.0507},
{"Node_id":21080,"weight":0.8978},
{"Node_id":21081,"weight":1.5464},
{"Node_id":21082,"weight":1.43},
{"Node_id":21084,"weight":1.5548},
{"Node_id":21085,"weight":1.2785},
{"Node_id":21088,"weight":0.4142},
{"Node_id":21089,"weight":0.174},
{"Node_id":21090,"weight":1.3075}]