[{"Node_id":9,"weight":2.0907},
{"Node_id":10,"weight":6.0725},
{"Node_id":11,"weight":2.8574},
{"Node_id":12,"weight":1.4178},
{"Node_id":13,"weight":1.5992},
{"Node_id":14,"weight":2.1719},
{"Node_id":15,"weight":1.5035},
{"Node_id":16,"weight":1.3882},
{"Node_id":17,"weight":2.2576},
{"Node_id":18,"weight":3.3652},
{"Node_id":19,"weight":2.5254},
{"Node_id":20,"weight":1.7105},
{"Node_id":21,"weight":4.8458},
{"Node_id":22,"weight":2.2552},
{"Node_id":23,"weight":1.3988},
{"Node_id":24,"weight":1.4172},
{"Node_id":25,"weight":1.6523},
{"Node_id":26,"weight":1.7963},
{"Node_id":27,"weight":4.1002},
{"Node_id":28,"weight":2.5066},
{"Node_id":29,"weight":2.5385},
{"Node_id":30,"weight":2.877},
{"Node_id":31,"weight":1.9523},
{"Node_id":32,"weight":2.5714},
{"Node_id":33,"weight":1.4565},
{"Node_id":34,"weight":1.744},
{"Node_id":35,"weight":1.6732},
{"Node_id":36,"weight":1.798},
{"Node_id":37,"weight":1.9305},
{"Node_id":38,"weight":1.4229},
{"Node_id":39,"weight":1.543},
{"Node_id":40,"weight":4.1711},
{"Node_id":41,"weight":2.6711},
{"Node_id":42,"weight":2.205},
{"Node_id":43,"weight":3.1347},
{"Node_id":44,"weight":1.4815},
{"Node_id":45,"weight":1.752},
{"Node_id":46,"weight":3.0252},
{"Node_id":47,"weight":1.6368},
{"Node_id":48,"weight":2.9593},
{"Node_id":49,"weight":3.1964},
{"Node_id":50,"weight":2.0565},
{"Node_id":51,"weight":1.9296},
{"Node_id":52,"weight":1.8136},
{"Node_id":53,"weight":2.2242},
{"Node_id":54,"weight":2.3571},
{"Node_id":55,"weight":3.8038},
{"Node_id":56,"weight":2.0938},
{"Node_id":57,"weight":2.0745},
{"Node_id":58,"weight":2.5123},
{"Node_id":59,"weight":1.5786},
{"Node_id":60,"weight":1.726},
{"Node_id":61,"weight":1.4663},
{"Node_id":62,"weight":2.6563},
{"Node_id":63,"weight":1.4147},
{"Node_id":64,"weight":2.9011},
{"Node_id":65,"weight":5.2347},
{"Node_id":66,"weight":3.4095},
{"Node_id":67,"weight":3.4225},
{"Node_id":68,"weight":1.8557},
{"Node_id":69,"weight":2.6498},
{"Node_id":70,"weight":2.1134},
{"Node_id":71,"weight":2.366},
{"Node_id":72,"weight":1.9395},
{"Node_id":73,"weight":3.1859},
{"Node_id":74,"weight":2.2907},
{"Node_id":75,"weight":1.8337},
{"Node_id":76,"weight":1.5652},
{"Node_id":77,"weight":2.543},
{"Node_id":78,"weight":5.8061},
{"Node_id":79,"weight":3.6969},
{"Node_id":80,"weight":2.1774},
{"Node_id":81,"weight":1.4795},
{"Node_id":82,"weight":1.3944},
{"Node_id":83,"weight":2.3222},
{"Node_id":84,"weight":1.8012},
{"Node_id":85,"weight":5.2933},
{"Node_id":88,"weight":1.5652},
{"Node_id":89,"weight":2.5944},
{"Node_id":90,"weight":2.0856},
{"Node_id":91,"weight":1.5029},
{"Node_id":92,"weight":2.8751},
{"Node_id":93,"weight":1.5361},
{"Node_id":94,"weight":3.2342},
{"Node_id":95,"weight":1.9432},
{"Node_id":96,"weight":1.639},
{"Node_id":97,"weight":2.0436},
{"Node_id":100,"weight":5.7105},
{"Node_id":137,"weight":1.8834},
{"Node_id":138,"weight":1.6657},
{"Node_id":139,"weight":2.0918},
{"Node_id":140,"weight":4.8588},
{"Node_id":141,"weight":2.9257},
{"Node_id":142,"weight":3.4323},
{"Node_id":152,"weight":1.8756},
{"Node_id":208,"weight":4.1982},
{"Node_id":209,"weight":3.6392},
{"Node_id":210,"weight":1.9727},
{"Node_id":211,"weight":5.7414},
{"Node_id":212,"weight":3.0929},
{"Node_id":213,"weight":2.3609},
{"Node_id":214,"weight":1.7113},
{"Node_id":215,"weight":1.4268},
{"Node_id":218,"weight":2.9896},
{"Node_id":219,"weight":2.0938},
{"Node_id":220,"weight":3.6718},
{"Node_id":221,"weight":2.1124},
{"Node_id":222,"weight":2.5519},
{"Node_id":223,"weight":2.3445},
{"Node_id":224,"weight":1.5527},
{"Node_id":225,"weight":1.752},
{"Node_id":226,"weight":2.7658},
{"Node_id":227,"weight":1.9241},
{"Node_id":228,"weight":1.8506},
{"Node_id":229,"weight":2.4951},
{"Node_id":230,"weight":3.3168},
{"Node_id":231,"weight":1.9368},
{"Node_id":232,"weight":2.2599},
{"Node_id":233,"weight":1.8532},
{"Node_id":234,"weight":2.2379},
{"Node_id":235,"weight":1.8379},
{"Node_id":236,"weight":3.6718},
{"Node_id":237,"weight":1.6317},
{"Node_id":238,"weight":3.7624},
{"Node_id":239,"weight":1.5617},
{"Node_id":240,"weight":1.8566},
{"Node_id":241,"weight":1.8575},
{"Node_id":242,"weight":1.6013},
{"Node_id":246,"weight":2.508},
{"Node_id":247,"weight":1.4198},
{"Node_id":248,"weight":2.4478},
{"Node_id":249,"weight":1.4474},
{"Node_id":250,"weight":3.0229},
{"Node_id":251,"weight":2.0377},
{"Node_id":252,"weight":1.5218},
{"Node_id":485,"weight":4.833},
{"Node_id":486,"weight":1.5485},
{"Node_id":487,"weight":2.3063},
{"Node_id":488,"weight":1.8957},
{"Node_id":491,"weight":4.1914},
{"Node_id":492,"weight":4.3534},
{"Node_id":493,"weight":1.6302},
{"Node_id":494,"weight":1.8738},
{"Node_id":495,"weight":1.5245},
{"Node_id":496,"weight":5.0294},
{"Node_id":497,"weight":1.5807},
{"Node_id":498,"weight":3.8716},
{"Node_id":499,"weight":2.2907},
{"Node_id":500,"weight":2.6612},
{"Node_id":501,"weight":2.2061},
{"Node_id":502,"weight":1.5218},
{"Node_id":503,"weight":2.2017},
{"Node_id":504,"weight":5.3771},
{"Node_id":505,"weight":2.3918},
{"Node_id":506,"weight":1.5327},
{"Node_id":507,"weight":1.5527},
{"Node_id":508,"weight":2.2448},
{"Node_id":652,"weight":5.2347},
{"Node_id":653,"weight":1.9606},
{"Node_id":654,"weight":1.7719},
{"Node_id":655,"weight":1.4474},
{"Node_id":656,"weight":2.4768},
{"Node_id":667,"weight":1.7417},
{"Node_id":668,"weight":2.9808},
{"Node_id":671,"weight":1.4128},
{"Node_id":672,"weight":1.5992},
{"Node_id":673,"weight":1.6762},
{"Node_id":674,"weight":2.0212},
{"Node_id":675,"weight":3.0389},
{"Node_id":676,"weight":3.3377},
{"Node_id":721,"weight":2.6337},
{"Node_id":722,"weight":1.7448},
{"Node_id":723,"weight":1.6331},
{"Node_id":724,"weight":2.0397},
{"Node_id":725,"weight":1.7464},
{"Node_id":726,"weight":1.9802},
{"Node_id":727,"weight":2.027},
{"Node_id":728,"weight":1.5828},
{"Node_id":729,"weight":3.0504},
{"Node_id":730,"weight":1.4281},
{"Node_id":731,"weight":2.1557},
{"Node_id":732,"weight":1.7881},
{"Node_id":741,"weight":2.645},
{"Node_id":742,"weight":1.575},
{"Node_id":788,"weight":4.212},
{"Node_id":789,"weight":3.5326},
{"Node_id":790,"weight":3.248},
{"Node_id":791,"weight":1.4526},
{"Node_id":831,"weight":2.9917},
{"Node_id":832,"weight":1.5779},
{"Node_id":833,"weight":2.1503},
{"Node_id":834,"weight":1.465},
{"Node_id":835,"weight":1.9811},
{"Node_id":836,"weight":1.4526},
{"Node_id":837,"weight":1.5771},
{"Node_id":838,"weight":1.8062},
{"Node_id":839,"weight":2.0125},
{"Node_id":840,"weight":5.7414},
{"Node_id":841,"weight":4.1318},
{"Node_id":842,"weight":2.5371},
{"Node_id":843,"weight":2.1323},
{"Node_id":844,"weight":1.4223},
{"Node_id":845,"weight":4.3858},
{"Node_id":846,"weight":4.4364},
{"Node_id":847,"weight":1.4064},
{"Node_id":848,"weight":1.4533},
{"Node_id":849,"weight":1.513},
{"Node_id":850,"weight":1.7036},
{"Node_id":851,"weight":2.1218},
{"Node_id":852,"weight":4.4451},
{"Node_id":853,"weight":1.6538},
{"Node_id":854,"weight":2.2185},
{"Node_id":855,"weight":1.7535},
{"Node_id":856,"weight":2.102},
{"Node_id":857,"weight":1.397},
{"Node_id":858,"weight":2.0685},
{"Node_id":859,"weight":1.8851},
{"Node_id":860,"weight":1.8379},
{"Node_id":861,"weight":5.6515},
{"Node_id":862,"weight":1.8992},
{"Node_id":863,"weight":1.7939},
{"Node_id":864,"weight":2.0125},
{"Node_id":865,"weight":2.5594},
{"Node_id":866,"weight":1.7244},
{"Node_id":867,"weight":3.6969},
{"Node_id":868,"weight":3.1703},
{"Node_id":869,"weight":1.5184},
{"Node_id":870,"weight":1.3869},
{"Node_id":871,"weight":2.1829},
{"Node_id":872,"weight":2.2196},
{"Node_id":873,"weight":1.9597},
{"Node_id":874,"weight":2.8477},
{"Node_id":875,"weight":1.6694},
{"Node_id":876,"weight":3.577},
{"Node_id":877,"weight":2.889},
{"Node_id":878,"weight":2.885},
{"Node_id":879,"weight":1.5259},
{"Node_id":880,"weight":3.8567},
{"Node_id":881,"weight":3.3079},
{"Node_id":882,"weight":1.8354},
{"Node_id":883,"weight":1.7736},
{"Node_id":884,"weight":3.714},
{"Node_id":885,"weight":1.8371},
{"Node_id":886,"weight":2.9808},
{"Node_id":887,"weight":2.9614},
{"Node_id":888,"weight":3.4934},
{"Node_id":889,"weight":1.3882},
{"Node_id":890,"weight":1.7623},
{"Node_id":891,"weight":2.3711},
{"Node_id":892,"weight":1.4313},
{"Node_id":893,"weight":1.5527},
{"Node_id":894,"weight":2.2599},
{"Node_id":895,"weight":2.0029},
{"Node_id":896,"weight":2.6596},
{"Node_id":897,"weight":1.9359},
{"Node_id":898,"weight":2.9381},
{"Node_id":899,"weight":2.9174},
{"Node_id":900,"weight":1.6171},
{"Node_id":901,"weight":1.8103},
{"Node_id":902,"weight":1.5334},
{"Node_id":903,"weight":2.887},
{"Node_id":904,"weight":1.8186},
{"Node_id":905,"weight":1.9542},
{"Node_id":916,"weight":1.6785},
{"Node_id":917,"weight":3.0006},
{"Node_id":918,"weight":2.1785},
{"Node_id":919,"weight":3.0786},
{"Node_id":920,"weight":3.8275},
{"Node_id":921,"weight":1.7881},
{"Node_id":922,"weight":3.055},
{"Node_id":923,"weight":1.9662},
{"Node_id":924,"weight":2.4671},
{"Node_id":925,"weight":3.2905},
{"Node_id":926,"weight":1.901},
{"Node_id":927,"weight":1.9802},
{"Node_id":928,"weight":1.9802},
{"Node_id":929,"weight":7.8236},
{"Node_id":933,"weight":1.6913},
{"Node_id":934,"weight":2.645},
{"Node_id":935,"weight":4.0163},
{"Node_id":936,"weight":1.4915},
{"Node_id":937,"weight":1.5347},
{"Node_id":938,"weight":2.6531},
{"Node_id":939,"weight":2.2611},
{"Node_id":1018,"weight":4.3454},
{"Node_id":1019,"weight":2.8248},
{"Node_id":1022,"weight":2.4994},
{"Node_id":1023,"weight":1.748},
{"Node_id":1024,"weight":1.4855},
{"Node_id":1025,"weight":2.764},
{"Node_id":1026,"weight":1.8721},
{"Node_id":1027,"weight":2.4492},
{"Node_id":1028,"weight":1.8904},
{"Node_id":1029,"weight":1.9783},
{"Node_id":1030,"weight":1.6508},
{"Node_id":1031,"weight":2.1302},
{"Node_id":1032,"weight":2.4356},
{"Node_id":1033,"weight":2.0897},
{"Node_id":1034,"weight":3.1322},
{"Node_id":1035,"weight":1.956},
{"Node_id":1036,"weight":4.5362},
{"Node_id":1037,"weight":2.8574},
{"Node_id":1040,"weight":4.6053},
{"Node_id":1041,"weight":2.7839},
{"Node_id":1042,"weight":1.5177},
{"Node_id":1043,"weight":1.414},
{"Node_id":1044,"weight":1.7496},
{"Node_id":1045,"weight":2.0318},
{"Node_id":1046,"weight":3.2424},
{"Node_id":1047,"weight":1.8756},
{"Node_id":1111,"weight":2.5371},
{"Node_id":1112,"weight":1.414},
{"Node_id":1113,"weight":2.4643},
{"Node_id":1142,"weight":1.8128},
{"Node_id":1143,"weight":1.4461},
{"Node_id":1144,"weight":2.0446},
{"Node_id":1145,"weight":2.5821},
{"Node_id":1146,"weight":3.4761},
{"Node_id":1147,"weight":1.5062},
{"Node_id":1148,"weight":2.0989},
{"Node_id":1149,"weight":2.3788},
{"Node_id":1150,"weight":1.5485},
{"Node_id":1151,"weight":4.4108},
{"Node_id":1154,"weight":1.4384},
{"Node_id":1155,"weight":2.7551},
{"Node_id":1156,"weight":1.7409},
{"Node_id":1157,"weight":2.1333},
{"Node_id":1158,"weight":1.9634},
{"Node_id":1159,"weight":1.8111},
{"Node_id":1160,"weight":2.7604},
{"Node_id":1161,"weight":1.5779},
{"Node_id":1162,"weight":4.1383},
{"Node_id":1163,"weight":1.4565},
{"Node_id":1164,"weight":3.6233},
{"Node_id":1165,"weight":1.7599},
{"Node_id":1166,"weight":2.5806},
{"Node_id":1167,"weight":1.4096},
{"Node_id":1168,"weight":3.9072},
{"Node_id":1169,"weight":1.8211},
{"Node_id":1170,"weight":2.5312},
{"Node_id":1171,"weight":1.8037},
{"Node_id":1172,"weight":2.9657},
{"Node_id":1173,"weight":2.6514},
{"Node_id":1174,"weight":1.4229},
{"Node_id":1175,"weight":2.7132},
{"Node_id":1176,"weight":1.8404},
{"Node_id":1177,"weight":1.9332},
{"Node_id":1178,"weight":2.5867},
{"Node_id":1179,"weight":1.6694},
{"Node_id":1180,"weight":4.119},
{"Node_id":1181,"weight":2.4937},
{"Node_id":1182,"weight":3.9992},
{"Node_id":1183,"weight":1.9268},
{"Node_id":1184,"weight":1.4351},
{"Node_id":1185,"weight":1.5361},
{"Node_id":1186,"weight":1.6501},
{"Node_id":1187,"weight":1.9001},
{"Node_id":1202,"weight":0.1294},
{"Node_id":1203,"weight":1.2721},
{"Node_id":1204,"weight":3.2676},
{"Node_id":1205,"weight":0.036},
{"Node_id":1206,"weight":2.8691},
{"Node_id":1211,"weight":2.7046},
{"Node_id":1212,"weight":0.5266},
{"Node_id":1213,"weight":0.49},
{"Node_id":1214,"weight":1.62},
{"Node_id":1215,"weight":2.1763},
{"Node_id":1216,"weight":0.6955},
{"Node_id":1217,"weight":2.5166},
{"Node_id":1218,"weight":5.4448},
{"Node_id":1219,"weight":1.9072},
{"Node_id":1220,"weight":0.6239},
{"Node_id":1221,"weight":0.9529},
{"Node_id":1222,"weight":1.0716},
{"Node_id":1223,"weight":0.944},
{"Node_id":1224,"weight":1.9569},
{"Node_id":1225,"weight":1.6822},
{"Node_id":1226,"weight":0.8274},
{"Node_id":1231,"weight":1.2856},
{"Node_id":1232,"weight":2.0755},
{"Node_id":1233,"weight":0.1519},
{"Node_id":1245,"weight":0.388},
{"Node_id":1246,"weight":1.2448},
{"Node_id":1250,"weight":0.7598},
{"Node_id":1252,"weight":2.498},
{"Node_id":1253,"weight":1.827},
{"Node_id":1276,"weight":4.0878},
{"Node_id":1277,"weight":1.8245},
{"Node_id":1278,"weight":2.173},
{"Node_id":1279,"weight":2.1741},
{"Node_id":1280,"weight":0.6803},
{"Node_id":1281,"weight":3.2876},
{"Node_id":1282,"weight":0.7755},
{"Node_id":1283,"weight":3.7011},
{"Node_id":1284,"weight":0.7829},
{"Node_id":1288,"weight":1.4435},
{"Node_id":1289,"weight":4.8588},
{"Node_id":1291,"weight":2.5459},
{"Node_id":1292,"weight":0.2258},
{"Node_id":1293,"weight":1.7089},
{"Node_id":1294,"weight":2.9153},
{"Node_id":1295,"weight":0.2302},
{"Node_id":1296,"weight":3.429},
{"Node_id":1299,"weight":0.3437},
{"Node_id":1300,"weight":0.2294},
{"Node_id":1303,"weight":0.9579},
{"Node_id":1306,"weight":0.3602},
{"Node_id":1307,"weight":3.6233},
{"Node_id":1308,"weight":1.6128},
{"Node_id":1309,"weight":2.1763},
{"Node_id":1310,"weight":4.8988},
{"Node_id":1311,"weight":1.7535},
{"Node_id":1312,"weight":0.6678},
{"Node_id":1313,"weight":1.0465},
{"Node_id":1314,"weight":0.8231},
{"Node_id":1333,"weight":1.4191},
{"Node_id":1334,"weight":1.1859},
{"Node_id":1339,"weight":1.6258},
{"Node_id":1340,"weight":0.3174},
{"Node_id":1343,"weight":0.9203},
{"Node_id":1344,"weight":0.9346},
{"Node_id":1345,"weight":2.5195},
{"Node_id":1346,"weight":1.0997},
{"Node_id":1347,"weight":1.08},
{"Node_id":1348,"weight":0.3293},
{"Node_id":1349,"weight":0.2055},
{"Node_id":1352,"weight":1.1698},
{"Node_id":1353,"weight":0.3756},
{"Node_id":1354,"weight":1.969},
{"Node_id":1355,"weight":0.5849},
{"Node_id":1356,"weight":0.216},
{"Node_id":1357,"weight":0.0532},
{"Node_id":1362,"weight":3.818},
{"Node_id":1363,"weight":0.2408},
{"Node_id":1364,"weight":3.7401},
{"Node_id":1365,"weight":0.9982},
{"Node_id":1366,"weight":0.4608},
{"Node_id":1367,"weight":0.2884},
{"Node_id":1368,"weight":1.5437},
{"Node_id":1369,"weight":1.1914},
{"Node_id":1370,"weight":0.7332},
{"Node_id":1371,"weight":0.9714},
{"Node_id":1372,"weight":0.9115},
{"Node_id":1373,"weight":0.4768},
{"Node_id":1374,"weight":0.2745},
{"Node_id":1375,"weight":0.9095},
{"Node_id":1376,"weight":0.1141},
{"Node_id":1377,"weight":0.1491},
{"Node_id":1378,"weight":0.4879},
{"Node_id":1381,"weight":0.1322},
{"Node_id":1382,"weight":0.5155},
{"Node_id":1503,"weight":0.6879},
{"Node_id":1504,"weight":1.8379},
{"Node_id":1505,"weight":1.2396},
{"Node_id":2279,"weight":0.9041},
{"Node_id":2280,"weight":1.3462},
{"Node_id":2281,"weight":0.4297},
{"Node_id":2283,"weight":1.8904},
{"Node_id":2285,"weight":0.7745},
{"Node_id":2286,"weight":1.2145},
{"Node_id":2287,"weight":0.9494},
{"Node_id":2288,"weight":1.39},
{"Node_id":2289,"weight":2.9896},
{"Node_id":2290,"weight":0.2282},
{"Node_id":2291,"weight":4.3694},
{"Node_id":2292,"weight":1.8878},
{"Node_id":2293,"weight":1.033},
{"Node_id":2294,"weight":2.1333},
{"Node_id":2295,"weight":0.6682},
{"Node_id":2296,"weight":0.2896},
{"Node_id":2301,"weight":0.7773},
{"Node_id":2302,"weight":1.8203},
{"Node_id":2303,"weight":3.5326},
{"Node_id":2304,"weight":1.3081},
{"Node_id":2308,"weight":0.4084},
{"Node_id":2309,"weight":0.1378},
{"Node_id":2310,"weight":1.2202},
{"Node_id":2311,"weight":2.4356},
{"Node_id":2315,"weight":1.2727},
{"Node_id":2316,"weight":0.9997},
{"Node_id":2317,"weight":0.8217},
{"Node_id":2318,"weight":1.139},
{"Node_id":2319,"weight":1.6837},
{"Node_id":2320,"weight":0.2152},
{"Node_id":2321,"weight":2.3039},
{"Node_id":2322,"weight":1.2791},
{"Node_id":2323,"weight":0.1197},
{"Node_id":2324,"weight":0.1987},
{"Node_id":2327,"weight":5.4927},
{"Node_id":2328,"weight":2.7586},
{"Node_id":2329,"weight":0.1463},
{"Node_id":2332,"weight":3.429},
{"Node_id":2333,"weight":1.1521},
{"Node_id":2334,"weight":2.3075},
{"Node_id":2335,"weight":2.6547},
{"Node_id":2336,"weight":3.0809},
{"Node_id":2337,"weight":1.4102},
{"Node_id":2340,"weight":0.7727},
{"Node_id":2345,"weight":2.7409},
{"Node_id":2346,"weight":2.4329},
{"Node_id":2347,"weight":3.6677},
{"Node_id":2348,"weight":1.7535},
{"Node_id":2349,"weight":0.9198},
{"Node_id":2350,"weight":0.6843},
{"Node_id":2351,"weight":1.3376},
{"Node_id":2354,"weight":0.4726},
{"Node_id":2355,"weight":1.2208},
{"Node_id":2356,"weight":1.901},
{"Node_id":2361,"weight":0.4604},
{"Node_id":2362,"weight":0.7713},
{"Node_id":2363,"weight":0.3789},
{"Node_id":2364,"weight":0.9494},
{"Node_id":2365,"weight":1.2236},
{"Node_id":2366,"weight":2.5836},
{"Node_id":2369,"weight":1.5561},
{"Node_id":2372,"weight":0.3417},
{"Node_id":2373,"weight":0.7662},
{"Node_id":2374,"weight":0.4938},
{"Node_id":2375,"weight":1.8236},
{"Node_id":2413,"weight":1.9615},
{"Node_id":2414,"weight":1.0906},
{"Node_id":2415,"weight":0.4583},
{"Node_id":2416,"weight":0.8731},
{"Node_id":2417,"weight":0.6745},
{"Node_id":2420,"weight":1.1703},
{"Node_id":2423,"weight":0.7487},
{"Node_id":2426,"weight":1.3004},
{"Node_id":2427,"weight":5.5957},
{"Node_id":2428,"weight":0.2039},
{"Node_id":2429,"weight":0.054},
{"Node_id":2430,"weight":0.4515},
{"Node_id":2431,"weight":1.7504},
{"Node_id":2432,"weight":1.6501},
{"Node_id":2433,"weight":1.268},
{"Node_id":2434,"weight":0.8487},
{"Node_id":2435,"weight":0.5147},
{"Node_id":2436,"weight":0.5555},
{"Node_id":2437,"weight":0.795},
{"Node_id":2438,"weight":0.9479},
{"Node_id":2441,"weight":2.6162},
{"Node_id":2442,"weight":2.4909},
{"Node_id":2443,"weight":1.5265},
{"Node_id":2444,"weight":0.3677},
{"Node_id":2445,"weight":0.725},
{"Node_id":2446,"weight":1.5008},
{"Node_id":2447,"weight":0.5177},
{"Node_id":2469,"weight":1.0299},
{"Node_id":2470,"weight":2.508},
{"Node_id":2473,"weight":1.014},
{"Node_id":2474,"weight":2.1418},
{"Node_id":2475,"weight":3.818},
{"Node_id":2476,"weight":3.2619},
{"Node_id":2477,"weight":0.8179},
{"Node_id":2478,"weight":0.7286},
{"Node_id":2486,"weight":0.4692},
{"Node_id":2487,"weight":1.8103},
{"Node_id":2488,"weight":3.7669},
{"Node_id":2489,"weight":2.7287},
{"Node_id":2494,"weight":2.1676},
{"Node_id":2495,"weight":0.4811},
{"Node_id":2496,"weight":1.5645},
{"Node_id":2497,"weight":2.1535},
{"Node_id":2498,"weight":1.5652},
{"Node_id":2500,"weight":0.0624},
{"Node_id":2736,"weight":1.6114},
{"Node_id":2737,"weight":2.0125},
{"Node_id":2809,"weight":0.5941},
{"Node_id":2810,"weight":3.1247},
{"Node_id":2811,"weight":4.1448},
{"Node_id":2812,"weight":1.7744},
{"Node_id":2813,"weight":1.1803},
{"Node_id":2814,"weight":1.7307},
{"Node_id":2817,"weight":0.4912},
{"Node_id":2818,"weight":1.9027},
{"Node_id":2819,"weight":1.0222},
{"Node_id":2820,"weight":0.5117},
{"Node_id":2821,"weight":1.7792},
{"Node_id":2822,"weight":1.8704},
{"Node_id":2823,"weight":0.131},
{"Node_id":2824,"weight":0.4591},
{"Node_id":2825,"weight":0.8789},
{"Node_id":2826,"weight":0.4604},
{"Node_id":2827,"weight":0.8886},
{"Node_id":2830,"weight":1.3261},
{"Node_id":2831,"weight":4.0396},
{"Node_id":2835,"weight":4.833},
{"Node_id":2836,"weight":0.7291},
{"Node_id":2841,"weight":1.6013},
{"Node_id":2848,"weight":3.4624},
{"Node_id":2849,"weight":3.4095},
{"Node_id":2856,"weight":7.418},
{"Node_id":2857,"weight":1.5389},
{"Node_id":2858,"weight":1.9089},
{"Node_id":2859,"weight":1.1792},
{"Node_id":2860,"weight":0.1342},
{"Node_id":2861,"weight":0.4084},
{"Node_id":2862,"weight":3.727},
{"Node_id":2863,"weight":0.322},
{"Node_id":2864,"weight":3.577},
{"Node_id":2869,"weight":2.2646},
{"Node_id":2870,"weight":0.6517},
{"Node_id":2871,"weight":0.1451},
{"Node_id":2872,"weight":2.9896},
{"Node_id":2873,"weight":2.0816},
{"Node_id":2874,"weight":0.3232},
{"Node_id":2877,"weight":0.3146},
{"Node_id":2878,"weight":0.6177},
{"Node_id":2879,"weight":0.911},
{"Node_id":2883,"weight":2.3309},
{"Node_id":2884,"weight":1.0658},
{"Node_id":2895,"weight":0.9435},
{"Node_id":2896,"weight":0.2615},
{"Node_id":2897,"weight":1.8939},
{"Node_id":2898,"weight":1.7159},
{"Node_id":2901,"weight":1.0616},
{"Node_id":2902,"weight":3.0458},
{"Node_id":2903,"weight":2.1632},
{"Node_id":2904,"weight":0.1595},
{"Node_id":2905,"weight":1.0711},
{"Node_id":2907,"weight":0.1511},
{"Node_id":2908,"weight":0.1648},
{"Node_id":2909,"weight":0.9901},
{"Node_id":2910,"weight":1.2282},
{"Node_id":2911,"weight":0.3586},
{"Node_id":2912,"weight":1.8029},
{"Node_id":2913,"weight":1.0284},
{"Node_id":2914,"weight":2.1578},
{"Node_id":2915,"weight":1.5942},
{"Node_id":2916,"weight":0.5989},
{"Node_id":2917,"weight":0.9169},
{"Node_id":2918,"weight":1.5136},
{"Node_id":2919,"weight":1.2049},
{"Node_id":2920,"weight":0.5741},
{"Node_id":2921,"weight":2.1041},
{"Node_id":2922,"weight":1.5423},
{"Node_id":2923,"weight":1.7276},
{"Node_id":2924,"weight":0.4176},
{"Node_id":2954,"weight":0.6646},
{"Node_id":2955,"weight":2.1719},
{"Node_id":2956,"weight":1.0038},
{"Node_id":2957,"weight":2.2943},
{"Node_id":2958,"weight":0.403},
{"Node_id":2961,"weight":0.9139},
{"Node_id":2966,"weight":6.2126},
{"Node_id":2975,"weight":3.055},
{"Node_id":2976,"weight":0.4038},
{"Node_id":2977,"weight":1.4172},
{"Node_id":2978,"weight":1.295},
{"Node_id":2979,"weight":0.2007},
{"Node_id":2980,"weight":2.7339},
{"Node_id":2981,"weight":0.8161},
{"Node_id":2982,"weight":0.3826},
{"Node_id":2983,"weight":0.6504},
{"Node_id":2984,"weight":0.854},
{"Node_id":2985,"weight":1.4236},
{"Node_id":2986,"weight":0.4629},
{"Node_id":2993,"weight":1.0423},
{"Node_id":3003,"weight":1.0774},
{"Node_id":3004,"weight":1.4908},
{"Node_id":3005,"weight":1.4631},
{"Node_id":3006,"weight":2.0775},
{"Node_id":3007,"weight":1.789},
{"Node_id":3008,"weight":1.1072},
{"Node_id":3009,"weight":2.3309},
{"Node_id":3010,"weight":0.9159},
{"Node_id":3011,"weight":0.8132},
{"Node_id":3012,"weight":1.1903},
{"Node_id":3013,"weight":1.6383},
{"Node_id":3014,"weight":0.8001},
{"Node_id":3017,"weight":1.8834},
{"Node_id":3018,"weight":1.2809},
{"Node_id":3019,"weight":2.0029},
{"Node_id":3020,"weight":1.9736},
{"Node_id":3024,"weight":0.9105},
{"Node_id":3025,"weight":1.8489},
{"Node_id":3026,"weight":3.1075},
{"Node_id":3027,"weight":0.9464},
{"Node_id":3028,"weight":0.0748},
{"Node_id":3029,"weight":0.2603},
{"Node_id":3030,"weight":1.2529},
{"Node_id":3032,"weight":0.3805},
{"Node_id":3033,"weight":4.5174},
{"Node_id":3034,"weight":0.0748},
{"Node_id":3035,"weight":1.2145},
{"Node_id":3036,"weight":3.0881},
{"Node_id":3037,"weight":0.3569},
{"Node_id":3038,"weight":0.4184},
{"Node_id":3041,"weight":1.4064},
{"Node_id":3042,"weight":3.2314},
{"Node_id":3043,"weight":0.4205},
{"Node_id":3044,"weight":1.172},
{"Node_id":3048,"weight":2.7857},
{"Node_id":3049,"weight":0.5473},
{"Node_id":3052,"weight":0.2088},
{"Node_id":3054,"weight":2.401},
{"Node_id":3056,"weight":0.6081},
{"Node_id":3057,"weight":2.1665},
{"Node_id":3061,"weight":0.7213},
{"Node_id":3062,"weight":2.2208},
{"Node_id":3063,"weight":5.6515},
{"Node_id":3064,"weight":5.2539},
{"Node_id":3066,"weight":1.631},
{"Node_id":3067,"weight":3.842},
{"Node_id":3068,"weight":4.8203},
{"Node_id":3069,"weight":0.6098},
{"Node_id":3087,"weight":0.9455},
{"Node_id":3088,"weight":0.038},
{"Node_id":3089,"weight":2.126},
{"Node_id":3090,"weight":1.4802},
{"Node_id":3091,"weight":0.4629},
{"Node_id":3094,"weight":1.5471},
{"Node_id":3100,"weight":2.2163},
{"Node_id":3101,"weight":0.9977},
{"Node_id":3141,"weight":0.6718},
{"Node_id":3142,"weight":1.2832},
{"Node_id":3143,"weight":0.2177},
{"Node_id":3144,"weight":1.2962},
{"Node_id":3145,"weight":3.4323},
{"Node_id":3146,"weight":0.7556},
{"Node_id":3147,"weight":0.3068},
{"Node_id":3148,"weight":0.5326},
{"Node_id":3149,"weight":0.1523},
{"Node_id":3150,"weight":2.7339},
{"Node_id":3151,"weight":2.5239},
{"Node_id":3152,"weight":0.7773},
{"Node_id":3153,"weight":0.5262},
{"Node_id":3154,"weight":1.7105},
{"Node_id":3156,"weight":1.3334},
{"Node_id":3157,"weight":1.2815},
{"Node_id":3158,"weight":2.5297},
{"Node_id":3159,"weight":3.3138},
{"Node_id":3160,"weight":0.064},
{"Node_id":3161,"weight":0.6548},
{"Node_id":3162,"weight":0.6857},
{"Node_id":3163,"weight":0.8043},
{"Node_id":3164,"weight":0.1302},
{"Node_id":3165,"weight":0.0492},
{"Node_id":3166,"weight":1.0289},
{"Node_id":3167,"weight":2.0515},
{"Node_id":3168,"weight":0.3011},
{"Node_id":3169,"weight":0.268},
{"Node_id":3170,"weight":0.4811},
{"Node_id":3176,"weight":1.6523},
{"Node_id":3177,"weight":0.5159},
{"Node_id":3178,"weight":0.3917},
{"Node_id":3179,"weight":1.6642},
{"Node_id":3180,"weight":4.1513},
{"Node_id":3181,"weight":0.4819},
{"Node_id":3182,"weight":1.0732},
{"Node_id":3185,"weight":0.8554},
{"Node_id":3186,"weight":0.5138},
{"Node_id":3187,"weight":1.4358},
{"Node_id":3188,"weight":0.5066},
{"Node_id":3189,"weight":0.6081},
{"Node_id":3190,"weight":0.8383},
{"Node_id":3191,"weight":0.29},
{"Node_id":3192,"weight":7.418},
{"Node_id":3198,"weight":0.5875},
{"Node_id":3201,"weight":1.1434},
{"Node_id":3202,"weight":2.8154},
{"Node_id":3203,"weight":0.7657},
{"Node_id":3204,"weight":2.1503},
{"Node_id":3205,"weight":1.2174},
{"Node_id":3206,"weight":0.8683},
{"Node_id":3207,"weight":0.1386},
{"Node_id":3208,"weight":1.9597},
{"Node_id":3209,"weight":3.2178},
{"Node_id":3210,"weight":1.1271},
{"Node_id":3211,"weight":0.4301},
{"Node_id":3212,"weight":1.3153},
{"Node_id":3217,"weight":2.3788},
{"Node_id":3218,"weight":0.3483},
{"Node_id":3219,"weight":1.0099},
{"Node_id":3229,"weight":4.6903},
{"Node_id":3230,"weight":0.3772},
{"Node_id":3233,"weight":1.1147},
{"Node_id":3234,"weight":0.2908},
{"Node_id":3235,"weight":2.8496},
{"Node_id":3236,"weight":2.2494},
{"Node_id":5842,"weight":1.9214},
{"Node_id":5846,"weight":2.184},
{"Node_id":5847,"weight":3.483},
{"Node_id":5848,"weight":2.2799},
{"Node_id":5849,"weight":2.0505},
{"Node_id":5850,"weight":1.9802},
{"Node_id":5851,"weight":2.5051},
{"Node_id":5855,"weight":2.4994},
{"Node_id":5856,"weight":2.7218},
{"Node_id":5857,"weight":3.6636},
{"Node_id":5858,"weight":1.6493},
{"Node_id":5859,"weight":4.0396},
{"Node_id":5860,"weight":2.0367},
{"Node_id":5861,"weight":1.4319},
{"Node_id":5862,"weight":3.8918},
{"Node_id":5863,"weight":2.3699},
{"Node_id":5864,"weight":1.8825},
{"Node_id":5865,"weight":1.9924},
{"Node_id":5866,"weight":2.5459},
{"Node_id":5867,"weight":2.6645},
{"Node_id":5868,"weight":2.321},
{"Node_id":5869,"weight":1.6936},
{"Node_id":5870,"weight":4.1254},
{"Node_id":5873,"weight":2.1397},
{"Node_id":5874,"weight":2.4195},
{"Node_id":5875,"weight":1.4064},
{"Node_id":5876,"weight":1.8203},
{"Node_id":5877,"weight":4.1846},
{"Node_id":5884,"weight":2.7912},
{"Node_id":5889,"weight":2.9298},
{"Node_id":5890,"weight":3.7945},
{"Node_id":5894,"weight":1.5736},
{"Node_id":5895,"weight":1.9597},
{"Node_id":5896,"weight":1.9569},
{"Node_id":5897,"weight":1.4474},
{"Node_id":5898,"weight":1.9468},
{"Node_id":5899,"weight":2.0241},
{"Node_id":5920,"weight":1.4371},
{"Node_id":5921,"weight":2.4866},
{"Node_id":5922,"weight":1.7922},
{"Node_id":5923,"weight":1.5259},
{"Node_id":5924,"weight":3.2124},
{"Node_id":5925,"weight":2.5123},
{"Node_id":5926,"weight":1.832},
{"Node_id":5927,"weight":4.7357},
{"Node_id":5928,"weight":1.744},
{"Node_id":5929,"weight":1.748},
{"Node_id":5932,"weight":1.8643},
{"Node_id":5933,"weight":3.4127},
{"Node_id":5934,"weight":1.7036},
{"Node_id":5935,"weight":2.5852},
{"Node_id":5937,"weight":2.0846},
{"Node_id":5938,"weight":3.9713},
{"Node_id":5939,"weight":3.2963},
{"Node_id":5940,"weight":2.0212},
{"Node_id":5941,"weight":1.3976},
{"Node_id":5942,"weight":1.5513},
{"Node_id":5943,"weight":1.8203},
{"Node_id":5944,"weight":1.5492},
{"Node_id":5945,"weight":2.0456},
{"Node_id":5946,"weight":1.7036},
{"Node_id":5947,"weight":2.0595},
{"Node_id":5948,"weight":4.7954},
{"Node_id":5951,"weight":1.8421},
{"Node_id":5952,"weight":1.4624},
{"Node_id":5953,"weight":3.429},
{"Node_id":5954,"weight":2.764},
{"Node_id":5955,"weight":2.001},
{"Node_id":5956,"weight":1.6353},
{"Node_id":5957,"weight":1.4539},
{"Node_id":5958,"weight":4.219},
{"Node_id":5959,"weight":3.0667},
{"Node_id":5974,"weight":1.5638},
{"Node_id":5977,"weight":1.7583},
{"Node_id":5978,"weight":2.4102},
{"Node_id":5983,"weight":7.6004},
{"Node_id":5984,"weight":1.6034},
{"Node_id":5987,"weight":1.8421},
{"Node_id":5988,"weight":1.9532},
{"Node_id":5989,"weight":2.1928},
{"Node_id":5990,"weight":1.6493},
{"Node_id":5991,"weight":1.9395},
{"Node_id":5992,"weight":2.3983},
{"Node_id":5993,"weight":2.2634},
{"Node_id":5994,"weight":2.2253},
{"Node_id":5996,"weight":2.4369},
{"Node_id":5997,"weight":2.3271},
{"Node_id":5998,"weight":3.1026},
{"Node_id":5999,"weight":1.5764},
{"Node_id":6000,"weight":1.7097},
{"Node_id":6001,"weight":2.7115},
{"Node_id":6006,"weight":1.4261},
{"Node_id":6007,"weight":4.2766},
{"Node_id":6008,"weight":6.0725},
{"Node_id":6009,"weight":3.2397},
{"Node_id":6010,"weight":2.3763},
{"Node_id":6011,"weight":5.2159},
{"Node_id":6012,"weight":2.6006},
{"Node_id":6013,"weight":2.7857},
{"Node_id":6014,"weight":3.3714},
{"Node_id":6015,"weight":1.5666},
{"Node_id":6016,"weight":2.6612},
{"Node_id":6017,"weight":1.886},
{"Node_id":6018,"weight":1.866},
{"Node_id":6019,"weight":1.5327},
{"Node_id":6020,"weight":2.1218},
{"Node_id":6021,"weight":1.5123},
{"Node_id":6022,"weight":3.596},
{"Node_id":6023,"weight":1.7013},
{"Node_id":6025,"weight":2.887},
{"Node_id":6026,"weight":2.2287},
{"Node_id":6148,"weight":1.6875},
{"Node_id":6149,"weight":3.3227},
{"Node_id":6150,"weight":3.2733},
{"Node_id":6665,"weight":2.0887},
{"Node_id":6899,"weight":5.077},
{"Node_id":6900,"weight":1.4178},
{"Node_id":6901,"weight":4.1064},
{"Node_id":6902,"weight":2.0695},
{"Node_id":6904,"weight":2.2196},
{"Node_id":6906,"weight":2.0907},
{"Node_id":6907,"weight":2.9635},
{"Node_id":6908,"weight":3.9549},
{"Node_id":6909,"weight":1.4474},
{"Node_id":6910,"weight":1.7051},
{"Node_id":6911,"weight":2.3996},
{"Node_id":6912,"weight":1.7433},
{"Node_id":6913,"weight":2.1807},
{"Node_id":6914,"weight":2.3866},
{"Node_id":6915,"weight":1.3919},
{"Node_id":6916,"weight":2.0928},
{"Node_id":6921,"weight":2.0938},
{"Node_id":6922,"weight":1.9615},
{"Node_id":6923,"weight":2.0299},
{"Node_id":6924,"weight":2.3433},
{"Node_id":6926,"weight":2.5504},
{"Node_id":6928,"weight":2.5519},
{"Node_id":6929,"weight":1.8523},
{"Node_id":6930,"weight":2.3648},
{"Node_id":6934,"weight":1.4481},
{"Node_id":6935,"weight":1.4384},
{"Node_id":6936,"weight":5.2933},
{"Node_id":6937,"weight":1.4313},
{"Node_id":6938,"weight":3.3287},
{"Node_id":6939,"weight":1.9305},
{"Node_id":6940,"weight":4.8078},
{"Node_id":6941,"weight":2.5195},
{"Node_id":6942,"weight":1.3882},
{"Node_id":6943,"weight":3.2151},
{"Node_id":6944,"weight":2.3271},
{"Node_id":6946,"weight":4.6469},
{"Node_id":6947,"weight":2.2943},
{"Node_id":6948,"weight":3.4523},
{"Node_id":6949,"weight":1.4617},
{"Node_id":6951,"weight":3.0978},
{"Node_id":6952,"weight":1.6142},
{"Node_id":6953,"weight":1.3869},
{"Node_id":6954,"weight":3.0006},
{"Node_id":6955,"weight":2.8691},
{"Node_id":6956,"weight":1.7276},
{"Node_id":6957,"weight":1.3982},
{"Node_id":6959,"weight":2.0918},
{"Node_id":6964,"weight":2.7604},
{"Node_id":6965,"weight":1.7647},
{"Node_id":6966,"weight":3.4225},
{"Node_id":6967,"weight":3.1651},
{"Node_id":6968,"weight":2.6482},
{"Node_id":6969,"weight":1.6434},
{"Node_id":6970,"weight":2.6662},
{"Node_id":6972,"weight":1.8704},
{"Node_id":6973,"weight":1.4455},
{"Node_id":6974,"weight":1.452},
{"Node_id":6975,"weight":3.6677},
{"Node_id":6976,"weight":2.9722},
{"Node_id":6977,"weight":1.6405},
{"Node_id":6980,"weight":3.511},
{"Node_id":6981,"weight":1.6627},
{"Node_id":6982,"weight":3.1173},
{"Node_id":6983,"weight":2.2752},
{"Node_id":6984,"weight":1.6049},
{"Node_id":6985,"weight":1.6612},
{"Node_id":6986,"weight":2.9786},
{"Node_id":6987,"weight":1.9496},
{"Node_id":6988,"weight":1.7151},
{"Node_id":6991,"weight":1.8037},
{"Node_id":6992,"weight":1.7448},
{"Node_id":6993,"weight":1.9197},
{"Node_id":6994,"weight":2.6369},
{"Node_id":7032,"weight":2.1397},
{"Node_id":7033,"weight":1.4822},
{"Node_id":7034,"weight":3.7852},
{"Node_id":7035,"weight":1.9487},
{"Node_id":7036,"weight":2.1218},
{"Node_id":7037,"weight":2.2242},
{"Node_id":7039,"weight":5.9496},
{"Node_id":7042,"weight":2.9298},
{"Node_id":7045,"weight":4.1711},
{"Node_id":7046,"weight":2.4142},
{"Node_id":7047,"weight":2.4838},
{"Node_id":7048,"weight":2.4629},
{"Node_id":7049,"weight":3.2676},
{"Node_id":7050,"weight":4.6259},
{"Node_id":7051,"weight":4.5555},
{"Node_id":7052,"weight":1.7865},
{"Node_id":7053,"weight":1.4862},
{"Node_id":7054,"weight":1.8921},
{"Node_id":7055,"weight":1.5055},
{"Node_id":7056,"weight":1.4261},
{"Node_id":7057,"weight":1.7551},
{"Node_id":7059,"weight":5.2539},
{"Node_id":7060,"weight":1.4815},
{"Node_id":7061,"weight":1.4287},
{"Node_id":7062,"weight":1.5451},
{"Node_id":7063,"weight":1.6229},
{"Node_id":7064,"weight":4.2051},
{"Node_id":7065,"weight":2.579},
{"Node_id":7066,"weight":1.5885},
{"Node_id":7067,"weight":2.883},
{"Node_id":7071,"weight":2.5654},
{"Node_id":7085,"weight":2.2494},
{"Node_id":7086,"weight":2.5669},
{"Node_id":7088,"weight":2.8439},
{"Node_id":7089,"weight":2.3371},
{"Node_id":7090,"weight":1.3913},
{"Node_id":7091,"weight":4.3066},
{"Node_id":7092,"weight":2.7712},
{"Node_id":7093,"weight":5.077},
{"Node_id":7094,"weight":1.9386},
{"Node_id":7100,"weight":1.4955},
{"Node_id":7101,"weight":1.4364},
{"Node_id":7102,"weight":1.7639},
{"Node_id":7103,"weight":4.872},
{"Node_id":7108,"weight":1.4855},
{"Node_id":7109,"weight":3.0297},
{"Node_id":7110,"weight":1.421},
{"Node_id":7111,"weight":1.9487},
{"Node_id":7112,"weight":2.6434},
{"Node_id":7113,"weight":1.6777},
{"Node_id":7117,"weight":2.4168},
{"Node_id":7350,"weight":5.4217},
{"Node_id":7351,"weight":5.5429},
{"Node_id":7355,"weight":3.3377},
{"Node_id":7414,"weight":5.045},
{"Node_id":7415,"weight":3.8766},
{"Node_id":7416,"weight":1.719},
{"Node_id":7417,"weight":1.7354},
{"Node_id":7418,"weight":2.4768},
{"Node_id":7419,"weight":1.7198},
{"Node_id":7422,"weight":3.6076},
{"Node_id":7423,"weight":3.4523},
{"Node_id":7424,"weight":3.6273},
{"Node_id":7425,"weight":3.7401},
{"Node_id":7426,"weight":2.0338},
{"Node_id":7427,"weight":1.6906},
{"Node_id":7428,"weight":3.6718},
{"Node_id":7429,"weight":2.1418},
{"Node_id":7430,"weight":1.6419},
{"Node_id":7431,"weight":1.8549},
{"Node_id":7432,"weight":2.0212},
{"Node_id":7433,"weight":3.3808},
{"Node_id":7434,"weight":3.8469},
{"Node_id":7435,"weight":3.305},
{"Node_id":7436,"weight":1.4742},
{"Node_id":7439,"weight":1.5464},
{"Node_id":7440,"weight":2.0575},
{"Node_id":7441,"weight":1.7922},
{"Node_id":7446,"weight":5.4927},
{"Node_id":7449,"weight":3.7446},
{"Node_id":7452,"weight":3.5075},
{"Node_id":7453,"weight":1.7472},
{"Node_id":7454,"weight":1.4001},
{"Node_id":7455,"weight":3.6885},
{"Node_id":7456,"weight":2.5519},
{"Node_id":7458,"weight":3.8372},
{"Node_id":7459,"weight":2.0615},
{"Node_id":7460,"weight":2.0785},
{"Node_id":7461,"weight":2.1654},
{"Node_id":7462,"weight":1.6114},
{"Node_id":7463,"weight":1.812},
{"Node_id":7464,"weight":1.9143},
{"Node_id":7465,"weight":1.7567},
{"Node_id":7466,"weight":2.1862},
{"Node_id":7467,"weight":2.1906},
{"Node_id":7468,"weight":2.7357},
{"Node_id":7469,"weight":2.9465},
{"Node_id":7470,"weight":2.1249},
{"Node_id":7471,"weight":3.6432},
{"Node_id":7472,"weight":5.1441},
{"Node_id":7473,"weight":5.2734},
{"Node_id":7474,"weight":3.0978},
{"Node_id":7475,"weight":3.8132},
{"Node_id":7476,"weight":5.045},
{"Node_id":7477,"weight":2.401},
{"Node_id":7478,"weight":2.101},
{"Node_id":7479,"weight":1.515},
{"Node_id":7482,"weight":3.0644},
{"Node_id":7483,"weight":3.0366},
{"Node_id":7484,"weight":2.3039},
{"Node_id":7486,"weight":3.0184},
{"Node_id":7488,"weight":2.0038},
{"Node_id":7489,"weight":2.025},
{"Node_id":7501,"weight":3.9658},
{"Node_id":7502,"weight":2.5579},
{"Node_id":7503,"weight":2.0192},
{"Node_id":7506,"weight":2.8135},
{"Node_id":7507,"weight":2.8381},
{"Node_id":7508,"weight":2.889},
{"Node_id":7509,"weight":2.0338},
{"Node_id":7511,"weight":1.9323},
{"Node_id":7512,"weight":1.7237},
{"Node_id":7513,"weight":1.7599},
{"Node_id":7514,"weight":2.3015},
{"Node_id":7515,"weight":1.4881},
{"Node_id":7516,"weight":1.3988},
{"Node_id":7517,"weight":2.9786},
{"Node_id":7518,"weight":3.3652},
{"Node_id":7519,"weight":2.6337},
{"Node_id":7520,"weight":1.5485},
{"Node_id":7521,"weight":2.5297},
{"Node_id":7522,"weight":1.5327},
{"Node_id":7523,"weight":1.7663},
{"Node_id":7524,"weight":1.9423},
{"Node_id":7525,"weight":1.4422},
{"Node_id":7526,"weight":1.5885},
{"Node_id":7527,"weight":1.5729},
{"Node_id":7528,"weight":1.5306},
{"Node_id":7529,"weight":2.7409},
{"Node_id":7559,"weight":1.4052},
{"Node_id":7560,"weight":1.6324},
{"Node_id":7561,"weight":2.8711},
{"Node_id":7562,"weight":5.0933},
{"Node_id":7563,"weight":1.5659},
{"Node_id":7564,"weight":1.4782},
{"Node_id":7566,"weight":2.4796},
{"Node_id":7567,"weight":2.6337},
{"Node_id":7568,"weight":5.4927},
{"Node_id":7571,"weight":2.0928},
{"Node_id":7580,"weight":1.4862},
{"Node_id":7581,"weight":1.4435},
{"Node_id":7582,"weight":4.8458},
{"Node_id":7583,"weight":2.1622},
{"Node_id":7584,"weight":1.8253},
{"Node_id":7585,"weight":2.1928},
{"Node_id":7586,"weight":1.587},
{"Node_id":7587,"weight":1.656},
{"Node_id":7588,"weight":2.4684},
{"Node_id":7589,"weight":3.511},
{"Node_id":7590,"weight":1.5368},
{"Node_id":7591,"weight":1.6027},
{"Node_id":7593,"weight":1.8609},
{"Node_id":7598,"weight":2.6928},
{"Node_id":7599,"weight":3.3903},
{"Node_id":7600,"weight":2.2943},
{"Node_id":7604,"weight":2.1376},
{"Node_id":7605,"weight":2.6147},
{"Node_id":7606,"weight":2.0485},
{"Node_id":7608,"weight":2.97},
{"Node_id":7609,"weight":4.1513},
{"Node_id":7610,"weight":2.9031},
{"Node_id":7611,"weight":1.5197},
{"Node_id":7612,"weight":3.4356},
{"Node_id":7613,"weight":4.4538},
{"Node_id":7614,"weight":3.2507},
{"Node_id":7615,"weight":1.4775},
{"Node_id":7616,"weight":3.6595},
{"Node_id":7617,"weight":1.4769},
{"Node_id":7618,"weight":4.7832},
{"Node_id":7619,"weight":1.8354},
{"Node_id":7620,"weight":2.7857},
{"Node_id":7622,"weight":4.284},
{"Node_id":7623,"weight":1.8643},
{"Node_id":7624,"weight":2.1354},
{"Node_id":7625,"weight":1.8153},
{"Node_id":7628,"weight":2.5882},
{"Node_id":7629,"weight":2.1774},
{"Node_id":7630,"weight":4.0049},
{"Node_id":7631,"weight":2.9444},
{"Node_id":7632,"weight":2.6466},
{"Node_id":7633,"weight":2.1796},
{"Node_id":7634,"weight":3.3079},
{"Node_id":7635,"weight":3.562},
{"Node_id":7636,"weight":1.6164},
{"Node_id":7638,"weight":2.4994},
{"Node_id":7639,"weight":2.6022},
{"Node_id":7640,"weight":1.5603},
{"Node_id":7641,"weight":2.2716},
{"Node_id":7642,"weight":3.3287},
{"Node_id":7643,"weight":1.7543},
{"Node_id":7644,"weight":3.3468},
{"Node_id":7645,"weight":1.9098},
{"Node_id":7646,"weight":1.8078},
{"Node_id":7647,"weight":2.4519},
{"Node_id":7648,"weight":3.3138},
{"Node_id":7649,"weight":2.6434},
{"Node_id":7651,"weight":1.8379},
{"Node_id":7652,"weight":1.7711},
{"Node_id":7653,"weight":3.0072},
{"Node_id":7654,"weight":1.5485},
{"Node_id":7655,"weight":1.4585},
{"Node_id":7656,"weight":3.1222},
{"Node_id":7657,"weight":2.1752},
{"Node_id":7658,"weight":2.6321},
{"Node_id":7659,"weight":2.7183},
{"Node_id":7661,"weight":3.1026},
{"Node_id":7663,"weight":1.4868},
{"Node_id":7664,"weight":1.6785},
{"Node_id":7665,"weight":2.2576},
{"Node_id":7666,"weight":3.1625},
{"Node_id":7667,"weight":1.827},
{"Node_id":7668,"weight":2.3814},
{"Node_id":7669,"weight":2.6761},
{"Node_id":7670,"weight":1.7988},
{"Node_id":7672,"weight":2.4342},
{"Node_id":7673,"weight":1.4461},
{"Node_id":7674,"weight":3.4356},
{"Node_id":7691,"weight":2.3827},
{"Node_id":7692,"weight":2.1514},
{"Node_id":7693,"weight":1.421},
{"Node_id":7694,"weight":4.2546},
{"Node_id":7695,"weight":2.889},
{"Node_id":7696,"weight":2.6162},
{"Node_id":7699,"weight":4.508},
{"Node_id":7702,"weight":2.6401},
{"Node_id":7705,"weight":2.1197},
{"Node_id":7706,"weight":1.9161},
{"Node_id":7744,"weight":1.7105},
{"Node_id":7745,"weight":2.1239},
{"Node_id":7747,"weight":2.7115},
{"Node_id":7748,"weight":2.3597},
{"Node_id":7749,"weight":1.6383},
{"Node_id":7750,"weight":1.4624},
{"Node_id":7751,"weight":3.6392},
{"Node_id":7752,"weight":1.7338},
{"Node_id":7753,"weight":4.3776},
{"Node_id":7754,"weight":1.7089},
{"Node_id":7755,"weight":1.4789},
{"Node_id":7756,"weight":3.2591},
{"Node_id":7757,"weight":3.3871},
{"Node_id":7758,"weight":2.9277},
{"Node_id":7759,"weight":4.5653},
{"Node_id":7760,"weight":3.2178},
{"Node_id":7762,"weight":2.2073},
{"Node_id":7763,"weight":1.5779},
{"Node_id":7764,"weight":3.8085},
{"Node_id":7765,"weight":1.6186},
{"Node_id":7766,"weight":6.8113},
{"Node_id":7767,"weight":1.6179},
{"Node_id":7768,"weight":1.7377},
{"Node_id":7769,"weight":2.4588},
{"Node_id":7770,"weight":1.6478},
{"Node_id":7771,"weight":1.5231},
{"Node_id":7772,"weight":2.342},
{"Node_id":7773,"weight":1.4644},
{"Node_id":7774,"weight":2.0595},
{"Node_id":7775,"weight":2.2681},
{"Node_id":7782,"weight":3.3871},
{"Node_id":7783,"weight":1.5807},
{"Node_id":7784,"weight":2.7586},
{"Node_id":7785,"weight":2.885},
{"Node_id":7786,"weight":4.5653},
{"Node_id":7787,"weight":3.3683},
{"Node_id":7788,"weight":2.7374},
{"Node_id":7791,"weight":2.0485},
{"Node_id":7792,"weight":1.8261},
{"Node_id":7793,"weight":2.9593},
{"Node_id":7794,"weight":2.0565},
{"Node_id":7795,"weight":2.5123},
{"Node_id":7796,"weight":1.4121},
{"Node_id":7797,"weight":2.2061},
{"Node_id":7798,"weight":1.7136},
{"Node_id":7800,"weight":1.7182},
{"Node_id":7803,"weight":2.0605},
{"Node_id":7804,"weight":3.6233},
{"Node_id":7807,"weight":2.6242},
{"Node_id":7808,"weight":1.5771},
{"Node_id":7809,"weight":1.5402},
{"Node_id":7810,"weight":3.2591},
{"Node_id":7811,"weight":1.6754},
{"Node_id":7812,"weight":1.5238},
{"Node_id":7813,"weight":2.0096},
{"Node_id":7814,"weight":2.8381},
{"Node_id":7815,"weight":2.1155},
{"Node_id":7816,"weight":1.5687},
{"Node_id":7817,"weight":1.4014},
{"Node_id":7818,"weight":1.7417},
{"Node_id":7819,"weight":2.3699},
{"Node_id":7822,"weight":1.6078},
{"Node_id":7824,"weight":3.562},
{"Node_id":7825,"weight":2.8633},
{"Node_id":7831,"weight":3.5326},
{"Node_id":7832,"weight":4.0163},
{"Node_id":7833,"weight":3.226},
{"Node_id":7834,"weight":1.7051},
{"Node_id":7835,"weight":2.9113},
{"Node_id":7836,"weight":1.8913},
{"Node_id":7839,"weight":1.6085},
{"Node_id":7840,"weight":1.5999},
{"Node_id":7841,"weight":3.0738},
{"Node_id":7842,"weight":1.5878},
{"Node_id":7974,"weight":2.508},
{"Node_id":7979,"weight":0.1841},
{"Node_id":7980,"weight":0.8449},
{"Node_id":7982,"weight":0.4507},
{"Node_id":7983,"weight":2.1461},
{"Node_id":7984,"weight":0.2363},
{"Node_id":7985,"weight":0.02},
{"Node_id":7986,"weight":1.8128},
{"Node_id":7987,"weight":0.4075},
{"Node_id":7988,"weight":0.3314},
{"Node_id":7991,"weight":3.0162},
{"Node_id":8109,"weight":1.7575},
{"Node_id":8110,"weight":1.7159},
{"Node_id":8111,"weight":0.2128},
{"Node_id":8112,"weight":3.3903},
{"Node_id":8113,"weight":1.1488},
{"Node_id":8114,"weight":1.8626},
{"Node_id":8115,"weight":2.1397},
{"Node_id":8116,"weight":1.607},
{"Node_id":8117,"weight":0.6177},
{"Node_id":8118,"weight":0.4255},
{"Node_id":8119,"weight":0.7446},
{"Node_id":8120,"weight":0.2692},
{"Node_id":8121,"weight":3.0207},
{"Node_id":8122,"weight":0.4532},
{"Node_id":8123,"weight":2.0806},
{"Node_id":8124,"weight":0.5758},
{"Node_id":8125,"weight":1.7591},
{"Node_id":8126,"weight":0.8359},
{"Node_id":8127,"weight":0.1523},
{"Node_id":8128,"weight":3.5884},
{"Node_id":8129,"weight":3.6885},
{"Node_id":8132,"weight":0.5061},
{"Node_id":8133,"weight":0.9609},
{"Node_id":8134,"weight":0.3905},
{"Node_id":8135,"weight":1.7051},
{"Node_id":8136,"weight":3.3407},
{"Node_id":8137,"weight":0.6562},
{"Node_id":8138,"weight":0.4595},
{"Node_id":8139,"weight":2.7803},
{"Node_id":8140,"weight":0.2221},
{"Node_id":8141,"weight":1.2651},
{"Node_id":8142,"weight":3.0072},
{"Node_id":8143,"weight":4.7474},
{"Node_id":8144,"weight":0.4351},
{"Node_id":8145,"weight":1.793},
{"Node_id":8146,"weight":1.6078},
{"Node_id":8147,"weight":1.5715},
{"Node_id":8152,"weight":1.0084},
{"Node_id":8153,"weight":3.3621},
{"Node_id":8294,"weight":6.6441},
{"Node_id":8295,"weight":1.5103},
{"Node_id":8296,"weight":1.9188},
{"Node_id":8611,"weight":0.034},
{"Node_id":8809,"weight":0.6464},
{"Node_id":8930,"weight":2.4671},
{"Node_id":8931,"weight":2.0105},
{"Node_id":9091,"weight":0.479},
{"Node_id":9092,"weight":0.8635},
{"Node_id":9093,"weight":2.0183},
{"Node_id":9094,"weight":1.5779},
{"Node_id":9095,"weight":3.5657},
{"Node_id":9096,"weight":3.8666},
{"Node_id":9097,"weight":3.5508},
{"Node_id":9098,"weight":3.1124},
{"Node_id":9099,"weight":0.3269},
{"Node_id":9100,"weight":8.1114},
{"Node_id":9101,"weight":2.6466},
{"Node_id":9102,"weight":0.457},
{"Node_id":9103,"weight":0.0124},
{"Node_id":9104,"weight":0.9301},
{"Node_id":9105,"weight":0.3677},
{"Node_id":9106,"weight":1.5835},
{"Node_id":9107,"weight":5.4448},
{"Node_id":9108,"weight":0.8161},
{"Node_id":9109,"weight":0.8071},
{"Node_id":9110,"weight":1.2506},
{"Node_id":9111,"weight":0.6522},
{"Node_id":9112,"weight":1.5089},
{"Node_id":9113,"weight":0.405},
{"Node_id":9114,"weight":0.74},
{"Node_id":9115,"weight":1.254},
{"Node_id":9116,"weight":0.359},
{"Node_id":9117,"weight":0.3656},
{"Node_id":9118,"weight":0.338},
{"Node_id":9119,"weight":1.2587},
{"Node_id":9120,"weight":1.602},
{"Node_id":9121,"weight":0.5006},
{"Node_id":9122,"weight":1.9134},
{"Node_id":9123,"weight":0.3992},
{"Node_id":9124,"weight":1.2213},
{"Node_id":9125,"weight":0.9694},
{"Node_id":9129,"weight":1.5548},
{"Node_id":9130,"weight":3.9824},
{"Node_id":9131,"weight":0.8123},
{"Node_id":9132,"weight":0.8655},
{"Node_id":9133,"weight":1.3401},
{"Node_id":9136,"weight":0.9066},
{"Node_id":9139,"weight":0.2136},
{"Node_id":9140,"weight":0.8993},
{"Node_id":9143,"weight":0.7699},
{"Node_id":9144,"weight":1.1999},
{"Node_id":9145,"weight":0.1704},
{"Node_id":9146,"weight":1.5645},
{"Node_id":9147,"weight":2.883},
{"Node_id":9148,"weight":1.9496},
{"Node_id":9149,"weight":4.0634},
{"Node_id":9155,"weight":2.97},
{"Node_id":9156,"weight":0.9774},
{"Node_id":9157,"weight":1.3437},
{"Node_id":9239,"weight":1.0012},
{"Node_id":9240,"weight":0.2031},
{"Node_id":9243,"weight":0.5249},
{"Node_id":9244,"weight":3.2314},
{"Node_id":9245,"weight":0.6664},
{"Node_id":9246,"weight":0.2802},
{"Node_id":9247,"weight":0.5728},
{"Node_id":9248,"weight":1.597},
{"Node_id":9251,"weight":0.4151},
{"Node_id":9252,"weight":3.6636},
{"Node_id":9256,"weight":1.6063},
{"Node_id":9259,"weight":1.0186},
{"Node_id":9260,"weight":0.7295},
{"Node_id":9263,"weight":4.2402},
{"Node_id":9264,"weight":0.1467},
{"Node_id":9265,"weight":0.3801},
{"Node_id":9266,"weight":2.456},
{"Node_id":9267,"weight":1.0959},
{"Node_id":9268,"weight":4.6155},
{"Node_id":9269,"weight":1.9214},
{"Node_id":9270,"weight":0.678},
{"Node_id":9271,"weight":0.658},
{"Node_id":9272,"weight":1.016},
{"Node_id":9273,"weight":0.8128},
{"Node_id":9274,"weight":0.1781},
{"Node_id":9275,"weight":1.4696},
{"Node_id":9276,"weight":1.8948},
{"Node_id":9277,"weight":0.6789},
{"Node_id":9278,"weight":0.5715},
{"Node_id":9279,"weight":2.5008},
{"Node_id":9280,"weight":1.0548},
{"Node_id":9283,"weight":1.8413},
{"Node_id":9284,"weight":0.3129},
{"Node_id":9285,"weight":1.4742},
{"Node_id":9286,"weight":1.6936},
{"Node_id":9287,"weight":1.8211},
{"Node_id":9288,"weight":1.6142},
{"Node_id":9289,"weight":2.0096},
{"Node_id":9290,"weight":0.6937},
{"Node_id":9291,"weight":3.6392},
{"Node_id":9292,"weight":1.5245},
{"Node_id":9293,"weight":1.5892},
{"Node_id":9294,"weight":1.2657},
{"Node_id":9295,"weight":0.0885},
{"Node_id":9296,"weight":1.4565},
{"Node_id":9297,"weight":0.3693},
{"Node_id":9299,"weight":0.7259},
{"Node_id":9300,"weight":4.2051},
{"Node_id":9301,"weight":1.4657},
{"Node_id":9302,"weight":3.2044},
{"Node_id":9303,"weight":0.7023},
{"Node_id":9304,"weight":2.4533},
{"Node_id":9305,"weight":0.038},
{"Node_id":9308,"weight":0.4938},
{"Node_id":9309,"weight":1.0981},
{"Node_id":9310,"weight":0.6588},
{"Node_id":9311,"weight":2.773},
{"Node_id":9390,"weight":2.5852},
{"Node_id":9407,"weight":0.6199},
{"Node_id":9408,"weight":0.3265},
{"Node_id":9409,"weight":3.0715},
{"Node_id":9410,"weight":2.31},
{"Node_id":9411,"weight":0.985},
{"Node_id":9412,"weight":0.6362},
{"Node_id":9413,"weight":2.1928},
{"Node_id":9414,"weight":1.1407},
{"Node_id":9415,"weight":0.2802},
{"Node_id":9416,"weight":0.982},
{"Node_id":9417,"weight":0.4968},
{"Node_id":9493,"weight":0.4968},
{"Node_id":9494,"weight":1.8712},
{"Node_id":9495,"weight":1.7615},
{"Node_id":9496,"weight":2.4049},
{"Node_id":9497,"weight":1.9606},
{"Node_id":9498,"weight":0.0488},
{"Node_id":9499,"weight":0.5641},
{"Node_id":9500,"weight":1.439},
{"Node_id":9501,"weight":2.1155},
{"Node_id":9502,"weight":0.4314},
{"Node_id":9503,"weight":0.8751},
{"Node_id":9504,"weight":0.825},
{"Node_id":9505,"weight":3.1651},
{"Node_id":9507,"weight":1.3963},
{"Node_id":9508,"weight":1.4982},
{"Node_id":9509,"weight":0.6682},
{"Node_id":9510,"weight":0.3302},
{"Node_id":9511,"weight":1.7655},
{"Node_id":9512,"weight":0.0564},
{"Node_id":9513,"weight":0.8293},
{"Node_id":9514,"weight":0.2096},
{"Node_id":9515,"weight":0.1081},
{"Node_id":9516,"weight":0.3269},
{"Node_id":9522,"weight":2.5239},
{"Node_id":9523,"weight":3.5845},
{"Node_id":9524,"weight":0.7501},
{"Node_id":9525,"weight":0.6651},
{"Node_id":9526,"weight":1.079},
{"Node_id":9527,"weight":2.321},
{"Node_id":9528,"weight":1.7167},
{"Node_id":9530,"weight":1.7776},
{"Node_id":9531,"weight":0.9987},
{"Node_id":9534,"weight":0.1523},
{"Node_id":9535,"weight":0.0208},
{"Node_id":9538,"weight":0.7172},
{"Node_id":9539,"weight":0.9356},
{"Node_id":9540,"weight":0.2546},
{"Node_id":9542,"weight":0.1061},
{"Node_id":9543,"weight":1.8012},
{"Node_id":9544,"weight":0.2424},
{"Node_id":9545,"weight":3.7357},
{"Node_id":9546,"weight":1.2921},
{"Node_id":9547,"weight":4.0694},
{"Node_id":9548,"weight":1.0094},
{"Node_id":9549,"weight":0.4671},
{"Node_id":9550,"weight":1.5984},
{"Node_id":9551,"weight":4.4451},
{"Node_id":9554,"weight":1.2709},
{"Node_id":9555,"weight":2.5867},
{"Node_id":9556,"weight":0.646},
{"Node_id":9557,"weight":0.3963},
{"Node_id":9558,"weight":1.5814},
{"Node_id":9559,"weight":2.1994},
{"Node_id":9560,"weight":0.04},
{"Node_id":9561,"weight":0.8944},
{"Node_id":9564,"weight":1.6679},
{"Node_id":9565,"weight":0.0965},
{"Node_id":9566,"weight":2.8633},
{"Node_id":9567,"weight":1.385},
{"Node_id":9568,"weight":0.3996},
{"Node_id":9569,"weight":1.5245},
{"Node_id":9570,"weight":0.6821},
{"Node_id":9571,"weight":0.7694},
{"Node_id":9572,"weight":1.167},
{"Node_id":9573,"weight":1.5451},
{"Node_id":9574,"weight":0.6946},
{"Node_id":9575,"weight":2.1939},
{"Node_id":9576,"weight":1.1909},
{"Node_id":9577,"weight":0.3047},
{"Node_id":9578,"weight":0.5862},
{"Node_id":9579,"weight":1.0507},
{"Node_id":9580,"weight":0.8978},
{"Node_id":9581,"weight":1.5464},
{"Node_id":9582,"weight":1.43},
{"Node_id":9584,"weight":1.5548},
{"Node_id":9585,"weight":1.2785},
{"Node_id":9588,"weight":0.4142},
{"Node_id":9589,"weight":0.174},
{"Node_id":9590,"weight":1.3075},
{"Node_id":14579,"weight":2.2907},
{"Node_id":14584,"weight":3.5398},
{"Node_id":14585,"weight":1.8379},
{"Node_id":14586,"weight":1.3907},
{"Node_id":14588,"weight":4.0049},
{"Node_id":14589,"weight":3.4969},
{"Node_id":14590,"weight":1.7841},
{"Node_id":14591,"weight":2.4966},
{"Node_id":14592,"weight":4.9126},
{"Node_id":14593,"weight":3.562},
{"Node_id":14594,"weight":4.9548},
{"Node_id":14595,"weight":4.7592},
{"Node_id":14596,"weight":2.1873},
{"Node_id":14711,"weight":2.4994},
{"Node_id":14712,"weight":5.4448},
{"Node_id":14713,"weight":1.7988},
{"Node_id":14714,"weight":1.6412},
{"Node_id":14715,"weight":1.4802},
{"Node_id":14716,"weight":1.4683},
{"Node_id":14717,"weight":4.0634},
{"Node_id":14718,"weight":2.895},
{"Node_id":14719,"weight":3.3347},
{"Node_id":14720,"weight":1.6508},
{"Node_id":14721,"weight":3.3777},
{"Node_id":14722,"weight":2.9072},
{"Node_id":14723,"weight":1.4178},
{"Node_id":14724,"weight":2.4881},
{"Node_id":14725,"weight":2.3788},
{"Node_id":14726,"weight":2.9614},
{"Node_id":14727,"weight":1.6664},
{"Node_id":14728,"weight":1.7963},
{"Node_id":14729,"weight":1.9143},
{"Node_id":14730,"weight":1.6523},
{"Node_id":14731,"weight":1.6538},
{"Node_id":14732,"weight":1.9036},
{"Node_id":14734,"weight":3.3999},
{"Node_id":14735,"weight":2.3584},
{"Node_id":14736,"weight":2.1785},
{"Node_id":14737,"weight":2.5224},
{"Node_id":14738,"weight":2.4601},
{"Node_id":14739,"weight":1.7074},
{"Node_id":14740,"weight":1.8834},
{"Node_id":14741,"weight":1.8921},
{"Node_id":14742,"weight":1.39},
{"Node_id":14743,"weight":2.2106},
{"Node_id":14744,"weight":1.9241},
{"Node_id":14745,"weight":1.6627},
{"Node_id":14746,"weight":3.0667},
{"Node_id":14747,"weight":2.0605},
{"Node_id":14748,"weight":2.2895},
{"Node_id":14749,"weight":1.43},
{"Node_id":14754,"weight":2.8305},
{"Node_id":14755,"weight":1.7825},
{"Node_id":14892,"weight":1.6186},
{"Node_id":14893,"weight":2.4754},
{"Node_id":14894,"weight":1.8756},
{"Node_id":15202,"weight":1.7988},
{"Node_id":15384,"weight":2.7098},
{"Node_id":15500,"weight":1.7543},
{"Node_id":15501,"weight":1.9746},
{"Node_id":15637,"weight":1.7898},
{"Node_id":15638,"weight":1.7043},
{"Node_id":15639,"weight":1.6612},
{"Node_id":15640,"weight":1.8669},
{"Node_id":15641,"weight":1.6762},
{"Node_id":15642,"weight":2.2208},
{"Node_id":15643,"weight":3.0297},
{"Node_id":15644,"weight":2.4262},
{"Node_id":15645,"weight":2.4155},
{"Node_id":15646,"weight":3.2017},
{"Node_id":15647,"weight":2.4866},
{"Node_id":15648,"weight":2.9939},
{"Node_id":15649,"weight":4.4538},
{"Node_id":15650,"weight":2.1796},
{"Node_id":15651,"weight":1.8523},
{"Node_id":15652,"weight":2.0038},
{"Node_id":15653,"weight":1.9934},
{"Node_id":15654,"weight":1.5652},
{"Node_id":15655,"weight":1.6792},
{"Node_id":15656,"weight":1.561},
{"Node_id":15657,"weight":1.5892},
{"Node_id":15658,"weight":1.6006},
{"Node_id":15659,"weight":1.7377},
{"Node_id":15660,"weight":2.3321},
{"Node_id":15661,"weight":2.0202},
{"Node_id":15662,"weight":4.284},
{"Node_id":15663,"weight":3.4969},
{"Node_id":15664,"weight":1.5736},
{"Node_id":15665,"weight":1.7857},
{"Node_id":15666,"weight":2.3271},
{"Node_id":15667,"weight":1.873},
{"Node_id":15668,"weight":2.0685},
{"Node_id":15669,"weight":1.8506},
{"Node_id":15670,"weight":2.5609},
{"Node_id":15671,"weight":1.6034},
{"Node_id":15672,"weight":2.0358},
{"Node_id":15675,"weight":3.6801},
{"Node_id":15676,"weight":5.1441},
{"Node_id":15677,"weight":4.0396},
{"Node_id":15678,"weight":2.1611},
{"Node_id":15679,"weight":4.7832},
{"Node_id":15681,"weight":2.6662},
{"Node_id":15682,"weight":2.4208},
{"Node_id":15683,"weight":1.5687},
{"Node_id":15684,"weight":2.8191},
{"Node_id":15685,"weight":1.4935},
{"Node_id":15686,"weight":1.7362},
{"Node_id":15689,"weight":6.1637},
{"Node_id":15690,"weight":1.9359},
{"Node_id":15691,"weight":3.3287},
{"Node_id":15692,"weight":3.0458},
{"Node_id":15693,"weight":2.1165},
{"Node_id":15694,"weight":1.5022},
{"Node_id":15695,"weight":2.5066},
{"Node_id":15699,"weight":2.4089},
{"Node_id":15700,"weight":1.7615},
{"Node_id":15702,"weight":1.9597},
{"Node_id":15703,"weight":2.955},
{"Node_id":15778,"weight":2.1062},
{"Node_id":15779,"weight":1.5949},
{"Node_id":15780,"weight":2.0705},
{"Node_id":15781,"weight":5.1441},
{"Node_id":15783,"weight":1.5582},
{"Node_id":15784,"weight":1.9477},
{"Node_id":15785,"weight":3.4095},
{"Node_id":15786,"weight":1.798},
{"Node_id":15787,"weight":3.8132},
{"Node_id":15788,"weight":5.1794},
{"Node_id":15789,"weight":8.1114},
{"Node_id":15790,"weight":3.5732},
{"Node_id":15791,"weight":6.5699},
{"Node_id":15792,"weight":1.8506},
{"Node_id":15793,"weight":3.2098},
{"Node_id":15794,"weight":2.1665},
{"Node_id":15797,"weight":2.0959},
{"Node_id":15799,"weight":2.2907},
{"Node_id":15800,"weight":5.2734},
{"Node_id":15801,"weight":3.8372},
{"Node_id":15802,"weight":1.6649},
{"Node_id":15803,"weight":2.5775},
{"Node_id":15804,"weight":3.0929},
{"Node_id":15805,"weight":1.7036},
{"Node_id":15806,"weight":2.5297},
{"Node_id":15807,"weight":1.917},
{"Node_id":15808,"weight":1.5416},
{"Node_id":15809,"weight":2.5913},
{"Node_id":15810,"weight":2.2006},
{"Node_id":15811,"weight":2.2073},
{"Node_id":15812,"weight":1.7346},
{"Node_id":15813,"weight":1.7252},
{"Node_id":15814,"weight":2.2871},
{"Node_id":15815,"weight":2.375},
{"Node_id":15816,"weight":1.9487},
{"Node_id":15817,"weight":2.5684},
{"Node_id":15818,"weight":2.4221},
{"Node_id":15819,"weight":1.6523},
{"Node_id":15820,"weight":2.1031},
{"Node_id":15821,"weight":1.7607},
{"Node_id":15822,"weight":1.4045},
{"Node_id":15823,"weight":2.3321},
{"Node_id":15824,"weight":3.5146},
{"Node_id":15825,"weight":3.7991},
{"Node_id":15826,"weight":2.5534},
{"Node_id":15827,"weight":2.2028},
{"Node_id":15828,"weight":1.9896},
{"Node_id":15829,"weight":1.8843},
{"Node_id":15830,"weight":2.8381},
{"Node_id":15831,"weight":1.5076},
{"Node_id":15832,"weight":2.184},
{"Node_id":15833,"weight":2.0416},
{"Node_id":15834,"weight":3.7579},
{"Node_id":15835,"weight":1.9296},
{"Node_id":15836,"weight":2.1093},
{"Node_id":15837,"weight":2.7876},
{"Node_id":15838,"weight":2.2657},
{"Node_id":15839,"weight":3.1651},
{"Node_id":15841,"weight":2.0192},
{"Node_id":15842,"weight":2.6678},
{"Node_id":15843,"weight":2.4768},
{"Node_id":15844,"weight":1.5245},
{"Node_id":15845,"weight":4.7954},
{"Node_id":15846,"weight":1.9896},
{"Node_id":15847,"weight":2.3075},
{"Node_id":15848,"weight":2.5023},
{"Node_id":15849,"weight":1.421},
{"Node_id":15850,"weight":1.7151},
{"Node_id":15851,"weight":1.5575},
{"Node_id":15852,"weight":1.9634},
{"Node_id":15928,"weight":2.6037},
{"Node_id":15944,"weight":2.5341},
{"Node_id":15945,"weight":2.6482},
{"Node_id":15946,"weight":2.2095},
{"Node_id":15947,"weight":2.2634},
{"Node_id":15948,"weight":1.653},
{"Node_id":15949,"weight":1.397},
{"Node_id":15950,"weight":2.5166},
{"Node_id":15951,"weight":1.9468},
{"Node_id":15952,"weight":2.0338},
{"Node_id":15953,"weight":1.7528},
{"Node_id":15954,"weight":1.53},
{"Node_id":16030,"weight":2.9808},
{"Node_id":16031,"weight":4.2402},
{"Node_id":16032,"weight":1.935},
{"Node_id":16033,"weight":1.6792},
{"Node_id":16034,"weight":3.2591},
{"Node_id":16035,"weight":1.6538},
{"Node_id":16036,"weight":2.1568},
{"Node_id":16037,"weight":3.1781},
{"Node_id":16038,"weight":2.881},
{"Node_id":16039,"weight":1.4848},
{"Node_id":16040,"weight":1.5793},
{"Node_id":16041,"weight":3.1833},
{"Node_id":16042,"weight":2.7857},
{"Node_id":16043,"weight":1.659},
{"Node_id":16045,"weight":1.7575},
{"Node_id":16046,"weight":2.2955},
{"Node_id":16047,"weight":2.0202},
{"Node_id":16048,"weight":2.7235},
{"Node_id":16049,"weight":2.1796},
{"Node_id":16050,"weight":2.7339},
{"Node_id":16051,"weight":3.3967},
{"Node_id":16052,"weight":2.4208},
{"Node_id":16053,"weight":1.5652},
{"Node_id":16054,"weight":2.6945},
{"Node_id":16055,"weight":4.1064},
{"Node_id":16059,"weight":1.5259},
{"Node_id":16060,"weight":2.1312},
{"Node_id":16061,"weight":1.5002},
{"Node_id":16062,"weight":6.3182},
{"Node_id":16063,"weight":2.0745},
{"Node_id":16064,"weight":1.4822},
{"Node_id":16065,"weight":1.4848},
{"Node_id":16066,"weight":2.0436},
{"Node_id":16068,"weight":2.4852},
{"Node_id":16069,"weight":1.8643},
{"Node_id":16070,"weight":3.1651},
{"Node_id":16071,"weight":3.7357},
{"Node_id":16072,"weight":1.3932},
{"Node_id":16073,"weight":1.4975},
{"Node_id":16074,"weight":1.8037},
{"Node_id":16075,"weight":1.5963},
{"Node_id":16076,"weight":2.5224},
{"Node_id":16077,"weight":3.842},
{"Node_id":16078,"weight":2.1622},
{"Node_id":16080,"weight":5.8401},
{"Node_id":16081,"weight":1.6906},
{"Node_id":16082,"weight":1.7736},
{"Node_id":16083,"weight":1.9296},
{"Node_id":16084,"weight":2.7857},
{"Node_id":16085,"weight":2.3546},
{"Node_id":16086,"weight":3.776},
{"Node_id":16087,"weight":4.0694},
{"Node_id":16088,"weight":2.4671},
{"Node_id":16089,"weight":2.173},
{"Node_id":16090,"weight":1.752},
{"Node_id":16091,"weight":2.0038},
{"Node_id":16092,"weight":1.4371},
{"Node_id":16093,"weight":2.7081},
{"Node_id":16094,"weight":1.4835},
{"Node_id":16095,"weight":1.9962},
{"Node_id":16096,"weight":2.727},
{"Node_id":16097,"weight":2.2517},
{"Node_id":16098,"weight":2.3648},
{"Node_id":16099,"weight":3.596},
{"Node_id":16101,"weight":2.4275},
{"Node_id":16102,"weight":1.9277},
{"Node_id":16103,"weight":2.3866},
{"Node_id":16104,"weight":5.3992},
{"Node_id":16105,"weight":1.4624},
{"Node_id":16106,"weight":1.5485},
{"Node_id":16107,"weight":2.3395},
{"Node_id":16108,"weight":1.8895},
{"Node_id":16109,"weight":2.4588},
{"Node_id":16110,"weight":2.2799},
{"Node_id":16111,"weight":2.8652},
{"Node_id":16112,"weight":1.5062},
{"Node_id":16113,"weight":1.4881},
{"Node_id":16114,"weight":1.5842},
{"Node_id":16115,"weight":1.4921},
{"Node_id":16116,"weight":1.8078},
{"Node_id":16117,"weight":1.776},
{"Node_id":16118,"weight":3.305},
{"Node_id":16119,"weight":2.5959},
{"Node_id":16120,"weight":1.6974},
{"Node_id":16122,"weight":1.4848},
{"Node_id":16123,"weight":2.881},
{"Node_id":16124,"weight":1.7401},
{"Node_id":16125,"weight":2.3234},
{"Node_id":16126,"weight":1.6208},
{"Node_id":16127,"weight":2.6563},
{"Node_id":16128,"weight":1.6486},
{"Node_id":16129,"weight":1.9332},
{"Node_id":16130,"weight":1.8523},
{"Node_id":16131,"weight":2.8229},
{"Node_id":16132,"weight":2.5579}]