[{"Node_id":9,"weight":2.0907},
{"Node_id":10,"weight":6.0725},
{"Node_id":11,"weight":2.8574},
{"Node_id":12,"weight":1.4178},
{"Node_id":13,"weight":1.5992},
{"Node_id":14,"weight":2.1719},
{"Node_id":15,"weight":1.5035},
{"Node_id":16,"weight":1.3882},
{"Node_id":17,"weight":2.2576},
{"Node_id":18,"weight":3.3652},
{"Node_id":19,"weight":2.5254},
{"Node_id":20,"weight":1.7105},
{"Node_id":21,"weight":4.8458},
{"Node_id":22,"weight":2.2552},
{"Node_id":23,"weight":1.3988},
{"Node_id":24,"weight":1.4172},
{"Node_id":25,"weight":1.6523},
{"Node_id":26,"weight":1.7963},
{"Node_id":27,"weight":4.1002},
{"Node_id":28,"weight":2.5066},
{"Node_id":29,"weight":2.5385},
{"Node_id":30,"weight":2.877},
{"Node_id":31,"weight":1.9523},
{"Node_id":32,"weight":2.5714},
{"Node_id":33,"weight":1.4565},
{"Node_id":34,"weight":1.744},
{"Node_id":35,"weight":1.6732},
{"Node_id":36,"weight":1.798},
{"Node_id":37,"weight":1.9305},
{"Node_id":38,"weight":1.4229},
{"Node_id":39,"weight":1.543},
{"Node_id":40,"weight":4.1711},
{"Node_id":41,"weight":2.6711},
{"Node_id":42,"weight":2.205},
{"Node_id":43,"weight":3.1347},
{"Node_id":44,"weight":1.4815},
{"Node_id":45,"weight":1.752},
{"Node_id":46,"weight":3.0252},
{"Node_id":47,"weight":1.6368},
{"Node_id":48,"weight":2.9593},
{"Node_id":49,"weight":3.1964},
{"Node_id":50,"weight":2.0565},
{"Node_id":51,"weight":1.9296},
{"Node_id":52,"weight":1.8136},
{"Node_id":53,"weight":2.2242},
{"Node_id":54,"weight":2.3571},
{"Node_id":55,"weight":3.8038},
{"Node_id":56,"weight":2.0938},
{"Node_id":57,"weight":2.0745},
{"Node_id":58,"weight":2.5123},
{"Node_id":59,"weight":1.5786},
{"Node_id":60,"weight":1.726},
{"Node_id":61,"weight":1.4663},
{"Node_id":62,"weight":2.6563},
{"Node_id":63,"weight":1.4147},
{"Node_id":64,"weight":2.9011},
{"Node_id":65,"weight":5.2347},
{"Node_id":66,"weight":3.4095},
{"Node_id":67,"weight":3.4225},
{"Node_id":68,"weight":1.8557},
{"Node_id":69,"weight":2.6498},
{"Node_id":70,"weight":2.1134},
{"Node_id":71,"weight":2.366},
{"Node_id":72,"weight":1.9395},
{"Node_id":73,"weight":3.1859},
{"Node_id":74,"weight":2.2907},
{"Node_id":75,"weight":1.8337},
{"Node_id":76,"weight":1.5652},
{"Node_id":77,"weight":2.543},
{"Node_id":78,"weight":5.8061},
{"Node_id":79,"weight":3.6969},
{"Node_id":80,"weight":2.1774},
{"Node_id":81,"weight":1.4795},
{"Node_id":82,"weight":1.3944},
{"Node_id":83,"weight":2.3222},
{"Node_id":84,"weight":1.8012},
{"Node_id":85,"weight":5.2933},
{"Node_id":88,"weight":1.5652},
{"Node_id":89,"weight":2.5944},
{"Node_id":90,"weight":2.0856},
{"Node_id":91,"weight":1.5029},
{"Node_id":92,"weight":2.8751},
{"Node_id":93,"weight":1.5361},
{"Node_id":94,"weight":3.2342},
{"Node_id":95,"weight":1.9432},
{"Node_id":96,"weight":1.639},
{"Node_id":97,"weight":2.0436},
{"Node_id":100,"weight":5.7105},
{"Node_id":137,"weight":1.8834},
{"Node_id":138,"weight":1.6657},
{"Node_id":139,"weight":2.0918},
{"Node_id":140,"weight":4.8588},
{"Node_id":141,"weight":2.9257},
{"Node_id":142,"weight":3.4323},
{"Node_id":152,"weight":1.8756},
{"Node_id":208,"weight":4.1982},
{"Node_id":209,"weight":3.6392},
{"Node_id":210,"weight":1.9727},
{"Node_id":211,"weight":5.7414},
{"Node_id":212,"weight":3.0929},
{"Node_id":213,"weight":2.3609},
{"Node_id":214,"weight":1.7113},
{"Node_id":215,"weight":1.4268},
{"Node_id":218,"weight":2.9896},
{"Node_id":219,"weight":2.0938},
{"Node_id":220,"weight":3.6718},
{"Node_id":221,"weight":2.1124},
{"Node_id":222,"weight":2.5519},
{"Node_id":223,"weight":2.3445},
{"Node_id":224,"weight":1.5527},
{"Node_id":225,"weight":1.752},
{"Node_id":226,"weight":2.7658},
{"Node_id":227,"weight":1.9241},
{"Node_id":228,"weight":1.8506},
{"Node_id":229,"weight":2.4951},
{"Node_id":230,"weight":3.3168},
{"Node_id":231,"weight":1.9368},
{"Node_id":232,"weight":2.2599},
{"Node_id":233,"weight":1.8532},
{"Node_id":234,"weight":2.2379},
{"Node_id":235,"weight":1.8379},
{"Node_id":236,"weight":3.6718},
{"Node_id":237,"weight":1.6317},
{"Node_id":238,"weight":3.7624},
{"Node_id":239,"weight":1.5617},
{"Node_id":240,"weight":1.8566},
{"Node_id":241,"weight":1.8575},
{"Node_id":242,"weight":1.6013},
{"Node_id":246,"weight":2.508},
{"Node_id":247,"weight":1.4198},
{"Node_id":248,"weight":2.4478},
{"Node_id":249,"weight":1.4474},
{"Node_id":250,"weight":3.0229},
{"Node_id":251,"weight":2.0377},
{"Node_id":252,"weight":1.5218},
{"Node_id":485,"weight":4.833},
{"Node_id":486,"weight":1.5485},
{"Node_id":487,"weight":2.3063},
{"Node_id":488,"weight":1.8957},
{"Node_id":491,"weight":4.1914},
{"Node_id":492,"weight":4.3534},
{"Node_id":493,"weight":1.6302},
{"Node_id":494,"weight":1.8738},
{"Node_id":495,"weight":1.5245},
{"Node_id":496,"weight":5.0294},
{"Node_id":497,"weight":1.5807},
{"Node_id":498,"weight":3.8716},
{"Node_id":499,"weight":2.2907},
{"Node_id":500,"weight":2.6612},
{"Node_id":501,"weight":2.2061},
{"Node_id":502,"weight":1.5218},
{"Node_id":503,"weight":2.2017},
{"Node_id":504,"weight":5.3771},
{"Node_id":505,"weight":2.3918},
{"Node_id":506,"weight":1.5327},
{"Node_id":507,"weight":1.5527},
{"Node_id":508,"weight":2.2448},
{"Node_id":652,"weight":5.2347},
{"Node_id":653,"weight":1.9606},
{"Node_id":654,"weight":1.7719},
{"Node_id":655,"weight":1.4474},
{"Node_id":656,"weight":2.4768},
{"Node_id":667,"weight":1.7417},
{"Node_id":668,"weight":2.9808},
{"Node_id":671,"weight":1.4128},
{"Node_id":672,"weight":1.5992},
{"Node_id":673,"weight":1.6762},
{"Node_id":674,"weight":2.0212},
{"Node_id":675,"weight":3.0389},
{"Node_id":676,"weight":3.3377},
{"Node_id":721,"weight":2.6337},
{"Node_id":722,"weight":1.7448},
{"Node_id":723,"weight":1.6331},
{"Node_id":724,"weight":2.0397},
{"Node_id":725,"weight":1.7464},
{"Node_id":726,"weight":1.9802},
{"Node_id":727,"weight":2.027},
{"Node_id":728,"weight":1.5828},
{"Node_id":729,"weight":3.0504},
{"Node_id":730,"weight":1.4281},
{"Node_id":731,"weight":2.1557},
{"Node_id":732,"weight":1.7881},
{"Node_id":741,"weight":2.645},
{"Node_id":742,"weight":1.575},
{"Node_id":788,"weight":4.212},
{"Node_id":789,"weight":3.5326},
{"Node_id":790,"weight":3.248},
{"Node_id":791,"weight":1.4526},
{"Node_id":831,"weight":2.9917},
{"Node_id":832,"weight":1.5779},
{"Node_id":833,"weight":2.1503},
{"Node_id":834,"weight":1.465},
{"Node_id":835,"weight":1.9811},
{"Node_id":836,"weight":1.4526},
{"Node_id":837,"weight":1.5771},
{"Node_id":838,"weight":1.8062},
{"Node_id":839,"weight":2.0125},
{"Node_id":840,"weight":5.7414},
{"Node_id":841,"weight":4.1318},
{"Node_id":842,"weight":2.5371},
{"Node_id":843,"weight":2.1323},
{"Node_id":844,"weight":1.4223},
{"Node_id":845,"weight":4.3858},
{"Node_id":846,"weight":4.4364},
{"Node_id":847,"weight":1.4064},
{"Node_id":848,"weight":1.4533},
{"Node_id":849,"weight":1.513},
{"Node_id":850,"weight":1.7036},
{"Node_id":851,"weight":2.1218},
{"Node_id":852,"weight":4.4451},
{"Node_id":853,"weight":1.6538},
{"Node_id":854,"weight":2.2185},
{"Node_id":855,"weight":1.7535},
{"Node_id":856,"weight":2.102},
{"Node_id":857,"weight":1.397},
{"Node_id":858,"weight":2.0685},
{"Node_id":859,"weight":1.8851},
{"Node_id":860,"weight":1.8379},
{"Node_id":861,"weight":5.6515},
{"Node_id":862,"weight":1.8992},
{"Node_id":863,"weight":1.7939},
{"Node_id":864,"weight":2.0125},
{"Node_id":865,"weight":2.5594},
{"Node_id":866,"weight":1.7244},
{"Node_id":867,"weight":3.6969},
{"Node_id":868,"weight":3.1703},
{"Node_id":869,"weight":1.5184},
{"Node_id":870,"weight":1.3869},
{"Node_id":871,"weight":2.1829},
{"Node_id":872,"weight":2.2196},
{"Node_id":873,"weight":1.9597},
{"Node_id":874,"weight":2.8477},
{"Node_id":875,"weight":1.6694},
{"Node_id":876,"weight":3.577},
{"Node_id":877,"weight":2.889},
{"Node_id":878,"weight":2.885},
{"Node_id":879,"weight":1.5259},
{"Node_id":880,"weight":3.8567},
{"Node_id":881,"weight":3.3079},
{"Node_id":882,"weight":1.8354},
{"Node_id":883,"weight":1.7736},
{"Node_id":884,"weight":3.714},
{"Node_id":885,"weight":1.8371},
{"Node_id":886,"weight":2.9808},
{"Node_id":887,"weight":2.9614},
{"Node_id":888,"weight":3.4934},
{"Node_id":889,"weight":1.3882},
{"Node_id":890,"weight":1.7623},
{"Node_id":891,"weight":2.3711},
{"Node_id":892,"weight":1.4313},
{"Node_id":893,"weight":1.5527},
{"Node_id":894,"weight":2.2599},
{"Node_id":895,"weight":2.0029},
{"Node_id":896,"weight":2.6596},
{"Node_id":897,"weight":1.9359},
{"Node_id":898,"weight":2.9381},
{"Node_id":899,"weight":2.9174},
{"Node_id":900,"weight":1.6171},
{"Node_id":901,"weight":1.8103},
{"Node_id":902,"weight":1.5334},
{"Node_id":903,"weight":2.887},
{"Node_id":904,"weight":1.8186},
{"Node_id":905,"weight":1.9542},
{"Node_id":916,"weight":1.6785},
{"Node_id":917,"weight":3.0006},
{"Node_id":918,"weight":2.1785},
{"Node_id":919,"weight":3.0786},
{"Node_id":920,"weight":3.8275},
{"Node_id":921,"weight":1.7881},
{"Node_id":922,"weight":3.055},
{"Node_id":923,"weight":1.9662},
{"Node_id":924,"weight":2.4671},
{"Node_id":925,"weight":3.2905},
{"Node_id":926,"weight":1.901},
{"Node_id":927,"weight":1.9802},
{"Node_id":928,"weight":1.9802},
{"Node_id":929,"weight":7.8236},
{"Node_id":933,"weight":1.6913},
{"Node_id":934,"weight":2.645},
{"Node_id":935,"weight":4.0163},
{"Node_id":936,"weight":1.4915},
{"Node_id":937,"weight":1.5347},
{"Node_id":938,"weight":2.6531},
{"Node_id":939,"weight":2.2611},
{"Node_id":1018,"weight":4.3454},
{"Node_id":1019,"weight":2.8248},
{"Node_id":1022,"weight":2.4994},
{"Node_id":1023,"weight":1.748},
{"Node_id":1024,"weight":1.4855},
{"Node_id":1025,"weight":2.764},
{"Node_id":1026,"weight":1.8721},
{"Node_id":1027,"weight":2.4492},
{"Node_id":1028,"weight":1.8904},
{"Node_id":1029,"weight":1.9783},
{"Node_id":1030,"weight":1.6508},
{"Node_id":1031,"weight":2.1302},
{"Node_id":1032,"weight":2.4356},
{"Node_id":1033,"weight":2.0897},
{"Node_id":1034,"weight":3.1322},
{"Node_id":1035,"weight":1.956},
{"Node_id":1036,"weight":4.5362},
{"Node_id":1037,"weight":2.8574},
{"Node_id":1040,"weight":4.6053},
{"Node_id":1041,"weight":2.7839},
{"Node_id":1042,"weight":1.5177},
{"Node_id":1043,"weight":1.414},
{"Node_id":1044,"weight":1.7496},
{"Node_id":1045,"weight":2.0318},
{"Node_id":1046,"weight":3.2424},
{"Node_id":1047,"weight":1.8756},
{"Node_id":1111,"weight":2.5371},
{"Node_id":1112,"weight":1.414},
{"Node_id":1113,"weight":2.4643},
{"Node_id":1142,"weight":1.8128},
{"Node_id":1143,"weight":1.4461},
{"Node_id":1144,"weight":2.0446},
{"Node_id":1145,"weight":2.5821},
{"Node_id":1146,"weight":3.4761},
{"Node_id":1147,"weight":1.5062},
{"Node_id":1148,"weight":2.0989},
{"Node_id":1149,"weight":2.3788},
{"Node_id":1150,"weight":1.5485},
{"Node_id":1151,"weight":4.4108},
{"Node_id":1154,"weight":1.4384},
{"Node_id":1155,"weight":2.7551},
{"Node_id":1156,"weight":1.7409},
{"Node_id":1157,"weight":2.1333},
{"Node_id":1158,"weight":1.9634},
{"Node_id":1159,"weight":1.8111},
{"Node_id":1160,"weight":2.7604},
{"Node_id":1161,"weight":1.5779},
{"Node_id":1162,"weight":4.1383},
{"Node_id":1163,"weight":1.4565},
{"Node_id":1164,"weight":3.6233},
{"Node_id":1165,"weight":1.7599},
{"Node_id":1166,"weight":2.5806},
{"Node_id":1167,"weight":1.4096},
{"Node_id":1168,"weight":3.9072},
{"Node_id":1169,"weight":1.8211},
{"Node_id":1170,"weight":2.5312},
{"Node_id":1171,"weight":1.8037},
{"Node_id":1172,"weight":2.9657},
{"Node_id":1173,"weight":2.6514},
{"Node_id":1174,"weight":1.4229},
{"Node_id":1175,"weight":2.7132},
{"Node_id":1176,"weight":1.8404},
{"Node_id":1177,"weight":1.9332},
{"Node_id":1178,"weight":2.5867},
{"Node_id":1179,"weight":1.6694},
{"Node_id":1180,"weight":4.119},
{"Node_id":1181,"weight":2.4937},
{"Node_id":1182,"weight":3.9992},
{"Node_id":1183,"weight":1.9268},
{"Node_id":1184,"weight":1.4351},
{"Node_id":1185,"weight":1.5361},
{"Node_id":1186,"weight":1.6501},
{"Node_id":1187,"weight":1.9001},
{"Node_id":1202,"weight":0.1294},
{"Node_id":1203,"weight":1.2721},
{"Node_id":1204,"weight":3.2676},
{"Node_id":1205,"weight":0.036},
{"Node_id":1206,"weight":2.8691},
{"Node_id":1211,"weight":2.7046},
{"Node_id":1212,"weight":0.5266},
{"Node_id":1213,"weight":0.49},
{"Node_id":1214,"weight":1.62},
{"Node_id":1215,"weight":2.1763},
{"Node_id":1216,"weight":0.6955},
{"Node_id":1217,"weight":2.5166},
{"Node_id":1218,"weight":5.4448},
{"Node_id":1219,"weight":1.9072},
{"Node_id":1220,"weight":0.6239},
{"Node_id":1221,"weight":0.9529},
{"Node_id":1222,"weight":1.0716},
{"Node_id":1223,"weight":0.944},
{"Node_id":1224,"weight":1.9569},
{"Node_id":1225,"weight":1.6822},
{"Node_id":1226,"weight":0.8274},
{"Node_id":1231,"weight":1.2856},
{"Node_id":1232,"weight":2.0755},
{"Node_id":1233,"weight":0.1519},
{"Node_id":1245,"weight":0.388},
{"Node_id":1246,"weight":1.2448},
{"Node_id":1250,"weight":0.7598},
{"Node_id":1252,"weight":2.498},
{"Node_id":1253,"weight":1.827},
{"Node_id":1276,"weight":4.0878},
{"Node_id":1277,"weight":1.8245},
{"Node_id":1278,"weight":2.173},
{"Node_id":1279,"weight":2.1741},
{"Node_id":1280,"weight":0.6803},
{"Node_id":1281,"weight":3.2876},
{"Node_id":1282,"weight":0.7755},
{"Node_id":1283,"weight":3.7011},
{"Node_id":1284,"weight":0.7829},
{"Node_id":1288,"weight":1.4435},
{"Node_id":1289,"weight":4.8588},
{"Node_id":1291,"weight":2.5459},
{"Node_id":1292,"weight":0.2258},
{"Node_id":1293,"weight":1.7089},
{"Node_id":1294,"weight":2.9153},
{"Node_id":1295,"weight":0.2302},
{"Node_id":1296,"weight":3.429},
{"Node_id":1299,"weight":0.3437},
{"Node_id":1300,"weight":0.2294},
{"Node_id":1303,"weight":0.9579},
{"Node_id":1306,"weight":0.3602},
{"Node_id":1307,"weight":3.6233},
{"Node_id":1308,"weight":1.6128},
{"Node_id":1309,"weight":2.1763},
{"Node_id":1310,"weight":4.8988},
{"Node_id":1311,"weight":1.7535},
{"Node_id":1312,"weight":0.6678},
{"Node_id":1313,"weight":1.0465},
{"Node_id":1314,"weight":0.8231},
{"Node_id":1333,"weight":1.4191},
{"Node_id":1334,"weight":1.1859},
{"Node_id":1339,"weight":1.6258},
{"Node_id":1340,"weight":0.3174},
{"Node_id":1343,"weight":0.9203},
{"Node_id":1344,"weight":0.9346},
{"Node_id":1345,"weight":2.5195},
{"Node_id":1346,"weight":1.0997},
{"Node_id":1347,"weight":1.08},
{"Node_id":1348,"weight":0.3293},
{"Node_id":1349,"weight":0.2055},
{"Node_id":1352,"weight":1.1698},
{"Node_id":1353,"weight":0.3756},
{"Node_id":1354,"weight":1.969},
{"Node_id":1355,"weight":0.5849},
{"Node_id":1356,"weight":0.216},
{"Node_id":1357,"weight":0.0532},
{"Node_id":1362,"weight":3.818},
{"Node_id":1363,"weight":0.2408},
{"Node_id":1364,"weight":3.7401},
{"Node_id":1365,"weight":0.9982},
{"Node_id":1366,"weight":0.4608},
{"Node_id":1367,"weight":0.2884},
{"Node_id":1368,"weight":1.5437},
{"Node_id":1369,"weight":1.1914},
{"Node_id":1370,"weight":0.7332},
{"Node_id":1371,"weight":0.9714},
{"Node_id":1372,"weight":0.9115},
{"Node_id":1373,"weight":0.4768},
{"Node_id":1374,"weight":0.2745},
{"Node_id":1375,"weight":0.9095},
{"Node_id":1376,"weight":0.1141},
{"Node_id":1377,"weight":0.1491},
{"Node_id":1378,"weight":0.4879},
{"Node_id":1381,"weight":0.1322},
{"Node_id":1382,"weight":0.5155},
{"Node_id":1503,"weight":0.6879},
{"Node_id":1504,"weight":1.8379},
{"Node_id":1505,"weight":1.2396},
{"Node_id":2279,"weight":0.9041},
{"Node_id":2280,"weight":1.3462},
{"Node_id":2281,"weight":0.4297},
{"Node_id":2283,"weight":1.8904},
{"Node_id":2285,"weight":0.7745},
{"Node_id":2286,"weight":1.2145},
{"Node_id":2287,"weight":0.9494},
{"Node_id":2288,"weight":1.39},
{"Node_id":2289,"weight":2.9896},
{"Node_id":2290,"weight":0.2282},
{"Node_id":2291,"weight":4.3694},
{"Node_id":2292,"weight":1.8878},
{"Node_id":2293,"weight":1.033},
{"Node_id":2294,"weight":2.1333},
{"Node_id":2295,"weight":0.6682},
{"Node_id":2296,"weight":0.2896},
{"Node_id":2301,"weight":0.7773},
{"Node_id":2302,"weight":1.8203},
{"Node_id":2303,"weight":3.5326},
{"Node_id":2304,"weight":1.3081},
{"Node_id":2308,"weight":0.4084},
{"Node_id":2309,"weight":0.1378},
{"Node_id":2310,"weight":1.2202},
{"Node_id":2311,"weight":2.4356},
{"Node_id":2315,"weight":1.2727},
{"Node_id":2316,"weight":0.9997},
{"Node_id":2317,"weight":0.8217},
{"Node_id":2318,"weight":1.139},
{"Node_id":2319,"weight":1.6837},
{"Node_id":2320,"weight":0.2152},
{"Node_id":2321,"weight":2.3039},
{"Node_id":2322,"weight":1.2791},
{"Node_id":2323,"weight":0.1197},
{"Node_id":2324,"weight":0.1987},
{"Node_id":2327,"weight":5.4927},
{"Node_id":2328,"weight":2.7586},
{"Node_id":2329,"weight":0.1463},
{"Node_id":2332,"weight":3.429},
{"Node_id":2333,"weight":1.1521},
{"Node_id":2334,"weight":2.3075},
{"Node_id":2335,"weight":2.6547},
{"Node_id":2336,"weight":3.0809},
{"Node_id":2337,"weight":1.4102},
{"Node_id":2340,"weight":0.7727},
{"Node_id":2345,"weight":2.7409},
{"Node_id":2346,"weight":2.4329},
{"Node_id":2347,"weight":3.6677},
{"Node_id":2348,"weight":1.7535},
{"Node_id":2349,"weight":0.9198},
{"Node_id":2350,"weight":0.6843},
{"Node_id":2351,"weight":1.3376},
{"Node_id":2354,"weight":0.4726},
{"Node_id":2355,"weight":1.2208},
{"Node_id":2356,"weight":1.901},
{"Node_id":2361,"weight":0.4604},
{"Node_id":2362,"weight":0.7713},
{"Node_id":2363,"weight":0.3789},
{"Node_id":2364,"weight":0.9494},
{"Node_id":2365,"weight":1.2236},
{"Node_id":2366,"weight":2.5836},
{"Node_id":2369,"weight":1.5561},
{"Node_id":2372,"weight":0.3417},
{"Node_id":2373,"weight":0.7662},
{"Node_id":2374,"weight":0.4938},
{"Node_id":2375,"weight":1.8236},
{"Node_id":2413,"weight":1.9615},
{"Node_id":2414,"weight":1.0906},
{"Node_id":2415,"weight":0.4583},
{"Node_id":2416,"weight":0.8731},
{"Node_id":2417,"weight":0.6745},
{"Node_id":2420,"weight":1.1703},
{"Node_id":2423,"weight":0.7487},
{"Node_id":2426,"weight":1.3004},
{"Node_id":2427,"weight":5.5957},
{"Node_id":2428,"weight":0.2039},
{"Node_id":2429,"weight":0.054},
{"Node_id":2430,"weight":0.4515},
{"Node_id":2431,"weight":1.7504},
{"Node_id":2432,"weight":1.6501},
{"Node_id":2433,"weight":1.268},
{"Node_id":2434,"weight":0.8487},
{"Node_id":2435,"weight":0.5147},
{"Node_id":2436,"weight":0.5555},
{"Node_id":2437,"weight":0.795},
{"Node_id":2438,"weight":0.9479},
{"Node_id":2441,"weight":2.6162},
{"Node_id":2442,"weight":2.4909},
{"Node_id":2443,"weight":1.5265},
{"Node_id":2444,"weight":0.3677},
{"Node_id":2445,"weight":0.725},
{"Node_id":2446,"weight":1.5008},
{"Node_id":2447,"weight":0.5177},
{"Node_id":4517,"weight":1.0299},
{"Node_id":4518,"weight":2.508},
{"Node_id":4521,"weight":1.014},
{"Node_id":4522,"weight":2.1418},
{"Node_id":4523,"weight":3.818},
{"Node_id":4524,"weight":3.2619},
{"Node_id":4525,"weight":0.8179},
{"Node_id":4526,"weight":0.7286},
{"Node_id":4534,"weight":0.4692},
{"Node_id":4535,"weight":1.8103},
{"Node_id":4536,"weight":3.7669},
{"Node_id":4537,"weight":2.7287},
{"Node_id":4542,"weight":2.1676},
{"Node_id":4543,"weight":0.4811},
{"Node_id":4544,"weight":1.5645},
{"Node_id":4545,"weight":2.1535},
{"Node_id":4546,"weight":1.5652},
{"Node_id":4548,"weight":0.0624},
{"Node_id":4784,"weight":1.6114},
{"Node_id":4785,"weight":2.0125},
{"Node_id":4857,"weight":0.5941},
{"Node_id":4858,"weight":3.1247},
{"Node_id":4859,"weight":4.1448},
{"Node_id":4860,"weight":1.7744},
{"Node_id":4861,"weight":1.1803},
{"Node_id":4862,"weight":1.7307},
{"Node_id":4865,"weight":0.4912},
{"Node_id":4866,"weight":1.9027},
{"Node_id":4867,"weight":1.0222},
{"Node_id":4868,"weight":0.5117},
{"Node_id":4869,"weight":1.7792},
{"Node_id":4870,"weight":1.8704},
{"Node_id":4871,"weight":0.131},
{"Node_id":4872,"weight":0.4591},
{"Node_id":4873,"weight":0.8789},
{"Node_id":4874,"weight":0.4604},
{"Node_id":4875,"weight":0.8886},
{"Node_id":4878,"weight":1.3261},
{"Node_id":4879,"weight":4.0396},
{"Node_id":4883,"weight":4.833},
{"Node_id":4884,"weight":0.7291},
{"Node_id":4889,"weight":1.6013},
{"Node_id":4896,"weight":3.4624},
{"Node_id":4897,"weight":3.4095},
{"Node_id":4904,"weight":7.418},
{"Node_id":4905,"weight":1.5389},
{"Node_id":4906,"weight":1.9089},
{"Node_id":4907,"weight":1.1792},
{"Node_id":4908,"weight":0.1342},
{"Node_id":4909,"weight":0.4084},
{"Node_id":4910,"weight":3.727},
{"Node_id":4911,"weight":0.322},
{"Node_id":4912,"weight":3.577},
{"Node_id":4917,"weight":2.2646},
{"Node_id":4918,"weight":0.6517},
{"Node_id":4919,"weight":0.1451},
{"Node_id":4920,"weight":2.9896},
{"Node_id":4921,"weight":2.0816},
{"Node_id":4922,"weight":0.3232},
{"Node_id":4925,"weight":0.3146},
{"Node_id":4926,"weight":0.6177},
{"Node_id":4927,"weight":0.911},
{"Node_id":4931,"weight":2.3309},
{"Node_id":4932,"weight":1.0658},
{"Node_id":4943,"weight":0.9435},
{"Node_id":4944,"weight":0.2615},
{"Node_id":4945,"weight":1.8939},
{"Node_id":4946,"weight":1.7159},
{"Node_id":4949,"weight":1.0616},
{"Node_id":4950,"weight":3.0458},
{"Node_id":4951,"weight":2.1632},
{"Node_id":4952,"weight":0.1595},
{"Node_id":4953,"weight":1.0711},
{"Node_id":4955,"weight":0.1511},
{"Node_id":4956,"weight":0.1648},
{"Node_id":4957,"weight":0.9901},
{"Node_id":4958,"weight":1.2282},
{"Node_id":4959,"weight":0.3586},
{"Node_id":4960,"weight":1.8029},
{"Node_id":4961,"weight":1.0284},
{"Node_id":4962,"weight":2.1578},
{"Node_id":4963,"weight":1.5942},
{"Node_id":4964,"weight":0.5989},
{"Node_id":4965,"weight":0.9169},
{"Node_id":4966,"weight":1.5136},
{"Node_id":4967,"weight":1.2049},
{"Node_id":4968,"weight":0.5741},
{"Node_id":4969,"weight":2.1041},
{"Node_id":4970,"weight":1.5423},
{"Node_id":4971,"weight":1.7276},
{"Node_id":4972,"weight":0.4176},
{"Node_id":5002,"weight":0.6646},
{"Node_id":5003,"weight":2.1719},
{"Node_id":5004,"weight":1.0038},
{"Node_id":5005,"weight":2.2943},
{"Node_id":5006,"weight":0.403},
{"Node_id":5009,"weight":0.9139},
{"Node_id":5014,"weight":6.2126},
{"Node_id":5023,"weight":3.055},
{"Node_id":5024,"weight":0.4038},
{"Node_id":5025,"weight":1.4172},
{"Node_id":5026,"weight":1.295},
{"Node_id":5027,"weight":0.2007},
{"Node_id":5028,"weight":2.7339},
{"Node_id":5029,"weight":0.8161},
{"Node_id":5030,"weight":0.3826},
{"Node_id":5031,"weight":0.6504},
{"Node_id":5032,"weight":0.854},
{"Node_id":5033,"weight":1.4236},
{"Node_id":5034,"weight":0.4629},
{"Node_id":5041,"weight":1.0423},
{"Node_id":5051,"weight":1.0774},
{"Node_id":5052,"weight":1.4908},
{"Node_id":5053,"weight":1.4631},
{"Node_id":5054,"weight":2.0775},
{"Node_id":5055,"weight":1.789},
{"Node_id":5056,"weight":1.1072},
{"Node_id":5057,"weight":2.3309},
{"Node_id":5058,"weight":0.9159},
{"Node_id":5059,"weight":0.8132},
{"Node_id":5060,"weight":1.1903},
{"Node_id":5061,"weight":1.6383},
{"Node_id":5062,"weight":0.8001},
{"Node_id":5065,"weight":1.8834},
{"Node_id":5066,"weight":1.2809},
{"Node_id":5067,"weight":2.0029},
{"Node_id":5068,"weight":1.9736},
{"Node_id":5072,"weight":0.9105},
{"Node_id":5073,"weight":1.8489},
{"Node_id":5074,"weight":3.1075},
{"Node_id":5075,"weight":0.9464},
{"Node_id":5076,"weight":0.0748},
{"Node_id":5077,"weight":0.2603},
{"Node_id":5078,"weight":1.2529},
{"Node_id":5080,"weight":0.3805},
{"Node_id":5081,"weight":4.5174},
{"Node_id":5082,"weight":0.0748},
{"Node_id":5083,"weight":1.2145},
{"Node_id":5084,"weight":3.0881},
{"Node_id":5085,"weight":0.3569},
{"Node_id":5086,"weight":0.4184},
{"Node_id":5089,"weight":1.4064},
{"Node_id":5090,"weight":3.2314},
{"Node_id":5091,"weight":0.4205},
{"Node_id":5092,"weight":1.172},
{"Node_id":5096,"weight":2.7857},
{"Node_id":5097,"weight":0.5473},
{"Node_id":5100,"weight":0.2088},
{"Node_id":5102,"weight":2.401},
{"Node_id":5104,"weight":0.6081},
{"Node_id":5105,"weight":2.1665},
{"Node_id":5109,"weight":0.7213},
{"Node_id":5110,"weight":2.2208},
{"Node_id":5111,"weight":5.6515},
{"Node_id":5112,"weight":5.2539},
{"Node_id":5114,"weight":1.631},
{"Node_id":5115,"weight":3.842},
{"Node_id":5116,"weight":4.8203},
{"Node_id":5117,"weight":0.6098},
{"Node_id":5135,"weight":0.9455},
{"Node_id":5136,"weight":0.038},
{"Node_id":5137,"weight":2.126},
{"Node_id":5138,"weight":1.4802},
{"Node_id":5139,"weight":0.4629},
{"Node_id":5142,"weight":1.5471},
{"Node_id":5148,"weight":2.2163},
{"Node_id":5149,"weight":0.9977},
{"Node_id":5189,"weight":0.6718},
{"Node_id":5190,"weight":1.2832},
{"Node_id":5191,"weight":0.2177},
{"Node_id":5192,"weight":1.2962},
{"Node_id":5193,"weight":3.4323},
{"Node_id":5194,"weight":0.7556},
{"Node_id":5195,"weight":0.3068},
{"Node_id":5196,"weight":0.5326},
{"Node_id":5197,"weight":0.1523},
{"Node_id":5198,"weight":2.7339},
{"Node_id":5199,"weight":2.5239},
{"Node_id":5200,"weight":0.7773},
{"Node_id":5201,"weight":0.5262},
{"Node_id":5202,"weight":1.7105},
{"Node_id":5204,"weight":1.3334},
{"Node_id":5205,"weight":1.2815},
{"Node_id":5206,"weight":2.5297},
{"Node_id":5207,"weight":3.3138},
{"Node_id":5208,"weight":0.064},
{"Node_id":5209,"weight":0.6548},
{"Node_id":5210,"weight":0.6857},
{"Node_id":5211,"weight":0.8043},
{"Node_id":5212,"weight":0.1302},
{"Node_id":5213,"weight":0.0492},
{"Node_id":5214,"weight":1.0289},
{"Node_id":5215,"weight":2.0515},
{"Node_id":5216,"weight":0.3011},
{"Node_id":5217,"weight":0.268},
{"Node_id":5218,"weight":0.4811},
{"Node_id":5224,"weight":1.6523},
{"Node_id":5225,"weight":0.5159},
{"Node_id":5226,"weight":0.3917},
{"Node_id":5227,"weight":1.6642},
{"Node_id":5228,"weight":4.1513},
{"Node_id":5229,"weight":0.4819},
{"Node_id":5230,"weight":1.0732},
{"Node_id":5233,"weight":0.8554},
{"Node_id":5234,"weight":0.5138},
{"Node_id":5235,"weight":1.4358},
{"Node_id":5236,"weight":0.5066},
{"Node_id":5237,"weight":0.6081},
{"Node_id":5238,"weight":0.8383},
{"Node_id":5239,"weight":0.29},
{"Node_id":5240,"weight":7.418},
{"Node_id":5246,"weight":0.5875},
{"Node_id":5249,"weight":1.1434},
{"Node_id":5250,"weight":2.8154},
{"Node_id":5251,"weight":0.7657},
{"Node_id":5252,"weight":2.1503},
{"Node_id":5253,"weight":1.2174},
{"Node_id":5254,"weight":0.8683},
{"Node_id":5255,"weight":0.1386},
{"Node_id":5256,"weight":1.9597},
{"Node_id":5257,"weight":3.2178},
{"Node_id":5258,"weight":1.1271},
{"Node_id":5259,"weight":0.4301},
{"Node_id":5260,"weight":1.3153},
{"Node_id":5265,"weight":2.3788},
{"Node_id":5266,"weight":0.3483},
{"Node_id":5267,"weight":1.0099},
{"Node_id":5277,"weight":4.6903},
{"Node_id":5278,"weight":0.3772},
{"Node_id":5281,"weight":1.1147},
{"Node_id":5282,"weight":0.2908},
{"Node_id":5283,"weight":2.8496},
{"Node_id":5284,"weight":2.2494},
{"Node_id":5377,"weight":2.508},
{"Node_id":5382,"weight":0.1841},
{"Node_id":5383,"weight":0.8449},
{"Node_id":5385,"weight":0.4507},
{"Node_id":5386,"weight":2.1461},
{"Node_id":5387,"weight":0.2363},
{"Node_id":5388,"weight":0.02},
{"Node_id":5389,"weight":1.8128},
{"Node_id":5390,"weight":0.4075},
{"Node_id":5391,"weight":0.3314},
{"Node_id":5394,"weight":3.0162},
{"Node_id":5512,"weight":1.7575},
{"Node_id":5513,"weight":1.7159},
{"Node_id":5514,"weight":0.2128},
{"Node_id":5515,"weight":3.3903},
{"Node_id":5516,"weight":1.1488},
{"Node_id":5517,"weight":1.8626},
{"Node_id":5518,"weight":2.1397},
{"Node_id":5519,"weight":1.607},
{"Node_id":5520,"weight":0.6177},
{"Node_id":5521,"weight":0.4255},
{"Node_id":5522,"weight":0.7446},
{"Node_id":5523,"weight":0.2692},
{"Node_id":5524,"weight":3.0207},
{"Node_id":5525,"weight":0.4532},
{"Node_id":5526,"weight":2.0806},
{"Node_id":5527,"weight":0.5758},
{"Node_id":5528,"weight":1.7591},
{"Node_id":5529,"weight":0.8359},
{"Node_id":5530,"weight":0.1523},
{"Node_id":5531,"weight":3.5884},
{"Node_id":5532,"weight":3.6885},
{"Node_id":5535,"weight":0.5061},
{"Node_id":5536,"weight":0.9609},
{"Node_id":5537,"weight":0.3905},
{"Node_id":5538,"weight":1.7051},
{"Node_id":5539,"weight":3.3407},
{"Node_id":5540,"weight":0.6562},
{"Node_id":5541,"weight":0.4595},
{"Node_id":5542,"weight":2.7803},
{"Node_id":5543,"weight":0.2221},
{"Node_id":5544,"weight":1.2651},
{"Node_id":5545,"weight":3.0072},
{"Node_id":5546,"weight":4.7474},
{"Node_id":5547,"weight":0.4351},
{"Node_id":5548,"weight":1.793},
{"Node_id":5549,"weight":1.6078},
{"Node_id":5550,"weight":1.5715},
{"Node_id":5555,"weight":1.0084},
{"Node_id":5556,"weight":3.3621},
{"Node_id":5697,"weight":6.6441},
{"Node_id":5698,"weight":1.5103},
{"Node_id":5699,"weight":1.9188},
{"Node_id":6014,"weight":0.034},
{"Node_id":6212,"weight":0.6464},
{"Node_id":6333,"weight":2.4671},
{"Node_id":6334,"weight":2.0105},
{"Node_id":6494,"weight":0.479},
{"Node_id":6495,"weight":0.8635},
{"Node_id":6496,"weight":2.0183},
{"Node_id":6497,"weight":1.5779},
{"Node_id":6498,"weight":3.5657},
{"Node_id":6499,"weight":3.8666},
{"Node_id":6500,"weight":3.5508},
{"Node_id":6501,"weight":3.1124},
{"Node_id":6502,"weight":0.3269},
{"Node_id":6503,"weight":8.1114},
{"Node_id":6504,"weight":2.6466},
{"Node_id":6505,"weight":0.457},
{"Node_id":6506,"weight":0.0124},
{"Node_id":6507,"weight":0.9301},
{"Node_id":6508,"weight":0.3677},
{"Node_id":6509,"weight":1.5835},
{"Node_id":6510,"weight":5.4448},
{"Node_id":6511,"weight":0.8161},
{"Node_id":6512,"weight":0.8071},
{"Node_id":6513,"weight":1.2506},
{"Node_id":6514,"weight":0.6522},
{"Node_id":6515,"weight":1.5089},
{"Node_id":6516,"weight":0.405},
{"Node_id":6517,"weight":0.74},
{"Node_id":6518,"weight":1.254},
{"Node_id":6519,"weight":0.359},
{"Node_id":6520,"weight":0.3656},
{"Node_id":6521,"weight":0.338},
{"Node_id":6522,"weight":1.2587},
{"Node_id":6523,"weight":1.602},
{"Node_id":6524,"weight":0.5006},
{"Node_id":6525,"weight":1.9134},
{"Node_id":6526,"weight":0.3992},
{"Node_id":6527,"weight":1.2213},
{"Node_id":6528,"weight":0.9694},
{"Node_id":6532,"weight":1.5548},
{"Node_id":6533,"weight":3.9824},
{"Node_id":6534,"weight":0.8123},
{"Node_id":6535,"weight":0.8655},
{"Node_id":6536,"weight":1.3401},
{"Node_id":6539,"weight":0.9066},
{"Node_id":6542,"weight":0.2136},
{"Node_id":6543,"weight":0.8993},
{"Node_id":6546,"weight":0.7699},
{"Node_id":6547,"weight":1.1999},
{"Node_id":6548,"weight":0.1704},
{"Node_id":6549,"weight":1.5645},
{"Node_id":6550,"weight":2.883},
{"Node_id":6551,"weight":1.9496},
{"Node_id":6552,"weight":4.0634},
{"Node_id":6558,"weight":2.97},
{"Node_id":6559,"weight":0.9774},
{"Node_id":6560,"weight":1.3437},
{"Node_id":6642,"weight":1.0012},
{"Node_id":6643,"weight":0.2031},
{"Node_id":6646,"weight":0.5249},
{"Node_id":6647,"weight":3.2314},
{"Node_id":6648,"weight":0.6664},
{"Node_id":6649,"weight":0.2802},
{"Node_id":6650,"weight":0.5728},
{"Node_id":6651,"weight":1.597},
{"Node_id":6654,"weight":0.4151},
{"Node_id":6655,"weight":3.6636},
{"Node_id":6659,"weight":1.6063},
{"Node_id":6662,"weight":1.0186},
{"Node_id":6663,"weight":0.7295},
{"Node_id":6666,"weight":4.2402},
{"Node_id":6667,"weight":0.1467},
{"Node_id":6668,"weight":0.3801},
{"Node_id":6669,"weight":2.456},
{"Node_id":6670,"weight":1.0959},
{"Node_id":6671,"weight":4.6155},
{"Node_id":6672,"weight":1.9214},
{"Node_id":6673,"weight":0.678},
{"Node_id":6674,"weight":0.658},
{"Node_id":6675,"weight":1.016},
{"Node_id":6676,"weight":0.8128},
{"Node_id":6677,"weight":0.1781},
{"Node_id":6678,"weight":1.4696},
{"Node_id":6679,"weight":1.8948},
{"Node_id":6680,"weight":0.6789},
{"Node_id":6681,"weight":0.5715},
{"Node_id":6682,"weight":2.5008},
{"Node_id":6683,"weight":1.0548},
{"Node_id":6686,"weight":1.8413},
{"Node_id":6687,"weight":0.3129},
{"Node_id":6688,"weight":1.4742},
{"Node_id":6689,"weight":1.6936},
{"Node_id":6690,"weight":1.8211},
{"Node_id":6691,"weight":1.6142},
{"Node_id":6692,"weight":2.0096},
{"Node_id":6693,"weight":0.6937},
{"Node_id":6694,"weight":3.6392},
{"Node_id":6695,"weight":1.5245},
{"Node_id":6696,"weight":1.5892},
{"Node_id":6697,"weight":1.2657},
{"Node_id":6698,"weight":0.0885},
{"Node_id":6699,"weight":1.4565},
{"Node_id":6700,"weight":0.3693},
{"Node_id":6702,"weight":0.7259},
{"Node_id":6703,"weight":4.2051},
{"Node_id":6704,"weight":1.4657},
{"Node_id":6705,"weight":3.2044},
{"Node_id":6706,"weight":0.7023},
{"Node_id":6707,"weight":2.4533},
{"Node_id":6708,"weight":0.038},
{"Node_id":6711,"weight":0.4938},
{"Node_id":6712,"weight":1.0981},
{"Node_id":6713,"weight":0.6588},
{"Node_id":6714,"weight":2.773},
{"Node_id":6793,"weight":2.5852},
{"Node_id":6810,"weight":0.6199},
{"Node_id":6811,"weight":0.3265},
{"Node_id":6812,"weight":3.0715},
{"Node_id":6813,"weight":2.31},
{"Node_id":6814,"weight":0.985},
{"Node_id":6815,"weight":0.6362},
{"Node_id":6816,"weight":2.1928},
{"Node_id":6817,"weight":1.1407},
{"Node_id":6818,"weight":0.2802},
{"Node_id":6819,"weight":0.982},
{"Node_id":6820,"weight":0.4968},
{"Node_id":6896,"weight":0.4968},
{"Node_id":6897,"weight":1.8712},
{"Node_id":6898,"weight":1.7615},
{"Node_id":6899,"weight":2.4049},
{"Node_id":6900,"weight":1.9606},
{"Node_id":6901,"weight":0.0488},
{"Node_id":6902,"weight":0.5641},
{"Node_id":6903,"weight":1.439},
{"Node_id":6904,"weight":2.1155},
{"Node_id":6905,"weight":0.4314},
{"Node_id":6906,"weight":0.8751},
{"Node_id":6907,"weight":0.825},
{"Node_id":6908,"weight":3.1651},
{"Node_id":6910,"weight":1.3963},
{"Node_id":6911,"weight":1.4982},
{"Node_id":6912,"weight":0.6682},
{"Node_id":6913,"weight":0.3302},
{"Node_id":6914,"weight":1.7655},
{"Node_id":6915,"weight":0.0564},
{"Node_id":6916,"weight":0.8293},
{"Node_id":6917,"weight":0.2096},
{"Node_id":6918,"weight":0.1081},
{"Node_id":6919,"weight":0.3269},
{"Node_id":6925,"weight":2.5239},
{"Node_id":6926,"weight":3.5845},
{"Node_id":6927,"weight":0.7501},
{"Node_id":6928,"weight":0.6651},
{"Node_id":6929,"weight":1.079},
{"Node_id":6930,"weight":2.321},
{"Node_id":6931,"weight":1.7167},
{"Node_id":6933,"weight":1.7776},
{"Node_id":6934,"weight":0.9987},
{"Node_id":6937,"weight":0.1523},
{"Node_id":6938,"weight":0.0208},
{"Node_id":6941,"weight":0.7172},
{"Node_id":6942,"weight":0.9356},
{"Node_id":6943,"weight":0.2546},
{"Node_id":6945,"weight":0.1061},
{"Node_id":6946,"weight":1.8012},
{"Node_id":6947,"weight":0.2424},
{"Node_id":6948,"weight":3.7357},
{"Node_id":6949,"weight":1.2921},
{"Node_id":6950,"weight":4.0694},
{"Node_id":6951,"weight":1.0094},
{"Node_id":6952,"weight":0.4671},
{"Node_id":6953,"weight":1.5984},
{"Node_id":6954,"weight":4.4451},
{"Node_id":6957,"weight":1.2709},
{"Node_id":6958,"weight":2.5867},
{"Node_id":6959,"weight":0.646},
{"Node_id":6960,"weight":0.3963},
{"Node_id":6961,"weight":1.5814},
{"Node_id":6962,"weight":2.1994},
{"Node_id":6963,"weight":0.04},
{"Node_id":6964,"weight":0.8944},
{"Node_id":6967,"weight":1.6679},
{"Node_id":6968,"weight":0.0965},
{"Node_id":6969,"weight":2.8633},
{"Node_id":6970,"weight":1.385},
{"Node_id":6971,"weight":0.3996},
{"Node_id":6972,"weight":1.5245},
{"Node_id":6973,"weight":0.6821},
{"Node_id":6974,"weight":0.7694},
{"Node_id":6975,"weight":1.167},
{"Node_id":6976,"weight":1.5451},
{"Node_id":6977,"weight":0.6946},
{"Node_id":6978,"weight":2.1939},
{"Node_id":6979,"weight":1.1909},
{"Node_id":6980,"weight":0.3047},
{"Node_id":6981,"weight":0.5862},
{"Node_id":6982,"weight":1.0507},
{"Node_id":6983,"weight":0.8978},
{"Node_id":6984,"weight":1.5464},
{"Node_id":6985,"weight":1.43},
{"Node_id":6987,"weight":1.5548},
{"Node_id":6988,"weight":1.2785},
{"Node_id":6991,"weight":0.4142},
{"Node_id":6992,"weight":0.174},
{"Node_id":6993,"weight":1.3075},
{"Node_id":12436,"weight":1.9214},
{"Node_id":12440,"weight":2.184},
{"Node_id":12441,"weight":3.483},
{"Node_id":12442,"weight":2.2799},
{"Node_id":12443,"weight":2.0505},
{"Node_id":12444,"weight":1.9802},
{"Node_id":12445,"weight":2.5051},
{"Node_id":12449,"weight":2.4994},
{"Node_id":12450,"weight":2.7218},
{"Node_id":12451,"weight":3.6636},
{"Node_id":12452,"weight":1.6493},
{"Node_id":12453,"weight":4.0396},
{"Node_id":12454,"weight":2.0367},
{"Node_id":12455,"weight":1.4319},
{"Node_id":12456,"weight":3.8918},
{"Node_id":12457,"weight":2.3699},
{"Node_id":12458,"weight":1.8825},
{"Node_id":12459,"weight":1.9924},
{"Node_id":12460,"weight":2.5459},
{"Node_id":12461,"weight":2.6645},
{"Node_id":12462,"weight":2.321},
{"Node_id":12463,"weight":1.6936},
{"Node_id":12464,"weight":4.1254},
{"Node_id":12467,"weight":2.1397},
{"Node_id":12468,"weight":2.4195},
{"Node_id":12469,"weight":1.4064},
{"Node_id":12470,"weight":1.8203},
{"Node_id":12471,"weight":4.1846},
{"Node_id":12478,"weight":2.7912},
{"Node_id":12483,"weight":2.9298},
{"Node_id":12484,"weight":3.7945},
{"Node_id":12488,"weight":1.5736},
{"Node_id":12489,"weight":1.9597},
{"Node_id":12490,"weight":1.9569},
{"Node_id":12491,"weight":1.4474},
{"Node_id":12492,"weight":1.9468},
{"Node_id":12493,"weight":2.0241},
{"Node_id":12514,"weight":1.4371},
{"Node_id":12515,"weight":2.4866},
{"Node_id":12516,"weight":1.7922},
{"Node_id":12517,"weight":1.5259},
{"Node_id":12518,"weight":3.2124},
{"Node_id":12519,"weight":2.5123},
{"Node_id":12520,"weight":1.832},
{"Node_id":12521,"weight":4.7357},
{"Node_id":12522,"weight":1.744},
{"Node_id":12523,"weight":1.748},
{"Node_id":12526,"weight":1.8643},
{"Node_id":12527,"weight":3.4127},
{"Node_id":12528,"weight":1.7036},
{"Node_id":12529,"weight":2.5852},
{"Node_id":12531,"weight":2.0846},
{"Node_id":12532,"weight":3.9713},
{"Node_id":12533,"weight":3.2963},
{"Node_id":12534,"weight":2.0212},
{"Node_id":12535,"weight":1.3976},
{"Node_id":12536,"weight":1.5513},
{"Node_id":12537,"weight":1.8203},
{"Node_id":12538,"weight":1.5492},
{"Node_id":12539,"weight":2.0456},
{"Node_id":12540,"weight":1.7036},
{"Node_id":12541,"weight":2.0595},
{"Node_id":12542,"weight":4.7954},
{"Node_id":12545,"weight":1.8421},
{"Node_id":12546,"weight":1.4624},
{"Node_id":12547,"weight":3.429},
{"Node_id":12548,"weight":2.764},
{"Node_id":12549,"weight":2.001},
{"Node_id":12550,"weight":1.6353},
{"Node_id":12551,"weight":1.4539},
{"Node_id":12552,"weight":4.219},
{"Node_id":12553,"weight":3.0667},
{"Node_id":12568,"weight":1.5638},
{"Node_id":12571,"weight":1.7583},
{"Node_id":12572,"weight":2.4102},
{"Node_id":12577,"weight":7.6004},
{"Node_id":12578,"weight":1.6034},
{"Node_id":12581,"weight":1.8421},
{"Node_id":12582,"weight":1.9532},
{"Node_id":12583,"weight":2.1928},
{"Node_id":12584,"weight":1.6493},
{"Node_id":12585,"weight":1.9395},
{"Node_id":12586,"weight":2.3983},
{"Node_id":12587,"weight":2.2634},
{"Node_id":12588,"weight":2.2253},
{"Node_id":12590,"weight":2.4369},
{"Node_id":12591,"weight":2.3271},
{"Node_id":12592,"weight":3.1026},
{"Node_id":12593,"weight":1.5764},
{"Node_id":12594,"weight":1.7097},
{"Node_id":12595,"weight":2.7115},
{"Node_id":12600,"weight":1.4261},
{"Node_id":12601,"weight":4.2766},
{"Node_id":12602,"weight":6.0725},
{"Node_id":12603,"weight":3.2397},
{"Node_id":12604,"weight":2.3763},
{"Node_id":12605,"weight":5.2159},
{"Node_id":12606,"weight":2.6006},
{"Node_id":12607,"weight":2.7857},
{"Node_id":12608,"weight":3.3714},
{"Node_id":12609,"weight":1.5666},
{"Node_id":12610,"weight":2.6612},
{"Node_id":12611,"weight":1.886},
{"Node_id":12612,"weight":1.866},
{"Node_id":12613,"weight":1.5327},
{"Node_id":12614,"weight":2.1218},
{"Node_id":12615,"weight":1.5123},
{"Node_id":12616,"weight":3.596},
{"Node_id":12617,"weight":1.7013},
{"Node_id":12619,"weight":2.887},
{"Node_id":12620,"weight":2.2287},
{"Node_id":12742,"weight":1.6875},
{"Node_id":12743,"weight":3.3227},
{"Node_id":12744,"weight":3.2733},
{"Node_id":13259,"weight":2.0887},
{"Node_id":13493,"weight":5.077},
{"Node_id":13494,"weight":1.4178},
{"Node_id":13495,"weight":4.1064},
{"Node_id":13496,"weight":2.0695},
{"Node_id":13498,"weight":2.2196},
{"Node_id":13500,"weight":2.0907},
{"Node_id":13501,"weight":2.9635},
{"Node_id":13502,"weight":3.9549},
{"Node_id":13503,"weight":1.4474},
{"Node_id":13504,"weight":1.7051},
{"Node_id":13505,"weight":2.3996},
{"Node_id":13506,"weight":1.7433},
{"Node_id":13507,"weight":2.1807},
{"Node_id":13508,"weight":2.3866},
{"Node_id":13509,"weight":1.3919},
{"Node_id":13510,"weight":2.0928},
{"Node_id":13515,"weight":2.0938},
{"Node_id":13516,"weight":1.9615},
{"Node_id":13517,"weight":2.0299},
{"Node_id":13518,"weight":2.3433},
{"Node_id":13520,"weight":2.5504},
{"Node_id":13522,"weight":2.5519},
{"Node_id":13523,"weight":1.8523},
{"Node_id":13524,"weight":2.3648},
{"Node_id":13528,"weight":1.4481},
{"Node_id":13529,"weight":1.4384},
{"Node_id":13530,"weight":5.2933},
{"Node_id":13531,"weight":1.4313},
{"Node_id":13532,"weight":3.3287},
{"Node_id":13533,"weight":1.9305},
{"Node_id":13534,"weight":4.8078},
{"Node_id":13535,"weight":2.5195},
{"Node_id":13536,"weight":1.3882},
{"Node_id":13537,"weight":3.2151},
{"Node_id":13538,"weight":2.3271},
{"Node_id":13540,"weight":4.6469},
{"Node_id":13541,"weight":2.2943},
{"Node_id":13542,"weight":3.4523},
{"Node_id":13543,"weight":1.4617},
{"Node_id":13545,"weight":3.0978},
{"Node_id":13546,"weight":1.6142},
{"Node_id":13547,"weight":1.3869},
{"Node_id":13548,"weight":3.0006},
{"Node_id":13549,"weight":2.8691},
{"Node_id":13550,"weight":1.7276},
{"Node_id":13551,"weight":1.3982},
{"Node_id":13553,"weight":2.0918},
{"Node_id":13558,"weight":2.7604},
{"Node_id":13559,"weight":1.7647},
{"Node_id":13560,"weight":3.4225},
{"Node_id":13561,"weight":3.1651},
{"Node_id":13562,"weight":2.6482},
{"Node_id":13563,"weight":1.6434},
{"Node_id":13564,"weight":2.6662},
{"Node_id":13566,"weight":1.8704},
{"Node_id":13567,"weight":1.4455},
{"Node_id":13568,"weight":1.452},
{"Node_id":13569,"weight":3.6677},
{"Node_id":13570,"weight":2.9722},
{"Node_id":13571,"weight":1.6405},
{"Node_id":13574,"weight":3.511},
{"Node_id":13575,"weight":1.6627},
{"Node_id":13576,"weight":3.1173},
{"Node_id":13577,"weight":2.2752},
{"Node_id":13578,"weight":1.6049},
{"Node_id":13579,"weight":1.6612},
{"Node_id":13580,"weight":2.9786},
{"Node_id":13581,"weight":1.9496},
{"Node_id":13582,"weight":1.7151},
{"Node_id":13585,"weight":1.8037},
{"Node_id":13586,"weight":1.7448},
{"Node_id":13587,"weight":1.9197},
{"Node_id":13588,"weight":2.6369},
{"Node_id":13626,"weight":2.1397},
{"Node_id":13627,"weight":1.4822},
{"Node_id":13628,"weight":3.7852},
{"Node_id":13629,"weight":1.9487},
{"Node_id":13630,"weight":2.1218},
{"Node_id":13631,"weight":2.2242},
{"Node_id":13633,"weight":5.9496},
{"Node_id":13636,"weight":2.9298},
{"Node_id":13639,"weight":4.1711},
{"Node_id":13640,"weight":2.4142},
{"Node_id":13641,"weight":2.4838},
{"Node_id":13642,"weight":2.4629},
{"Node_id":13643,"weight":3.2676},
{"Node_id":13644,"weight":4.6259},
{"Node_id":13645,"weight":4.5555},
{"Node_id":13646,"weight":1.7865},
{"Node_id":13647,"weight":1.4862},
{"Node_id":13648,"weight":1.8921},
{"Node_id":13649,"weight":1.5055},
{"Node_id":13650,"weight":1.4261},
{"Node_id":13651,"weight":1.7551},
{"Node_id":13653,"weight":5.2539},
{"Node_id":13654,"weight":1.4815},
{"Node_id":13655,"weight":1.4287},
{"Node_id":13656,"weight":1.5451},
{"Node_id":13657,"weight":1.6229},
{"Node_id":13658,"weight":4.2051},
{"Node_id":13659,"weight":2.579},
{"Node_id":13660,"weight":1.5885},
{"Node_id":13661,"weight":2.883},
{"Node_id":13665,"weight":2.5654},
{"Node_id":13679,"weight":2.2494},
{"Node_id":13680,"weight":2.5669},
{"Node_id":13682,"weight":2.8439},
{"Node_id":13683,"weight":2.3371},
{"Node_id":13684,"weight":1.3913},
{"Node_id":13685,"weight":4.3066},
{"Node_id":13686,"weight":2.7712},
{"Node_id":13687,"weight":5.077},
{"Node_id":13688,"weight":1.9386},
{"Node_id":13694,"weight":1.4955},
{"Node_id":13695,"weight":1.4364},
{"Node_id":13696,"weight":1.7639},
{"Node_id":13697,"weight":4.872},
{"Node_id":13702,"weight":1.4855},
{"Node_id":13703,"weight":3.0297},
{"Node_id":13704,"weight":1.421},
{"Node_id":13705,"weight":1.9487},
{"Node_id":13706,"weight":2.6434},
{"Node_id":13707,"weight":1.6777},
{"Node_id":13711,"weight":2.4168},
{"Node_id":13944,"weight":5.4217},
{"Node_id":13945,"weight":5.5429},
{"Node_id":13949,"weight":3.3377},
{"Node_id":14008,"weight":5.045},
{"Node_id":14009,"weight":3.8766},
{"Node_id":14010,"weight":1.719},
{"Node_id":14011,"weight":1.7354},
{"Node_id":14012,"weight":2.4768},
{"Node_id":14013,"weight":1.7198},
{"Node_id":14016,"weight":3.6076},
{"Node_id":14017,"weight":3.4523},
{"Node_id":14018,"weight":3.6273},
{"Node_id":14019,"weight":3.7401},
{"Node_id":14020,"weight":2.0338},
{"Node_id":14021,"weight":1.6906},
{"Node_id":14022,"weight":3.6718},
{"Node_id":14023,"weight":2.1418},
{"Node_id":14024,"weight":1.6419},
{"Node_id":14025,"weight":1.8549},
{"Node_id":14026,"weight":2.0212},
{"Node_id":14027,"weight":3.3808},
{"Node_id":14028,"weight":3.8469},
{"Node_id":14029,"weight":3.305},
{"Node_id":14030,"weight":1.4742},
{"Node_id":14033,"weight":1.5464},
{"Node_id":14034,"weight":2.0575},
{"Node_id":14035,"weight":1.7922},
{"Node_id":14040,"weight":5.4927},
{"Node_id":14043,"weight":3.7446},
{"Node_id":14046,"weight":3.5075},
{"Node_id":14047,"weight":1.7472},
{"Node_id":14048,"weight":1.4001},
{"Node_id":14049,"weight":3.6885},
{"Node_id":14050,"weight":2.5519},
{"Node_id":14052,"weight":3.8372},
{"Node_id":14053,"weight":2.0615},
{"Node_id":14054,"weight":2.0785},
{"Node_id":14055,"weight":2.1654},
{"Node_id":14056,"weight":1.6114},
{"Node_id":14057,"weight":1.812},
{"Node_id":14058,"weight":1.9143},
{"Node_id":14059,"weight":1.7567},
{"Node_id":14060,"weight":2.1862},
{"Node_id":14061,"weight":2.1906},
{"Node_id":14062,"weight":2.7357},
{"Node_id":14063,"weight":2.9465},
{"Node_id":14064,"weight":2.1249},
{"Node_id":14065,"weight":3.6432},
{"Node_id":14066,"weight":5.1441},
{"Node_id":14067,"weight":5.2734},
{"Node_id":14068,"weight":3.0978},
{"Node_id":14069,"weight":3.8132},
{"Node_id":14070,"weight":5.045},
{"Node_id":14071,"weight":2.401},
{"Node_id":14072,"weight":2.101},
{"Node_id":14073,"weight":1.515},
{"Node_id":14076,"weight":3.0644},
{"Node_id":14077,"weight":3.0366},
{"Node_id":14078,"weight":2.3039},
{"Node_id":14080,"weight":3.0184},
{"Node_id":14082,"weight":2.0038},
{"Node_id":14083,"weight":2.025},
{"Node_id":14095,"weight":3.9658},
{"Node_id":14096,"weight":2.5579},
{"Node_id":14097,"weight":2.0192},
{"Node_id":14100,"weight":2.8135},
{"Node_id":14101,"weight":2.8381},
{"Node_id":14102,"weight":2.889},
{"Node_id":14103,"weight":2.0338},
{"Node_id":14105,"weight":1.9323},
{"Node_id":14106,"weight":1.7237},
{"Node_id":14107,"weight":1.7599},
{"Node_id":14108,"weight":2.3015},
{"Node_id":14109,"weight":1.4881},
{"Node_id":14110,"weight":1.3988},
{"Node_id":14111,"weight":2.9786},
{"Node_id":14112,"weight":3.3652},
{"Node_id":14113,"weight":2.6337},
{"Node_id":14114,"weight":1.5485},
{"Node_id":14115,"weight":2.5297},
{"Node_id":14116,"weight":1.5327},
{"Node_id":14117,"weight":1.7663},
{"Node_id":14118,"weight":1.9423},
{"Node_id":14119,"weight":1.4422},
{"Node_id":14120,"weight":1.5885},
{"Node_id":14121,"weight":1.5729},
{"Node_id":14122,"weight":1.5306},
{"Node_id":14123,"weight":2.7409},
{"Node_id":14153,"weight":1.4052},
{"Node_id":14154,"weight":1.6324},
{"Node_id":14155,"weight":2.8711},
{"Node_id":14156,"weight":5.0933},
{"Node_id":14157,"weight":1.5659},
{"Node_id":14158,"weight":1.4782},
{"Node_id":14160,"weight":2.4796},
{"Node_id":14161,"weight":2.6337},
{"Node_id":14162,"weight":5.4927},
{"Node_id":14165,"weight":2.0928},
{"Node_id":14174,"weight":1.4862},
{"Node_id":14175,"weight":1.4435},
{"Node_id":14176,"weight":4.8458},
{"Node_id":14177,"weight":2.1622},
{"Node_id":14178,"weight":1.8253},
{"Node_id":14179,"weight":2.1928},
{"Node_id":14180,"weight":1.587},
{"Node_id":14181,"weight":1.656},
{"Node_id":14182,"weight":2.4684},
{"Node_id":14183,"weight":3.511},
{"Node_id":14184,"weight":1.5368},
{"Node_id":14185,"weight":1.6027},
{"Node_id":14187,"weight":1.8609},
{"Node_id":14192,"weight":2.6928},
{"Node_id":14193,"weight":3.3903},
{"Node_id":14194,"weight":2.2943},
{"Node_id":14198,"weight":2.1376},
{"Node_id":14199,"weight":2.6147},
{"Node_id":14200,"weight":2.0485},
{"Node_id":14202,"weight":2.97},
{"Node_id":14203,"weight":4.1513},
{"Node_id":14204,"weight":2.9031},
{"Node_id":14205,"weight":1.5197},
{"Node_id":14206,"weight":3.4356},
{"Node_id":14207,"weight":4.4538},
{"Node_id":14208,"weight":3.2507},
{"Node_id":14209,"weight":1.4775},
{"Node_id":14210,"weight":3.6595},
{"Node_id":14211,"weight":1.4769},
{"Node_id":14212,"weight":4.7832},
{"Node_id":14213,"weight":1.8354},
{"Node_id":14214,"weight":2.7857},
{"Node_id":14216,"weight":4.284},
{"Node_id":14217,"weight":1.8643},
{"Node_id":14218,"weight":2.1354},
{"Node_id":14219,"weight":1.8153},
{"Node_id":14222,"weight":2.5882},
{"Node_id":14223,"weight":2.1774},
{"Node_id":14224,"weight":4.0049},
{"Node_id":14225,"weight":2.9444},
{"Node_id":14226,"weight":2.6466},
{"Node_id":14227,"weight":2.1796},
{"Node_id":14228,"weight":3.3079},
{"Node_id":14229,"weight":3.562},
{"Node_id":14230,"weight":1.6164},
{"Node_id":14232,"weight":2.4994},
{"Node_id":14233,"weight":2.6022},
{"Node_id":14234,"weight":1.5603},
{"Node_id":14235,"weight":2.2716},
{"Node_id":14236,"weight":3.3287},
{"Node_id":14237,"weight":1.7543},
{"Node_id":14238,"weight":3.3468},
{"Node_id":14239,"weight":1.9098},
{"Node_id":14240,"weight":1.8078},
{"Node_id":14241,"weight":2.4519},
{"Node_id":14242,"weight":3.3138},
{"Node_id":14243,"weight":2.6434},
{"Node_id":14245,"weight":1.8379},
{"Node_id":14246,"weight":1.7711},
{"Node_id":14247,"weight":3.0072},
{"Node_id":14248,"weight":1.5485},
{"Node_id":14249,"weight":1.4585},
{"Node_id":14250,"weight":3.1222},
{"Node_id":14251,"weight":2.1752},
{"Node_id":14252,"weight":2.6321},
{"Node_id":14253,"weight":2.7183},
{"Node_id":14255,"weight":3.1026},
{"Node_id":14257,"weight":1.4868},
{"Node_id":14258,"weight":1.6785},
{"Node_id":14259,"weight":2.2576},
{"Node_id":14260,"weight":3.1625},
{"Node_id":14261,"weight":1.827},
{"Node_id":14262,"weight":2.3814},
{"Node_id":14263,"weight":2.6761},
{"Node_id":14264,"weight":1.7988},
{"Node_id":14266,"weight":2.4342},
{"Node_id":14267,"weight":1.4461},
{"Node_id":14268,"weight":3.4356},
{"Node_id":14285,"weight":2.3827},
{"Node_id":14286,"weight":2.1514},
{"Node_id":14287,"weight":1.421},
{"Node_id":14288,"weight":4.2546},
{"Node_id":14289,"weight":2.889},
{"Node_id":14290,"weight":2.6162},
{"Node_id":14293,"weight":4.508},
{"Node_id":14296,"weight":2.6401},
{"Node_id":14299,"weight":2.1197},
{"Node_id":14300,"weight":1.9161},
{"Node_id":14338,"weight":1.7105},
{"Node_id":14339,"weight":2.1239},
{"Node_id":14341,"weight":2.7115},
{"Node_id":14342,"weight":2.3597},
{"Node_id":14343,"weight":1.6383},
{"Node_id":14344,"weight":1.4624},
{"Node_id":14345,"weight":3.6392},
{"Node_id":14346,"weight":1.7338},
{"Node_id":14347,"weight":4.3776},
{"Node_id":14348,"weight":1.7089},
{"Node_id":14349,"weight":1.4789},
{"Node_id":14350,"weight":3.2591},
{"Node_id":14351,"weight":3.3871},
{"Node_id":14352,"weight":2.9277},
{"Node_id":14353,"weight":4.5653},
{"Node_id":14354,"weight":3.2178},
{"Node_id":14356,"weight":2.2073},
{"Node_id":14357,"weight":1.5779},
{"Node_id":14358,"weight":3.8085},
{"Node_id":14359,"weight":1.6186},
{"Node_id":14360,"weight":6.8113},
{"Node_id":14361,"weight":1.6179},
{"Node_id":14362,"weight":1.7377},
{"Node_id":14363,"weight":2.4588},
{"Node_id":14364,"weight":1.6478},
{"Node_id":14365,"weight":1.5231},
{"Node_id":14366,"weight":2.342},
{"Node_id":14367,"weight":1.4644},
{"Node_id":14368,"weight":2.0595},
{"Node_id":14369,"weight":2.2681},
{"Node_id":14376,"weight":3.3871},
{"Node_id":14377,"weight":1.5807},
{"Node_id":14378,"weight":2.7586},
{"Node_id":14379,"weight":2.885},
{"Node_id":14380,"weight":4.5653},
{"Node_id":14381,"weight":3.3683},
{"Node_id":14382,"weight":2.7374},
{"Node_id":14385,"weight":2.0485},
{"Node_id":14386,"weight":1.8261},
{"Node_id":14387,"weight":2.9593},
{"Node_id":14388,"weight":2.0565},
{"Node_id":14389,"weight":2.5123},
{"Node_id":14390,"weight":1.4121},
{"Node_id":14391,"weight":2.2061},
{"Node_id":14392,"weight":1.7136},
{"Node_id":14394,"weight":1.7182},
{"Node_id":14397,"weight":2.0605},
{"Node_id":14398,"weight":3.6233},
{"Node_id":14401,"weight":2.6242},
{"Node_id":14402,"weight":1.5771},
{"Node_id":14403,"weight":1.5402},
{"Node_id":14404,"weight":3.2591},
{"Node_id":14405,"weight":1.6754},
{"Node_id":14406,"weight":1.5238},
{"Node_id":14407,"weight":2.0096},
{"Node_id":14408,"weight":2.8381},
{"Node_id":14409,"weight":2.1155},
{"Node_id":14410,"weight":1.5687},
{"Node_id":14411,"weight":1.4014},
{"Node_id":14412,"weight":1.7417},
{"Node_id":14413,"weight":2.3699},
{"Node_id":14416,"weight":1.6078},
{"Node_id":14418,"weight":3.562},
{"Node_id":14419,"weight":2.8633},
{"Node_id":14425,"weight":3.5326},
{"Node_id":14426,"weight":4.0163},
{"Node_id":14427,"weight":3.226},
{"Node_id":14428,"weight":1.7051},
{"Node_id":14429,"weight":2.9113},
{"Node_id":14430,"weight":1.8913},
{"Node_id":14433,"weight":1.6085},
{"Node_id":14434,"weight":1.5999},
{"Node_id":14435,"weight":3.0738},
{"Node_id":14436,"weight":1.5878},
{"Node_id":14529,"weight":2.2907},
{"Node_id":14534,"weight":3.5398},
{"Node_id":14535,"weight":1.8379},
{"Node_id":14536,"weight":1.3907},
{"Node_id":14538,"weight":4.0049},
{"Node_id":14539,"weight":3.4969},
{"Node_id":14540,"weight":1.7841},
{"Node_id":14541,"weight":2.4966},
{"Node_id":14542,"weight":4.9126},
{"Node_id":14543,"weight":3.562},
{"Node_id":14544,"weight":4.9548},
{"Node_id":14545,"weight":4.7592},
{"Node_id":14546,"weight":2.1873},
{"Node_id":14661,"weight":2.4994},
{"Node_id":14662,"weight":5.4448},
{"Node_id":14663,"weight":1.7988},
{"Node_id":14664,"weight":1.6412},
{"Node_id":14665,"weight":1.4802},
{"Node_id":14666,"weight":1.4683},
{"Node_id":14667,"weight":4.0634},
{"Node_id":14668,"weight":2.895},
{"Node_id":14669,"weight":3.3347},
{"Node_id":14670,"weight":1.6508},
{"Node_id":14671,"weight":3.3777},
{"Node_id":14672,"weight":2.9072},
{"Node_id":14673,"weight":1.4178},
{"Node_id":14674,"weight":2.4881},
{"Node_id":14675,"weight":2.3788},
{"Node_id":14676,"weight":2.9614},
{"Node_id":14677,"weight":1.6664},
{"Node_id":14678,"weight":1.7963},
{"Node_id":14679,"weight":1.9143},
{"Node_id":14680,"weight":1.6523},
{"Node_id":14681,"weight":1.6538},
{"Node_id":14682,"weight":1.9036},
{"Node_id":14684,"weight":3.3999},
{"Node_id":14685,"weight":2.3584},
{"Node_id":14686,"weight":2.1785},
{"Node_id":14687,"weight":2.5224},
{"Node_id":14688,"weight":2.4601},
{"Node_id":14689,"weight":1.7074},
{"Node_id":14690,"weight":1.8834},
{"Node_id":14691,"weight":1.8921},
{"Node_id":14692,"weight":1.39},
{"Node_id":14693,"weight":2.2106},
{"Node_id":14694,"weight":1.9241},
{"Node_id":14695,"weight":1.6627},
{"Node_id":14696,"weight":3.0667},
{"Node_id":14697,"weight":2.0605},
{"Node_id":14698,"weight":2.2895},
{"Node_id":14699,"weight":1.43},
{"Node_id":14704,"weight":2.8305},
{"Node_id":14705,"weight":1.7825},
{"Node_id":14842,"weight":1.6186},
{"Node_id":14843,"weight":2.4754},
{"Node_id":14844,"weight":1.8756},
{"Node_id":15152,"weight":1.7988},
{"Node_id":15334,"weight":2.7098},
{"Node_id":15500,"weight":1.7543},
{"Node_id":15501,"weight":1.9746},
{"Node_id":15637,"weight":1.7898},
{"Node_id":15638,"weight":1.7043},
{"Node_id":15639,"weight":1.6612},
{"Node_id":15640,"weight":1.8669},
{"Node_id":15641,"weight":1.6762},
{"Node_id":15642,"weight":2.2208},
{"Node_id":15643,"weight":3.0297},
{"Node_id":15644,"weight":2.4262},
{"Node_id":15645,"weight":2.4155},
{"Node_id":15646,"weight":3.2017},
{"Node_id":15647,"weight":2.4866},
{"Node_id":15648,"weight":2.9939},
{"Node_id":15649,"weight":4.4538},
{"Node_id":15650,"weight":2.1796},
{"Node_id":15651,"weight":1.8523},
{"Node_id":15652,"weight":2.0038},
{"Node_id":15653,"weight":1.9934},
{"Node_id":15654,"weight":1.5652},
{"Node_id":15655,"weight":1.6792},
{"Node_id":15656,"weight":1.561},
{"Node_id":15657,"weight":1.5892},
{"Node_id":15658,"weight":1.6006},
{"Node_id":15659,"weight":1.7377},
{"Node_id":15660,"weight":2.3321},
{"Node_id":15661,"weight":2.0202},
{"Node_id":15662,"weight":4.284},
{"Node_id":15663,"weight":3.4969},
{"Node_id":15664,"weight":1.5736},
{"Node_id":15665,"weight":1.7857},
{"Node_id":15666,"weight":2.3271},
{"Node_id":15667,"weight":1.873},
{"Node_id":15668,"weight":2.0685},
{"Node_id":15669,"weight":1.8506},
{"Node_id":15670,"weight":2.5609},
{"Node_id":15671,"weight":1.6034},
{"Node_id":15672,"weight":2.0358},
{"Node_id":15675,"weight":3.6801},
{"Node_id":15676,"weight":5.1441},
{"Node_id":15677,"weight":4.0396},
{"Node_id":15678,"weight":2.1611},
{"Node_id":15679,"weight":4.7832},
{"Node_id":15681,"weight":2.6662},
{"Node_id":15682,"weight":2.4208},
{"Node_id":15683,"weight":1.5687},
{"Node_id":15684,"weight":2.8191},
{"Node_id":15685,"weight":1.4935},
{"Node_id":15686,"weight":1.7362},
{"Node_id":15689,"weight":6.1637},
{"Node_id":15690,"weight":1.9359},
{"Node_id":15691,"weight":3.3287},
{"Node_id":15692,"weight":3.0458},
{"Node_id":15693,"weight":2.1165},
{"Node_id":15694,"weight":1.5022},
{"Node_id":15695,"weight":2.5066},
{"Node_id":15699,"weight":2.4089},
{"Node_id":15700,"weight":1.7615},
{"Node_id":15702,"weight":1.9597},
{"Node_id":15703,"weight":2.955},
{"Node_id":15778,"weight":2.1062},
{"Node_id":15779,"weight":1.5949},
{"Node_id":15780,"weight":2.0705},
{"Node_id":15781,"weight":5.1441},
{"Node_id":15783,"weight":1.5582},
{"Node_id":15784,"weight":1.9477},
{"Node_id":15785,"weight":3.4095},
{"Node_id":15786,"weight":1.798},
{"Node_id":15787,"weight":3.8132},
{"Node_id":15788,"weight":5.1794},
{"Node_id":15789,"weight":8.1114},
{"Node_id":15790,"weight":3.5732},
{"Node_id":15791,"weight":6.5699},
{"Node_id":15792,"weight":1.8506},
{"Node_id":15793,"weight":3.2098},
{"Node_id":15794,"weight":2.1665},
{"Node_id":15797,"weight":2.0959},
{"Node_id":15799,"weight":2.2907},
{"Node_id":15800,"weight":5.2734},
{"Node_id":15801,"weight":3.8372},
{"Node_id":15802,"weight":1.6649},
{"Node_id":15803,"weight":2.5775},
{"Node_id":15804,"weight":3.0929},
{"Node_id":15805,"weight":1.7036},
{"Node_id":15806,"weight":2.5297},
{"Node_id":15807,"weight":1.917},
{"Node_id":15808,"weight":1.5416},
{"Node_id":15809,"weight":2.5913},
{"Node_id":15810,"weight":2.2006},
{"Node_id":15811,"weight":2.2073},
{"Node_id":15812,"weight":1.7346},
{"Node_id":15813,"weight":1.7252},
{"Node_id":15814,"weight":2.2871},
{"Node_id":15815,"weight":2.375},
{"Node_id":15816,"weight":1.9487},
{"Node_id":15817,"weight":2.5684},
{"Node_id":15818,"weight":2.4221},
{"Node_id":15819,"weight":1.6523},
{"Node_id":15820,"weight":2.1031},
{"Node_id":15821,"weight":1.7607},
{"Node_id":15822,"weight":1.4045},
{"Node_id":15823,"weight":2.3321},
{"Node_id":15824,"weight":3.5146},
{"Node_id":15825,"weight":3.7991},
{"Node_id":15826,"weight":2.5534},
{"Node_id":15827,"weight":2.2028},
{"Node_id":15828,"weight":1.9896},
{"Node_id":15829,"weight":1.8843},
{"Node_id":15830,"weight":2.8381},
{"Node_id":15831,"weight":1.5076},
{"Node_id":15832,"weight":2.184},
{"Node_id":15833,"weight":2.0416},
{"Node_id":15834,"weight":3.7579},
{"Node_id":15835,"weight":1.9296},
{"Node_id":15836,"weight":2.1093},
{"Node_id":15837,"weight":2.7876},
{"Node_id":15838,"weight":2.2657},
{"Node_id":15839,"weight":3.1651},
{"Node_id":15841,"weight":2.0192},
{"Node_id":15842,"weight":2.6678},
{"Node_id":15843,"weight":2.4768},
{"Node_id":15844,"weight":1.5245},
{"Node_id":15845,"weight":4.7954},
{"Node_id":15846,"weight":1.9896},
{"Node_id":15847,"weight":2.3075},
{"Node_id":15848,"weight":2.5023},
{"Node_id":15849,"weight":1.421},
{"Node_id":15850,"weight":1.7151},
{"Node_id":15851,"weight":1.5575},
{"Node_id":15852,"weight":1.9634},
{"Node_id":15928,"weight":2.6037},
{"Node_id":15944,"weight":2.5341},
{"Node_id":15945,"weight":2.6482},
{"Node_id":15946,"weight":2.2095},
{"Node_id":15947,"weight":2.2634},
{"Node_id":15948,"weight":1.653},
{"Node_id":15949,"weight":1.397},
{"Node_id":15950,"weight":2.5166},
{"Node_id":15951,"weight":1.9468},
{"Node_id":15952,"weight":2.0338},
{"Node_id":15953,"weight":1.7528},
{"Node_id":15954,"weight":1.53},
{"Node_id":16030,"weight":2.9808},
{"Node_id":16031,"weight":4.2402},
{"Node_id":16032,"weight":1.935},
{"Node_id":16033,"weight":1.6792},
{"Node_id":16034,"weight":3.2591},
{"Node_id":16035,"weight":1.6538},
{"Node_id":16036,"weight":2.1568},
{"Node_id":16037,"weight":3.1781},
{"Node_id":16038,"weight":2.881},
{"Node_id":16039,"weight":1.4848},
{"Node_id":16040,"weight":1.5793},
{"Node_id":16041,"weight":3.1833},
{"Node_id":16042,"weight":2.7857},
{"Node_id":16043,"weight":1.659},
{"Node_id":16045,"weight":1.7575},
{"Node_id":16046,"weight":2.2955},
{"Node_id":16047,"weight":2.0202},
{"Node_id":16048,"weight":2.7235},
{"Node_id":16049,"weight":2.1796},
{"Node_id":16050,"weight":2.7339},
{"Node_id":16051,"weight":3.3967},
{"Node_id":16052,"weight":2.4208},
{"Node_id":16053,"weight":1.5652},
{"Node_id":16054,"weight":2.6945},
{"Node_id":16055,"weight":4.1064},
{"Node_id":16059,"weight":1.5259},
{"Node_id":16060,"weight":2.1312},
{"Node_id":16061,"weight":1.5002},
{"Node_id":16062,"weight":6.3182},
{"Node_id":16063,"weight":2.0745},
{"Node_id":16064,"weight":1.4822},
{"Node_id":16065,"weight":1.4848},
{"Node_id":16066,"weight":2.0436},
{"Node_id":16068,"weight":2.4852},
{"Node_id":16069,"weight":1.8643},
{"Node_id":16070,"weight":3.1651},
{"Node_id":16071,"weight":3.7357},
{"Node_id":16072,"weight":1.3932},
{"Node_id":16073,"weight":1.4975},
{"Node_id":16074,"weight":1.8037},
{"Node_id":16075,"weight":1.5963},
{"Node_id":16076,"weight":2.5224},
{"Node_id":16077,"weight":3.842},
{"Node_id":16078,"weight":2.1622},
{"Node_id":16080,"weight":5.8401},
{"Node_id":16081,"weight":1.6906},
{"Node_id":16082,"weight":1.7736},
{"Node_id":16083,"weight":1.9296},
{"Node_id":16084,"weight":2.7857},
{"Node_id":16085,"weight":2.3546},
{"Node_id":16086,"weight":3.776},
{"Node_id":16087,"weight":4.0694},
{"Node_id":16088,"weight":2.4671},
{"Node_id":16089,"weight":2.173},
{"Node_id":16090,"weight":1.752},
{"Node_id":16091,"weight":2.0038},
{"Node_id":16092,"weight":1.4371},
{"Node_id":16093,"weight":2.7081},
{"Node_id":16094,"weight":1.4835},
{"Node_id":16095,"weight":1.9962},
{"Node_id":16096,"weight":2.727},
{"Node_id":16097,"weight":2.2517},
{"Node_id":16098,"weight":2.3648},
{"Node_id":16099,"weight":3.596},
{"Node_id":16101,"weight":2.4275},
{"Node_id":16102,"weight":1.9277},
{"Node_id":16103,"weight":2.3866},
{"Node_id":16104,"weight":5.3992},
{"Node_id":16105,"weight":1.4624},
{"Node_id":16106,"weight":1.5485},
{"Node_id":16107,"weight":2.3395},
{"Node_id":16108,"weight":1.8895},
{"Node_id":16109,"weight":2.4588},
{"Node_id":16110,"weight":2.2799},
{"Node_id":16111,"weight":2.8652},
{"Node_id":16112,"weight":1.5062},
{"Node_id":16113,"weight":1.4881},
{"Node_id":16114,"weight":1.5842},
{"Node_id":16115,"weight":1.4921},
{"Node_id":16116,"weight":1.8078},
{"Node_id":16117,"weight":1.776},
{"Node_id":16118,"weight":3.305},
{"Node_id":16119,"weight":2.5959},
{"Node_id":16120,"weight":1.6974},
{"Node_id":16122,"weight":1.4848},
{"Node_id":16123,"weight":2.881},
{"Node_id":16124,"weight":1.7401},
{"Node_id":16125,"weight":2.3234},
{"Node_id":16126,"weight":1.6208},
{"Node_id":16127,"weight":2.6563},
{"Node_id":16128,"weight":1.6486},
{"Node_id":16129,"weight":1.9332},
{"Node_id":16130,"weight":1.8523},
{"Node_id":16131,"weight":2.8229},
{"Node_id":16132,"weight":2.5579}]