[{"Node_id":2,"weight":2.4754},
{"Node_id":3,"weight":2.4302},
{"Node_id":43,"weight":1.7898},
{"Node_id":44,"weight":1.7043},
{"Node_id":45,"weight":1.6612},
{"Node_id":46,"weight":1.8669},
{"Node_id":47,"weight":1.6762},
{"Node_id":48,"weight":2.2208},
{"Node_id":49,"weight":3.0297},
{"Node_id":50,"weight":2.4262},
{"Node_id":51,"weight":2.4155},
{"Node_id":52,"weight":3.2017},
{"Node_id":53,"weight":2.4866},
{"Node_id":54,"weight":2.9939},
{"Node_id":55,"weight":4.4538},
{"Node_id":56,"weight":2.1796},
{"Node_id":57,"weight":1.8523},
{"Node_id":58,"weight":2.0038},
{"Node_id":59,"weight":1.9934},
{"Node_id":60,"weight":1.5652},
{"Node_id":61,"weight":1.6792},
{"Node_id":62,"weight":1.561},
{"Node_id":63,"weight":1.5892},
{"Node_id":64,"weight":1.6006},
{"Node_id":65,"weight":1.7377},
{"Node_id":66,"weight":2.3321},
{"Node_id":67,"weight":2.0202},
{"Node_id":68,"weight":4.284},
{"Node_id":69,"weight":3.4969},
{"Node_id":70,"weight":1.5736},
{"Node_id":71,"weight":1.7857},
{"Node_id":72,"weight":2.3271},
{"Node_id":73,"weight":1.873},
{"Node_id":74,"weight":2.0685},
{"Node_id":75,"weight":1.8506},
{"Node_id":76,"weight":2.5609},
{"Node_id":77,"weight":1.6034},
{"Node_id":78,"weight":2.0358},
{"Node_id":79,"weight":3.3808},
{"Node_id":80,"weight":2.2599},
{"Node_id":81,"weight":3.6801},
{"Node_id":82,"weight":5.1441},
{"Node_id":83,"weight":4.0396},
{"Node_id":84,"weight":2.1611},
{"Node_id":85,"weight":4.7832},
{"Node_id":86,"weight":3.4258},
{"Node_id":87,"weight":2.6662},
{"Node_id":88,"weight":2.4208},
{"Node_id":89,"weight":1.5687},
{"Node_id":90,"weight":2.8191},
{"Node_id":91,"weight":1.4935},
{"Node_id":92,"weight":1.7362},
{"Node_id":95,"weight":6.1637},
{"Node_id":96,"weight":1.9359},
{"Node_id":97,"weight":3.3287},
{"Node_id":98,"weight":3.0458},
{"Node_id":99,"weight":2.1165},
{"Node_id":100,"weight":1.5022},
{"Node_id":101,"weight":2.5066},
{"Node_id":104,"weight":1.4281},
{"Node_id":105,"weight":2.4089},
{"Node_id":106,"weight":1.7615},
{"Node_id":107,"weight":1.4995},
{"Node_id":108,"weight":1.9597},
{"Node_id":109,"weight":2.955},
{"Node_id":112,"weight":2.4235},
{"Node_id":113,"weight":1.6634},
{"Node_id":159,"weight":1.6883},
{"Node_id":182,"weight":3.2676},
{"Node_id":184,"weight":2.1062},
{"Node_id":185,"weight":1.5949},
{"Node_id":186,"weight":2.0705},
{"Node_id":187,"weight":5.1441},
{"Node_id":188,"weight":1.9018},
{"Node_id":189,"weight":1.5582},
{"Node_id":190,"weight":1.9477},
{"Node_id":191,"weight":3.4095},
{"Node_id":192,"weight":1.798},
{"Node_id":193,"weight":3.8132},
{"Node_id":194,"weight":5.1794},
{"Node_id":195,"weight":8.1114},
{"Node_id":196,"weight":3.5732},
{"Node_id":197,"weight":6.5699},
{"Node_id":198,"weight":1.8506},
{"Node_id":199,"weight":3.2098},
{"Node_id":200,"weight":2.1665},
{"Node_id":203,"weight":2.0959},
{"Node_id":204,"weight":3.1099},
{"Node_id":205,"weight":2.2907},
{"Node_id":206,"weight":5.2734},
{"Node_id":207,"weight":3.8372},
{"Node_id":208,"weight":1.6649},
{"Node_id":209,"weight":2.5775},
{"Node_id":210,"weight":3.0929},
{"Node_id":211,"weight":1.7036},
{"Node_id":212,"weight":2.5297},
{"Node_id":213,"weight":1.917},
{"Node_id":214,"weight":1.5416},
{"Node_id":215,"weight":2.5913},
{"Node_id":216,"weight":2.2006},
{"Node_id":217,"weight":2.2073},
{"Node_id":218,"weight":1.7346},
{"Node_id":219,"weight":1.7252},
{"Node_id":220,"weight":2.2871},
{"Node_id":221,"weight":2.375},
{"Node_id":222,"weight":1.9487},
{"Node_id":223,"weight":2.5684},
{"Node_id":224,"weight":2.4221},
{"Node_id":225,"weight":1.6523},
{"Node_id":226,"weight":2.1031},
{"Node_id":227,"weight":1.7607},
{"Node_id":228,"weight":1.4045},
{"Node_id":229,"weight":2.3321},
{"Node_id":230,"weight":3.5146},
{"Node_id":231,"weight":3.7991},
{"Node_id":232,"weight":2.5534},
{"Node_id":233,"weight":2.2028},
{"Node_id":234,"weight":1.9896},
{"Node_id":235,"weight":1.8843},
{"Node_id":236,"weight":2.8381},
{"Node_id":237,"weight":1.5076},
{"Node_id":238,"weight":2.184},
{"Node_id":239,"weight":2.0416},
{"Node_id":240,"weight":3.7579},
{"Node_id":241,"weight":1.9296},
{"Node_id":242,"weight":2.1093},
{"Node_id":243,"weight":2.7876},
{"Node_id":244,"weight":2.2657},
{"Node_id":245,"weight":3.1651},
{"Node_id":246,"weight":4.0163},
{"Node_id":247,"weight":2.0192},
{"Node_id":248,"weight":2.6678},
{"Node_id":249,"weight":2.4768},
{"Node_id":250,"weight":1.5245},
{"Node_id":251,"weight":4.7954},
{"Node_id":252,"weight":1.9896},
{"Node_id":253,"weight":2.3075},
{"Node_id":254,"weight":2.5023},
{"Node_id":255,"weight":1.421},
{"Node_id":256,"weight":1.7151},
{"Node_id":257,"weight":1.5575},
{"Node_id":258,"weight":1.9634},
{"Node_id":279,"weight":2.5312},
{"Node_id":301,"weight":3.1651},
{"Node_id":317,"weight":2.0231},
{"Node_id":332,"weight":2.6945},
{"Node_id":333,"weight":3.6843},
{"Node_id":334,"weight":2.6037},
{"Node_id":349,"weight":3.6233},
{"Node_id":350,"weight":2.5341},
{"Node_id":351,"weight":2.6482},
{"Node_id":352,"weight":2.2095},
{"Node_id":353,"weight":2.2634},
{"Node_id":354,"weight":1.653},
{"Node_id":355,"weight":1.397},
{"Node_id":356,"weight":2.5166},
{"Node_id":357,"weight":1.9468},
{"Node_id":358,"weight":2.0338},
{"Node_id":359,"weight":1.7528},
{"Node_id":360,"weight":1.53},
{"Node_id":435,"weight":1.8128},
{"Node_id":436,"weight":2.9808},
{"Node_id":437,"weight":4.2402},
{"Node_id":438,"weight":1.935},
{"Node_id":439,"weight":1.6792},
{"Node_id":440,"weight":3.2591},
{"Node_id":441,"weight":1.6538},
{"Node_id":442,"weight":2.1568},
{"Node_id":443,"weight":3.1781},
{"Node_id":444,"weight":2.881},
{"Node_id":445,"weight":1.4848},
{"Node_id":446,"weight":1.5793},
{"Node_id":447,"weight":3.1833},
{"Node_id":448,"weight":2.7857},
{"Node_id":449,"weight":1.659},
{"Node_id":450,"weight":1.6754},
{"Node_id":451,"weight":1.7575},
{"Node_id":452,"weight":2.2955},
{"Node_id":453,"weight":2.0202},
{"Node_id":454,"weight":2.7235},
{"Node_id":455,"weight":2.1796},
{"Node_id":456,"weight":2.7339},
{"Node_id":457,"weight":3.3967},
{"Node_id":458,"weight":2.4208},
{"Node_id":459,"weight":1.5652},
{"Node_id":460,"weight":2.6945},
{"Node_id":461,"weight":4.1064},
{"Node_id":465,"weight":1.5259},
{"Node_id":466,"weight":2.1312},
{"Node_id":467,"weight":1.5002},
{"Node_id":468,"weight":6.3182},
{"Node_id":469,"weight":2.0745},
{"Node_id":470,"weight":1.4822},
{"Node_id":471,"weight":1.4848},
{"Node_id":472,"weight":2.0436},
{"Node_id":473,"weight":1.9905},
{"Node_id":474,"weight":2.4852},
{"Node_id":475,"weight":1.8643},
{"Node_id":476,"weight":3.1651},
{"Node_id":477,"weight":3.7357},
{"Node_id":478,"weight":1.3932},
{"Node_id":479,"weight":1.4975},
{"Node_id":480,"weight":1.8037},
{"Node_id":481,"weight":1.5963},
{"Node_id":482,"weight":2.5224},
{"Node_id":483,"weight":3.842},
{"Node_id":484,"weight":2.1622},
{"Node_id":485,"weight":1.8515},
{"Node_id":486,"weight":5.8401},
{"Node_id":487,"weight":1.6906},
{"Node_id":488,"weight":1.7736},
{"Node_id":489,"weight":1.9296},
{"Node_id":490,"weight":2.7857},
{"Node_id":491,"weight":2.3546},
{"Node_id":492,"weight":3.776},
{"Node_id":493,"weight":4.0694},
{"Node_id":494,"weight":2.4671},
{"Node_id":495,"weight":2.173},
{"Node_id":496,"weight":1.752},
{"Node_id":497,"weight":2.0038},
{"Node_id":498,"weight":1.4371},
{"Node_id":499,"weight":2.7081},
{"Node_id":500,"weight":1.4835},
{"Node_id":501,"weight":1.9962},
{"Node_id":502,"weight":2.727},
{"Node_id":503,"weight":2.2517},
{"Node_id":504,"weight":2.3648},
{"Node_id":505,"weight":3.596},
{"Node_id":506,"weight":2.6257},
{"Node_id":507,"weight":2.4275},
{"Node_id":508,"weight":1.9277},
{"Node_id":509,"weight":2.3866},
{"Node_id":510,"weight":5.3992},
{"Node_id":511,"weight":1.4624},
{"Node_id":512,"weight":1.5485},
{"Node_id":513,"weight":2.3395},
{"Node_id":514,"weight":1.8895},
{"Node_id":515,"weight":2.4588},
{"Node_id":516,"weight":2.2799},
{"Node_id":517,"weight":2.8652},
{"Node_id":518,"weight":1.5062},
{"Node_id":519,"weight":1.4881},
{"Node_id":520,"weight":1.5842},
{"Node_id":521,"weight":1.4921},
{"Node_id":522,"weight":1.8078},
{"Node_id":523,"weight":1.776},
{"Node_id":524,"weight":3.305},
{"Node_id":525,"weight":2.5959},
{"Node_id":526,"weight":1.6974},
{"Node_id":527,"weight":2.2196},
{"Node_id":528,"weight":1.4848},
{"Node_id":529,"weight":2.881},
{"Node_id":530,"weight":1.7401},
{"Node_id":531,"weight":2.3234},
{"Node_id":532,"weight":1.6208},
{"Node_id":533,"weight":2.6563},
{"Node_id":534,"weight":1.6486},
{"Node_id":535,"weight":1.9332},
{"Node_id":536,"weight":1.8523},
{"Node_id":537,"weight":2.8229},
{"Node_id":538,"weight":2.5579},
{"Node_id":560,"weight":2.0907},
{"Node_id":561,"weight":6.0725},
{"Node_id":562,"weight":2.8574},
{"Node_id":563,"weight":1.4178},
{"Node_id":564,"weight":1.5992},
{"Node_id":565,"weight":2.1719},
{"Node_id":566,"weight":1.5035},
{"Node_id":567,"weight":1.3882},
{"Node_id":568,"weight":2.2576},
{"Node_id":569,"weight":3.3652},
{"Node_id":570,"weight":2.5254},
{"Node_id":571,"weight":1.7105},
{"Node_id":572,"weight":4.8458},
{"Node_id":573,"weight":2.2552},
{"Node_id":574,"weight":1.3988},
{"Node_id":575,"weight":1.4172},
{"Node_id":576,"weight":1.6523},
{"Node_id":577,"weight":1.7963},
{"Node_id":578,"weight":4.1002},
{"Node_id":579,"weight":2.5066},
{"Node_id":580,"weight":2.5385},
{"Node_id":581,"weight":2.877},
{"Node_id":582,"weight":1.9523},
{"Node_id":583,"weight":2.5714},
{"Node_id":584,"weight":1.4565},
{"Node_id":585,"weight":1.744},
{"Node_id":586,"weight":1.6732},
{"Node_id":587,"weight":1.798},
{"Node_id":588,"weight":1.9305},
{"Node_id":589,"weight":1.4229},
{"Node_id":590,"weight":1.543},
{"Node_id":591,"weight":4.1711},
{"Node_id":592,"weight":2.6711},
{"Node_id":593,"weight":2.205},
{"Node_id":594,"weight":3.1347},
{"Node_id":595,"weight":1.4815},
{"Node_id":596,"weight":1.752},
{"Node_id":597,"weight":3.0252},
{"Node_id":598,"weight":1.6368},
{"Node_id":599,"weight":2.9593},
{"Node_id":600,"weight":3.1964},
{"Node_id":601,"weight":2.0565},
{"Node_id":602,"weight":1.9296},
{"Node_id":603,"weight":1.8136},
{"Node_id":604,"weight":2.2242},
{"Node_id":605,"weight":2.3571},
{"Node_id":606,"weight":3.8038},
{"Node_id":607,"weight":2.0938},
{"Node_id":608,"weight":2.0745},
{"Node_id":609,"weight":2.5123},
{"Node_id":610,"weight":1.5786},
{"Node_id":611,"weight":1.726},
{"Node_id":612,"weight":1.4663},
{"Node_id":613,"weight":2.6563},
{"Node_id":614,"weight":1.4147},
{"Node_id":615,"weight":2.9011},
{"Node_id":616,"weight":5.2347},
{"Node_id":617,"weight":3.4095},
{"Node_id":618,"weight":3.4225},
{"Node_id":619,"weight":1.8557},
{"Node_id":620,"weight":2.6498},
{"Node_id":621,"weight":2.1134},
{"Node_id":622,"weight":2.366},
{"Node_id":623,"weight":1.9395},
{"Node_id":624,"weight":3.1859},
{"Node_id":625,"weight":2.2907},
{"Node_id":626,"weight":1.8337},
{"Node_id":627,"weight":1.5652},
{"Node_id":628,"weight":2.543},
{"Node_id":629,"weight":5.8061},
{"Node_id":630,"weight":3.6969},
{"Node_id":631,"weight":2.1774},
{"Node_id":632,"weight":1.4795},
{"Node_id":633,"weight":1.3944},
{"Node_id":634,"weight":2.3222},
{"Node_id":635,"weight":1.8012},
{"Node_id":636,"weight":5.2933},
{"Node_id":639,"weight":1.5652},
{"Node_id":640,"weight":2.5944},
{"Node_id":641,"weight":2.0856},
{"Node_id":642,"weight":1.5029},
{"Node_id":643,"weight":2.8751},
{"Node_id":644,"weight":1.5361},
{"Node_id":645,"weight":3.2342},
{"Node_id":646,"weight":1.9432},
{"Node_id":647,"weight":1.639},
{"Node_id":648,"weight":2.0436},
{"Node_id":651,"weight":5.7105},
{"Node_id":688,"weight":1.8834},
{"Node_id":689,"weight":1.6657},
{"Node_id":690,"weight":2.0918},
{"Node_id":691,"weight":4.8588},
{"Node_id":692,"weight":2.9257},
{"Node_id":693,"weight":3.4323},
{"Node_id":703,"weight":1.8756},
{"Node_id":759,"weight":4.1982},
{"Node_id":760,"weight":3.6392},
{"Node_id":761,"weight":1.9727},
{"Node_id":762,"weight":5.7414},
{"Node_id":763,"weight":3.0929},
{"Node_id":764,"weight":2.3609},
{"Node_id":765,"weight":1.7113},
{"Node_id":766,"weight":1.4268},
{"Node_id":769,"weight":2.9896},
{"Node_id":770,"weight":2.0938},
{"Node_id":771,"weight":3.6718},
{"Node_id":772,"weight":2.1124},
{"Node_id":773,"weight":2.5519},
{"Node_id":774,"weight":2.3445},
{"Node_id":775,"weight":1.5527},
{"Node_id":776,"weight":1.752},
{"Node_id":777,"weight":2.7658},
{"Node_id":778,"weight":1.9241},
{"Node_id":779,"weight":1.8506},
{"Node_id":780,"weight":2.4951},
{"Node_id":781,"weight":3.3168},
{"Node_id":782,"weight":1.9368},
{"Node_id":783,"weight":2.2599},
{"Node_id":784,"weight":1.8532},
{"Node_id":785,"weight":2.2379},
{"Node_id":786,"weight":1.8379},
{"Node_id":787,"weight":3.6718},
{"Node_id":788,"weight":1.6317},
{"Node_id":789,"weight":3.7624},
{"Node_id":790,"weight":1.5617},
{"Node_id":791,"weight":1.8566},
{"Node_id":792,"weight":1.8575},
{"Node_id":793,"weight":1.6013},
{"Node_id":797,"weight":2.508},
{"Node_id":798,"weight":1.4198},
{"Node_id":799,"weight":2.4478},
{"Node_id":800,"weight":1.4474},
{"Node_id":801,"weight":3.0229},
{"Node_id":802,"weight":2.0377},
{"Node_id":803,"weight":1.5218},
{"Node_id":1036,"weight":4.833},
{"Node_id":1037,"weight":1.5485},
{"Node_id":1038,"weight":2.3063},
{"Node_id":1039,"weight":1.8957},
{"Node_id":1042,"weight":4.1914},
{"Node_id":1043,"weight":4.3534},
{"Node_id":1044,"weight":1.6302},
{"Node_id":1045,"weight":1.8738},
{"Node_id":1046,"weight":1.5245},
{"Node_id":1047,"weight":5.0294},
{"Node_id":1048,"weight":1.5807},
{"Node_id":1049,"weight":3.8716},
{"Node_id":1050,"weight":2.2907},
{"Node_id":1051,"weight":2.6612},
{"Node_id":1052,"weight":2.2061},
{"Node_id":1053,"weight":1.5218},
{"Node_id":1054,"weight":2.2017},
{"Node_id":1055,"weight":5.3771},
{"Node_id":1056,"weight":2.3918},
{"Node_id":1057,"weight":1.5327},
{"Node_id":1058,"weight":1.5527},
{"Node_id":1059,"weight":2.2448},
{"Node_id":1203,"weight":5.2347},
{"Node_id":1204,"weight":1.9606},
{"Node_id":1205,"weight":1.7719},
{"Node_id":1206,"weight":1.4474},
{"Node_id":1207,"weight":2.4768},
{"Node_id":1218,"weight":1.7417},
{"Node_id":1219,"weight":2.9808},
{"Node_id":1222,"weight":1.4128},
{"Node_id":1223,"weight":1.5992},
{"Node_id":1224,"weight":1.6762},
{"Node_id":1225,"weight":2.0212},
{"Node_id":1226,"weight":3.0389},
{"Node_id":1227,"weight":3.3377},
{"Node_id":1272,"weight":2.6337},
{"Node_id":1273,"weight":1.7448},
{"Node_id":1274,"weight":1.6331},
{"Node_id":1275,"weight":2.0397},
{"Node_id":1276,"weight":1.7464},
{"Node_id":1277,"weight":1.9802},
{"Node_id":1278,"weight":2.027},
{"Node_id":1279,"weight":1.5828},
{"Node_id":1280,"weight":3.0504},
{"Node_id":1281,"weight":1.4281},
{"Node_id":1282,"weight":2.1557},
{"Node_id":1283,"weight":1.7881},
{"Node_id":1292,"weight":2.645},
{"Node_id":1293,"weight":1.575},
{"Node_id":1339,"weight":4.212},
{"Node_id":1340,"weight":3.5326},
{"Node_id":1341,"weight":3.248},
{"Node_id":1342,"weight":1.4526},
{"Node_id":1382,"weight":2.9917},
{"Node_id":1383,"weight":1.5779},
{"Node_id":1384,"weight":2.1503},
{"Node_id":1385,"weight":1.465},
{"Node_id":1386,"weight":1.9811},
{"Node_id":1387,"weight":1.4526},
{"Node_id":1388,"weight":1.5771},
{"Node_id":1389,"weight":1.8062},
{"Node_id":1390,"weight":2.0125},
{"Node_id":1391,"weight":5.7414},
{"Node_id":1392,"weight":4.1318},
{"Node_id":1393,"weight":2.5371},
{"Node_id":1394,"weight":2.1323},
{"Node_id":1395,"weight":1.4223},
{"Node_id":1396,"weight":4.3858},
{"Node_id":1397,"weight":4.4364},
{"Node_id":1398,"weight":1.4064},
{"Node_id":1399,"weight":1.4533},
{"Node_id":1400,"weight":1.513},
{"Node_id":1401,"weight":1.7036},
{"Node_id":1402,"weight":2.1218},
{"Node_id":1403,"weight":4.4451},
{"Node_id":1404,"weight":1.6538},
{"Node_id":1405,"weight":2.2185},
{"Node_id":1406,"weight":1.7535},
{"Node_id":1407,"weight":2.102},
{"Node_id":1408,"weight":1.397},
{"Node_id":1409,"weight":2.0685},
{"Node_id":1410,"weight":1.8851},
{"Node_id":1411,"weight":1.8379},
{"Node_id":1412,"weight":5.6515},
{"Node_id":1413,"weight":1.8992},
{"Node_id":1414,"weight":1.7939},
{"Node_id":1415,"weight":2.0125},
{"Node_id":1416,"weight":2.5594},
{"Node_id":1417,"weight":1.7244},
{"Node_id":1418,"weight":3.6969},
{"Node_id":1419,"weight":3.1703},
{"Node_id":1420,"weight":1.5184},
{"Node_id":1421,"weight":1.3869},
{"Node_id":1422,"weight":2.1829},
{"Node_id":1423,"weight":2.2196},
{"Node_id":1424,"weight":1.9597},
{"Node_id":1425,"weight":2.8477},
{"Node_id":1426,"weight":1.6694},
{"Node_id":1427,"weight":3.577},
{"Node_id":1428,"weight":2.889},
{"Node_id":1429,"weight":2.885},
{"Node_id":1430,"weight":1.5259},
{"Node_id":1431,"weight":3.8567},
{"Node_id":1432,"weight":3.3079},
{"Node_id":1433,"weight":1.8354},
{"Node_id":1434,"weight":1.7736},
{"Node_id":1435,"weight":3.714},
{"Node_id":1436,"weight":1.8371},
{"Node_id":1437,"weight":2.9808},
{"Node_id":1438,"weight":2.9614},
{"Node_id":1439,"weight":3.4934},
{"Node_id":1440,"weight":1.3882},
{"Node_id":1441,"weight":1.7623},
{"Node_id":1442,"weight":2.3711},
{"Node_id":1443,"weight":1.4313},
{"Node_id":1444,"weight":1.5527},
{"Node_id":1445,"weight":2.2599},
{"Node_id":1446,"weight":2.0029},
{"Node_id":1447,"weight":2.6596},
{"Node_id":1448,"weight":1.9359},
{"Node_id":1449,"weight":2.9381},
{"Node_id":1450,"weight":2.9174},
{"Node_id":1451,"weight":1.6171},
{"Node_id":1452,"weight":1.8103},
{"Node_id":1453,"weight":1.5334},
{"Node_id":1454,"weight":2.887},
{"Node_id":1455,"weight":1.8186},
{"Node_id":1456,"weight":1.9542},
{"Node_id":1467,"weight":1.6785},
{"Node_id":1468,"weight":3.0006},
{"Node_id":1469,"weight":2.1785},
{"Node_id":1470,"weight":3.0786},
{"Node_id":1471,"weight":3.8275},
{"Node_id":1472,"weight":1.7881},
{"Node_id":1473,"weight":3.055},
{"Node_id":1474,"weight":1.9662},
{"Node_id":1475,"weight":2.4671},
{"Node_id":1476,"weight":3.2905},
{"Node_id":1477,"weight":1.901},
{"Node_id":1478,"weight":1.9802},
{"Node_id":1479,"weight":1.9802},
{"Node_id":1480,"weight":7.8236},
{"Node_id":1484,"weight":1.6913},
{"Node_id":1485,"weight":2.645},
{"Node_id":1486,"weight":4.0163},
{"Node_id":1487,"weight":1.4915},
{"Node_id":1488,"weight":1.5347},
{"Node_id":1489,"weight":2.6531},
{"Node_id":1490,"weight":2.2611},
{"Node_id":1569,"weight":4.3454},
{"Node_id":1570,"weight":2.8248},
{"Node_id":1573,"weight":2.4994},
{"Node_id":1574,"weight":1.748},
{"Node_id":1575,"weight":1.4855},
{"Node_id":1576,"weight":2.764},
{"Node_id":1577,"weight":1.8721},
{"Node_id":1578,"weight":2.4492},
{"Node_id":1579,"weight":1.8904},
{"Node_id":1580,"weight":1.9783},
{"Node_id":1581,"weight":1.6508},
{"Node_id":1582,"weight":2.1302},
{"Node_id":1583,"weight":2.4356},
{"Node_id":1584,"weight":2.0897},
{"Node_id":1585,"weight":3.1322},
{"Node_id":1586,"weight":1.956},
{"Node_id":1587,"weight":4.5362},
{"Node_id":1588,"weight":2.8574},
{"Node_id":1591,"weight":4.6053},
{"Node_id":1592,"weight":2.7839},
{"Node_id":1593,"weight":1.5177},
{"Node_id":1594,"weight":1.414},
{"Node_id":1595,"weight":1.7496},
{"Node_id":1596,"weight":2.0318},
{"Node_id":1597,"weight":3.2424},
{"Node_id":1598,"weight":1.8756},
{"Node_id":1662,"weight":2.5371},
{"Node_id":1663,"weight":1.414},
{"Node_id":1664,"weight":2.4643},
{"Node_id":1693,"weight":1.8128},
{"Node_id":1694,"weight":1.4461},
{"Node_id":1695,"weight":2.0446},
{"Node_id":1696,"weight":2.5821},
{"Node_id":1697,"weight":3.4761},
{"Node_id":1698,"weight":1.5062},
{"Node_id":1699,"weight":2.0989},
{"Node_id":1700,"weight":2.3788},
{"Node_id":1701,"weight":1.5485},
{"Node_id":1702,"weight":4.4108},
{"Node_id":1705,"weight":1.4384},
{"Node_id":1706,"weight":2.7551},
{"Node_id":1707,"weight":1.7409},
{"Node_id":1708,"weight":2.1333},
{"Node_id":1709,"weight":1.9634},
{"Node_id":1710,"weight":1.8111},
{"Node_id":1711,"weight":2.7604},
{"Node_id":1712,"weight":1.5779},
{"Node_id":1713,"weight":4.1383},
{"Node_id":1714,"weight":1.4565},
{"Node_id":1715,"weight":3.6233},
{"Node_id":1716,"weight":1.7599},
{"Node_id":1717,"weight":2.5806},
{"Node_id":1718,"weight":1.4096},
{"Node_id":1719,"weight":3.9072},
{"Node_id":1720,"weight":1.8211},
{"Node_id":1721,"weight":2.5312},
{"Node_id":1722,"weight":1.8037},
{"Node_id":1723,"weight":2.9657},
{"Node_id":1724,"weight":2.6514},
{"Node_id":1725,"weight":1.4229},
{"Node_id":1726,"weight":2.7132},
{"Node_id":1727,"weight":1.8404},
{"Node_id":1728,"weight":1.9332},
{"Node_id":1729,"weight":2.5867},
{"Node_id":1730,"weight":1.6694},
{"Node_id":1731,"weight":4.119},
{"Node_id":1732,"weight":2.4937},
{"Node_id":1733,"weight":3.9992},
{"Node_id":1734,"weight":1.9268},
{"Node_id":1735,"weight":1.4351},
{"Node_id":1736,"weight":1.5361},
{"Node_id":1737,"weight":1.6501},
{"Node_id":1738,"weight":1.9001},
{"Node_id":1764,"weight":1.5396},
{"Node_id":1765,"weight":1.4409},
{"Node_id":1766,"weight":6.0299},
{"Node_id":1767,"weight":1.8037},
{"Node_id":1768,"weight":2.1939},
{"Node_id":1769,"weight":1.5143},
{"Node_id":1770,"weight":1.8203},
{"Node_id":1771,"weight":1.5055},
{"Node_id":1772,"weight":1.8575},
{"Node_id":1773,"weight":2.2402},
{"Node_id":1774,"weight":4.8588},
{"Node_id":1775,"weight":1.4274},
{"Node_id":1776,"weight":2.0948},
{"Node_id":1777,"weight":2.1503},
{"Node_id":1778,"weight":2.1051},
{"Node_id":1779,"weight":1.726},
{"Node_id":1780,"weight":1.9395},
{"Node_id":1781,"weight":1.3982},
{"Node_id":1782,"weight":3.248},
{"Node_id":1783,"weight":1.5687},
{"Node_id":1784,"weight":2.3395},
{"Node_id":1785,"weight":1.6128},
{"Node_id":1786,"weight":1.3919},
{"Node_id":1787,"weight":1.5568},
{"Node_id":1788,"weight":1.6361},
{"Node_id":1789,"weight":2.6928},
{"Node_id":1790,"weight":2.891},
{"Node_id":1791,"weight":2.6844},
{"Node_id":1792,"weight":7.1301},
{"Node_id":1793,"weight":1.9597},
{"Node_id":1799,"weight":1.893},
{"Node_id":1800,"weight":3.9176},
{"Node_id":1801,"weight":2.3198},
{"Node_id":1802,"weight":2.6678},
{"Node_id":1803,"weight":2.0948},
{"Node_id":1804,"weight":1.8592},
{"Node_id":1805,"weight":4.7357},
{"Node_id":1806,"weight":2.3309},
{"Node_id":1807,"weight":1.4185},
{"Node_id":1808,"weight":1.7615},
{"Node_id":1809,"weight":1.4644},
{"Node_id":1810,"weight":3.1729},
{"Node_id":1811,"weight":2.6794},
{"Node_id":1812,"weight":2.97},
{"Node_id":1813,"weight":1.4611},
{"Node_id":1819,"weight":2.2344},
{"Node_id":1820,"weight":2.6777},
{"Node_id":1821,"weight":1.7043},
{"Node_id":1822,"weight":2.0877},
{"Node_id":1823,"weight":1.822},
{"Node_id":1824,"weight":3.1755},
{"Node_id":1825,"weight":1.6244},
{"Node_id":1826,"weight":1.5389},
{"Node_id":1827,"weight":2.0907},
{"Node_id":1828,"weight":1.843},
{"Node_id":1829,"weight":3.5732},
{"Node_id":1830,"weight":1.7971},
{"Node_id":1831,"weight":2.9962},
{"Node_id":1832,"weight":2.3198},
{"Node_id":1833,"weight":2.4275},
{"Node_id":1834,"weight":1.4835},
{"Node_id":1835,"weight":1.6501},
{"Node_id":1836,"weight":1.832},
{"Node_id":1837,"weight":1.39},
{"Node_id":1838,"weight":2.3358},
{"Node_id":1839,"weight":1.9662},
{"Node_id":1840,"weight":1.6815},
{"Node_id":1841,"weight":1.9802},
{"Node_id":1842,"weight":3.5253},
{"Node_id":1843,"weight":2.7986},
{"Node_id":1844,"weight":2.6744},
{"Node_id":1845,"weight":2.5224},
{"Node_id":1855,"weight":3.8372},
{"Node_id":1856,"weight":2.5975},
{"Node_id":1857,"weight":2.3546},
{"Node_id":1860,"weight":1.6471},
{"Node_id":1861,"weight":2.2529},
{"Node_id":1862,"weight":4.2546},
{"Node_id":1863,"weight":3.3777},
{"Node_id":1864,"weight":2.6289},
{"Node_id":1865,"weight":1.7719},
{"Node_id":1866,"weight":2.8324},
{"Node_id":1867,"weight":1.8843},
{"Node_id":1868,"weight":2.0877},
{"Node_id":1869,"weight":2.5929},
{"Node_id":1870,"weight":1.6777},
{"Node_id":1871,"weight":4.2915},
{"Node_id":1872,"weight":1.4409},
{"Node_id":1873,"weight":1.4644},
{"Node_id":1874,"weight":3.3591},
{"Node_id":1875,"weight":2.1884},
{"Node_id":1876,"weight":2.9298},
{"Node_id":1877,"weight":3.4761},
{"Node_id":1878,"weight":4.4988},
{"Node_id":1879,"weight":3.7669},
{"Node_id":1956,"weight":2.7676},
{"Node_id":1957,"weight":1.8878},
{"Node_id":1958,"weight":3.7313},
{"Node_id":1959,"weight":2.2599},
{"Node_id":1960,"weight":4.0514},
{"Node_id":1961,"weight":2.9195},
{"Node_id":1962,"weight":1.7728},
{"Node_id":1963,"weight":1.3976},
{"Node_id":1964,"weight":1.7504},
{"Node_id":1965,"weight":1.6853},
{"Node_id":1966,"weight":1.9868},
{"Node_id":1967,"weight":2.1589},
{"Node_id":1968,"weight":2.3149},
{"Node_id":1969,"weight":2.3879},
{"Node_id":1970,"weight":4.8458},
{"Node_id":1971,"weight":1.4915},
{"Node_id":1972,"weight":2.239},
{"Node_id":1973,"weight":2.1643},
{"Node_id":1974,"weight":2.5489},
{"Node_id":1975,"weight":1.6649},
{"Node_id":1976,"weight":1.6702},
{"Node_id":1977,"weight":3.5657},
{"Node_id":1978,"weight":1.9783},
{"Node_id":1979,"weight":1.7939},
{"Node_id":1980,"weight":5.3771},
{"Node_id":1981,"weight":2.0456},
{"Node_id":1982,"weight":3.4969},
{"Node_id":1983,"weight":2.0456},
{"Node_id":1995,"weight":2.0948},
{"Node_id":1996,"weight":2.0525},
{"Node_id":1997,"weight":5.0609},
{"Node_id":1998,"weight":4.3066},
{"Node_id":1999,"weight":3.1099},
{"Node_id":2000,"weight":2.6131},
{"Node_id":2001,"weight":1.8245},
{"Node_id":2002,"weight":1.8245},
{"Node_id":2003,"weight":1.4455},
{"Node_id":2030,"weight":2.145},
{"Node_id":2031,"weight":3.055},
{"Node_id":2101,"weight":2.3088},
{"Node_id":2102,"weight":1.5252},
{"Node_id":2103,"weight":1.9487},
{"Node_id":2104,"weight":1.513},
{"Node_id":2105,"weight":1.6597},
{"Node_id":2106,"weight":2.2402},
{"Node_id":2107,"weight":3.2342},
{"Node_id":2108,"weight":2.2787},
{"Node_id":2109,"weight":2.173},
{"Node_id":2110,"weight":4.3297},
{"Node_id":2111,"weight":2.7586},
{"Node_id":2112,"weight":1.8295},
{"Node_id":2113,"weight":2.6596},
{"Node_id":2114,"weight":2.3508},
{"Node_id":2115,"weight":5.2734},
{"Node_id":2116,"weight":3.9072},
{"Node_id":2117,"weight":5.7732},
{"Node_id":2118,"weight":1.3951},
{"Node_id":2144,"weight":3.2205},
{"Node_id":2145,"weight":1.5779},
{"Node_id":2146,"weight":3.9495},
{"Node_id":2147,"weight":2.0918},
{"Node_id":2148,"weight":1.7833},
{"Node_id":2149,"weight":1.4795},
{"Node_id":2150,"weight":1.3907},
{"Node_id":2151,"weight":1.5694},
{"Node_id":2152,"weight":1.6762},
{"Node_id":2153,"weight":2.8267},
{"Node_id":2154,"weight":2.1785},
{"Node_id":2155,"weight":1.6171},
{"Node_id":2156,"weight":1.3882},
{"Node_id":2157,"weight":4.7242},
{"Node_id":2158,"weight":2.5415},
{"Node_id":2159,"weight":2.0397},
{"Node_id":2160,"weight":1.58},
{"Node_id":2161,"weight":1.5437},
{"Node_id":2162,"weight":1.8295},
{"Node_id":2163,"weight":2.4698},
{"Node_id":2164,"weight":1.9305},
{"Node_id":2165,"weight":3.8132},
{"Node_id":2166,"weight":1.9036},
{"Node_id":2167,"weight":1.8054},
{"Node_id":2168,"weight":1.6244},
{"Node_id":2169,"weight":1.5506},
{"Node_id":2170,"weight":1.8851},
{"Node_id":2171,"weight":1.6471},
{"Node_id":2172,"weight":3.1912},
{"Node_id":2173,"weight":1.5687},
{"Node_id":2174,"weight":1.4598},
{"Node_id":2175,"weight":2.2344},
{"Node_id":2176,"weight":2.0048},
{"Node_id":2177,"weight":2.5094},
{"Node_id":2178,"weight":2.1796},
{"Node_id":2195,"weight":6.1171},
{"Node_id":2196,"weight":1.7623},
{"Node_id":2197,"weight":1.4481},
{"Node_id":2200,"weight":4.7592},
{"Node_id":2201,"weight":2.2129},
{"Node_id":2285,"weight":3.1651},
{"Node_id":2286,"weight":2.3284},
{"Node_id":2352,"weight":3.7313},
{"Node_id":2389,"weight":1.3932},
{"Node_id":2443,"weight":1.822},
{"Node_id":2444,"weight":1.7464},
{"Node_id":2471,"weight":1.3913},
{"Node_id":2493,"weight":1.5779},
{"Node_id":2558,"weight":2.8458},
{"Node_id":2711,"weight":1.6936},
{"Node_id":2822,"weight":1.8379},
{"Node_id":2823,"weight":1.9802},
{"Node_id":2849,"weight":1.3894},
{"Node_id":2850,"weight":1.9746},
{"Node_id":2862,"weight":1.8834},
{"Node_id":2897,"weight":2.5268},
{"Node_id":2898,"weight":1.469},
{"Node_id":2899,"weight":2.8229},
{"Node_id":2900,"weight":3.3197},
{"Node_id":2901,"weight":3.5289},
{"Node_id":2902,"weight":1.6013},
{"Node_id":2903,"weight":1.5204},
{"Node_id":2904,"weight":3.5807},
{"Node_id":2905,"weight":2.0605},
{"Node_id":2906,"weight":1.7036},
{"Node_id":2907,"weight":1.7206},
{"Node_id":2908,"weight":2.1302},
{"Node_id":2909,"weight":1.7881},
{"Node_id":2910,"weight":1.7159},
{"Node_id":2911,"weight":4.3297},
{"Node_id":2912,"weight":1.6493},
{"Node_id":2913,"weight":1.7206},
{"Node_id":2916,"weight":1.5624},
{"Node_id":2917,"weight":1.6013},
{"Node_id":2918,"weight":4.6363},
{"Node_id":2925,"weight":2.7029},
{"Node_id":2926,"weight":3.504},
{"Node_id":2927,"weight":1.6553},
{"Node_id":2928,"weight":1.5715},
{"Node_id":2929,"weight":1.9423},
{"Node_id":2930,"weight":1.4481},
{"Node_id":2931,"weight":1.4494},
{"Node_id":2932,"weight":1.5575},
{"Node_id":2933,"weight":5.045},
{"Node_id":2934,"weight":2.1687},
{"Node_id":2935,"weight":1.9915},
{"Node_id":2936,"weight":2.7132},
{"Node_id":2937,"weight":1.9296},
{"Node_id":2938,"weight":2.1072},
{"Node_id":2939,"weight":3.842},
{"Node_id":2940,"weight":1.9259},
{"Node_id":2941,"weight":2.2344},
{"Node_id":2942,"weight":1.5757},
{"Node_id":2943,"weight":2.9852},
{"Node_id":2944,"weight":2.102},
{"Node_id":2945,"weight":1.9423},
{"Node_id":2946,"weight":1.8557},
{"Node_id":2947,"weight":2.2517},
{"Node_id":2948,"weight":2.6911},
{"Node_id":2949,"weight":4.1513},
{"Node_id":2950,"weight":2.9786},
{"Node_id":2951,"weight":5.5957},
{"Node_id":2952,"weight":1.8362},
{"Node_id":2953,"weight":2.7201},
{"Node_id":2954,"weight":2.1796},
{"Node_id":2955,"weight":1.8904},
{"Node_id":2956,"weight":3.2992},
{"Node_id":2957,"weight":1.9764},
{"Node_id":2958,"weight":1.7963},
{"Node_id":2959,"weight":2.1},
{"Node_id":2960,"weight":2.3321},
{"Node_id":2961,"weight":2.3584},
{"Node_id":2962,"weight":3.0574},
{"Node_id":2963,"weight":2.3866},
{"Node_id":2964,"weight":1.5245},
{"Node_id":2965,"weight":1.8387},
{"Node_id":2966,"weight":3.4095},
{"Node_id":2967,"weight":1.9943},
{"Node_id":3046,"weight":2.0416},
{"Node_id":3047,"weight":2.127},
{"Node_id":3048,"weight":2.6811},
{"Node_id":3049,"weight":1.8695},
{"Node_id":3050,"weight":2.0309},
{"Node_id":3051,"weight":2.1124},
{"Node_id":3052,"weight":4.5653},
{"Node_id":3053,"weight":2.3996},
{"Node_id":3054,"weight":1.4881},
{"Node_id":3055,"weight":2.7287},
{"Node_id":3056,"weight":3.0905},
{"Node_id":3057,"weight":2.0887},
{"Node_id":3058,"weight":1.4513},
{"Node_id":3094,"weight":3.4624},
{"Node_id":3095,"weight":1.4147},
{"Node_id":3096,"weight":1.552},
{"Node_id":3097,"weight":3.0139},
{"Node_id":3098,"weight":4.1064},
{"Node_id":3099,"weight":3.6595},
{"Node_id":3100,"weight":1.7276},
{"Node_id":3131,"weight":2.4533},
{"Node_id":3132,"weight":2.4221},
{"Node_id":3133,"weight":2.9011},
{"Node_id":3134,"weight":2.274},
{"Node_id":3135,"weight":2.8691},
{"Node_id":3136,"weight":1.397},
{"Node_id":3137,"weight":1.8992},
{"Node_id":3138,"weight":1.5157},
{"Node_id":3139,"weight":2.8496},
{"Node_id":3140,"weight":1.8295},
{"Node_id":3141,"weight":1.6273},
{"Node_id":3186,"weight":1.3982},
{"Node_id":3207,"weight":1.699},
{"Node_id":3208,"weight":2.1176},
{"Node_id":3215,"weight":2.7462},
{"Node_id":3216,"weight":2.1796},
{"Node_id":3217,"weight":2.1218},
{"Node_id":3218,"weight":1.532},
{"Node_id":3219,"weight":2.8496},
{"Node_id":3220,"weight":3.8038},
{"Node_id":3221,"weight":1.9241},
{"Node_id":3222,"weight":3.5004},
{"Node_id":3223,"weight":2.3635},
{"Node_id":3224,"weight":1.4513},
{"Node_id":3225,"weight":1.5218},
{"Node_id":3226,"weight":1.6951},
{"Node_id":3227,"weight":1.9089},
{"Node_id":3230,"weight":2.1557},
{"Node_id":3231,"weight":3.0857},
{"Node_id":3232,"weight":2.5852},
{"Node_id":3233,"weight":4.7242},
{"Node_id":3234,"weight":1.956},
{"Node_id":3235,"weight":2.8535},
{"Node_id":3236,"weight":2.1972},
{"Node_id":3237,"weight":2.3609},
{"Node_id":3238,"weight":3.1347},
{"Node_id":3239,"weight":1.9981},
{"Node_id":3240,"weight":4.9264},
{"Node_id":3241,"weight":2.2979},
{"Node_id":3242,"weight":3.5217},
{"Node_id":3243,"weight":2.4909},
{"Node_id":3244,"weight":1.5191},
{"Node_id":3245,"weight":2.1302},
{"Node_id":3246,"weight":1.6967},
{"Node_id":3247,"weight":2.61},
{"Node_id":3248,"weight":2.1493},
{"Node_id":3249,"weight":2.2895},
{"Node_id":3250,"weight":3.1075},
{"Node_id":3251,"weight":1.5444},
{"Node_id":3252,"weight":1.5177},
{"Node_id":3253,"weight":1.4683},
{"Node_id":3256,"weight":1.587},
{"Node_id":3257,"weight":2.5714},
{"Node_id":3258,"weight":1.5527},
{"Node_id":3259,"weight":2.7894},
{"Node_id":3260,"weight":1.4147},
{"Node_id":3261,"weight":1.6739},
{"Node_id":3262,"weight":1.7906},
{"Node_id":3263,"weight":6.264},
{"Node_id":3264,"weight":2.4075},
{"Node_id":3269,"weight":6.2126},
{"Node_id":3270,"weight":3.0072},
{"Node_id":3271,"weight":3.8275},
{"Node_id":3272,"weight":3.5362},
{"Node_id":3273,"weight":1.9287},
{"Node_id":3274,"weight":2.5836},
{"Node_id":3275,"weight":2.0202},
{"Node_id":3276,"weight":1.9305},
{"Node_id":3277,"weight":1.4749},
{"Node_id":3278,"weight":2.2967},
{"Node_id":3279,"weight":2.9195},
{"Node_id":3371,"weight":2.3271},
{"Node_id":3372,"weight":1.7535},
{"Node_id":3382,"weight":3.0343},
{"Node_id":3386,"weight":2.2835},
{"Node_id":3387,"weight":6.9068},
{"Node_id":3388,"weight":1.8678},
{"Node_id":3392,"weight":2.7218},
{"Node_id":3393,"weight":1.8404},
{"Node_id":3394,"weight":1.3944},
{"Node_id":3395,"weight":2.2587},
{"Node_id":3396,"weight":1.7074},
{"Node_id":3397,"weight":3.776},
{"Node_id":3398,"weight":4.6363},
{"Node_id":3399,"weight":3.9936},
{"Node_id":3400,"weight":2.231},
{"Node_id":3401,"weight":1.7028},
{"Node_id":3402,"weight":1.9386},
{"Node_id":3403,"weight":1.7144},
{"Node_id":3404,"weight":1.6442},
{"Node_id":3409,"weight":1.4191},
{"Node_id":3410,"weight":1.6229},
{"Node_id":3411,"weight":1.7417},
{"Node_id":3412,"weight":3.6636},
{"Node_id":3413,"weight":1.6853},
{"Node_id":3414,"weight":2.2402},
{"Node_id":3415,"weight":5.4217},
{"Node_id":3437,"weight":2.3234},
{"Node_id":3456,"weight":5.3555},
{"Node_id":3457,"weight":2.441},
{"Node_id":3458,"weight":1.5506},
{"Node_id":3459,"weight":2.9874},
{"Node_id":3469,"weight":1.7971},
{"Node_id":3470,"weight":1.6442},
{"Node_id":3471,"weight":1.3869},
{"Node_id":3475,"weight":2.2253},
{"Node_id":3476,"weight":3.2619},
{"Node_id":3477,"weight":3.0252},
{"Node_id":3493,"weight":1.886},
{"Node_id":3494,"weight":2.0887},
{"Node_id":3501,"weight":1.6545},
{"Node_id":3502,"weight":1.9905},
{"Node_id":3503,"weight":2.1312},
{"Node_id":3516,"weight":1.6013},
{"Node_id":3517,"weight":2.2705},
{"Node_id":3518,"weight":2.3259},
{"Node_id":3519,"weight":1.5015},
{"Node_id":3520,"weight":1.6339},
{"Node_id":3521,"weight":4.4716},
{"Node_id":3522,"weight":2.0897},
{"Node_id":3523,"weight":2.1665},
{"Node_id":3524,"weight":2.5836},
{"Node_id":3525,"weight":1.9578},
{"Node_id":3526,"weight":3.7991},
{"Node_id":3527,"weight":2.3559},
{"Node_id":3528,"weight":2.3996},
{"Node_id":3529,"weight":1.4982},
{"Node_id":3530,"weight":1.6605},
{"Node_id":3531,"weight":1.9802},
{"Node_id":3532,"weight":2.2129},
{"Node_id":3533,"weight":2.9215},
{"Node_id":3534,"weight":2.5944},
{"Node_id":3537,"weight":2.9614},
{"Node_id":3538,"weight":2.1072},
{"Node_id":3542,"weight":1.8021},
{"Node_id":3606,"weight":2.9133},
{"Node_id":3607,"weight":1.5076},
{"Node_id":3608,"weight":2.3622},
{"Node_id":3609,"weight":2.9423},
{"Node_id":3610,"weight":2.9874},
{"Node_id":3611,"weight":2.0826},
{"Node_id":3612,"weight":1.726},
{"Node_id":3613,"weight":1.7433},
{"Node_id":3614,"weight":2.223},
{"Node_id":3615,"weight":2.7081},
{"Node_id":3616,"weight":2.936},
{"Node_id":3620,"weight":1.9905},
{"Node_id":3621,"weight":1.9018},
{"Node_id":3622,"weight":4.1711},
{"Node_id":3623,"weight":1.4683},
{"Node_id":3624,"weight":2.0695},
{"Node_id":3646,"weight":3.8085},
{"Node_id":3647,"weight":1.3894},
{"Node_id":3648,"weight":4.6053},
{"Node_id":3649,"weight":4.4896},
{"Node_id":3650,"weight":3.4591},
{"Node_id":3651,"weight":2.2859},
{"Node_id":3652,"weight":1.5076},
{"Node_id":3653,"weight":1.6085},
{"Node_id":3654,"weight":1.4134},
{"Node_id":3655,"weight":2.0555},
{"Node_id":3659,"weight":1.9615},
{"Node_id":3660,"weight":2.1397},
{"Node_id":3661,"weight":2.885},
{"Node_id":3662,"weight":2.3673},
{"Node_id":3663,"weight":1.9359},
{"Node_id":3666,"weight":1.812},
{"Node_id":3667,"weight":2.3471},
{"Node_id":3668,"weight":2.1525},
{"Node_id":3669,"weight":2.2979},
{"Node_id":3670,"weight":4.9264},
{"Node_id":3671,"weight":3.4591},
{"Node_id":3672,"weight":3.4865},
{"Node_id":3673,"weight":2.2716},
{"Node_id":3674,"weight":1.5878},
{"Node_id":3675,"weight":4.9126},
{"Node_id":3676,"weight":1.3951},
{"Node_id":3677,"weight":2.2599},
{"Node_id":3678,"weight":2.1983},
{"Node_id":3679,"weight":1.6694},
{"Node_id":3680,"weight":2.0836},
{"Node_id":3681,"weight":1.8532},
{"Node_id":3682,"weight":2.5564},
{"Node_id":3683,"weight":2.4089},
{"Node_id":3684,"weight":2.1514},
{"Node_id":3687,"weight":1.4565},
{"Node_id":3691,"weight":2.4221},
{"Node_id":3692,"weight":1.7639},
{"Node_id":3693,"weight":2.6962},
{"Node_id":3703,"weight":3.8666},
{"Node_id":3704,"weight":1.5471},
{"Node_id":3705,"weight":1.6898},
{"Node_id":3706,"weight":1.3951},
{"Node_id":3707,"weight":1.6449},
{"Node_id":3708,"weight":2.0705},
{"Node_id":3709,"weight":1.8575},
{"Node_id":3710,"weight":3.2178},
{"Node_id":3711,"weight":2.6337},
{"Node_id":3712,"weight":2.5489},
{"Node_id":3713,"weight":2.0635},
{"Node_id":3714,"weight":2.6194},
{"Node_id":3715,"weight":1.656},
{"Node_id":3716,"weight":2.1939},
{"Node_id":3717,"weight":1.5694},
{"Node_id":3718,"weight":1.7631},
{"Node_id":3719,"weight":1.4255},
{"Node_id":3720,"weight":3.9441},
{"Node_id":3721,"weight":1.4268},
{"Node_id":3722,"weight":1.4403},
{"Node_id":3723,"weight":2.7081},
{"Node_id":3724,"weight":1.6383},
{"Node_id":3725,"weight":1.4808},
{"Node_id":3726,"weight":1.7496},
{"Node_id":3729,"weight":2.7115},
{"Node_id":3732,"weight":2.0655},
{"Node_id":3733,"weight":1.6694},
{"Node_id":3734,"weight":1.5771},
{"Node_id":3735,"weight":1.86},
{"Node_id":3736,"weight":5.7732},
{"Node_id":3737,"weight":4.2402},
{"Node_id":3738,"weight":2.5594},
{"Node_id":3775,"weight":2.2196},
{"Node_id":3776,"weight":2.6178},
{"Node_id":3777,"weight":4.5951},
{"Node_id":3778,"weight":3.7898},
{"Node_id":3779,"weight":2.9678},
{"Node_id":3815,"weight":3.4934},
{"Node_id":3816,"weight":1.7315},
{"Node_id":3817,"weight":1.8103},
{"Node_id":3818,"weight":2.6695},
{"Node_id":3819,"weight":1.5673},
{"Node_id":3820,"weight":3.5732},
{"Node_id":3821,"weight":2.0338},
{"Node_id":3822,"weight":2.8652},
{"Node_id":3823,"weight":2.3395},
{"Node_id":3824,"weight":2.4574},
{"Node_id":3825,"weight":3.1099},
{"Node_id":3826,"weight":2.5944},
{"Node_id":3827,"weight":2.1557},
{"Node_id":3828,"weight":3.449},
{"Node_id":3829,"weight":3.7991},
{"Node_id":3830,"weight":1.8712},
{"Node_id":3831,"weight":5.3992},
{"Node_id":3832,"weight":1.8913},
{"Node_id":3835,"weight":2.0231},
{"Node_id":3836,"weight":1.9359},
{"Node_id":3837,"weight":1.4306},
{"Node_id":3838,"weight":3.3438},
{"Node_id":3839,"weight":3.1807},
{"Node_id":3840,"weight":1.467},
{"Node_id":3841,"weight":3.0095},
{"Node_id":3844,"weight":2.5224},
{"Node_id":3845,"weight":2.0645},
{"Node_id":3846,"weight":1.5513},
{"Node_id":3847,"weight":2.5745},
{"Node_id":3848,"weight":1.4756},
{"Node_id":3877,"weight":2.4451},
{"Node_id":3878,"weight":2.239},
{"Node_id":3879,"weight":2.879},
{"Node_id":3880,"weight":1.879},
{"Node_id":3881,"weight":3.8469},
{"Node_id":3882,"weight":1.9662},
{"Node_id":3883,"weight":1.5849},
{"Node_id":3886,"weight":2.401},
{"Node_id":3896,"weight":1.7159},
{"Node_id":3897,"weight":1.5062},
{"Node_id":3898,"weight":2.3609},
{"Node_id":3899,"weight":1.7752},
{"Node_id":3900,"weight":2.0115},
{"Node_id":3901,"weight":1.8087},
{"Node_id":3902,"weight":1.4396},
{"Node_id":3903,"weight":2.1862},
{"Node_id":3904,"weight":2.0846},
{"Node_id":3905,"weight":3.1148},
{"Node_id":3906,"weight":1.5252},
{"Node_id":3907,"weight":4.2546},
{"Node_id":3908,"weight":4.0514},
{"Node_id":3909,"weight":2.6482},
{"Node_id":3910,"weight":1.983},
{"Node_id":3911,"weight":1.712},
{"Node_id":3912,"weight":6.6441},
{"Node_id":3991,"weight":3.7898},
{"Node_id":3992,"weight":1.9736},
{"Node_id":3995,"weight":1.4941},
{"Node_id":3996,"weight":3.504},
{"Node_id":3997,"weight":1.5715},
{"Node_id":3998,"weight":3.3652},
{"Node_id":3999,"weight":2.6645},
{"Node_id":4000,"weight":4.0634},
{"Node_id":4001,"weight":3.2178},
{"Node_id":4002,"weight":2.3003},
{"Node_id":4003,"weight":2.6695},
{"Node_id":4004,"weight":4.3614},
{"Node_id":4005,"weight":6.1171},
{"Node_id":4006,"weight":2.3699},
{"Node_id":4007,"weight":3.7806},
{"Node_id":4008,"weight":2.2219},
{"Node_id":4009,"weight":3.6352},
{"Node_id":4010,"weight":1.6171},
{"Node_id":4011,"weight":3.9713},
{"Node_id":4012,"weight":1.983},
{"Node_id":4013,"weight":2.4866},
{"Node_id":4014,"weight":1.5603},
{"Node_id":4015,"weight":5.6232},
{"Node_id":4016,"weight":3.5075},
{"Node_id":4019,"weight":2.5283},
{"Node_id":4020,"weight":1.4435},
{"Node_id":4021,"weight":1.9708},
{"Node_id":4022,"weight":1.7385},
{"Node_id":4023,"weight":2.1546},
{"Node_id":4029,"weight":2.7081},
{"Node_id":4030,"weight":2.0545},
{"Node_id":4031,"weight":3.3591},
{"Node_id":4032,"weight":2.0318},
{"Node_id":4033,"weight":3.7624},
{"Node_id":4034,"weight":2.0918},
{"Node_id":4035,"weight":3.4624},
{"Node_id":4036,"weight":2.6353},
{"Node_id":4037,"weight":2.0755},
{"Node_id":4038,"weight":2.6353},
{"Node_id":4039,"weight":1.4795},
{"Node_id":4040,"weight":1.7599},
{"Node_id":4041,"weight":1.4306},
{"Node_id":4042,"weight":1.78},
{"Node_id":4043,"weight":2.0221},
{"Node_id":4044,"weight":1.4332},
{"Node_id":4045,"weight":2.8248},
{"Node_id":4046,"weight":3.2452},
{"Node_id":4050,"weight":2.0595},
{"Node_id":4051,"weight":3.1912},
{"Node_id":4054,"weight":1.6288},
{"Node_id":4055,"weight":1.5743},
{"Node_id":4056,"weight":3.9713},
{"Node_id":4087,"weight":1.5828},
{"Node_id":4088,"weight":2.0309},
{"Node_id":4089,"weight":1.4663},
{"Node_id":4090,"weight":1.7082},
{"Node_id":4091,"weight":1.4928},
{"Node_id":4094,"weight":2.9113},
{"Node_id":4095,"weight":1.5231},
{"Node_id":4096,"weight":2.8116},
{"Node_id":4097,"weight":1.5062},
{"Node_id":4098,"weight":2.7166},
{"Node_id":4099,"weight":2.3458},
{"Node_id":4100,"weight":2.5181},
{"Node_id":4101,"weight":2.7857},
{"Node_id":4102,"weight":1.6739},
{"Node_id":4103,"weight":2.2646},
{"Node_id":4104,"weight":4.9548},
{"Node_id":4105,"weight":3.4456},
{"Node_id":4106,"weight":1.7028},
{"Node_id":4107,"weight":2.0348},
{"Node_id":4108,"weight":2.5066},
{"Node_id":4109,"weight":1.68},
{"Node_id":4110,"weight":1.9802},
{"Node_id":4111,"weight":4.2331},
{"Node_id":4112,"weight":2.2106},
{"Node_id":4113,"weight":2.3699},
{"Node_id":4114,"weight":4.2619},
{"Node_id":4115,"weight":2.2017},
{"Node_id":4116,"weight":2.441},
{"Node_id":4117,"weight":1.602},
{"Node_id":4118,"weight":2.1939},
{"Node_id":4125,"weight":2.0625},
{"Node_id":4126,"weight":2.4712},
{"Node_id":4127,"weight":2.4698},
{"Node_id":4128,"weight":2.645},
{"Node_id":4129,"weight":2.0348},
{"Node_id":4133,"weight":1.6739},
{"Node_id":4134,"weight":2.0735},
{"Node_id":4135,"weight":1.5506},
{"Node_id":4136,"weight":3.0343},
{"Node_id":4137,"weight":2.5474},
{"Node_id":4138,"weight":1.5701},
{"Node_id":4139,"weight":2.0358},
{"Node_id":4140,"weight":3.9441},
{"Node_id":4141,"weight":2.5385},
{"Node_id":4142,"weight":1.866},
{"Node_id":4143,"weight":1.8506},
{"Node_id":4144,"weight":2.877},
{"Node_id":4145,"weight":1.5204},
{"Node_id":4224,"weight":1.7776},
{"Node_id":4225,"weight":2.8613},
{"Node_id":4226,"weight":1.5934},
{"Node_id":4251,"weight":2.6563},
{"Node_id":4252,"weight":1.8261},
{"Node_id":4331,"weight":1.8286},
{"Node_id":4332,"weight":2.1407},
{"Node_id":4333,"weight":2.4115},
{"Node_id":4334,"weight":2.5297},
{"Node_id":4335,"weight":1.7639},
{"Node_id":4367,"weight":1.3982},
{"Node_id":4368,"weight":2.5699},
{"Node_id":4369,"weight":1.7005},
{"Node_id":4426,"weight":3.005},
{"Node_id":4427,"weight":1.5035},
{"Node_id":4472,"weight":6.3182},
{"Node_id":4473,"weight":1.7512},
{"Node_id":4474,"weight":5.5957},
{"Node_id":4475,"weight":1.4749},
{"Node_id":4476,"weight":4.1846},
{"Node_id":4477,"weight":2.9571},
{"Node_id":4478,"weight":1.4507},
{"Node_id":4479,"weight":4.4988},
{"Node_id":4480,"weight":2.0715},
{"Node_id":4481,"weight":1.7528},
{"Node_id":4482,"weight":1.6747},
{"Node_id":4483,"weight":1.6295},
{"Node_id":4484,"weight":3.3871},
{"Node_id":4485,"weight":1.9551},
{"Node_id":4486,"weight":2.6006},
{"Node_id":4489,"weight":1.6936},
{"Node_id":4490,"weight":2.1103},
{"Node_id":4491,"weight":2.1376},
{"Node_id":4492,"weight":1.6405},
{"Node_id":4493,"weight":2.4671},
{"Node_id":4494,"weight":1.5423},
{"Node_id":4495,"weight":1.4624},
{"Node_id":4496,"weight":6.3182},
{"Node_id":4522,"weight":2.2529},
{"Node_id":4547,"weight":3.6352},
{"Node_id":4562,"weight":4.3297},
{"Node_id":4563,"weight":2.0585},
{"Node_id":4566,"weight":2.1643},
{"Node_id":4567,"weight":3.6115},
{"Node_id":4568,"weight":1.854},
{"Node_id":4569,"weight":2.7515},
{"Node_id":4570,"weight":1.8738},
{"Node_id":4571,"weight":2.0846},
{"Node_id":4574,"weight":2.1983},
{"Node_id":4575,"weight":1.5666},
{"Node_id":4576,"weight":3.9658},
{"Node_id":4577,"weight":1.886},
{"Node_id":4578,"weight":1.7955},
{"Node_id":4579,"weight":2.3173},
{"Node_id":4580,"weight":1.9441},
{"Node_id":4581,"weight":1.5279},
{"Node_id":4582,"weight":2.2017},
{"Node_id":4583,"weight":1.5204},
{"Node_id":4584,"weight":2.6596},
{"Node_id":4585,"weight":2.9939},
{"Node_id":4586,"weight":1.5764},
{"Node_id":4587,"weight":1.5123},
{"Node_id":4588,"weight":2.5729},
{"Node_id":4589,"weight":2.1578},
{"Node_id":4590,"weight":2.1407},
{"Node_id":4591,"weight":1.6353},
{"Node_id":4592,"weight":2.3892},
{"Node_id":4593,"weight":2.3039},
{"Node_id":4594,"weight":2.7046},
{"Node_id":4595,"weight":1.6164},
{"Node_id":4596,"weight":1.8295},
{"Node_id":4597,"weight":3.6273},
{"Node_id":4598,"weight":2.9195},
{"Node_id":4603,"weight":1.8566},
{"Node_id":4604,"weight":2.2483},
{"Node_id":4605,"weight":2.2174},
{"Node_id":4606,"weight":2.3533},
{"Node_id":4607,"weight":3.0028},
{"Node_id":4608,"weight":1.5471},
{"Node_id":4609,"weight":3.2017},
{"Node_id":4610,"weight":2.366},
{"Node_id":4611,"weight":2.9195},
{"Node_id":4612,"weight":2.6466},
{"Node_id":4613,"weight":3.416},
{"Node_id":4614,"weight":1.4236},
{"Node_id":4615,"weight":4.0455},
{"Node_id":4616,"weight":2.1687},
{"Node_id":4619,"weight":1.4968},
{"Node_id":4620,"weight":1.5631},
{"Node_id":4621,"weight":2.6482},
{"Node_id":4622,"weight":2.2811},
{"Node_id":4623,"weight":3.5884},
{"Node_id":4624,"weight":1.9746},
{"Node_id":4625,"weight":3.449},
{"Node_id":4626,"weight":1.9332},
{"Node_id":4627,"weight":2.223},
{"Node_id":4628,"weight":2.7931},
{"Node_id":4634,"weight":3.1651},
{"Node_id":4635,"weight":1.4928},
{"Node_id":4639,"weight":3.1124},
{"Node_id":4640,"weight":3.1002},
{"Node_id":4641,"weight":2.2028},
{"Node_id":4642,"weight":3.9124},
{"Node_id":4643,"weight":3.8372},
{"Node_id":4644,"weight":2.7694},
{"Node_id":4645,"weight":4.0574},
{"Node_id":4646,"weight":7.418},
{"Node_id":4649,"weight":2.4288},
{"Node_id":4650,"weight":4.0514},
{"Node_id":4651,"weight":1.5293},
{"Node_id":4652,"weight":1.5396},
{"Node_id":4655,"weight":1.7939},
{"Node_id":4656,"weight":2.4329},
{"Node_id":4671,"weight":1.4598},
{"Node_id":4672,"weight":2.4155},
{"Node_id":4675,"weight":8.1114},
{"Node_id":4676,"weight":1.6434},
{"Node_id":4679,"weight":2.0067},
{"Node_id":4680,"weight":2.0019},
{"Node_id":4681,"weight":3.6432},
{"Node_id":4682,"weight":2.1884},
{"Node_id":4683,"weight":2.2174},
{"Node_id":4684,"weight":2.0836},
{"Node_id":4685,"weight":2.0289},
{"Node_id":4686,"weight":2.6777},
{"Node_id":4687,"weight":2.9465},
{"Node_id":4708,"weight":1.7028},
{"Node_id":4709,"weight":1.7013},
{"Node_id":4710,"weight":2.4356},
{"Node_id":4711,"weight":1.6747},
{"Node_id":4712,"weight":1.4736},
{"Node_id":4713,"weight":2.1145},
{"Node_id":4714,"weight":1.5029},
{"Node_id":4715,"weight":1.5409},
{"Node_id":4716,"weight":1.8669},
{"Node_id":4717,"weight":3.8227},
{"Node_id":4718,"weight":1.7409},
{"Node_id":4719,"weight":2.6037},
{"Node_id":4720,"weight":2.7912},
{"Node_id":4721,"weight":1.9468},
{"Node_id":4722,"weight":4.9989},
{"Node_id":4723,"weight":1.4855},
{"Node_id":4724,"weight":1.843},
{"Node_id":4725,"weight":1.8773},
{"Node_id":4726,"weight":2.8633},
{"Node_id":4727,"weight":6.3182},
{"Node_id":4728,"weight":2.2196},
{"Node_id":4729,"weight":3.1002},
{"Node_id":4730,"weight":1.5306},
{"Node_id":4731,"weight":3.3591},
{"Node_id":4732,"weight":1.5347},
{"Node_id":4733,"weight":1.4468},
{"Node_id":4734,"weight":1.6649},
{"Node_id":4735,"weight":1.7599},
{"Node_id":4736,"weight":2.2425},
{"Node_id":4737,"weight":2.0615},
{"Node_id":4738,"weight":1.3875},
{"Node_id":4739,"weight":2.321},
{"Node_id":4740,"weight":4.4538},
{"Node_id":4741,"weight":1.4789},
{"Node_id":4742,"weight":1.4572},
{"Node_id":4743,"weight":2.6678},
{"Node_id":4744,"weight":6.5008},
{"Node_id":4745,"weight":5.4685},
{"Node_id":4746,"weight":1.7575},
{"Node_id":4747,"weight":1.9662},
{"Node_id":4748,"weight":1.532},
{"Node_id":4749,"weight":1.5002},
{"Node_id":4750,"weight":1.4578},
{"Node_id":4751,"weight":4.3858},
{"Node_id":4754,"weight":3.2876},
{"Node_id":4755,"weight":3.6885},
{"Node_id":4756,"weight":2.0058},
{"Node_id":4757,"weight":2.0397},
{"Node_id":4758,"weight":1.6523},
{"Node_id":4759,"weight":6.4362},
{"Node_id":4760,"weight":1.86},
{"Node_id":4761,"weight":1.6959},
{"Node_id":4762,"weight":2.1643},
{"Node_id":4763,"weight":1.5736},
{"Node_id":4881,"weight":1.6822},
{"Node_id":4882,"weight":1.9395},
{"Node_id":4883,"weight":1.5245},
{"Node_id":4884,"weight":3.6554},
{"Node_id":4885,"weight":3.3714},
{"Node_id":4888,"weight":1.4585},
{"Node_id":4943,"weight":1.6982},
{"Node_id":4944,"weight":2.1093},
{"Node_id":4945,"weight":2.2669},
{"Node_id":4946,"weight":2.521},
{"Node_id":4947,"weight":1.9839},
{"Node_id":4948,"weight":2.4248},
{"Node_id":4949,"weight":1.752},
{"Node_id":4950,"weight":2.576},
{"Node_id":5006,"weight":2.4383},
{"Node_id":5007,"weight":1.9934},
{"Node_id":5008,"weight":1.8913},
{"Node_id":5009,"weight":4.4108},
{"Node_id":5010,"weight":1.9597},
{"Node_id":5011,"weight":1.659},
{"Node_id":5018,"weight":1.9223},
{"Node_id":5019,"weight":2.0173},
{"Node_id":5020,"weight":3.9604},
{"Node_id":5128,"weight":2.7986},
{"Node_id":5129,"weight":2.579},
{"Node_id":5130,"weight":2.205},
{"Node_id":5131,"weight":3.504},
{"Node_id":5132,"weight":1.4624},
{"Node_id":5138,"weight":3.6554},
{"Node_id":5139,"weight":5.8753},
{"Node_id":5140,"weight":2.7046},
{"Node_id":5141,"weight":1.4422},
{"Node_id":5142,"weight":3.4899},
{"Node_id":5143,"weight":2.6995},
{"Node_id":5144,"weight":3.0833},
{"Node_id":5145,"weight":1.6501},
{"Node_id":5146,"weight":2.5609},
{"Node_id":5147,"weight":2.4049},
{"Node_id":5148,"weight":2.2276},
{"Node_id":5149,"weight":3.248},
{"Node_id":5150,"weight":2.1376},
{"Node_id":5151,"weight":1.5694},
{"Node_id":5152,"weight":1.901},
{"Node_id":5153,"weight":1.9792},
{"Node_id":5154,"weight":1.9487},
{"Node_id":5155,"weight":3.1026},
{"Node_id":5156,"weight":1.4172},
{"Node_id":5163,"weight":3.1807},
{"Node_id":5164,"weight":3.0762},
{"Node_id":5165,"weight":4.1383},
{"Node_id":5166,"weight":1.683},
{"Node_id":5167,"weight":2.4615},
{"Node_id":5168,"weight":1.719},
{"Node_id":5169,"weight":2.214},
{"Node_id":5170,"weight":1.7639},
{"Node_id":5171,"weight":1.4709},
{"Node_id":5172,"weight":2.0725},
{"Node_id":5173,"weight":1.517},
{"Node_id":5174,"weight":1.6747},
{"Node_id":5180,"weight":2.027},
{"Node_id":5181,"weight":3.714},
{"Node_id":5182,"weight":2.3112},
{"Node_id":5183,"weight":1.6605},
{"Node_id":5184,"weight":1.9886},
{"Node_id":5185,"weight":4.7832},
{"Node_id":5186,"weight":1.9377},
{"Node_id":5187,"weight":1.8128},
{"Node_id":5197,"weight":1.4115},
{"Node_id":5198,"weight":3.1938},
{"Node_id":5199,"weight":2.5415},
{"Node_id":5200,"weight":1.5548},
{"Node_id":5201,"weight":1.5807},
{"Node_id":5202,"weight":2.2356},
{"Node_id":5203,"weight":2.3136},
{"Node_id":5204,"weight":1.7607},
{"Node_id":5205,"weight":3.4356},
{"Node_id":5206,"weight":2.6728},
{"Node_id":5207,"weight":1.628},
{"Node_id":5208,"weight":1.5225},
{"Node_id":5230,"weight":3.4865},
{"Node_id":5231,"weight":4.226},
{"Node_id":5268,"weight":1.6875},
{"Node_id":5269,"weight":4.6793},
{"Node_id":5270,"weight":1.6792},
{"Node_id":5271,"weight":2.0775},
{"Node_id":5272,"weight":2.6777},
{"Node_id":5273,"weight":3.2619},
{"Node_id":5274,"weight":1.6288},
{"Node_id":5275,"weight":4.8458},
{"Node_id":5276,"weight":1.822},
{"Node_id":5277,"weight":2.6482},
{"Node_id":5278,"weight":4.9264},
{"Node_id":5279,"weight":1.4115},
{"Node_id":5280,"weight":5.11},
{"Node_id":5281,"weight":3.3777},
{"Node_id":5282,"weight":2.2413},
{"Node_id":5283,"weight":2.5195},
{"Node_id":5284,"weight":3.3347},
{"Node_id":5285,"weight":2.1557},
{"Node_id":5286,"weight":1.4921},
{"Node_id":5287,"weight":3.1447},
{"Node_id":5288,"weight":1.6657},
{"Node_id":5289,"weight":3.9604},
{"Node_id":5290,"weight":2.5254},
{"Node_id":5291,"weight":5.2159},
{"Node_id":5292,"weight":2.1546},
{"Node_id":5293,"weight":2.3124},
{"Node_id":5294,"weight":1.5143},
{"Node_id":5295,"weight":3.6718},
{"Node_id":5296,"weight":2.576},
{"Node_id":5297,"weight":2.3879},
{"Node_id":5298,"weight":3.3903},
{"Node_id":5301,"weight":2.2752},
{"Node_id":5302,"weight":2.342},
{"Node_id":5303,"weight":3.3529},
{"Node_id":5304,"weight":1.5423},
{"Node_id":5305,"weight":2.9593},
{"Node_id":5306,"weight":1.6754},
{"Node_id":5307,"weight":3.3621},
{"Node_id":5308,"weight":1.8396},
{"Node_id":5363,"weight":2.2775},
{"Node_id":5364,"weight":2.2859},
{"Node_id":5365,"weight":2.4574},
{"Node_id":5366,"weight":3.0006},
{"Node_id":5367,"weight":2.3149},
{"Node_id":5368,"weight":2.5181},
{"Node_id":5369,"weight":1.5327},
{"Node_id":5370,"weight":1.5143},
{"Node_id":5371,"weight":2.5729},
{"Node_id":5482,"weight":2.9962},
{"Node_id":5493,"weight":2.173},
{"Node_id":5494,"weight":2.9786},
{"Node_id":5495,"weight":2.7322},
{"Node_id":5496,"weight":1.4185},
{"Node_id":5497,"weight":3.1124},
{"Node_id":5500,"weight":2.1386},
{"Node_id":5711,"weight":3.105},
{"Node_id":5712,"weight":2.3699},
{"Node_id":5713,"weight":3.3317},
{"Node_id":5714,"weight":1.5109},
{"Node_id":5717,"weight":3.4258},
{"Node_id":5718,"weight":1.6777},
{"Node_id":5719,"weight":1.5029},
{"Node_id":5720,"weight":2.6979},
{"Node_id":5721,"weight":3.3347},
{"Node_id":5722,"weight":2.1482},
{"Node_id":5723,"weight":2.397},
{"Node_id":5724,"weight":2.9765},
{"Node_id":5725,"weight":1.9588},
{"Node_id":5769,"weight":2.3763},
{"Node_id":5770,"weight":1.4229},
{"Node_id":5771,"weight":3.3347},
{"Node_id":5772,"weight":2.5867},
{"Node_id":5773,"weight":1.9404},
{"Node_id":5774,"weight":1.8904},
{"Node_id":5775,"weight":2.4089},
{"Node_id":5778,"weight":3.8132},
{"Node_id":5779,"weight":2.5579},
{"Node_id":5780,"weight":1.9107},
{"Node_id":5781,"weight":1.4396},
{"Node_id":5782,"weight":2.1632},
{"Node_id":5783,"weight":2.481},
{"Node_id":5784,"weight":3.0667},
{"Node_id":5785,"weight":2.3711},
{"Node_id":5786,"weight":2.1654},
{"Node_id":5787,"weight":1.7213},
{"Node_id":5788,"weight":2.274},
{"Node_id":5789,"weight":1.8387},
{"Node_id":5790,"weight":2.2657},
{"Node_id":5791,"weight":2.3259},
{"Node_id":5830,"weight":1.532},
{"Node_id":5831,"weight":3.5845},
{"Node_id":5832,"weight":1.9551},
{"Node_id":5833,"weight":2.1752},
{"Node_id":5834,"weight":1.8816},
{"Node_id":5835,"weight":2.7374},
{"Node_id":5836,"weight":1.4026},
{"Node_id":5839,"weight":1.3888},
{"Node_id":5840,"weight":4.5951},
{"Node_id":5841,"weight":1.9551},
{"Node_id":5842,"weight":3.8918},
{"Node_id":5843,"weight":1.4611},
{"Node_id":5844,"weight":1.7151},
{"Node_id":5845,"weight":1.4166},
{"Node_id":5846,"weight":3.9992},
{"Node_id":5857,"weight":4.226},
{"Node_id":5858,"weight":1.5527},
{"Node_id":5859,"weight":2.0555},
{"Node_id":5896,"weight":3.416},
{"Node_id":5897,"weight":2.8516},
{"Node_id":5898,"weight":2.0856},
{"Node_id":5899,"weight":2.0745},
{"Node_id":5900,"weight":2.0959},
{"Node_id":5901,"weight":2.1482},
{"Node_id":5902,"weight":1.568},
{"Node_id":5903,"weight":3.0435},
{"Node_id":5904,"weight":1.5701},
{"Node_id":5905,"weight":2.0755},
{"Node_id":5906,"weight":1.5589},
{"Node_id":5907,"weight":1.4261},
{"Node_id":5908,"weight":2.9444},
{"Node_id":5909,"weight":2.474},
{"Node_id":5910,"weight":2.4615},
{"Node_id":5917,"weight":2.5564},
{"Node_id":5918,"weight":1.3982},
{"Node_id":5919,"weight":2.1249},
{"Node_id":5920,"weight":2.61},
{"Node_id":5921,"weight":4.9126},
{"Node_id":5922,"weight":2.599},
{"Node_id":5923,"weight":1.532},
{"Node_id":5924,"weight":1.7268},
{"Node_id":5925,"weight":1.465},
{"Node_id":5926,"weight":2.5239},
{"Node_id":5943,"weight":3.1885},
{"Node_id":5944,"weight":2.7115},
{"Node_id":5945,"weight":2.9529},
{"Node_id":5946,"weight":3.6115},
{"Node_id":5947,"weight":4.0221},
{"Node_id":5948,"weight":2.7166},
{"Node_id":5949,"weight":1.421},
{"Node_id":5950,"weight":2.8023},
{"Node_id":5951,"weight":2.0407},
{"Node_id":5952,"weight":3.0905},
{"Node_id":5953,"weight":3.3999},
{"Node_id":5954,"weight":2.2775},
{"Node_id":5955,"weight":2.4657},
{"Node_id":5958,"weight":2.5564},
{"Node_id":5959,"weight":1.8878},
{"Node_id":5960,"weight":2.8613},
{"Node_id":5961,"weight":2.0397},
{"Node_id":5962,"weight":2.145},
{"Node_id":5998,"weight":1.6997},
{"Node_id":5999,"weight":1.8965},
{"Node_id":6028,"weight":2.6257},
{"Node_id":6029,"weight":3.9441},
{"Node_id":6030,"weight":1.3988},
{"Node_id":6031,"weight":2.6645},
{"Node_id":6032,"weight":1.6493},
{"Node_id":6033,"weight":4.8203},
{"Node_id":6112,"weight":1.8379},
{"Node_id":6113,"weight":4.0279},
{"Node_id":6133,"weight":1.6442},
{"Node_id":6134,"weight":2.3983},
{"Node_id":6138,"weight":2.3571},
{"Node_id":6139,"weight":2.5283},
{"Node_id":6140,"weight":2.5459},
{"Node_id":6141,"weight":1.656},
{"Node_id":6142,"weight":3.0667},
{"Node_id":6143,"weight":3.1472},
{"Node_id":6153,"weight":1.8128},
{"Node_id":6158,"weight":1.7583},
{"Node_id":6159,"weight":3.1755},
{"Node_id":6174,"weight":1.5506},
{"Node_id":6176,"weight":1.7881},
{"Node_id":6177,"weight":4.4538},
{"Node_id":6178,"weight":1.8128},
{"Node_id":6182,"weight":2.3371},
{"Node_id":6183,"weight":1.9953},
{"Node_id":6184,"weight":3.7226},
{"Node_id":6185,"weight":4.4192},
{"Node_id":6186,"weight":1.8825},
{"Node_id":6187,"weight":1.8421},
{"Node_id":6198,"weight":1.469},
{"Node_id":6199,"weight":2.9657},
{"Node_id":6200,"weight":2.6894},
{"Node_id":6201,"weight":2.7339},
{"Node_id":6204,"weight":2.7115},
{"Node_id":6205,"weight":3.7535},
{"Node_id":6206,"weight":2.4102},
{"Node_id":6207,"weight":1.8337},
{"Node_id":6208,"weight":6.8113},
{"Node_id":6223,"weight":1.5341},
{"Node_id":6224,"weight":2.4181},
{"Node_id":6225,"weight":3.2178},
{"Node_id":6226,"weight":1.4166},
{"Node_id":6227,"weight":2.3483},
{"Node_id":6233,"weight":1.9606},
{"Node_id":6234,"weight":1.6515},
{"Node_id":6235,"weight":1.5002},
{"Node_id":6236,"weight":1.5534},
{"Node_id":6237,"weight":2.5254},
{"Node_id":6238,"weight":2.6353},
{"Node_id":6239,"weight":2.4262},
{"Node_id":6240,"weight":2.4248},
{"Node_id":6241,"weight":2.5519},
{"Node_id":6354,"weight":2.2943},
{"Node_id":6355,"weight":5.7105},
{"Node_id":6356,"weight":2.5609},
{"Node_id":6357,"weight":2.1983},
{"Node_id":6358,"weight":1.7417},
{"Node_id":6359,"weight":2.1113},
{"Node_id":6393,"weight":5.077},
{"Node_id":6394,"weight":2.2764},
{"Node_id":6395,"weight":6.4362},
{"Node_id":6396,"weight":1.3944},
{"Node_id":6397,"weight":2.0525},
{"Node_id":6398,"weight":3.0481},
{"Node_id":6399,"weight":4.5951},
{"Node_id":6400,"weight":2.9444},
{"Node_id":6401,"weight":1.4242},
{"Node_id":6402,"weight":3.0072},
{"Node_id":6403,"weight":2.7287},
{"Node_id":6404,"weight":1.726},
{"Node_id":6405,"weight":2.4505},
{"Node_id":6406,"weight":2.3408},
{"Node_id":6407,"weight":3.449},
{"Node_id":6408,"weight":5.0141},
{"Node_id":6409,"weight":3.2704},
{"Node_id":6410,"weight":1.7151},
{"Node_id":6411,"weight":2.0565},
{"Node_id":6414,"weight":2.599},
{"Node_id":6415,"weight":1.793},
{"Node_id":6416,"weight":3.3683},
{"Node_id":6417,"weight":1.9699},
{"Node_id":6418,"weight":2.5975},
{"Node_id":6419,"weight":2.1461},
{"Node_id":6420,"weight":1.4565},
{"Node_id":6421,"weight":2.4464},
{"Node_id":6422,"weight":2.4288},
{"Node_id":6423,"weight":1.4198},
{"Node_id":6424,"weight":1.5548},
{"Node_id":6425,"weight":2.5821},
{"Node_id":6426,"weight":1.5002},
{"Node_id":6427,"weight":3.4934},
{"Node_id":6428,"weight":3.1075},
{"Node_id":6429,"weight":1.9089},
{"Node_id":6430,"weight":2.4881},
{"Node_id":6431,"weight":1.4941},
{"Node_id":6434,"weight":7.418},
{"Node_id":6435,"weight":2.145},
{"Node_id":6442,"weight":3.1912},
{"Node_id":6443,"weight":3.3438},
{"Node_id":6444,"weight":4.3143},
{"Node_id":6445,"weight":1.6368},
{"Node_id":6467,"weight":2.1386},
{"Node_id":6468,"weight":1.4915},
{"Node_id":6469,"weight":3.248},
{"Node_id":6470,"weight":2.173},
{"Node_id":6471,"weight":2.7569},
{"Node_id":6472,"weight":1.6085},
{"Node_id":6473,"weight":3.1885},
{"Node_id":6474,"weight":1.6099},
{"Node_id":6475,"weight":4.0514},
{"Node_id":6478,"weight":2.4796},
{"Node_id":6483,"weight":1.7393},
{"Node_id":6484,"weight":3.9936},
{"Node_id":6485,"weight":1.5225},
{"Node_id":6486,"weight":2.0775},
{"Node_id":6487,"weight":1.8228},
{"Node_id":6488,"weight":2.2811},
{"Node_id":6489,"weight":1.8869},
{"Node_id":6490,"weight":1.5942},
{"Node_id":6491,"weight":1.6099},
{"Node_id":6492,"weight":1.5177},
{"Node_id":6493,"weight":1.6027},
{"Node_id":6494,"weight":1.5204},
{"Node_id":6495,"weight":2.2471},
{"Node_id":6496,"weight":1.6523},
{"Node_id":6497,"weight":5.0141},
{"Node_id":6498,"weight":2.7766},
{"Node_id":6499,"weight":4.833},
{"Node_id":6500,"weight":2.2084},
{"Node_id":6501,"weight":3.6392},
{"Node_id":6502,"weight":2.7876},
{"Node_id":6503,"weight":4.7474},
{"Node_id":11517,"weight":1.9214},
{"Node_id":11521,"weight":2.184},
{"Node_id":11522,"weight":3.483},
{"Node_id":11523,"weight":2.2799},
{"Node_id":11524,"weight":2.0505},
{"Node_id":11525,"weight":1.9802},
{"Node_id":11526,"weight":2.5051},
{"Node_id":11530,"weight":2.4994},
{"Node_id":11531,"weight":2.7218},
{"Node_id":11532,"weight":3.6636},
{"Node_id":11533,"weight":1.6493},
{"Node_id":11534,"weight":4.0396},
{"Node_id":11535,"weight":2.0367},
{"Node_id":11536,"weight":1.4319},
{"Node_id":11537,"weight":3.8918},
{"Node_id":11538,"weight":2.3699},
{"Node_id":11539,"weight":1.8825},
{"Node_id":11540,"weight":1.9924},
{"Node_id":11541,"weight":2.5459},
{"Node_id":11542,"weight":2.6645},
{"Node_id":11543,"weight":2.321},
{"Node_id":11544,"weight":1.6936},
{"Node_id":11545,"weight":4.1254},
{"Node_id":11548,"weight":2.1397},
{"Node_id":11549,"weight":2.4195},
{"Node_id":11550,"weight":1.4064},
{"Node_id":11551,"weight":1.8203},
{"Node_id":11552,"weight":4.1846},
{"Node_id":11559,"weight":2.7912},
{"Node_id":11564,"weight":2.9298},
{"Node_id":11565,"weight":3.7945},
{"Node_id":11569,"weight":1.5736},
{"Node_id":11570,"weight":1.9597},
{"Node_id":11571,"weight":1.9569},
{"Node_id":11572,"weight":1.4474},
{"Node_id":11573,"weight":1.9468},
{"Node_id":11574,"weight":2.0241},
{"Node_id":11595,"weight":1.4371},
{"Node_id":11596,"weight":2.4866},
{"Node_id":11597,"weight":1.7922},
{"Node_id":11598,"weight":1.5259},
{"Node_id":11599,"weight":3.2124},
{"Node_id":11600,"weight":2.5123},
{"Node_id":11601,"weight":1.832},
{"Node_id":11602,"weight":4.7357},
{"Node_id":11603,"weight":1.744},
{"Node_id":11604,"weight":1.748},
{"Node_id":11607,"weight":1.8643},
{"Node_id":11608,"weight":3.4127},
{"Node_id":11609,"weight":1.7036},
{"Node_id":11610,"weight":2.5852},
{"Node_id":11612,"weight":2.0846},
{"Node_id":11613,"weight":3.9713},
{"Node_id":11614,"weight":3.2963},
{"Node_id":11615,"weight":2.0212},
{"Node_id":11616,"weight":1.3976},
{"Node_id":11617,"weight":1.5513},
{"Node_id":11618,"weight":1.8203},
{"Node_id":11619,"weight":1.5492},
{"Node_id":11620,"weight":2.0456},
{"Node_id":11621,"weight":1.7036},
{"Node_id":11622,"weight":2.0595},
{"Node_id":11623,"weight":4.7954},
{"Node_id":11626,"weight":1.8421},
{"Node_id":11627,"weight":1.4624},
{"Node_id":11628,"weight":3.429},
{"Node_id":11629,"weight":2.764},
{"Node_id":11630,"weight":2.001},
{"Node_id":11631,"weight":1.6353},
{"Node_id":11632,"weight":1.4539},
{"Node_id":11633,"weight":4.219},
{"Node_id":11634,"weight":3.0667},
{"Node_id":11649,"weight":1.5638},
{"Node_id":11652,"weight":1.7583},
{"Node_id":11653,"weight":2.4102},
{"Node_id":11658,"weight":7.6004},
{"Node_id":11659,"weight":1.6034},
{"Node_id":11662,"weight":1.8421},
{"Node_id":11663,"weight":1.9532},
{"Node_id":11664,"weight":2.1928},
{"Node_id":11665,"weight":1.6493},
{"Node_id":11666,"weight":1.9395},
{"Node_id":11667,"weight":2.3983},
{"Node_id":11668,"weight":2.2634},
{"Node_id":11669,"weight":2.2253},
{"Node_id":11671,"weight":2.4369},
{"Node_id":11672,"weight":2.3271},
{"Node_id":11673,"weight":3.1026},
{"Node_id":11674,"weight":1.5764},
{"Node_id":11675,"weight":1.7097},
{"Node_id":11676,"weight":2.7115},
{"Node_id":11681,"weight":1.4261},
{"Node_id":11682,"weight":4.2766},
{"Node_id":11683,"weight":6.0725},
{"Node_id":11684,"weight":3.2397},
{"Node_id":11685,"weight":2.3763},
{"Node_id":11686,"weight":5.2159},
{"Node_id":11687,"weight":2.6006},
{"Node_id":11688,"weight":2.7857},
{"Node_id":11689,"weight":3.3714},
{"Node_id":11690,"weight":1.5666},
{"Node_id":11691,"weight":2.6612},
{"Node_id":11692,"weight":1.886},
{"Node_id":11693,"weight":1.866},
{"Node_id":11694,"weight":1.5327},
{"Node_id":11695,"weight":2.1218},
{"Node_id":11696,"weight":1.5123},
{"Node_id":11697,"weight":3.596},
{"Node_id":11698,"weight":1.7013},
{"Node_id":11700,"weight":2.887},
{"Node_id":11701,"weight":2.2287},
{"Node_id":11823,"weight":1.6875},
{"Node_id":11824,"weight":3.3227},
{"Node_id":11825,"weight":3.2733},
{"Node_id":12340,"weight":2.0887},
{"Node_id":12573,"weight":2.806},
{"Node_id":12574,"weight":5.077},
{"Node_id":12575,"weight":1.4178},
{"Node_id":12576,"weight":4.1064},
{"Node_id":12577,"weight":2.0695},
{"Node_id":12578,"weight":1.6085},
{"Node_id":12579,"weight":2.2196},
{"Node_id":12580,"weight":1.6027},
{"Node_id":12581,"weight":2.0907},
{"Node_id":12582,"weight":2.9635},
{"Node_id":12583,"weight":3.9549},
{"Node_id":12584,"weight":1.4474},
{"Node_id":12585,"weight":1.7051},
{"Node_id":12586,"weight":2.3996},
{"Node_id":12587,"weight":1.7433},
{"Node_id":12588,"weight":2.1807},
{"Node_id":12589,"weight":2.3866},
{"Node_id":12590,"weight":1.3919},
{"Node_id":12591,"weight":2.0928},
{"Node_id":12594,"weight":4.5751},
{"Node_id":12595,"weight":1.8481},
{"Node_id":12596,"weight":2.0938},
{"Node_id":12597,"weight":1.9615},
{"Node_id":12598,"weight":2.0299},
{"Node_id":12599,"weight":2.3433},
{"Node_id":12600,"weight":1.7159},
{"Node_id":12601,"weight":2.5504},
{"Node_id":12602,"weight":2.9765},
{"Node_id":12603,"weight":2.5519},
{"Node_id":12604,"weight":1.8523},
{"Node_id":12605,"weight":2.3648},
{"Node_id":12608,"weight":1.4868},
{"Node_id":12609,"weight":1.4481},
{"Node_id":12610,"weight":1.4384},
{"Node_id":12611,"weight":5.2933},
{"Node_id":12612,"weight":1.4313},
{"Node_id":12613,"weight":3.3287},
{"Node_id":12614,"weight":1.9305},
{"Node_id":12615,"weight":4.8078},
{"Node_id":12616,"weight":2.5195},
{"Node_id":12617,"weight":1.3882},
{"Node_id":12618,"weight":3.2151},
{"Node_id":12619,"weight":2.3271},
{"Node_id":12620,"weight":1.6208},
{"Node_id":12621,"weight":4.6469},
{"Node_id":12622,"weight":2.2943},
{"Node_id":12623,"weight":3.4523},
{"Node_id":12624,"weight":1.4617},
{"Node_id":12625,"weight":1.4313},
{"Node_id":12626,"weight":3.0978},
{"Node_id":12627,"weight":1.6142},
{"Node_id":12628,"weight":1.3869},
{"Node_id":12629,"weight":3.0006},
{"Node_id":12630,"weight":2.8691},
{"Node_id":12631,"weight":1.7276},
{"Node_id":12632,"weight":1.3982},
{"Node_id":12633,"weight":1.8869},
{"Node_id":12634,"weight":2.0918},
{"Node_id":12639,"weight":2.7604},
{"Node_id":12640,"weight":1.7647},
{"Node_id":12641,"weight":3.4225},
{"Node_id":12642,"weight":3.1651},
{"Node_id":12643,"weight":2.6482},
{"Node_id":12644,"weight":1.6434},
{"Node_id":12645,"weight":2.6662},
{"Node_id":12646,"weight":1.5204},
{"Node_id":12647,"weight":1.8704},
{"Node_id":12648,"weight":1.4455},
{"Node_id":12649,"weight":1.452},
{"Node_id":12650,"weight":3.6677},
{"Node_id":12651,"weight":2.9722},
{"Node_id":12652,"weight":1.6405},
{"Node_id":12655,"weight":3.511},
{"Node_id":12656,"weight":1.6627},
{"Node_id":12657,"weight":3.1173},
{"Node_id":12658,"weight":2.2752},
{"Node_id":12659,"weight":1.6049},
{"Node_id":12660,"weight":1.6612},
{"Node_id":12661,"weight":2.9786},
{"Node_id":12662,"weight":1.9496},
{"Node_id":12663,"weight":1.7151},
{"Node_id":12666,"weight":1.8037},
{"Node_id":12667,"weight":1.7448},
{"Node_id":12668,"weight":1.9197},
{"Node_id":12669,"weight":2.6369},
{"Node_id":12705,"weight":1.4494},
{"Node_id":12706,"weight":4.4024},
{"Node_id":12707,"weight":2.1397},
{"Node_id":12708,"weight":1.4822},
{"Node_id":12709,"weight":3.7852},
{"Node_id":12710,"weight":1.9487},
{"Node_id":12711,"weight":2.1218},
{"Node_id":12712,"weight":2.2242},
{"Node_id":12713,"weight":1.9972},
{"Node_id":12714,"weight":5.9496},
{"Node_id":12717,"weight":2.9298},
{"Node_id":12720,"weight":4.1711},
{"Node_id":12721,"weight":2.4142},
{"Node_id":12722,"weight":2.4838},
{"Node_id":12723,"weight":2.4629},
{"Node_id":12724,"weight":3.2676},
{"Node_id":12725,"weight":4.6259},
{"Node_id":12726,"weight":4.5555},
{"Node_id":12727,"weight":1.7865},
{"Node_id":12728,"weight":1.4862},
{"Node_id":12729,"weight":1.8921},
{"Node_id":12730,"weight":1.5055},
{"Node_id":12731,"weight":1.4261},
{"Node_id":12732,"weight":1.7551},
{"Node_id":12733,"weight":1.8652},
{"Node_id":12734,"weight":5.2539},
{"Node_id":12735,"weight":1.4815},
{"Node_id":12736,"weight":1.4287},
{"Node_id":12737,"weight":1.5451},
{"Node_id":12738,"weight":1.6229},
{"Node_id":12739,"weight":4.2051},
{"Node_id":12740,"weight":2.579},
{"Node_id":12741,"weight":1.5885},
{"Node_id":12742,"weight":2.883},
{"Node_id":12745,"weight":3.4591},
{"Node_id":12746,"weight":2.5654},
{"Node_id":12749,"weight":7.8236},
{"Node_id":12759,"weight":1.5225},
{"Node_id":12760,"weight":2.2494},
{"Node_id":12761,"weight":2.5669},
{"Node_id":12762,"weight":3.2452},
{"Node_id":12763,"weight":2.8439},
{"Node_id":12764,"weight":2.3371},
{"Node_id":12765,"weight":1.3913},
{"Node_id":12766,"weight":4.3066},
{"Node_id":12767,"weight":2.7712},
{"Node_id":12768,"weight":5.077},
{"Node_id":12769,"weight":1.9386},
{"Node_id":12773,"weight":2.2425},
{"Node_id":12774,"weight":2.0144},
{"Node_id":12775,"weight":1.4955},
{"Node_id":12776,"weight":1.4364},
{"Node_id":12777,"weight":1.7639},
{"Node_id":12778,"weight":4.872},
{"Node_id":12782,"weight":2.2967},
{"Node_id":12783,"weight":1.4855},
{"Node_id":12784,"weight":3.0297},
{"Node_id":12785,"weight":1.421},
{"Node_id":12786,"weight":1.9487},
{"Node_id":12787,"weight":2.6434},
{"Node_id":12788,"weight":1.6777},
{"Node_id":12789,"weight":1.5008},
{"Node_id":12790,"weight":2.9765},
{"Node_id":12791,"weight":1.7082},
{"Node_id":12792,"weight":2.4168},
{"Node_id":13025,"weight":5.4217},
{"Node_id":13026,"weight":5.5429},
{"Node_id":13027,"weight":2.5534},
{"Node_id":13028,"weight":1.4223},
{"Node_id":13029,"weight":2.2728},
{"Node_id":13030,"weight":3.3377},
{"Node_id":13089,"weight":5.045},
{"Node_id":13090,"weight":3.8766},
{"Node_id":13091,"weight":1.719},
{"Node_id":13092,"weight":1.7354},
{"Node_id":13093,"weight":2.4768},
{"Node_id":13094,"weight":1.7198},
{"Node_id":13097,"weight":3.6076},
{"Node_id":13098,"weight":3.4523},
{"Node_id":13099,"weight":3.6273},
{"Node_id":13100,"weight":3.7401},
{"Node_id":13101,"weight":2.0338},
{"Node_id":13102,"weight":1.6906},
{"Node_id":13103,"weight":3.6718},
{"Node_id":13104,"weight":2.1418},
{"Node_id":13105,"weight":1.6419},
{"Node_id":13106,"weight":1.8549},
{"Node_id":13107,"weight":2.0212},
{"Node_id":13108,"weight":3.3808},
{"Node_id":13109,"weight":3.8469},
{"Node_id":13110,"weight":3.305},
{"Node_id":13111,"weight":1.4742},
{"Node_id":13114,"weight":1.5464},
{"Node_id":13115,"weight":2.0575},
{"Node_id":13116,"weight":1.7922},
{"Node_id":13119,"weight":4.1579},
{"Node_id":13120,"weight":1.615},
{"Node_id":13121,"weight":5.4927},
{"Node_id":13124,"weight":3.7446},
{"Node_id":13127,"weight":3.5075},
{"Node_id":13128,"weight":1.7472},
{"Node_id":13129,"weight":1.4001},
{"Node_id":13130,"weight":3.6885},
{"Node_id":13131,"weight":2.5519},
{"Node_id":13132,"weight":1.8145},
{"Node_id":13133,"weight":3.8372},
{"Node_id":13134,"weight":2.0615},
{"Node_id":13135,"weight":2.0785},
{"Node_id":13136,"weight":2.1654},
{"Node_id":13137,"weight":1.6114},
{"Node_id":13138,"weight":1.812},
{"Node_id":13139,"weight":1.9143},
{"Node_id":13140,"weight":1.7567},
{"Node_id":13141,"weight":2.1862},
{"Node_id":13142,"weight":2.1906},
{"Node_id":13143,"weight":2.7357},
{"Node_id":13144,"weight":2.9465},
{"Node_id":13145,"weight":2.1249},
{"Node_id":13146,"weight":3.6432},
{"Node_id":13147,"weight":5.1441},
{"Node_id":13148,"weight":5.2734},
{"Node_id":13149,"weight":3.0978},
{"Node_id":13150,"weight":3.8132},
{"Node_id":13151,"weight":5.045},
{"Node_id":13152,"weight":2.401},
{"Node_id":13153,"weight":2.101},
{"Node_id":13154,"weight":1.515},
{"Node_id":13157,"weight":3.0644},
{"Node_id":13158,"weight":3.0366},
{"Node_id":13159,"weight":2.3039},
{"Node_id":13160,"weight":1.7849},
{"Node_id":13161,"weight":3.0184},
{"Node_id":13162,"weight":1.886},
{"Node_id":13163,"weight":2.0038},
{"Node_id":13164,"weight":2.025},
{"Node_id":13174,"weight":1.9206},
{"Node_id":13175,"weight":2.4329},
{"Node_id":13176,"weight":3.9658},
{"Node_id":13177,"weight":2.5579},
{"Node_id":13178,"weight":2.0192},
{"Node_id":13181,"weight":2.8135},
{"Node_id":13182,"weight":2.8381},
{"Node_id":13183,"weight":2.889},
{"Node_id":13184,"weight":2.0338},
{"Node_id":13185,"weight":3.0667},
{"Node_id":13186,"weight":1.9323},
{"Node_id":13187,"weight":1.7237},
{"Node_id":13188,"weight":1.7599},
{"Node_id":13189,"weight":2.3015},
{"Node_id":13190,"weight":1.4881},
{"Node_id":13191,"weight":1.3988},
{"Node_id":13192,"weight":2.9786},
{"Node_id":13193,"weight":3.3652},
{"Node_id":13194,"weight":2.6337},
{"Node_id":13195,"weight":1.5485},
{"Node_id":13196,"weight":2.5297},
{"Node_id":13197,"weight":1.5327},
{"Node_id":13198,"weight":1.7663},
{"Node_id":13199,"weight":1.9423},
{"Node_id":13200,"weight":1.4422},
{"Node_id":13201,"weight":1.5885},
{"Node_id":13202,"weight":1.5729},
{"Node_id":13203,"weight":1.5306},
{"Node_id":13204,"weight":2.7409},
{"Node_id":13233,"weight":1.6657},
{"Node_id":13234,"weight":1.4052},
{"Node_id":13235,"weight":1.6324},
{"Node_id":13236,"weight":2.8711},
{"Node_id":13237,"weight":5.0933},
{"Node_id":13238,"weight":1.5659},
{"Node_id":13239,"weight":1.4782},
{"Node_id":13240,"weight":2.6761},
{"Node_id":13241,"weight":2.4796},
{"Node_id":13242,"weight":2.6337},
{"Node_id":13243,"weight":5.4927},
{"Node_id":13246,"weight":2.0928},
{"Node_id":13255,"weight":1.4862},
{"Node_id":13256,"weight":1.4435},
{"Node_id":13257,"weight":4.8458},
{"Node_id":13258,"weight":2.1622},
{"Node_id":13259,"weight":1.8253},
{"Node_id":13260,"weight":2.1928},
{"Node_id":13261,"weight":1.587},
{"Node_id":13262,"weight":1.656},
{"Node_id":13263,"weight":2.4684},
{"Node_id":13264,"weight":3.511},
{"Node_id":13265,"weight":1.5368},
{"Node_id":13266,"weight":1.6027},
{"Node_id":13267,"weight":1.733},
{"Node_id":13268,"weight":1.8609},
{"Node_id":13271,"weight":3.6312},
{"Node_id":13272,"weight":2.3699},
{"Node_id":13273,"weight":2.6928},
{"Node_id":13274,"weight":3.3903},
{"Node_id":13275,"weight":2.2943},
{"Node_id":13278,"weight":1.9597},
{"Node_id":13279,"weight":2.1376},
{"Node_id":13280,"weight":2.6147},
{"Node_id":13281,"weight":2.0485},
{"Node_id":13282,"weight":1.8438},
{"Node_id":13283,"weight":2.97},
{"Node_id":13284,"weight":4.1513},
{"Node_id":13285,"weight":2.9031},
{"Node_id":13286,"weight":1.5197},
{"Node_id":13287,"weight":3.4356},
{"Node_id":13288,"weight":4.4538},
{"Node_id":13289,"weight":3.2507},
{"Node_id":13290,"weight":1.4775},
{"Node_id":13291,"weight":3.6595},
{"Node_id":13292,"weight":1.4769},
{"Node_id":13293,"weight":4.7832},
{"Node_id":13294,"weight":1.8354},
{"Node_id":13295,"weight":2.7857},
{"Node_id":13296,"weight":3.3468},
{"Node_id":13297,"weight":4.284},
{"Node_id":13298,"weight":1.8643},
{"Node_id":13299,"weight":2.1354},
{"Node_id":13300,"weight":1.8153},
{"Node_id":13303,"weight":2.5882},
{"Node_id":13304,"weight":2.1774},
{"Node_id":13305,"weight":4.0049},
{"Node_id":13306,"weight":2.9444},
{"Node_id":13307,"weight":2.6466},
{"Node_id":13308,"weight":2.1796},
{"Node_id":13309,"weight":3.3079},
{"Node_id":13310,"weight":3.562},
{"Node_id":13311,"weight":1.6164},
{"Node_id":13312,"weight":1.9915},
{"Node_id":13313,"weight":2.4994},
{"Node_id":13314,"weight":2.6022},
{"Node_id":13315,"weight":1.5603},
{"Node_id":13316,"weight":2.2716},
{"Node_id":13317,"weight":3.3287},
{"Node_id":13318,"weight":1.7543},
{"Node_id":13319,"weight":3.3468},
{"Node_id":13320,"weight":1.9098},
{"Node_id":13321,"weight":1.8078},
{"Node_id":13322,"weight":2.4519},
{"Node_id":13323,"weight":3.3138},
{"Node_id":13324,"weight":2.6434},
{"Node_id":13325,"weight":2.9939},
{"Node_id":13326,"weight":1.8379},
{"Node_id":13327,"weight":1.7711},
{"Node_id":13328,"weight":3.0072},
{"Node_id":13329,"weight":1.5485},
{"Node_id":13330,"weight":1.4585},
{"Node_id":13331,"weight":3.1222},
{"Node_id":13332,"weight":2.1752},
{"Node_id":13333,"weight":2.6321},
{"Node_id":13334,"weight":2.7183},
{"Node_id":13335,"weight":3.5694},
{"Node_id":13336,"weight":3.1026},
{"Node_id":13337,"weight":2.4315},
{"Node_id":13338,"weight":1.4868},
{"Node_id":13339,"weight":1.6785},
{"Node_id":13340,"weight":2.2576},
{"Node_id":13341,"weight":3.1625},
{"Node_id":13342,"weight":1.827},
{"Node_id":13343,"weight":2.3814},
{"Node_id":13344,"weight":2.6761},
{"Node_id":13345,"weight":1.7988},
{"Node_id":13346,"weight":5.9118},
{"Node_id":13347,"weight":2.4342},
{"Node_id":13348,"weight":1.4461},
{"Node_id":13349,"weight":3.4356},
{"Node_id":13365,"weight":1.4982},
{"Node_id":13366,"weight":2.3827},
{"Node_id":13367,"weight":2.1514},
{"Node_id":13368,"weight":1.421},
{"Node_id":13369,"weight":4.2546},
{"Node_id":13370,"weight":2.889},
{"Node_id":13371,"weight":2.6162},
{"Node_id":13374,"weight":4.508},
{"Node_id":13377,"weight":2.6401},
{"Node_id":13380,"weight":2.1197},
{"Node_id":13381,"weight":1.9161},
{"Node_id":13417,"weight":2.4643},
{"Node_id":13418,"weight":2.1145},
{"Node_id":13419,"weight":1.7105},
{"Node_id":13420,"weight":2.1239},
{"Node_id":13421,"weight":1.8834},
{"Node_id":13422,"weight":2.7115},
{"Node_id":13423,"weight":2.3597},
{"Node_id":13424,"weight":1.6383},
{"Node_id":13425,"weight":1.4624},
{"Node_id":13426,"weight":3.6392},
{"Node_id":13427,"weight":1.7338},
{"Node_id":13428,"weight":4.3776},
{"Node_id":13429,"weight":1.7089},
{"Node_id":13430,"weight":1.4789},
{"Node_id":13431,"weight":3.2591},
{"Node_id":13432,"weight":3.3871},
{"Node_id":13433,"weight":2.9277},
{"Node_id":13434,"weight":4.5653},
{"Node_id":13435,"weight":3.2178},
{"Node_id":13436,"weight":2.321},
{"Node_id":13437,"weight":2.2073},
{"Node_id":13438,"weight":1.5779},
{"Node_id":13439,"weight":3.8085},
{"Node_id":13440,"weight":1.6186},
{"Node_id":13441,"weight":6.8113},
{"Node_id":13442,"weight":1.6179},
{"Node_id":13443,"weight":1.7377},
{"Node_id":13444,"weight":2.4588},
{"Node_id":13445,"weight":1.6478},
{"Node_id":13446,"weight":1.5231},
{"Node_id":13447,"weight":2.342},
{"Node_id":13448,"weight":1.4644},
{"Node_id":13449,"weight":2.0595},
{"Node_id":13450,"weight":2.2681},
{"Node_id":13457,"weight":3.3871},
{"Node_id":13458,"weight":1.5807},
{"Node_id":13459,"weight":2.7586},
{"Node_id":13460,"weight":2.885},
{"Node_id":13461,"weight":4.5653},
{"Node_id":13462,"weight":3.3683},
{"Node_id":13463,"weight":2.7374},
{"Node_id":13466,"weight":2.0485},
{"Node_id":13467,"weight":1.8261},
{"Node_id":13468,"weight":2.9593},
{"Node_id":13469,"weight":2.0565},
{"Node_id":13470,"weight":2.5123},
{"Node_id":13471,"weight":1.4121},
{"Node_id":13472,"weight":2.2061},
{"Node_id":13473,"weight":1.7136},
{"Node_id":13474,"weight":2.2799},
{"Node_id":13475,"weight":1.7182},
{"Node_id":13478,"weight":2.0605},
{"Node_id":13479,"weight":3.6233},
{"Node_id":13482,"weight":2.6242},
{"Node_id":13483,"weight":1.5771},
{"Node_id":13484,"weight":1.5402},
{"Node_id":13485,"weight":3.2591},
{"Node_id":13486,"weight":1.6754},
{"Node_id":13487,"weight":1.5238},
{"Node_id":13488,"weight":2.0096},
{"Node_id":13489,"weight":2.8381},
{"Node_id":13490,"weight":2.1155},
{"Node_id":13491,"weight":1.5687},
{"Node_id":13492,"weight":1.4014},
{"Node_id":13493,"weight":1.7417},
{"Node_id":13494,"weight":2.3699},
{"Node_id":13497,"weight":1.6078},
{"Node_id":13498,"weight":1.7857},
{"Node_id":13499,"weight":3.562},
{"Node_id":13500,"weight":2.8633},
{"Node_id":13504,"weight":1.9259},
{"Node_id":13505,"weight":2.6662},
{"Node_id":13506,"weight":3.5326},
{"Node_id":13507,"weight":4.0163},
{"Node_id":13508,"weight":3.226},
{"Node_id":13509,"weight":1.7051},
{"Node_id":13510,"weight":2.9113},
{"Node_id":13511,"weight":1.8913},
{"Node_id":13514,"weight":1.6085},
{"Node_id":13515,"weight":1.5999},
{"Node_id":13516,"weight":3.0738},
{"Node_id":13517,"weight":1.5878},
{"Node_id":13609,"weight":3.0117},
{"Node_id":13610,"weight":2.2907},
{"Node_id":13614,"weight":2.0038},
{"Node_id":13615,"weight":3.5398},
{"Node_id":13616,"weight":1.8379},
{"Node_id":13617,"weight":1.3907},
{"Node_id":13618,"weight":3.0786},
{"Node_id":13619,"weight":4.0049},
{"Node_id":13620,"weight":3.4969},
{"Node_id":13621,"weight":1.7841},
{"Node_id":13622,"weight":2.4966},
{"Node_id":13623,"weight":4.9126},
{"Node_id":13624,"weight":3.562},
{"Node_id":13625,"weight":4.9548},
{"Node_id":13626,"weight":4.7592},
{"Node_id":13627,"weight":2.1873},
{"Node_id":13637,"weight":3.0184},
{"Node_id":13638,"weight":1.4572},
{"Node_id":13742,"weight":2.4994},
{"Node_id":13743,"weight":5.4448},
{"Node_id":13744,"weight":1.7988},
{"Node_id":13745,"weight":1.6412},
{"Node_id":13746,"weight":1.4802},
{"Node_id":13747,"weight":1.4683},
{"Node_id":13748,"weight":4.0634},
{"Node_id":13749,"weight":2.895},
{"Node_id":13750,"weight":3.3347},
{"Node_id":13751,"weight":1.6508},
{"Node_id":13752,"weight":3.3777},
{"Node_id":13753,"weight":2.9072},
{"Node_id":13754,"weight":1.4178},
{"Node_id":13755,"weight":2.4881},
{"Node_id":13756,"weight":2.3788},
{"Node_id":13757,"weight":2.9614},
{"Node_id":13758,"weight":1.6664},
{"Node_id":13759,"weight":1.7963},
{"Node_id":13760,"weight":1.9143},
{"Node_id":13761,"weight":1.6523},
{"Node_id":13762,"weight":1.6538},
{"Node_id":13763,"weight":1.9036},
{"Node_id":13764,"weight":1.7776},
{"Node_id":13765,"weight":3.3999},
{"Node_id":13766,"weight":2.3584},
{"Node_id":13767,"weight":2.1785},
{"Node_id":13768,"weight":2.5224},
{"Node_id":13769,"weight":2.4601},
{"Node_id":13770,"weight":1.7074},
{"Node_id":13771,"weight":1.8834},
{"Node_id":13772,"weight":1.8921},
{"Node_id":13773,"weight":1.39},
{"Node_id":13774,"weight":2.2106},
{"Node_id":13775,"weight":1.9241},
{"Node_id":13776,"weight":1.6627},
{"Node_id":13777,"weight":3.0667},
{"Node_id":13778,"weight":2.0605},
{"Node_id":13779,"weight":2.2895},
{"Node_id":13780,"weight":1.43},
{"Node_id":13781,"weight":2.4698},
{"Node_id":13782,"weight":2.7694},
{"Node_id":13785,"weight":2.8305},
{"Node_id":13786,"weight":1.7825},
{"Node_id":13839,"weight":1.702},
{"Node_id":13906,"weight":2.9133},
{"Node_id":13922,"weight":1.4546},
{"Node_id":13923,"weight":1.6186},
{"Node_id":13924,"weight":2.4754},
{"Node_id":13925,"weight":1.8756},
{"Node_id":13951,"weight":1.4217},
{"Node_id":13988,"weight":1.5701},
{"Node_id":14106,"weight":1.9532},
{"Node_id":14127,"weight":0.1294},
{"Node_id":14128,"weight":1.2721},
{"Node_id":14129,"weight":3.2676},
{"Node_id":14130,"weight":0.036},
{"Node_id":14131,"weight":2.8691},
{"Node_id":14136,"weight":2.7046},
{"Node_id":14137,"weight":0.5266},
{"Node_id":14138,"weight":0.49},
{"Node_id":14139,"weight":1.62},
{"Node_id":14140,"weight":2.1763},
{"Node_id":14141,"weight":0.6955},
{"Node_id":14142,"weight":2.5166},
{"Node_id":14143,"weight":5.4448},
{"Node_id":14144,"weight":1.9072},
{"Node_id":14145,"weight":0.6239},
{"Node_id":14146,"weight":0.9529},
{"Node_id":14147,"weight":1.0716},
{"Node_id":14148,"weight":0.944},
{"Node_id":14149,"weight":1.9569},
{"Node_id":14150,"weight":1.6822},
{"Node_id":14151,"weight":0.8274},
{"Node_id":14156,"weight":1.2856},
{"Node_id":14157,"weight":2.0755},
{"Node_id":14158,"weight":0.1519},
{"Node_id":14170,"weight":0.388},
{"Node_id":14171,"weight":1.2448},
{"Node_id":14175,"weight":0.7598},
{"Node_id":14177,"weight":2.498},
{"Node_id":14178,"weight":1.827},
{"Node_id":14201,"weight":4.0878},
{"Node_id":14202,"weight":1.8245},
{"Node_id":14203,"weight":2.173},
{"Node_id":14204,"weight":2.1741},
{"Node_id":14205,"weight":0.6803},
{"Node_id":14206,"weight":3.2876},
{"Node_id":14207,"weight":0.7755},
{"Node_id":14208,"weight":3.7011},
{"Node_id":14209,"weight":0.7829},
{"Node_id":14213,"weight":1.4435},
{"Node_id":14214,"weight":4.8588},
{"Node_id":14216,"weight":2.5459},
{"Node_id":14217,"weight":0.2258},
{"Node_id":14218,"weight":1.7089},
{"Node_id":14219,"weight":2.9153},
{"Node_id":14220,"weight":0.2302},
{"Node_id":14221,"weight":3.429},
{"Node_id":14224,"weight":0.3437},
{"Node_id":14225,"weight":0.2294},
{"Node_id":14228,"weight":0.9579},
{"Node_id":14231,"weight":0.3602},
{"Node_id":14232,"weight":3.6233},
{"Node_id":14233,"weight":1.6128},
{"Node_id":14234,"weight":2.1763},
{"Node_id":14235,"weight":4.8988},
{"Node_id":14236,"weight":1.7535},
{"Node_id":14237,"weight":0.6678},
{"Node_id":14238,"weight":1.0465},
{"Node_id":14239,"weight":0.8231},
{"Node_id":14258,"weight":1.4191},
{"Node_id":14259,"weight":1.1859},
{"Node_id":14264,"weight":1.6258},
{"Node_id":14265,"weight":0.3174},
{"Node_id":14268,"weight":0.9203},
{"Node_id":14269,"weight":0.9346},
{"Node_id":14270,"weight":2.5195},
{"Node_id":14271,"weight":1.0997},
{"Node_id":14272,"weight":1.08},
{"Node_id":14273,"weight":0.3293},
{"Node_id":14274,"weight":0.2055},
{"Node_id":14277,"weight":1.1698},
{"Node_id":14278,"weight":0.3756},
{"Node_id":14279,"weight":1.969},
{"Node_id":14280,"weight":0.5849},
{"Node_id":14281,"weight":0.216},
{"Node_id":14282,"weight":0.0532},
{"Node_id":14287,"weight":3.818},
{"Node_id":14288,"weight":0.2408},
{"Node_id":14289,"weight":3.7401},
{"Node_id":14290,"weight":0.9982},
{"Node_id":14291,"weight":0.4608},
{"Node_id":14292,"weight":0.2884},
{"Node_id":14293,"weight":1.5437},
{"Node_id":14294,"weight":1.1914},
{"Node_id":14295,"weight":0.7332},
{"Node_id":14296,"weight":0.9714},
{"Node_id":14297,"weight":0.9115},
{"Node_id":14298,"weight":0.4768},
{"Node_id":14299,"weight":0.2745},
{"Node_id":14300,"weight":0.9095},
{"Node_id":14301,"weight":0.1141},
{"Node_id":14302,"weight":0.1491},
{"Node_id":14303,"weight":0.4879},
{"Node_id":14306,"weight":0.1322},
{"Node_id":14307,"weight":0.5155},
{"Node_id":14428,"weight":0.6879},
{"Node_id":14429,"weight":1.8379},
{"Node_id":14430,"weight":1.2396},
{"Node_id":19950,"weight":3.2071},
{"Node_id":19951,"weight":1.7988},
{"Node_id":20046,"weight":3.3529},
{"Node_id":20089,"weight":2.658},
{"Node_id":20104,"weight":2.5371},
{"Node_id":20105,"weight":5.9496},
{"Node_id":20132,"weight":1.5589},
{"Node_id":20133,"weight":2.7098},
{"Node_id":20249,"weight":1.7543},
{"Node_id":20250,"weight":1.9746},
{"Node_id":20323,"weight":1.4729}]