[{"Node_id":5013,"weight":1.9214},
{"Node_id":5017,"weight":2.184},
{"Node_id":5018,"weight":3.483},
{"Node_id":5019,"weight":2.2799},
{"Node_id":5020,"weight":2.0505},
{"Node_id":5021,"weight":1.9802},
{"Node_id":5022,"weight":2.5051},
{"Node_id":5026,"weight":2.4994},
{"Node_id":5027,"weight":2.7218},
{"Node_id":5028,"weight":3.6636},
{"Node_id":5029,"weight":1.6493},
{"Node_id":5030,"weight":4.0396},
{"Node_id":5031,"weight":2.0367},
{"Node_id":5032,"weight":1.4319},
{"Node_id":5033,"weight":3.8918},
{"Node_id":5034,"weight":2.3699},
{"Node_id":5035,"weight":1.8825},
{"Node_id":5036,"weight":1.9924},
{"Node_id":5037,"weight":2.5459},
{"Node_id":5038,"weight":2.6645},
{"Node_id":5039,"weight":2.321},
{"Node_id":5040,"weight":1.6936},
{"Node_id":5041,"weight":4.1254},
{"Node_id":5044,"weight":2.1397},
{"Node_id":5045,"weight":2.4195},
{"Node_id":5046,"weight":1.4064},
{"Node_id":5047,"weight":1.8203},
{"Node_id":5048,"weight":4.1846},
{"Node_id":5055,"weight":2.7912},
{"Node_id":5060,"weight":2.9298},
{"Node_id":5061,"weight":3.7945},
{"Node_id":5065,"weight":1.5736},
{"Node_id":5066,"weight":1.9597},
{"Node_id":5067,"weight":1.9569},
{"Node_id":5068,"weight":1.4474},
{"Node_id":5069,"weight":1.9468},
{"Node_id":5070,"weight":2.0241},
{"Node_id":5091,"weight":1.4371},
{"Node_id":5092,"weight":2.4866},
{"Node_id":5093,"weight":1.7922},
{"Node_id":5094,"weight":1.5259},
{"Node_id":5095,"weight":3.2124},
{"Node_id":5096,"weight":2.5123},
{"Node_id":5097,"weight":1.832},
{"Node_id":5098,"weight":4.7357},
{"Node_id":5099,"weight":1.744},
{"Node_id":5100,"weight":1.748},
{"Node_id":5103,"weight":1.8643},
{"Node_id":5104,"weight":3.4127},
{"Node_id":5105,"weight":1.7036},
{"Node_id":5106,"weight":2.5852},
{"Node_id":5108,"weight":2.0846},
{"Node_id":5109,"weight":3.9713},
{"Node_id":5110,"weight":3.2963},
{"Node_id":5111,"weight":2.0212},
{"Node_id":5112,"weight":1.3976},
{"Node_id":5113,"weight":1.5513},
{"Node_id":5114,"weight":1.8203},
{"Node_id":5115,"weight":1.5492},
{"Node_id":5116,"weight":2.0456},
{"Node_id":5117,"weight":1.7036},
{"Node_id":5118,"weight":2.0595},
{"Node_id":5119,"weight":4.7954},
{"Node_id":5122,"weight":1.8421},
{"Node_id":5123,"weight":1.4624},
{"Node_id":5124,"weight":3.429},
{"Node_id":5125,"weight":2.764},
{"Node_id":5126,"weight":2.001},
{"Node_id":5127,"weight":1.6353},
{"Node_id":5128,"weight":1.4539},
{"Node_id":5129,"weight":4.219},
{"Node_id":5130,"weight":3.0667},
{"Node_id":5145,"weight":1.5638},
{"Node_id":5148,"weight":1.7583},
{"Node_id":5149,"weight":2.4102},
{"Node_id":5154,"weight":7.6004},
{"Node_id":5155,"weight":1.6034},
{"Node_id":5158,"weight":1.8421},
{"Node_id":5159,"weight":1.9532},
{"Node_id":5160,"weight":2.1928},
{"Node_id":5161,"weight":1.6493},
{"Node_id":5162,"weight":1.9395},
{"Node_id":5163,"weight":2.3983},
{"Node_id":5164,"weight":2.2634},
{"Node_id":5165,"weight":2.2253},
{"Node_id":5167,"weight":2.4369},
{"Node_id":5168,"weight":2.3271},
{"Node_id":5169,"weight":3.1026},
{"Node_id":5170,"weight":1.5764},
{"Node_id":5171,"weight":1.7097},
{"Node_id":5172,"weight":2.7115},
{"Node_id":5177,"weight":1.4261},
{"Node_id":5178,"weight":4.2766},
{"Node_id":5179,"weight":6.0725},
{"Node_id":5180,"weight":3.2397},
{"Node_id":5181,"weight":2.3763},
{"Node_id":5182,"weight":5.2159},
{"Node_id":5183,"weight":2.6006},
{"Node_id":5184,"weight":2.7857},
{"Node_id":5185,"weight":3.3714},
{"Node_id":5186,"weight":1.5666},
{"Node_id":5187,"weight":2.6612},
{"Node_id":5188,"weight":1.886},
{"Node_id":5189,"weight":1.866},
{"Node_id":5190,"weight":1.5327},
{"Node_id":5191,"weight":2.1218},
{"Node_id":5192,"weight":1.5123},
{"Node_id":5193,"weight":3.596},
{"Node_id":5194,"weight":1.7013},
{"Node_id":5196,"weight":2.887},
{"Node_id":5197,"weight":2.2287},
{"Node_id":5319,"weight":1.6875},
{"Node_id":5320,"weight":3.3227},
{"Node_id":5321,"weight":3.2733},
{"Node_id":5836,"weight":2.0887},
{"Node_id":6069,"weight":2.806},
{"Node_id":6070,"weight":5.077},
{"Node_id":6071,"weight":1.4178},
{"Node_id":6072,"weight":4.1064},
{"Node_id":6073,"weight":2.0695},
{"Node_id":6074,"weight":1.6085},
{"Node_id":6075,"weight":2.2196},
{"Node_id":6076,"weight":1.6027},
{"Node_id":6077,"weight":2.0907},
{"Node_id":6078,"weight":2.9635},
{"Node_id":6079,"weight":3.9549},
{"Node_id":6080,"weight":1.4474},
{"Node_id":6081,"weight":1.7051},
{"Node_id":6082,"weight":2.3996},
{"Node_id":6083,"weight":1.7433},
{"Node_id":6084,"weight":2.1807},
{"Node_id":6085,"weight":2.3866},
{"Node_id":6086,"weight":1.3919},
{"Node_id":6087,"weight":2.0928},
{"Node_id":6090,"weight":4.5751},
{"Node_id":6091,"weight":1.8481},
{"Node_id":6092,"weight":2.0938},
{"Node_id":6093,"weight":1.9615},
{"Node_id":6094,"weight":2.0299},
{"Node_id":6095,"weight":2.3433},
{"Node_id":6096,"weight":1.7159},
{"Node_id":6097,"weight":2.5504},
{"Node_id":6098,"weight":2.9765},
{"Node_id":6099,"weight":2.5519},
{"Node_id":6100,"weight":1.8523},
{"Node_id":6101,"weight":2.3648},
{"Node_id":6104,"weight":1.4868},
{"Node_id":6105,"weight":1.4481},
{"Node_id":6106,"weight":1.4384},
{"Node_id":6107,"weight":5.2933},
{"Node_id":6108,"weight":1.4313},
{"Node_id":6109,"weight":3.3287},
{"Node_id":6110,"weight":1.9305},
{"Node_id":6111,"weight":4.8078},
{"Node_id":6112,"weight":2.5195},
{"Node_id":6113,"weight":1.3882},
{"Node_id":6114,"weight":3.2151},
{"Node_id":6115,"weight":2.3271},
{"Node_id":6116,"weight":1.6208},
{"Node_id":6117,"weight":4.6469},
{"Node_id":6118,"weight":2.2943},
{"Node_id":6119,"weight":3.4523},
{"Node_id":6120,"weight":1.4617},
{"Node_id":6121,"weight":1.4313},
{"Node_id":6122,"weight":3.0978},
{"Node_id":6123,"weight":1.6142},
{"Node_id":6124,"weight":1.3869},
{"Node_id":6125,"weight":3.0006},
{"Node_id":6126,"weight":2.8691},
{"Node_id":6127,"weight":1.7276},
{"Node_id":6128,"weight":1.3982},
{"Node_id":6129,"weight":1.8869},
{"Node_id":6130,"weight":2.0918},
{"Node_id":6135,"weight":2.7604},
{"Node_id":6136,"weight":1.7647},
{"Node_id":6137,"weight":3.4225},
{"Node_id":6138,"weight":3.1651},
{"Node_id":6139,"weight":2.6482},
{"Node_id":6140,"weight":1.6434},
{"Node_id":6141,"weight":2.6662},
{"Node_id":6142,"weight":1.5204},
{"Node_id":6143,"weight":1.8704},
{"Node_id":6144,"weight":1.4455},
{"Node_id":6145,"weight":1.452},
{"Node_id":6146,"weight":3.6677},
{"Node_id":6147,"weight":2.9722},
{"Node_id":6148,"weight":1.6405},
{"Node_id":6151,"weight":3.511},
{"Node_id":6152,"weight":1.6627},
{"Node_id":6153,"weight":3.1173},
{"Node_id":6154,"weight":2.2752},
{"Node_id":6155,"weight":1.6049},
{"Node_id":6156,"weight":1.6612},
{"Node_id":6157,"weight":2.9786},
{"Node_id":6158,"weight":1.9496},
{"Node_id":6159,"weight":1.7151},
{"Node_id":6162,"weight":1.8037},
{"Node_id":6163,"weight":1.7448},
{"Node_id":6164,"weight":1.9197},
{"Node_id":6165,"weight":2.6369},
{"Node_id":6201,"weight":1.4494},
{"Node_id":6202,"weight":4.4024},
{"Node_id":6203,"weight":2.1397},
{"Node_id":6204,"weight":1.4822},
{"Node_id":6205,"weight":3.7852},
{"Node_id":6206,"weight":1.9487},
{"Node_id":6207,"weight":2.1218},
{"Node_id":6208,"weight":2.2242},
{"Node_id":6209,"weight":1.9972},
{"Node_id":6210,"weight":5.9496},
{"Node_id":6213,"weight":2.9298},
{"Node_id":6216,"weight":4.1711},
{"Node_id":6217,"weight":2.4142},
{"Node_id":6218,"weight":2.4838},
{"Node_id":6219,"weight":2.4629},
{"Node_id":6220,"weight":3.2676},
{"Node_id":6221,"weight":4.6259},
{"Node_id":6222,"weight":4.5555},
{"Node_id":6223,"weight":1.7865},
{"Node_id":6224,"weight":1.4862},
{"Node_id":6225,"weight":1.8921},
{"Node_id":6226,"weight":1.5055},
{"Node_id":6227,"weight":1.4261},
{"Node_id":6228,"weight":1.7551},
{"Node_id":6229,"weight":1.8652},
{"Node_id":6230,"weight":5.2539},
{"Node_id":6231,"weight":1.4815},
{"Node_id":6232,"weight":1.4287},
{"Node_id":6233,"weight":1.5451},
{"Node_id":6234,"weight":1.6229},
{"Node_id":6235,"weight":4.2051},
{"Node_id":6236,"weight":2.579},
{"Node_id":6237,"weight":1.5885},
{"Node_id":6238,"weight":2.883},
{"Node_id":6241,"weight":3.4591},
{"Node_id":6242,"weight":2.5654},
{"Node_id":6245,"weight":7.8236},
{"Node_id":6255,"weight":1.5225},
{"Node_id":6256,"weight":2.2494},
{"Node_id":6257,"weight":2.5669},
{"Node_id":6258,"weight":3.2452},
{"Node_id":6259,"weight":2.8439},
{"Node_id":6260,"weight":2.3371},
{"Node_id":6261,"weight":1.3913},
{"Node_id":6262,"weight":4.3066},
{"Node_id":6263,"weight":2.7712},
{"Node_id":6264,"weight":5.077},
{"Node_id":6265,"weight":1.9386},
{"Node_id":6269,"weight":2.2425},
{"Node_id":6270,"weight":2.0144},
{"Node_id":6271,"weight":1.4955},
{"Node_id":6272,"weight":1.4364},
{"Node_id":6273,"weight":1.7639},
{"Node_id":6274,"weight":4.872},
{"Node_id":6278,"weight":2.2967},
{"Node_id":6279,"weight":1.4855},
{"Node_id":6280,"weight":3.0297},
{"Node_id":6281,"weight":1.421},
{"Node_id":6282,"weight":1.9487},
{"Node_id":6283,"weight":2.6434},
{"Node_id":6284,"weight":1.6777},
{"Node_id":6285,"weight":1.5008},
{"Node_id":6286,"weight":2.9765},
{"Node_id":6287,"weight":1.7082},
{"Node_id":6288,"weight":2.4168},
{"Node_id":6521,"weight":5.4217},
{"Node_id":6522,"weight":5.5429},
{"Node_id":6523,"weight":2.5534},
{"Node_id":6524,"weight":1.4223},
{"Node_id":6525,"weight":2.2728},
{"Node_id":6526,"weight":3.3377},
{"Node_id":6585,"weight":5.045},
{"Node_id":6586,"weight":3.8766},
{"Node_id":6587,"weight":1.719},
{"Node_id":6588,"weight":1.7354},
{"Node_id":6589,"weight":2.4768},
{"Node_id":6590,"weight":1.7198},
{"Node_id":6593,"weight":3.6076},
{"Node_id":6594,"weight":3.4523},
{"Node_id":6595,"weight":3.6273},
{"Node_id":6596,"weight":3.7401},
{"Node_id":6597,"weight":2.0338},
{"Node_id":6598,"weight":1.6906},
{"Node_id":6599,"weight":3.6718},
{"Node_id":6600,"weight":2.1418},
{"Node_id":6601,"weight":1.6419},
{"Node_id":6602,"weight":1.8549},
{"Node_id":6603,"weight":2.0212},
{"Node_id":6604,"weight":3.3808},
{"Node_id":6605,"weight":3.8469},
{"Node_id":6606,"weight":3.305},
{"Node_id":6607,"weight":1.4742},
{"Node_id":6610,"weight":1.5464},
{"Node_id":6611,"weight":2.0575},
{"Node_id":6612,"weight":1.7922},
{"Node_id":6615,"weight":4.1579},
{"Node_id":6616,"weight":1.615},
{"Node_id":6617,"weight":5.4927},
{"Node_id":6620,"weight":3.7446},
{"Node_id":6623,"weight":3.5075},
{"Node_id":6624,"weight":1.7472},
{"Node_id":6625,"weight":1.4001},
{"Node_id":6626,"weight":3.6885},
{"Node_id":6627,"weight":2.5519},
{"Node_id":6628,"weight":1.8145},
{"Node_id":6629,"weight":3.8372},
{"Node_id":6630,"weight":2.0615},
{"Node_id":6631,"weight":2.0785},
{"Node_id":6632,"weight":2.1654},
{"Node_id":6633,"weight":1.6114},
{"Node_id":6634,"weight":1.812},
{"Node_id":6635,"weight":1.9143},
{"Node_id":6636,"weight":1.7567},
{"Node_id":6637,"weight":2.1862},
{"Node_id":6638,"weight":2.1906},
{"Node_id":6639,"weight":2.7357},
{"Node_id":6640,"weight":2.9465},
{"Node_id":6641,"weight":2.1249},
{"Node_id":6642,"weight":3.6432},
{"Node_id":6643,"weight":5.1441},
{"Node_id":6644,"weight":5.2734},
{"Node_id":6645,"weight":3.0978},
{"Node_id":6646,"weight":3.8132},
{"Node_id":6647,"weight":5.045},
{"Node_id":6648,"weight":2.401},
{"Node_id":6649,"weight":2.101},
{"Node_id":6650,"weight":1.515},
{"Node_id":6653,"weight":3.0644},
{"Node_id":6654,"weight":3.0366},
{"Node_id":6655,"weight":2.3039},
{"Node_id":6656,"weight":1.7849},
{"Node_id":6657,"weight":3.0184},
{"Node_id":6658,"weight":1.886},
{"Node_id":6659,"weight":2.0038},
{"Node_id":6660,"weight":2.025},
{"Node_id":6670,"weight":1.9206},
{"Node_id":6671,"weight":2.4329},
{"Node_id":6672,"weight":3.9658},
{"Node_id":6673,"weight":2.5579},
{"Node_id":6674,"weight":2.0192},
{"Node_id":6677,"weight":2.8135},
{"Node_id":6678,"weight":2.8381},
{"Node_id":6679,"weight":2.889},
{"Node_id":6680,"weight":2.0338},
{"Node_id":6681,"weight":3.0667},
{"Node_id":6682,"weight":1.9323},
{"Node_id":6683,"weight":1.7237},
{"Node_id":6684,"weight":1.7599},
{"Node_id":6685,"weight":2.3015},
{"Node_id":6686,"weight":1.4881},
{"Node_id":6687,"weight":1.3988},
{"Node_id":6688,"weight":2.9786},
{"Node_id":6689,"weight":3.3652},
{"Node_id":6690,"weight":2.6337},
{"Node_id":6691,"weight":1.5485},
{"Node_id":6692,"weight":2.5297},
{"Node_id":6693,"weight":1.5327},
{"Node_id":6694,"weight":1.7663},
{"Node_id":6695,"weight":1.9423},
{"Node_id":6696,"weight":1.4422},
{"Node_id":6697,"weight":1.5885},
{"Node_id":6698,"weight":1.5729},
{"Node_id":6699,"weight":1.5306},
{"Node_id":6700,"weight":2.7409},
{"Node_id":6729,"weight":1.6657},
{"Node_id":6730,"weight":1.4052},
{"Node_id":6731,"weight":1.6324},
{"Node_id":6732,"weight":2.8711},
{"Node_id":6733,"weight":5.0933},
{"Node_id":6734,"weight":1.5659},
{"Node_id":6735,"weight":1.4782},
{"Node_id":6736,"weight":2.6761},
{"Node_id":6737,"weight":2.4796},
{"Node_id":6738,"weight":2.6337},
{"Node_id":6739,"weight":5.4927},
{"Node_id":6742,"weight":2.0928},
{"Node_id":6751,"weight":1.4862},
{"Node_id":6752,"weight":1.4435},
{"Node_id":6753,"weight":4.8458},
{"Node_id":6754,"weight":2.1622},
{"Node_id":6755,"weight":1.8253},
{"Node_id":6756,"weight":2.1928},
{"Node_id":6757,"weight":1.587},
{"Node_id":6758,"weight":1.656},
{"Node_id":6759,"weight":2.4684},
{"Node_id":6760,"weight":3.511},
{"Node_id":6761,"weight":1.5368},
{"Node_id":6762,"weight":1.6027},
{"Node_id":6763,"weight":1.733},
{"Node_id":6764,"weight":1.8609},
{"Node_id":6767,"weight":3.6312},
{"Node_id":6768,"weight":2.3699},
{"Node_id":6769,"weight":2.6928},
{"Node_id":6770,"weight":3.3903},
{"Node_id":6771,"weight":2.2943},
{"Node_id":6774,"weight":1.9597},
{"Node_id":6775,"weight":2.1376},
{"Node_id":6776,"weight":2.6147},
{"Node_id":6777,"weight":2.0485},
{"Node_id":6778,"weight":1.8438},
{"Node_id":6779,"weight":2.97},
{"Node_id":6780,"weight":4.1513},
{"Node_id":6781,"weight":2.9031},
{"Node_id":6782,"weight":1.5197},
{"Node_id":6783,"weight":3.4356},
{"Node_id":6784,"weight":4.4538},
{"Node_id":6785,"weight":3.2507},
{"Node_id":6786,"weight":1.4775},
{"Node_id":6787,"weight":3.6595},
{"Node_id":6788,"weight":1.4769},
{"Node_id":6789,"weight":4.7832},
{"Node_id":6790,"weight":1.8354},
{"Node_id":6791,"weight":2.7857},
{"Node_id":6792,"weight":3.3468},
{"Node_id":6793,"weight":4.284},
{"Node_id":6794,"weight":1.8643},
{"Node_id":6795,"weight":2.1354},
{"Node_id":6796,"weight":1.8153},
{"Node_id":6799,"weight":2.5882},
{"Node_id":6800,"weight":2.1774},
{"Node_id":6801,"weight":4.0049},
{"Node_id":6802,"weight":2.9444},
{"Node_id":6803,"weight":2.6466},
{"Node_id":6804,"weight":2.1796},
{"Node_id":6805,"weight":3.3079},
{"Node_id":6806,"weight":3.562},
{"Node_id":6807,"weight":1.6164},
{"Node_id":6808,"weight":1.9915},
{"Node_id":6809,"weight":2.4994},
{"Node_id":6810,"weight":2.6022},
{"Node_id":6811,"weight":1.5603},
{"Node_id":6812,"weight":2.2716},
{"Node_id":6813,"weight":3.3287},
{"Node_id":6814,"weight":1.7543},
{"Node_id":6815,"weight":3.3468},
{"Node_id":6816,"weight":1.9098},
{"Node_id":6817,"weight":1.8078},
{"Node_id":6818,"weight":2.4519},
{"Node_id":6819,"weight":3.3138},
{"Node_id":6820,"weight":2.6434},
{"Node_id":6821,"weight":2.9939},
{"Node_id":6822,"weight":1.8379},
{"Node_id":6823,"weight":1.7711},
{"Node_id":6824,"weight":3.0072},
{"Node_id":6825,"weight":1.5485},
{"Node_id":6826,"weight":1.4585},
{"Node_id":6827,"weight":3.1222},
{"Node_id":6828,"weight":2.1752},
{"Node_id":6829,"weight":2.6321},
{"Node_id":6830,"weight":2.7183},
{"Node_id":6831,"weight":3.5694},
{"Node_id":6832,"weight":3.1026},
{"Node_id":6833,"weight":2.4315},
{"Node_id":6834,"weight":1.4868},
{"Node_id":6835,"weight":1.6785},
{"Node_id":6836,"weight":2.2576},
{"Node_id":6837,"weight":3.1625},
{"Node_id":6838,"weight":1.827},
{"Node_id":6839,"weight":2.3814},
{"Node_id":6840,"weight":2.6761},
{"Node_id":6841,"weight":1.7988},
{"Node_id":6842,"weight":5.9118},
{"Node_id":6843,"weight":2.4342},
{"Node_id":6844,"weight":1.4461},
{"Node_id":6845,"weight":3.4356},
{"Node_id":6861,"weight":1.4982},
{"Node_id":6862,"weight":2.3827},
{"Node_id":6863,"weight":2.1514},
{"Node_id":6864,"weight":1.421},
{"Node_id":6865,"weight":4.2546},
{"Node_id":6866,"weight":2.889},
{"Node_id":6867,"weight":2.6162},
{"Node_id":6870,"weight":4.508},
{"Node_id":6873,"weight":2.6401},
{"Node_id":6876,"weight":2.1197},
{"Node_id":6877,"weight":1.9161},
{"Node_id":6913,"weight":2.4643},
{"Node_id":6914,"weight":2.1145},
{"Node_id":6915,"weight":1.7105},
{"Node_id":6916,"weight":2.1239},
{"Node_id":6917,"weight":1.8834},
{"Node_id":6918,"weight":2.7115},
{"Node_id":6919,"weight":2.3597},
{"Node_id":6920,"weight":1.6383},
{"Node_id":6921,"weight":1.4624},
{"Node_id":6922,"weight":3.6392},
{"Node_id":6923,"weight":1.7338},
{"Node_id":6924,"weight":4.3776},
{"Node_id":6925,"weight":1.7089},
{"Node_id":6926,"weight":1.4789},
{"Node_id":6927,"weight":3.2591},
{"Node_id":6928,"weight":3.3871},
{"Node_id":6929,"weight":2.9277},
{"Node_id":6930,"weight":4.5653},
{"Node_id":6931,"weight":3.2178},
{"Node_id":6932,"weight":2.321},
{"Node_id":6933,"weight":2.2073},
{"Node_id":6934,"weight":1.5779},
{"Node_id":6935,"weight":3.8085},
{"Node_id":6936,"weight":1.6186},
{"Node_id":6937,"weight":6.8113},
{"Node_id":6938,"weight":1.6179},
{"Node_id":6939,"weight":1.7377},
{"Node_id":6940,"weight":2.4588},
{"Node_id":6941,"weight":1.6478},
{"Node_id":6942,"weight":1.5231},
{"Node_id":6943,"weight":2.342},
{"Node_id":6944,"weight":1.4644},
{"Node_id":6945,"weight":2.0595},
{"Node_id":6946,"weight":2.2681},
{"Node_id":6948,"weight":1.5109},
{"Node_id":6949,"weight":2.4519},
{"Node_id":6950,"weight":1.7105},
{"Node_id":6953,"weight":3.3871},
{"Node_id":6954,"weight":1.5807},
{"Node_id":6955,"weight":2.7586},
{"Node_id":6956,"weight":2.885},
{"Node_id":6957,"weight":4.5653},
{"Node_id":6958,"weight":3.3683},
{"Node_id":6959,"weight":2.7374},
{"Node_id":6962,"weight":2.0485},
{"Node_id":6963,"weight":1.8261},
{"Node_id":6964,"weight":2.9593},
{"Node_id":6965,"weight":2.0565},
{"Node_id":6966,"weight":2.5123},
{"Node_id":6967,"weight":1.4121},
{"Node_id":6968,"weight":2.2061},
{"Node_id":6969,"weight":1.7136},
{"Node_id":6970,"weight":2.2799},
{"Node_id":6971,"weight":1.7182},
{"Node_id":6974,"weight":2.0605},
{"Node_id":6975,"weight":3.6233},
{"Node_id":6978,"weight":2.6242},
{"Node_id":6979,"weight":1.5771},
{"Node_id":6980,"weight":1.5402},
{"Node_id":6981,"weight":3.2591},
{"Node_id":6982,"weight":1.6754},
{"Node_id":6983,"weight":1.5238},
{"Node_id":6984,"weight":2.0096},
{"Node_id":6985,"weight":2.8381},
{"Node_id":6986,"weight":2.1155},
{"Node_id":6987,"weight":1.5687},
{"Node_id":6988,"weight":1.4014},
{"Node_id":6989,"weight":1.7417},
{"Node_id":6990,"weight":2.3699},
{"Node_id":6993,"weight":1.6078},
{"Node_id":6994,"weight":1.7857},
{"Node_id":6995,"weight":3.562},
{"Node_id":6996,"weight":2.8633},
{"Node_id":7000,"weight":1.9259},
{"Node_id":7001,"weight":2.6662},
{"Node_id":7002,"weight":3.5326},
{"Node_id":7003,"weight":4.0163},
{"Node_id":7004,"weight":3.226},
{"Node_id":7005,"weight":1.7051},
{"Node_id":7006,"weight":2.9113},
{"Node_id":7007,"weight":1.8913},
{"Node_id":7010,"weight":1.6085},
{"Node_id":7011,"weight":1.5999},
{"Node_id":7012,"weight":3.0738},
{"Node_id":7013,"weight":1.5878},
{"Node_id":7105,"weight":3.0117},
{"Node_id":7106,"weight":2.2907},
{"Node_id":7110,"weight":2.0038},
{"Node_id":7111,"weight":3.5398},
{"Node_id":7112,"weight":1.8379},
{"Node_id":7113,"weight":1.3907},
{"Node_id":7114,"weight":3.0786},
{"Node_id":7115,"weight":4.0049},
{"Node_id":7116,"weight":3.4969},
{"Node_id":7117,"weight":1.7841},
{"Node_id":7118,"weight":2.4966},
{"Node_id":7119,"weight":4.9126},
{"Node_id":7120,"weight":3.562},
{"Node_id":7121,"weight":4.9548},
{"Node_id":7122,"weight":4.7592},
{"Node_id":7123,"weight":2.1873},
{"Node_id":7133,"weight":3.0184},
{"Node_id":7134,"weight":1.4572},
{"Node_id":7238,"weight":2.4994},
{"Node_id":7239,"weight":5.4448},
{"Node_id":7240,"weight":1.7988},
{"Node_id":7241,"weight":1.6412},
{"Node_id":7242,"weight":1.4802},
{"Node_id":7243,"weight":1.4683},
{"Node_id":7244,"weight":4.0634},
{"Node_id":7245,"weight":2.895},
{"Node_id":7246,"weight":3.3347},
{"Node_id":7247,"weight":1.6508},
{"Node_id":7248,"weight":3.3777},
{"Node_id":7249,"weight":2.9072},
{"Node_id":7250,"weight":1.4178},
{"Node_id":7251,"weight":2.4881},
{"Node_id":7252,"weight":2.3788},
{"Node_id":7253,"weight":2.9614},
{"Node_id":7254,"weight":1.6664},
{"Node_id":7255,"weight":1.7963},
{"Node_id":7256,"weight":1.9143},
{"Node_id":7257,"weight":1.6523},
{"Node_id":7258,"weight":1.6538},
{"Node_id":7259,"weight":1.9036},
{"Node_id":7260,"weight":1.7776},
{"Node_id":7261,"weight":3.3999},
{"Node_id":7262,"weight":2.3584},
{"Node_id":7263,"weight":2.1785},
{"Node_id":7264,"weight":2.5224},
{"Node_id":7265,"weight":2.4601},
{"Node_id":7266,"weight":1.7074},
{"Node_id":7267,"weight":1.8834},
{"Node_id":7268,"weight":1.8921},
{"Node_id":7269,"weight":1.39},
{"Node_id":7270,"weight":2.2106},
{"Node_id":7271,"weight":1.9241},
{"Node_id":7272,"weight":1.6627},
{"Node_id":7273,"weight":3.0667},
{"Node_id":7274,"weight":2.0605},
{"Node_id":7275,"weight":2.2895},
{"Node_id":7276,"weight":1.43},
{"Node_id":7277,"weight":2.4698},
{"Node_id":7278,"weight":2.7694},
{"Node_id":7279,"weight":1.6982},
{"Node_id":7280,"weight":2.4505},
{"Node_id":7281,"weight":2.8305},
{"Node_id":7282,"weight":1.7825},
{"Node_id":7335,"weight":1.702},
{"Node_id":7402,"weight":2.9133},
{"Node_id":7418,"weight":1.4546},
{"Node_id":7419,"weight":1.6186},
{"Node_id":7420,"weight":2.4754},
{"Node_id":7421,"weight":1.8756},
{"Node_id":7447,"weight":1.4217},
{"Node_id":7484,"weight":1.5701},
{"Node_id":7602,"weight":1.9532},
{"Node_id":7728,"weight":3.2071},
{"Node_id":7729,"weight":1.7988},
{"Node_id":7824,"weight":3.3529},
{"Node_id":7867,"weight":2.658},
{"Node_id":7882,"weight":2.5371},
{"Node_id":7883,"weight":5.9496},
{"Node_id":7910,"weight":1.5589},
{"Node_id":7911,"weight":2.7098},
{"Node_id":8027,"weight":1.7543},
{"Node_id":8028,"weight":1.9746},
{"Node_id":8101,"weight":1.4729},
{"Node_id":8123,"weight":2.4754},
{"Node_id":8124,"weight":2.4302},
{"Node_id":8164,"weight":1.7898},
{"Node_id":8165,"weight":1.7043},
{"Node_id":8166,"weight":1.6612},
{"Node_id":8167,"weight":1.8669},
{"Node_id":8168,"weight":1.6762},
{"Node_id":8169,"weight":2.2208},
{"Node_id":8170,"weight":3.0297},
{"Node_id":8171,"weight":2.4262},
{"Node_id":8172,"weight":2.4155},
{"Node_id":8173,"weight":3.2017},
{"Node_id":8174,"weight":2.4866},
{"Node_id":8175,"weight":2.9939},
{"Node_id":8176,"weight":4.4538},
{"Node_id":8177,"weight":2.1796},
{"Node_id":8178,"weight":1.8523},
{"Node_id":8179,"weight":2.0038},
{"Node_id":8180,"weight":1.9934},
{"Node_id":8181,"weight":1.5652},
{"Node_id":8182,"weight":1.6792},
{"Node_id":8183,"weight":1.561},
{"Node_id":8184,"weight":1.5892},
{"Node_id":8185,"weight":1.6006},
{"Node_id":8186,"weight":1.7377},
{"Node_id":8187,"weight":2.3321},
{"Node_id":8188,"weight":2.0202},
{"Node_id":8189,"weight":4.284},
{"Node_id":8190,"weight":3.4969},
{"Node_id":8191,"weight":1.5736},
{"Node_id":8192,"weight":1.7857},
{"Node_id":8193,"weight":2.3271},
{"Node_id":8194,"weight":1.873},
{"Node_id":8195,"weight":2.0685},
{"Node_id":8196,"weight":1.8506},
{"Node_id":8197,"weight":2.5609},
{"Node_id":8198,"weight":1.6034},
{"Node_id":8199,"weight":2.0358},
{"Node_id":8200,"weight":3.3808},
{"Node_id":8201,"weight":2.2599},
{"Node_id":8202,"weight":3.6801},
{"Node_id":8203,"weight":5.1441},
{"Node_id":8204,"weight":4.0396},
{"Node_id":8205,"weight":2.1611},
{"Node_id":8206,"weight":4.7832},
{"Node_id":8207,"weight":3.4258},
{"Node_id":8208,"weight":2.6662},
{"Node_id":8209,"weight":2.4208},
{"Node_id":8210,"weight":1.5687},
{"Node_id":8211,"weight":2.8191},
{"Node_id":8212,"weight":1.4935},
{"Node_id":8213,"weight":1.7362},
{"Node_id":8216,"weight":6.1637},
{"Node_id":8217,"weight":1.9359},
{"Node_id":8218,"weight":3.3287},
{"Node_id":8219,"weight":3.0458},
{"Node_id":8220,"weight":2.1165},
{"Node_id":8221,"weight":1.5022},
{"Node_id":8222,"weight":2.5066},
{"Node_id":8225,"weight":1.4281},
{"Node_id":8226,"weight":2.4089},
{"Node_id":8227,"weight":1.7615},
{"Node_id":8228,"weight":1.4995},
{"Node_id":8229,"weight":1.9597},
{"Node_id":8230,"weight":2.955},
{"Node_id":8233,"weight":2.4235},
{"Node_id":8234,"weight":1.6634},
{"Node_id":8280,"weight":1.6883},
{"Node_id":8303,"weight":3.2676},
{"Node_id":8305,"weight":2.1062},
{"Node_id":8306,"weight":1.5949},
{"Node_id":8307,"weight":2.0705},
{"Node_id":8308,"weight":5.1441},
{"Node_id":8309,"weight":1.9018},
{"Node_id":8310,"weight":1.5582},
{"Node_id":8311,"weight":1.9477},
{"Node_id":8312,"weight":3.4095},
{"Node_id":8313,"weight":1.798},
{"Node_id":8314,"weight":3.8132},
{"Node_id":8315,"weight":5.1794},
{"Node_id":8316,"weight":8.1114},
{"Node_id":8317,"weight":3.5732},
{"Node_id":8318,"weight":6.5699},
{"Node_id":8319,"weight":1.8506},
{"Node_id":8320,"weight":3.2098},
{"Node_id":8321,"weight":2.1665},
{"Node_id":8324,"weight":2.0959},
{"Node_id":8325,"weight":3.1099},
{"Node_id":8326,"weight":2.2907},
{"Node_id":8327,"weight":5.2734},
{"Node_id":8328,"weight":3.8372},
{"Node_id":8329,"weight":1.6649},
{"Node_id":8330,"weight":2.5775},
{"Node_id":8331,"weight":3.0929},
{"Node_id":8332,"weight":1.7036},
{"Node_id":8333,"weight":2.5297},
{"Node_id":8334,"weight":1.917},
{"Node_id":8335,"weight":1.5416},
{"Node_id":8336,"weight":2.5913},
{"Node_id":8337,"weight":2.2006},
{"Node_id":8338,"weight":2.2073},
{"Node_id":8339,"weight":1.7346},
{"Node_id":8340,"weight":1.7252},
{"Node_id":8341,"weight":2.2871},
{"Node_id":8342,"weight":2.375},
{"Node_id":8343,"weight":1.9487},
{"Node_id":8344,"weight":2.5684},
{"Node_id":8345,"weight":2.4221},
{"Node_id":8346,"weight":1.6523},
{"Node_id":8347,"weight":2.1031},
{"Node_id":8348,"weight":1.7607},
{"Node_id":8349,"weight":1.4045},
{"Node_id":8350,"weight":2.3321},
{"Node_id":8351,"weight":3.5146},
{"Node_id":8352,"weight":3.7991},
{"Node_id":8353,"weight":2.5534},
{"Node_id":8354,"weight":2.2028},
{"Node_id":8355,"weight":1.9896},
{"Node_id":8356,"weight":1.8843},
{"Node_id":8357,"weight":2.8381},
{"Node_id":8358,"weight":1.5076},
{"Node_id":8359,"weight":2.184},
{"Node_id":8360,"weight":2.0416},
{"Node_id":8361,"weight":3.7579},
{"Node_id":8362,"weight":1.9296},
{"Node_id":8363,"weight":2.1093},
{"Node_id":8364,"weight":2.7876},
{"Node_id":8365,"weight":2.2657},
{"Node_id":8366,"weight":3.1651},
{"Node_id":8367,"weight":4.0163},
{"Node_id":8368,"weight":2.0192},
{"Node_id":8369,"weight":2.6678},
{"Node_id":8370,"weight":2.4768},
{"Node_id":8371,"weight":1.5245},
{"Node_id":8372,"weight":4.7954},
{"Node_id":8373,"weight":1.9896},
{"Node_id":8374,"weight":2.3075},
{"Node_id":8375,"weight":2.5023},
{"Node_id":8376,"weight":1.421},
{"Node_id":8377,"weight":1.7151},
{"Node_id":8378,"weight":1.5575},
{"Node_id":8379,"weight":1.9634},
{"Node_id":8400,"weight":2.5312},
{"Node_id":8422,"weight":3.1651},
{"Node_id":8438,"weight":2.0231},
{"Node_id":8453,"weight":2.6945},
{"Node_id":8454,"weight":3.6843},
{"Node_id":8455,"weight":2.6037},
{"Node_id":8470,"weight":3.6233},
{"Node_id":8471,"weight":2.5341},
{"Node_id":8472,"weight":2.6482},
{"Node_id":8473,"weight":2.2095},
{"Node_id":8474,"weight":2.2634},
{"Node_id":8475,"weight":1.653},
{"Node_id":8476,"weight":1.397},
{"Node_id":8477,"weight":2.5166},
{"Node_id":8478,"weight":1.9468},
{"Node_id":8479,"weight":2.0338},
{"Node_id":8480,"weight":1.7528},
{"Node_id":8481,"weight":1.53},
{"Node_id":8556,"weight":1.8128},
{"Node_id":8557,"weight":2.9808},
{"Node_id":8558,"weight":4.2402},
{"Node_id":8559,"weight":1.935},
{"Node_id":8560,"weight":1.6792},
{"Node_id":8561,"weight":3.2591},
{"Node_id":8562,"weight":1.6538},
{"Node_id":8563,"weight":2.1568},
{"Node_id":8564,"weight":3.1781},
{"Node_id":8565,"weight":2.881},
{"Node_id":8566,"weight":1.4848},
{"Node_id":8567,"weight":1.5793},
{"Node_id":8568,"weight":3.1833},
{"Node_id":8569,"weight":2.7857},
{"Node_id":8570,"weight":1.659},
{"Node_id":8571,"weight":1.6754},
{"Node_id":8572,"weight":1.7575},
{"Node_id":8573,"weight":2.2955},
{"Node_id":8574,"weight":2.0202},
{"Node_id":8575,"weight":2.7235},
{"Node_id":8576,"weight":2.1796},
{"Node_id":8577,"weight":2.7339},
{"Node_id":8578,"weight":3.3967},
{"Node_id":8579,"weight":2.4208},
{"Node_id":8580,"weight":1.5652},
{"Node_id":8581,"weight":2.6945},
{"Node_id":8582,"weight":4.1064},
{"Node_id":8586,"weight":1.5259},
{"Node_id":8587,"weight":2.1312},
{"Node_id":8588,"weight":1.5002},
{"Node_id":8589,"weight":6.3182},
{"Node_id":8590,"weight":2.0745},
{"Node_id":8591,"weight":1.4822},
{"Node_id":8592,"weight":1.4848},
{"Node_id":8593,"weight":2.0436},
{"Node_id":8594,"weight":1.9905},
{"Node_id":8595,"weight":2.4852},
{"Node_id":8596,"weight":1.8643},
{"Node_id":8597,"weight":3.1651},
{"Node_id":8598,"weight":3.7357},
{"Node_id":8599,"weight":1.3932},
{"Node_id":8600,"weight":1.4975},
{"Node_id":8601,"weight":1.8037},
{"Node_id":8602,"weight":1.5963},
{"Node_id":8603,"weight":2.5224},
{"Node_id":8604,"weight":3.842},
{"Node_id":8605,"weight":2.1622},
{"Node_id":8606,"weight":1.8515},
{"Node_id":8607,"weight":5.8401},
{"Node_id":8608,"weight":1.6906},
{"Node_id":8609,"weight":1.7736},
{"Node_id":8610,"weight":1.9296},
{"Node_id":8611,"weight":2.7857},
{"Node_id":8612,"weight":2.3546},
{"Node_id":8613,"weight":3.776},
{"Node_id":8614,"weight":4.0694},
{"Node_id":8615,"weight":2.4671},
{"Node_id":8616,"weight":2.173},
{"Node_id":8617,"weight":1.752},
{"Node_id":8618,"weight":2.0038},
{"Node_id":8619,"weight":1.4371},
{"Node_id":8620,"weight":2.7081},
{"Node_id":8621,"weight":1.4835},
{"Node_id":8622,"weight":1.9962},
{"Node_id":8623,"weight":2.727},
{"Node_id":8624,"weight":2.2517},
{"Node_id":8625,"weight":2.3648},
{"Node_id":8626,"weight":3.596},
{"Node_id":8627,"weight":2.6257},
{"Node_id":8628,"weight":2.4275},
{"Node_id":8629,"weight":1.9277},
{"Node_id":8630,"weight":2.3866},
{"Node_id":8631,"weight":5.3992},
{"Node_id":8632,"weight":1.4624},
{"Node_id":8633,"weight":1.5485},
{"Node_id":8634,"weight":2.3395},
{"Node_id":8635,"weight":1.8895},
{"Node_id":8636,"weight":2.4588},
{"Node_id":8637,"weight":2.2799},
{"Node_id":8638,"weight":2.8652},
{"Node_id":8639,"weight":1.5062},
{"Node_id":8640,"weight":1.4881},
{"Node_id":8641,"weight":1.5842},
{"Node_id":8642,"weight":1.4921},
{"Node_id":8643,"weight":1.8078},
{"Node_id":8644,"weight":1.776},
{"Node_id":8645,"weight":3.305},
{"Node_id":8646,"weight":2.5959},
{"Node_id":8647,"weight":1.6974},
{"Node_id":8648,"weight":2.2196},
{"Node_id":8649,"weight":1.4848},
{"Node_id":8650,"weight":2.881},
{"Node_id":8651,"weight":1.7401},
{"Node_id":8652,"weight":2.3234},
{"Node_id":8653,"weight":1.6208},
{"Node_id":8654,"weight":2.6563},
{"Node_id":8655,"weight":1.6486},
{"Node_id":8656,"weight":1.9332},
{"Node_id":8657,"weight":1.8523},
{"Node_id":8658,"weight":2.8229},
{"Node_id":8659,"weight":2.5579},
{"Node_id":8681,"weight":2.0907},
{"Node_id":8682,"weight":6.0725},
{"Node_id":8683,"weight":2.8574},
{"Node_id":8684,"weight":1.4178},
{"Node_id":8685,"weight":1.5992},
{"Node_id":8686,"weight":2.1719},
{"Node_id":8687,"weight":1.5035},
{"Node_id":8688,"weight":1.3882},
{"Node_id":8689,"weight":2.2576},
{"Node_id":8690,"weight":3.3652},
{"Node_id":8691,"weight":2.5254},
{"Node_id":8692,"weight":1.7105},
{"Node_id":8693,"weight":4.8458},
{"Node_id":8694,"weight":2.2552},
{"Node_id":8695,"weight":1.3988},
{"Node_id":8696,"weight":1.4172},
{"Node_id":8697,"weight":1.6523},
{"Node_id":8698,"weight":1.7963},
{"Node_id":8699,"weight":4.1002},
{"Node_id":8700,"weight":2.5066},
{"Node_id":8701,"weight":2.5385},
{"Node_id":8702,"weight":2.877},
{"Node_id":8703,"weight":1.9523},
{"Node_id":8704,"weight":2.5714},
{"Node_id":8705,"weight":1.4565},
{"Node_id":8706,"weight":1.744},
{"Node_id":8707,"weight":1.6732},
{"Node_id":8708,"weight":1.798},
{"Node_id":8709,"weight":1.9305},
{"Node_id":8710,"weight":1.4229},
{"Node_id":8711,"weight":1.543},
{"Node_id":8712,"weight":4.1711},
{"Node_id":8713,"weight":2.6711},
{"Node_id":8714,"weight":2.205},
{"Node_id":8715,"weight":3.1347},
{"Node_id":8716,"weight":1.4815},
{"Node_id":8717,"weight":1.752},
{"Node_id":8718,"weight":3.0252},
{"Node_id":8719,"weight":1.6368},
{"Node_id":8720,"weight":2.9593},
{"Node_id":8721,"weight":3.1964},
{"Node_id":8722,"weight":2.0565},
{"Node_id":8723,"weight":1.9296},
{"Node_id":8724,"weight":1.8136},
{"Node_id":8725,"weight":2.2242},
{"Node_id":8726,"weight":2.3571},
{"Node_id":8727,"weight":3.8038},
{"Node_id":8728,"weight":2.0938},
{"Node_id":8729,"weight":2.0745},
{"Node_id":8730,"weight":2.5123},
{"Node_id":8731,"weight":1.5786},
{"Node_id":8732,"weight":1.726},
{"Node_id":8733,"weight":1.4663},
{"Node_id":8734,"weight":2.6563},
{"Node_id":8735,"weight":1.4147},
{"Node_id":8736,"weight":2.9011},
{"Node_id":8737,"weight":5.2347},
{"Node_id":8738,"weight":3.4095},
{"Node_id":8739,"weight":3.4225},
{"Node_id":8740,"weight":1.8557},
{"Node_id":8741,"weight":2.6498},
{"Node_id":8742,"weight":2.1134},
{"Node_id":8743,"weight":2.366},
{"Node_id":8744,"weight":1.9395},
{"Node_id":8745,"weight":3.1859},
{"Node_id":8746,"weight":2.2907},
{"Node_id":8747,"weight":1.8337},
{"Node_id":8748,"weight":1.5652},
{"Node_id":8749,"weight":2.543},
{"Node_id":8750,"weight":5.8061},
{"Node_id":8751,"weight":3.6969},
{"Node_id":8752,"weight":2.1774},
{"Node_id":8753,"weight":1.4795},
{"Node_id":8754,"weight":1.3944},
{"Node_id":8755,"weight":2.3222},
{"Node_id":8756,"weight":1.8012},
{"Node_id":8757,"weight":5.2933},
{"Node_id":8760,"weight":1.5652},
{"Node_id":8761,"weight":2.5944},
{"Node_id":8762,"weight":2.0856},
{"Node_id":8763,"weight":1.5029},
{"Node_id":8764,"weight":2.8751},
{"Node_id":8765,"weight":1.5361},
{"Node_id":8766,"weight":3.2342},
{"Node_id":8767,"weight":1.9432},
{"Node_id":8768,"weight":1.639},
{"Node_id":8769,"weight":2.0436},
{"Node_id":8772,"weight":5.7105},
{"Node_id":8809,"weight":1.8834},
{"Node_id":8810,"weight":1.6657},
{"Node_id":8811,"weight":2.0918},
{"Node_id":8812,"weight":4.8588},
{"Node_id":8813,"weight":2.9257},
{"Node_id":8814,"weight":3.4323},
{"Node_id":8824,"weight":1.8756},
{"Node_id":8880,"weight":4.1982},
{"Node_id":8881,"weight":3.6392},
{"Node_id":8882,"weight":1.9727},
{"Node_id":8883,"weight":5.7414},
{"Node_id":8884,"weight":3.0929},
{"Node_id":8885,"weight":2.3609},
{"Node_id":8886,"weight":1.7113},
{"Node_id":8887,"weight":1.4268},
{"Node_id":8890,"weight":2.9896},
{"Node_id":8891,"weight":2.0938},
{"Node_id":8892,"weight":3.6718},
{"Node_id":8893,"weight":2.1124},
{"Node_id":8894,"weight":2.5519},
{"Node_id":8895,"weight":2.3445},
{"Node_id":8896,"weight":1.5527},
{"Node_id":8897,"weight":1.752},
{"Node_id":8898,"weight":2.7658},
{"Node_id":8899,"weight":1.9241},
{"Node_id":8900,"weight":1.8506},
{"Node_id":8901,"weight":2.4951},
{"Node_id":8902,"weight":3.3168},
{"Node_id":8903,"weight":1.9368},
{"Node_id":8904,"weight":2.2599},
{"Node_id":8905,"weight":1.8532},
{"Node_id":8906,"weight":2.2379},
{"Node_id":8907,"weight":1.8379},
{"Node_id":8908,"weight":3.6718},
{"Node_id":8909,"weight":1.6317},
{"Node_id":8910,"weight":3.7624},
{"Node_id":8911,"weight":1.5617},
{"Node_id":8912,"weight":1.8566},
{"Node_id":8913,"weight":1.8575},
{"Node_id":8914,"weight":1.6013},
{"Node_id":8918,"weight":2.508},
{"Node_id":8919,"weight":1.4198},
{"Node_id":8920,"weight":2.4478},
{"Node_id":8921,"weight":1.4474},
{"Node_id":8922,"weight":3.0229},
{"Node_id":8923,"weight":2.0377},
{"Node_id":8924,"weight":1.5218},
{"Node_id":9157,"weight":4.833},
{"Node_id":9158,"weight":1.5485},
{"Node_id":9159,"weight":2.3063},
{"Node_id":9160,"weight":1.8957},
{"Node_id":9163,"weight":4.1914},
{"Node_id":9164,"weight":4.3534},
{"Node_id":9165,"weight":1.6302},
{"Node_id":9166,"weight":1.8738},
{"Node_id":9167,"weight":1.5245},
{"Node_id":9168,"weight":5.0294},
{"Node_id":9169,"weight":1.5807},
{"Node_id":9170,"weight":3.8716},
{"Node_id":9171,"weight":2.2907},
{"Node_id":9172,"weight":2.6612},
{"Node_id":9173,"weight":2.2061},
{"Node_id":9174,"weight":1.5218},
{"Node_id":9175,"weight":2.2017},
{"Node_id":9176,"weight":5.3771},
{"Node_id":9177,"weight":2.3918},
{"Node_id":9178,"weight":1.5327},
{"Node_id":9179,"weight":1.5527},
{"Node_id":9180,"weight":2.2448},
{"Node_id":9324,"weight":5.2347},
{"Node_id":9325,"weight":1.9606},
{"Node_id":9326,"weight":1.7719},
{"Node_id":9327,"weight":1.4474},
{"Node_id":9328,"weight":2.4768},
{"Node_id":9339,"weight":1.7417},
{"Node_id":9340,"weight":2.9808},
{"Node_id":9343,"weight":1.4128},
{"Node_id":9344,"weight":1.5992},
{"Node_id":9345,"weight":1.6762},
{"Node_id":9346,"weight":2.0212},
{"Node_id":9347,"weight":3.0389},
{"Node_id":9348,"weight":3.3377},
{"Node_id":9393,"weight":2.6337},
{"Node_id":9394,"weight":1.7448},
{"Node_id":9395,"weight":1.6331},
{"Node_id":9396,"weight":2.0397},
{"Node_id":9397,"weight":1.7464},
{"Node_id":9398,"weight":1.9802},
{"Node_id":9399,"weight":2.027},
{"Node_id":9400,"weight":1.5828},
{"Node_id":9401,"weight":3.0504},
{"Node_id":9402,"weight":1.4281},
{"Node_id":9403,"weight":2.1557},
{"Node_id":9404,"weight":1.7881},
{"Node_id":9413,"weight":2.645},
{"Node_id":9414,"weight":1.575},
{"Node_id":9460,"weight":4.212},
{"Node_id":9461,"weight":3.5326},
{"Node_id":9462,"weight":3.248},
{"Node_id":9463,"weight":1.4526},
{"Node_id":9503,"weight":2.9917},
{"Node_id":9504,"weight":1.5779},
{"Node_id":9505,"weight":2.1503},
{"Node_id":9506,"weight":1.465},
{"Node_id":9507,"weight":1.9811},
{"Node_id":9508,"weight":1.4526},
{"Node_id":9509,"weight":1.5771},
{"Node_id":9510,"weight":1.8062},
{"Node_id":9511,"weight":2.0125},
{"Node_id":9512,"weight":5.7414},
{"Node_id":9513,"weight":4.1318},
{"Node_id":9514,"weight":2.5371},
{"Node_id":9515,"weight":2.1323},
{"Node_id":9516,"weight":1.4223},
{"Node_id":9517,"weight":4.3858},
{"Node_id":9518,"weight":4.4364},
{"Node_id":9519,"weight":1.4064},
{"Node_id":9520,"weight":1.4533},
{"Node_id":9521,"weight":1.513},
{"Node_id":9522,"weight":1.7036},
{"Node_id":9523,"weight":2.1218},
{"Node_id":9524,"weight":4.4451},
{"Node_id":9525,"weight":1.6538},
{"Node_id":9526,"weight":2.2185},
{"Node_id":9527,"weight":1.7535},
{"Node_id":9528,"weight":2.102},
{"Node_id":9529,"weight":1.397},
{"Node_id":9530,"weight":2.0685},
{"Node_id":9531,"weight":1.8851},
{"Node_id":9532,"weight":1.8379},
{"Node_id":9533,"weight":5.6515},
{"Node_id":9534,"weight":1.8992},
{"Node_id":9535,"weight":1.7939},
{"Node_id":9536,"weight":2.0125},
{"Node_id":9537,"weight":2.5594},
{"Node_id":9538,"weight":1.7244},
{"Node_id":9539,"weight":3.6969},
{"Node_id":9540,"weight":3.1703},
{"Node_id":9541,"weight":1.5184},
{"Node_id":9542,"weight":1.3869},
{"Node_id":9543,"weight":2.1829},
{"Node_id":9544,"weight":2.2196},
{"Node_id":9545,"weight":1.9597},
{"Node_id":9546,"weight":2.8477},
{"Node_id":9547,"weight":1.6694},
{"Node_id":9548,"weight":3.577},
{"Node_id":9549,"weight":2.889},
{"Node_id":9550,"weight":2.885},
{"Node_id":9551,"weight":1.5259},
{"Node_id":9552,"weight":3.8567},
{"Node_id":9553,"weight":3.3079},
{"Node_id":9554,"weight":1.8354},
{"Node_id":9555,"weight":1.7736},
{"Node_id":9556,"weight":3.714},
{"Node_id":9557,"weight":1.8371},
{"Node_id":9558,"weight":2.9808},
{"Node_id":9559,"weight":2.9614},
{"Node_id":9560,"weight":3.4934},
{"Node_id":9561,"weight":1.3882},
{"Node_id":9562,"weight":1.7623},
{"Node_id":9563,"weight":2.3711},
{"Node_id":9564,"weight":1.4313},
{"Node_id":9565,"weight":1.5527},
{"Node_id":9566,"weight":2.2599},
{"Node_id":9567,"weight":2.0029},
{"Node_id":9568,"weight":2.6596},
{"Node_id":9569,"weight":1.9359},
{"Node_id":9570,"weight":2.9381},
{"Node_id":9571,"weight":2.9174},
{"Node_id":9572,"weight":1.6171},
{"Node_id":9573,"weight":1.8103},
{"Node_id":9574,"weight":1.5334},
{"Node_id":9575,"weight":2.887},
{"Node_id":9576,"weight":1.8186},
{"Node_id":9577,"weight":1.9542},
{"Node_id":9588,"weight":1.6785},
{"Node_id":9589,"weight":3.0006},
{"Node_id":9590,"weight":2.1785},
{"Node_id":9591,"weight":3.0786},
{"Node_id":9592,"weight":3.8275},
{"Node_id":9593,"weight":1.7881},
{"Node_id":9594,"weight":3.055},
{"Node_id":9595,"weight":1.9662},
{"Node_id":9596,"weight":2.4671},
{"Node_id":9597,"weight":3.2905},
{"Node_id":9598,"weight":1.901},
{"Node_id":9599,"weight":1.9802},
{"Node_id":9600,"weight":1.9802},
{"Node_id":9601,"weight":7.8236},
{"Node_id":9605,"weight":1.6913},
{"Node_id":9606,"weight":2.645},
{"Node_id":9607,"weight":4.0163},
{"Node_id":9608,"weight":1.4915},
{"Node_id":9609,"weight":1.5347},
{"Node_id":9610,"weight":2.6531},
{"Node_id":9611,"weight":2.2611},
{"Node_id":9690,"weight":4.3454},
{"Node_id":9691,"weight":2.8248},
{"Node_id":9694,"weight":2.4994},
{"Node_id":9695,"weight":1.748},
{"Node_id":9696,"weight":1.4855},
{"Node_id":9697,"weight":2.764},
{"Node_id":9698,"weight":1.8721},
{"Node_id":9699,"weight":2.4492},
{"Node_id":9700,"weight":1.8904},
{"Node_id":9701,"weight":1.9783},
{"Node_id":9702,"weight":1.6508},
{"Node_id":9703,"weight":2.1302},
{"Node_id":9704,"weight":2.4356},
{"Node_id":9705,"weight":2.0897},
{"Node_id":9706,"weight":3.1322},
{"Node_id":9707,"weight":1.956},
{"Node_id":9708,"weight":4.5362},
{"Node_id":9709,"weight":2.8574},
{"Node_id":9712,"weight":4.6053},
{"Node_id":9713,"weight":2.7839},
{"Node_id":9714,"weight":1.5177},
{"Node_id":9715,"weight":1.414},
{"Node_id":9716,"weight":1.7496},
{"Node_id":9717,"weight":2.0318},
{"Node_id":9718,"weight":3.2424},
{"Node_id":9719,"weight":1.8756},
{"Node_id":9783,"weight":2.5371},
{"Node_id":9784,"weight":1.414},
{"Node_id":9785,"weight":2.4643},
{"Node_id":9814,"weight":1.8128},
{"Node_id":9815,"weight":1.4461},
{"Node_id":9816,"weight":2.0446},
{"Node_id":9817,"weight":2.5821},
{"Node_id":9818,"weight":3.4761},
{"Node_id":9819,"weight":1.5062},
{"Node_id":9820,"weight":2.0989},
{"Node_id":9821,"weight":2.3788},
{"Node_id":9822,"weight":1.5485},
{"Node_id":9823,"weight":4.4108},
{"Node_id":9826,"weight":1.4384},
{"Node_id":9827,"weight":2.7551},
{"Node_id":9828,"weight":1.7409},
{"Node_id":9829,"weight":2.1333},
{"Node_id":9830,"weight":1.9634},
{"Node_id":9831,"weight":1.8111},
{"Node_id":9832,"weight":2.7604},
{"Node_id":9833,"weight":1.5779},
{"Node_id":9834,"weight":4.1383},
{"Node_id":9835,"weight":1.4565},
{"Node_id":9836,"weight":3.6233},
{"Node_id":9837,"weight":1.7599},
{"Node_id":9838,"weight":2.5806},
{"Node_id":9839,"weight":1.4096},
{"Node_id":9840,"weight":3.9072},
{"Node_id":9841,"weight":1.8211},
{"Node_id":9842,"weight":2.5312},
{"Node_id":9843,"weight":1.8037},
{"Node_id":9844,"weight":2.9657},
{"Node_id":9845,"weight":2.6514},
{"Node_id":9846,"weight":1.4229},
{"Node_id":9847,"weight":2.7132},
{"Node_id":9848,"weight":1.8404},
{"Node_id":9849,"weight":1.9332},
{"Node_id":9850,"weight":2.5867},
{"Node_id":9851,"weight":1.6694},
{"Node_id":9852,"weight":4.119},
{"Node_id":9853,"weight":2.4937},
{"Node_id":9854,"weight":3.9992},
{"Node_id":9855,"weight":1.9268},
{"Node_id":9856,"weight":1.4351},
{"Node_id":9857,"weight":1.5361},
{"Node_id":9858,"weight":1.6501},
{"Node_id":9859,"weight":1.9001},
{"Node_id":9885,"weight":1.5396},
{"Node_id":9886,"weight":1.4409},
{"Node_id":9887,"weight":6.0299},
{"Node_id":9888,"weight":1.8037},
{"Node_id":9889,"weight":2.1939},
{"Node_id":9890,"weight":1.5143},
{"Node_id":9891,"weight":1.8203},
{"Node_id":9892,"weight":1.5055},
{"Node_id":9893,"weight":1.8575},
{"Node_id":9894,"weight":2.2402},
{"Node_id":9895,"weight":4.8588},
{"Node_id":9896,"weight":1.4274},
{"Node_id":9897,"weight":2.0948},
{"Node_id":9898,"weight":2.1503},
{"Node_id":9899,"weight":2.1051},
{"Node_id":9900,"weight":1.726},
{"Node_id":9901,"weight":1.9395},
{"Node_id":9902,"weight":1.3982},
{"Node_id":9903,"weight":3.248},
{"Node_id":9904,"weight":1.5687},
{"Node_id":9905,"weight":2.3395},
{"Node_id":9906,"weight":1.6128},
{"Node_id":9907,"weight":1.3919},
{"Node_id":9908,"weight":1.5568},
{"Node_id":9909,"weight":1.6361},
{"Node_id":9910,"weight":2.6928},
{"Node_id":9911,"weight":2.891},
{"Node_id":9912,"weight":2.6844},
{"Node_id":9913,"weight":7.1301},
{"Node_id":9914,"weight":1.9597},
{"Node_id":9920,"weight":1.893},
{"Node_id":9921,"weight":3.9176},
{"Node_id":9922,"weight":2.3198},
{"Node_id":9923,"weight":2.6678},
{"Node_id":9924,"weight":2.0948},
{"Node_id":9925,"weight":1.8592},
{"Node_id":9926,"weight":4.7357},
{"Node_id":9927,"weight":2.3309},
{"Node_id":9928,"weight":1.4185},
{"Node_id":9929,"weight":1.7615},
{"Node_id":9930,"weight":1.4644},
{"Node_id":9931,"weight":3.1729},
{"Node_id":9932,"weight":2.6794},
{"Node_id":9933,"weight":2.97},
{"Node_id":9934,"weight":1.4611},
{"Node_id":9940,"weight":2.2344},
{"Node_id":9941,"weight":2.6777},
{"Node_id":9942,"weight":1.7043},
{"Node_id":9943,"weight":2.0877},
{"Node_id":9944,"weight":1.822},
{"Node_id":9945,"weight":3.1755},
{"Node_id":9946,"weight":1.6244},
{"Node_id":9947,"weight":1.5389},
{"Node_id":9948,"weight":2.0907},
{"Node_id":9949,"weight":1.843},
{"Node_id":9950,"weight":3.5732},
{"Node_id":9951,"weight":1.7971},
{"Node_id":9952,"weight":2.9962},
{"Node_id":9953,"weight":2.3198},
{"Node_id":9954,"weight":2.4275},
{"Node_id":9955,"weight":1.4835},
{"Node_id":9956,"weight":1.6501},
{"Node_id":9957,"weight":1.832},
{"Node_id":9958,"weight":1.39},
{"Node_id":9959,"weight":2.3358},
{"Node_id":9960,"weight":1.9662},
{"Node_id":9961,"weight":1.6815},
{"Node_id":9962,"weight":1.9802},
{"Node_id":9963,"weight":3.5253},
{"Node_id":9964,"weight":2.7986},
{"Node_id":9965,"weight":2.6744},
{"Node_id":9966,"weight":2.5224},
{"Node_id":9976,"weight":3.8372},
{"Node_id":9977,"weight":2.5975},
{"Node_id":9978,"weight":2.3546},
{"Node_id":9981,"weight":1.6471},
{"Node_id":9982,"weight":2.2529},
{"Node_id":9983,"weight":4.2546},
{"Node_id":9984,"weight":3.3777},
{"Node_id":9985,"weight":2.6289},
{"Node_id":9986,"weight":1.7719},
{"Node_id":9987,"weight":2.8324},
{"Node_id":9988,"weight":1.8843},
{"Node_id":9989,"weight":2.0877},
{"Node_id":9990,"weight":2.5929},
{"Node_id":9991,"weight":1.6777},
{"Node_id":9992,"weight":4.2915},
{"Node_id":9993,"weight":1.4409},
{"Node_id":9994,"weight":1.4644},
{"Node_id":9995,"weight":3.3591},
{"Node_id":9996,"weight":2.1884},
{"Node_id":9997,"weight":2.9298},
{"Node_id":9998,"weight":3.4761},
{"Node_id":9999,"weight":4.4988},
{"Node_id":10000,"weight":3.7669},
{"Node_id":10077,"weight":2.7676},
{"Node_id":10078,"weight":1.8878},
{"Node_id":10079,"weight":3.7313},
{"Node_id":10080,"weight":2.2599},
{"Node_id":10081,"weight":4.0514},
{"Node_id":10082,"weight":2.9195},
{"Node_id":10083,"weight":1.7728},
{"Node_id":10084,"weight":1.3976},
{"Node_id":10085,"weight":1.7504},
{"Node_id":10086,"weight":1.6853},
{"Node_id":10087,"weight":1.9868},
{"Node_id":10088,"weight":2.1589},
{"Node_id":10089,"weight":2.3149},
{"Node_id":10090,"weight":2.3879},
{"Node_id":10091,"weight":4.8458},
{"Node_id":10092,"weight":1.4915},
{"Node_id":10093,"weight":2.239},
{"Node_id":10094,"weight":2.1643},
{"Node_id":10095,"weight":2.5489},
{"Node_id":10096,"weight":1.6649},
{"Node_id":10097,"weight":1.6702},
{"Node_id":10098,"weight":3.5657},
{"Node_id":10099,"weight":1.9783},
{"Node_id":10100,"weight":1.7939},
{"Node_id":10101,"weight":5.3771},
{"Node_id":10102,"weight":2.0456},
{"Node_id":10103,"weight":3.4969},
{"Node_id":10104,"weight":2.0456},
{"Node_id":10116,"weight":2.0948},
{"Node_id":10117,"weight":2.0525},
{"Node_id":10118,"weight":5.0609},
{"Node_id":10119,"weight":4.3066},
{"Node_id":10120,"weight":3.1099},
{"Node_id":10121,"weight":2.6131},
{"Node_id":10122,"weight":1.8245},
{"Node_id":10123,"weight":1.8245},
{"Node_id":10124,"weight":1.4455},
{"Node_id":10151,"weight":2.145},
{"Node_id":10152,"weight":3.055},
{"Node_id":10222,"weight":2.3088},
{"Node_id":10223,"weight":1.5252},
{"Node_id":10224,"weight":1.9487},
{"Node_id":10225,"weight":1.513},
{"Node_id":10226,"weight":1.6597},
{"Node_id":10227,"weight":2.2402},
{"Node_id":10228,"weight":3.2342},
{"Node_id":10229,"weight":2.2787},
{"Node_id":10230,"weight":2.173},
{"Node_id":10231,"weight":4.3297},
{"Node_id":10232,"weight":2.7586},
{"Node_id":10233,"weight":1.8295},
{"Node_id":10234,"weight":2.6596},
{"Node_id":10235,"weight":2.3508},
{"Node_id":10236,"weight":5.2734},
{"Node_id":10237,"weight":3.9072},
{"Node_id":10238,"weight":5.7732},
{"Node_id":10239,"weight":1.3951},
{"Node_id":10265,"weight":3.2205},
{"Node_id":10266,"weight":1.5779},
{"Node_id":10267,"weight":3.9495},
{"Node_id":10268,"weight":2.0918},
{"Node_id":10269,"weight":1.7833},
{"Node_id":10270,"weight":1.4795},
{"Node_id":10271,"weight":1.3907},
{"Node_id":10272,"weight":1.5694},
{"Node_id":10273,"weight":1.6762},
{"Node_id":10274,"weight":2.8267},
{"Node_id":10275,"weight":2.1785},
{"Node_id":10276,"weight":1.6171},
{"Node_id":10277,"weight":1.3882},
{"Node_id":10278,"weight":4.7242},
{"Node_id":10279,"weight":2.5415},
{"Node_id":10280,"weight":2.0397},
{"Node_id":10281,"weight":1.58},
{"Node_id":10282,"weight":1.5437},
{"Node_id":10283,"weight":1.8295},
{"Node_id":10284,"weight":2.4698},
{"Node_id":10285,"weight":1.9305},
{"Node_id":10286,"weight":3.8132},
{"Node_id":10287,"weight":1.9036},
{"Node_id":10288,"weight":1.8054},
{"Node_id":10289,"weight":1.6244},
{"Node_id":10290,"weight":1.5506},
{"Node_id":10291,"weight":1.8851},
{"Node_id":10292,"weight":1.6471},
{"Node_id":10293,"weight":3.1912},
{"Node_id":10294,"weight":1.5687},
{"Node_id":10295,"weight":1.4598},
{"Node_id":10296,"weight":2.2344},
{"Node_id":10297,"weight":2.0048},
{"Node_id":10298,"weight":2.5094},
{"Node_id":10299,"weight":2.1796},
{"Node_id":10316,"weight":6.1171},
{"Node_id":10317,"weight":1.7623},
{"Node_id":10318,"weight":1.4481},
{"Node_id":10321,"weight":4.7592},
{"Node_id":10322,"weight":2.2129},
{"Node_id":10406,"weight":3.1651},
{"Node_id":10407,"weight":2.3284},
{"Node_id":10473,"weight":3.7313},
{"Node_id":10510,"weight":1.3932},
{"Node_id":10564,"weight":1.822},
{"Node_id":10565,"weight":1.7464},
{"Node_id":10592,"weight":1.3913},
{"Node_id":10614,"weight":1.5779},
{"Node_id":10679,"weight":2.8458},
{"Node_id":10832,"weight":1.6936},
{"Node_id":10943,"weight":1.8379},
{"Node_id":10944,"weight":1.9802},
{"Node_id":10970,"weight":1.3894},
{"Node_id":10971,"weight":1.9746},
{"Node_id":10983,"weight":1.8834},
{"Node_id":11018,"weight":2.5268},
{"Node_id":11019,"weight":1.469},
{"Node_id":11020,"weight":2.8229},
{"Node_id":11021,"weight":3.3197},
{"Node_id":11022,"weight":3.5289},
{"Node_id":11023,"weight":1.6013},
{"Node_id":11024,"weight":1.5204},
{"Node_id":11025,"weight":3.5807},
{"Node_id":11026,"weight":2.0605},
{"Node_id":11027,"weight":1.7036},
{"Node_id":11028,"weight":1.7206},
{"Node_id":11029,"weight":2.1302},
{"Node_id":11030,"weight":1.7881},
{"Node_id":11031,"weight":1.7159},
{"Node_id":11032,"weight":4.3297},
{"Node_id":11033,"weight":1.6493},
{"Node_id":11034,"weight":1.7206},
{"Node_id":11037,"weight":1.5624},
{"Node_id":11038,"weight":1.6013},
{"Node_id":11039,"weight":4.6363},
{"Node_id":11046,"weight":2.7029},
{"Node_id":11047,"weight":3.504},
{"Node_id":11048,"weight":1.6553},
{"Node_id":11049,"weight":1.5715},
{"Node_id":11050,"weight":1.9423},
{"Node_id":11051,"weight":1.4481},
{"Node_id":11052,"weight":1.4494},
{"Node_id":11053,"weight":1.5575},
{"Node_id":11054,"weight":5.045},
{"Node_id":11055,"weight":2.1687},
{"Node_id":11056,"weight":1.9915},
{"Node_id":11057,"weight":2.7132},
{"Node_id":11058,"weight":1.9296},
{"Node_id":11059,"weight":2.1072},
{"Node_id":11060,"weight":3.842},
{"Node_id":11061,"weight":1.9259},
{"Node_id":11062,"weight":2.2344},
{"Node_id":11063,"weight":1.5757},
{"Node_id":11064,"weight":2.9852},
{"Node_id":11065,"weight":2.102},
{"Node_id":11066,"weight":1.9423},
{"Node_id":11067,"weight":1.8557},
{"Node_id":11068,"weight":2.2517},
{"Node_id":11069,"weight":2.6911},
{"Node_id":11070,"weight":4.1513},
{"Node_id":11071,"weight":2.9786},
{"Node_id":11072,"weight":5.5957},
{"Node_id":11073,"weight":1.8362},
{"Node_id":11074,"weight":2.7201},
{"Node_id":11075,"weight":2.1796},
{"Node_id":11076,"weight":1.8904},
{"Node_id":11077,"weight":3.2992},
{"Node_id":11078,"weight":1.9764},
{"Node_id":11079,"weight":1.7963},
{"Node_id":11080,"weight":2.1},
{"Node_id":11081,"weight":2.3321},
{"Node_id":11082,"weight":2.3584},
{"Node_id":11083,"weight":3.0574},
{"Node_id":11084,"weight":2.3866},
{"Node_id":11085,"weight":1.5245},
{"Node_id":11086,"weight":1.8387},
{"Node_id":11087,"weight":3.4095},
{"Node_id":11088,"weight":1.9943},
{"Node_id":11167,"weight":2.0416},
{"Node_id":11168,"weight":2.127},
{"Node_id":11169,"weight":2.6811},
{"Node_id":11170,"weight":1.8695},
{"Node_id":11171,"weight":2.0309},
{"Node_id":11172,"weight":2.1124},
{"Node_id":11173,"weight":4.5653},
{"Node_id":11174,"weight":2.3996},
{"Node_id":11175,"weight":1.4881},
{"Node_id":11176,"weight":2.7287},
{"Node_id":11177,"weight":3.0905},
{"Node_id":11178,"weight":2.0887},
{"Node_id":11179,"weight":1.4513},
{"Node_id":11215,"weight":3.4624},
{"Node_id":11216,"weight":1.4147},
{"Node_id":11217,"weight":1.552},
{"Node_id":11218,"weight":3.0139},
{"Node_id":11219,"weight":4.1064},
{"Node_id":11220,"weight":3.6595},
{"Node_id":11221,"weight":1.7276},
{"Node_id":11252,"weight":2.4533},
{"Node_id":11253,"weight":2.4221},
{"Node_id":11254,"weight":2.9011},
{"Node_id":11255,"weight":2.274},
{"Node_id":11256,"weight":2.8691},
{"Node_id":11257,"weight":1.397},
{"Node_id":11258,"weight":1.8992},
{"Node_id":11259,"weight":1.5157},
{"Node_id":11260,"weight":2.8496},
{"Node_id":11261,"weight":1.8295},
{"Node_id":11262,"weight":1.6273},
{"Node_id":11307,"weight":1.3982},
{"Node_id":11328,"weight":1.699},
{"Node_id":11329,"weight":2.1176},
{"Node_id":11336,"weight":2.7462},
{"Node_id":11337,"weight":2.1796},
{"Node_id":11338,"weight":2.1218},
{"Node_id":11339,"weight":1.532},
{"Node_id":11340,"weight":2.8496},
{"Node_id":11341,"weight":3.8038},
{"Node_id":11342,"weight":1.9241},
{"Node_id":11343,"weight":3.5004},
{"Node_id":11344,"weight":2.3635},
{"Node_id":11345,"weight":1.4513},
{"Node_id":11346,"weight":1.5218},
{"Node_id":11347,"weight":1.6951},
{"Node_id":11348,"weight":1.9089},
{"Node_id":11351,"weight":2.1557},
{"Node_id":11352,"weight":3.0857},
{"Node_id":11353,"weight":2.5852},
{"Node_id":11354,"weight":4.7242},
{"Node_id":11355,"weight":1.956},
{"Node_id":11356,"weight":2.8535},
{"Node_id":11357,"weight":2.1972},
{"Node_id":11358,"weight":2.3609},
{"Node_id":11359,"weight":3.1347},
{"Node_id":11360,"weight":1.9981},
{"Node_id":11361,"weight":4.9264},
{"Node_id":11362,"weight":2.2979},
{"Node_id":11363,"weight":3.5217},
{"Node_id":11364,"weight":2.4909},
{"Node_id":11365,"weight":1.5191},
{"Node_id":11366,"weight":2.1302},
{"Node_id":11367,"weight":1.6967},
{"Node_id":11368,"weight":2.61},
{"Node_id":11369,"weight":2.1493},
{"Node_id":11370,"weight":2.2895},
{"Node_id":11371,"weight":3.1075},
{"Node_id":11372,"weight":1.5444},
{"Node_id":11373,"weight":1.5177},
{"Node_id":11374,"weight":1.4683},
{"Node_id":11377,"weight":1.587},
{"Node_id":11378,"weight":2.5714},
{"Node_id":11379,"weight":1.5527},
{"Node_id":11380,"weight":2.7894},
{"Node_id":11381,"weight":1.4147},
{"Node_id":11382,"weight":1.6739},
{"Node_id":11383,"weight":1.7906},
{"Node_id":11384,"weight":6.264},
{"Node_id":11385,"weight":2.4075},
{"Node_id":11390,"weight":6.2126},
{"Node_id":11391,"weight":3.0072},
{"Node_id":11392,"weight":3.8275},
{"Node_id":11393,"weight":3.5362},
{"Node_id":11394,"weight":1.9287},
{"Node_id":11395,"weight":2.5836},
{"Node_id":11396,"weight":2.0202},
{"Node_id":11397,"weight":1.9305},
{"Node_id":11398,"weight":1.4749},
{"Node_id":11399,"weight":2.2967},
{"Node_id":11400,"weight":2.9195},
{"Node_id":11492,"weight":2.3271},
{"Node_id":11493,"weight":1.7535},
{"Node_id":11503,"weight":3.0343},
{"Node_id":11507,"weight":2.2835},
{"Node_id":11508,"weight":6.9068},
{"Node_id":11509,"weight":1.8678},
{"Node_id":11513,"weight":2.7218},
{"Node_id":11514,"weight":1.8404},
{"Node_id":11515,"weight":1.3944},
{"Node_id":11516,"weight":2.2587},
{"Node_id":11517,"weight":1.7074},
{"Node_id":11518,"weight":3.776},
{"Node_id":11519,"weight":4.6363},
{"Node_id":11520,"weight":3.9936},
{"Node_id":11521,"weight":2.231},
{"Node_id":11522,"weight":1.7028},
{"Node_id":11523,"weight":1.9386},
{"Node_id":11524,"weight":1.7144},
{"Node_id":11525,"weight":1.6442},
{"Node_id":11530,"weight":1.4191},
{"Node_id":11531,"weight":1.6229},
{"Node_id":11532,"weight":1.7417},
{"Node_id":11533,"weight":3.6636},
{"Node_id":11534,"weight":1.6853},
{"Node_id":11535,"weight":2.2402},
{"Node_id":11536,"weight":5.4217},
{"Node_id":11558,"weight":2.3234},
{"Node_id":11577,"weight":5.3555},
{"Node_id":11578,"weight":2.441},
{"Node_id":11579,"weight":1.5506},
{"Node_id":11580,"weight":2.9874},
{"Node_id":11590,"weight":1.7971},
{"Node_id":11591,"weight":1.6442},
{"Node_id":11592,"weight":1.3869},
{"Node_id":11596,"weight":2.2253},
{"Node_id":11597,"weight":3.2619},
{"Node_id":11598,"weight":3.0252},
{"Node_id":11614,"weight":1.886},
{"Node_id":11615,"weight":2.0887},
{"Node_id":11622,"weight":1.6545},
{"Node_id":11623,"weight":1.9905},
{"Node_id":11624,"weight":2.1312},
{"Node_id":11637,"weight":1.6013},
{"Node_id":11638,"weight":2.2705},
{"Node_id":11639,"weight":2.3259},
{"Node_id":11640,"weight":1.5015},
{"Node_id":11641,"weight":1.6339},
{"Node_id":11642,"weight":4.4716},
{"Node_id":11643,"weight":2.0897},
{"Node_id":11644,"weight":2.1665},
{"Node_id":11645,"weight":2.5836},
{"Node_id":11646,"weight":1.9578},
{"Node_id":11647,"weight":3.7991},
{"Node_id":11648,"weight":2.3559},
{"Node_id":11649,"weight":2.3996},
{"Node_id":11650,"weight":1.4982},
{"Node_id":11651,"weight":1.6605},
{"Node_id":11652,"weight":1.9802},
{"Node_id":11653,"weight":2.2129},
{"Node_id":11654,"weight":2.9215},
{"Node_id":11655,"weight":2.5944},
{"Node_id":11658,"weight":2.9614},
{"Node_id":11659,"weight":2.1072},
{"Node_id":11663,"weight":1.8021},
{"Node_id":11727,"weight":2.9133},
{"Node_id":11728,"weight":1.5076},
{"Node_id":11729,"weight":2.3622},
{"Node_id":11730,"weight":2.9423},
{"Node_id":11731,"weight":2.9874},
{"Node_id":11732,"weight":2.0826},
{"Node_id":11733,"weight":1.726},
{"Node_id":11734,"weight":1.7433},
{"Node_id":11735,"weight":2.223},
{"Node_id":11736,"weight":2.7081},
{"Node_id":11737,"weight":2.936},
{"Node_id":11741,"weight":1.9905},
{"Node_id":11742,"weight":1.9018},
{"Node_id":11743,"weight":4.1711},
{"Node_id":11744,"weight":1.4683},
{"Node_id":11745,"weight":2.0695},
{"Node_id":11767,"weight":3.8085},
{"Node_id":11768,"weight":1.3894},
{"Node_id":11769,"weight":4.6053},
{"Node_id":11770,"weight":4.4896},
{"Node_id":11771,"weight":3.4591},
{"Node_id":11772,"weight":2.2859},
{"Node_id":11773,"weight":1.5076},
{"Node_id":11774,"weight":1.6085},
{"Node_id":11775,"weight":1.4134},
{"Node_id":11776,"weight":2.0555},
{"Node_id":11780,"weight":1.9615},
{"Node_id":11781,"weight":2.1397},
{"Node_id":11782,"weight":2.885},
{"Node_id":11783,"weight":2.3673},
{"Node_id":11784,"weight":1.9359},
{"Node_id":11787,"weight":1.812},
{"Node_id":11788,"weight":2.3471},
{"Node_id":11789,"weight":2.1525},
{"Node_id":11790,"weight":2.2979},
{"Node_id":11791,"weight":4.9264},
{"Node_id":11792,"weight":3.4591},
{"Node_id":11793,"weight":3.4865},
{"Node_id":11794,"weight":2.2716},
{"Node_id":11795,"weight":1.5878},
{"Node_id":11796,"weight":4.9126},
{"Node_id":11797,"weight":1.3951},
{"Node_id":11798,"weight":2.2599},
{"Node_id":11799,"weight":2.1983},
{"Node_id":11800,"weight":1.6694},
{"Node_id":11801,"weight":2.0836},
{"Node_id":11802,"weight":1.8532},
{"Node_id":11803,"weight":2.5564},
{"Node_id":11804,"weight":2.4089},
{"Node_id":11805,"weight":2.1514},
{"Node_id":11808,"weight":1.4565},
{"Node_id":11810,"weight":3.1247},
{"Node_id":11812,"weight":2.4221},
{"Node_id":11813,"weight":1.7639},
{"Node_id":11814,"weight":2.6962},
{"Node_id":11824,"weight":3.8666},
{"Node_id":11825,"weight":1.5471},
{"Node_id":11826,"weight":1.6898},
{"Node_id":11827,"weight":1.3951},
{"Node_id":11828,"weight":1.6449},
{"Node_id":11829,"weight":2.0705},
{"Node_id":11830,"weight":1.8575},
{"Node_id":11831,"weight":3.2178},
{"Node_id":11832,"weight":2.6337},
{"Node_id":11833,"weight":2.5489},
{"Node_id":11834,"weight":2.0635},
{"Node_id":11835,"weight":2.6194},
{"Node_id":11836,"weight":1.656},
{"Node_id":11837,"weight":2.1939},
{"Node_id":11838,"weight":1.5694},
{"Node_id":11839,"weight":1.7631},
{"Node_id":11840,"weight":1.4255},
{"Node_id":11841,"weight":3.9441},
{"Node_id":11842,"weight":1.4268},
{"Node_id":11843,"weight":1.4403},
{"Node_id":11844,"weight":2.7081},
{"Node_id":11845,"weight":1.6383},
{"Node_id":11846,"weight":1.4808},
{"Node_id":11847,"weight":1.7496},
{"Node_id":11850,"weight":2.7115},
{"Node_id":11853,"weight":2.0655},
{"Node_id":11854,"weight":1.6694},
{"Node_id":11855,"weight":1.5771},
{"Node_id":11856,"weight":1.86},
{"Node_id":11857,"weight":5.7732},
{"Node_id":11858,"weight":4.2402},
{"Node_id":11859,"weight":2.5594},
{"Node_id":11896,"weight":2.2196},
{"Node_id":11897,"weight":2.6178},
{"Node_id":11898,"weight":4.5951},
{"Node_id":11899,"weight":3.7898},
{"Node_id":11900,"weight":2.9678},
{"Node_id":11936,"weight":3.4934},
{"Node_id":11937,"weight":1.7315},
{"Node_id":11938,"weight":1.8103},
{"Node_id":11939,"weight":2.6695},
{"Node_id":11940,"weight":1.5673},
{"Node_id":11941,"weight":3.5732},
{"Node_id":11942,"weight":2.0338},
{"Node_id":11943,"weight":2.8652},
{"Node_id":11944,"weight":2.3395},
{"Node_id":11945,"weight":2.4574},
{"Node_id":11946,"weight":3.1099},
{"Node_id":11947,"weight":2.5944},
{"Node_id":11948,"weight":2.1557},
{"Node_id":11949,"weight":3.449},
{"Node_id":11950,"weight":3.7991},
{"Node_id":11951,"weight":1.8712},
{"Node_id":11952,"weight":5.3992},
{"Node_id":11953,"weight":1.8913},
{"Node_id":11956,"weight":2.0231},
{"Node_id":11957,"weight":1.9359},
{"Node_id":11958,"weight":1.4306},
{"Node_id":11959,"weight":3.3438},
{"Node_id":11960,"weight":3.1807},
{"Node_id":11961,"weight":1.467},
{"Node_id":11962,"weight":3.0095},
{"Node_id":11965,"weight":2.5224},
{"Node_id":11966,"weight":2.0645},
{"Node_id":11967,"weight":1.5513},
{"Node_id":11968,"weight":2.5745},
{"Node_id":11969,"weight":1.4756},
{"Node_id":11998,"weight":2.4451},
{"Node_id":11999,"weight":2.239},
{"Node_id":12000,"weight":2.879},
{"Node_id":12001,"weight":1.879},
{"Node_id":12002,"weight":3.8469},
{"Node_id":12003,"weight":1.9662},
{"Node_id":12004,"weight":1.5849},
{"Node_id":12007,"weight":2.401},
{"Node_id":12017,"weight":1.7159},
{"Node_id":12018,"weight":1.5062},
{"Node_id":12019,"weight":2.3609},
{"Node_id":12020,"weight":1.7752},
{"Node_id":12021,"weight":2.0115},
{"Node_id":12022,"weight":1.8087},
{"Node_id":12023,"weight":1.4396},
{"Node_id":12024,"weight":2.1862},
{"Node_id":12025,"weight":2.0846},
{"Node_id":12026,"weight":3.1148},
{"Node_id":12027,"weight":1.5252},
{"Node_id":12028,"weight":4.2546},
{"Node_id":12029,"weight":4.0514},
{"Node_id":12030,"weight":2.6482},
{"Node_id":12031,"weight":1.983},
{"Node_id":12032,"weight":1.712},
{"Node_id":12033,"weight":6.6441},
{"Node_id":12112,"weight":3.7898},
{"Node_id":12113,"weight":1.9736},
{"Node_id":12116,"weight":1.4941},
{"Node_id":12117,"weight":3.504},
{"Node_id":12118,"weight":1.5715},
{"Node_id":12119,"weight":3.3652},
{"Node_id":12120,"weight":2.6645},
{"Node_id":12121,"weight":4.0634},
{"Node_id":12122,"weight":3.2178},
{"Node_id":12123,"weight":2.3003},
{"Node_id":12124,"weight":2.6695},
{"Node_id":12125,"weight":4.3614},
{"Node_id":12126,"weight":6.1171},
{"Node_id":12127,"weight":2.3699},
{"Node_id":12128,"weight":3.7806},
{"Node_id":12129,"weight":2.2219},
{"Node_id":12130,"weight":3.6352},
{"Node_id":12131,"weight":1.6171},
{"Node_id":12132,"weight":3.9713},
{"Node_id":12133,"weight":1.983},
{"Node_id":12134,"weight":2.4866},
{"Node_id":12135,"weight":1.5603},
{"Node_id":12136,"weight":5.6232},
{"Node_id":12137,"weight":3.5075},
{"Node_id":12140,"weight":2.5283},
{"Node_id":12141,"weight":1.4435},
{"Node_id":12142,"weight":1.9708},
{"Node_id":12143,"weight":1.7385},
{"Node_id":12144,"weight":2.1546},
{"Node_id":12150,"weight":2.7081},
{"Node_id":12151,"weight":2.0545},
{"Node_id":12152,"weight":3.3591},
{"Node_id":12153,"weight":2.0318},
{"Node_id":12154,"weight":3.7624},
{"Node_id":12155,"weight":2.0918},
{"Node_id":12156,"weight":3.4624},
{"Node_id":12157,"weight":2.6353},
{"Node_id":12158,"weight":2.0755},
{"Node_id":12159,"weight":2.6353},
{"Node_id":12160,"weight":1.4795},
{"Node_id":12161,"weight":1.7599},
{"Node_id":12162,"weight":1.4306},
{"Node_id":12163,"weight":1.78},
{"Node_id":12164,"weight":2.0221},
{"Node_id":12165,"weight":1.4332},
{"Node_id":12166,"weight":2.8248},
{"Node_id":12167,"weight":3.2452},
{"Node_id":12171,"weight":2.0595},
{"Node_id":12172,"weight":3.1912},
{"Node_id":12175,"weight":1.6288},
{"Node_id":12176,"weight":1.5743},
{"Node_id":12177,"weight":3.9713},
{"Node_id":12208,"weight":1.5828},
{"Node_id":12209,"weight":2.0309},
{"Node_id":12210,"weight":1.4663},
{"Node_id":12211,"weight":1.7082},
{"Node_id":12212,"weight":1.4928},
{"Node_id":12215,"weight":2.9113},
{"Node_id":12216,"weight":1.5231},
{"Node_id":12217,"weight":2.8116},
{"Node_id":12218,"weight":1.5062},
{"Node_id":12219,"weight":2.7166},
{"Node_id":12220,"weight":2.3458},
{"Node_id":12221,"weight":2.5181},
{"Node_id":12222,"weight":2.7857},
{"Node_id":12223,"weight":1.6739},
{"Node_id":12224,"weight":2.2646},
{"Node_id":12225,"weight":4.9548},
{"Node_id":12226,"weight":3.4456},
{"Node_id":12227,"weight":1.7028},
{"Node_id":12228,"weight":2.0348},
{"Node_id":12229,"weight":2.5066},
{"Node_id":12230,"weight":1.68},
{"Node_id":12231,"weight":1.9802},
{"Node_id":12232,"weight":4.2331},
{"Node_id":12233,"weight":2.2106},
{"Node_id":12234,"weight":2.3699},
{"Node_id":12235,"weight":4.2619},
{"Node_id":12236,"weight":2.2017},
{"Node_id":12237,"weight":2.441},
{"Node_id":12238,"weight":1.602},
{"Node_id":12239,"weight":2.1939},
{"Node_id":12246,"weight":2.0625},
{"Node_id":12247,"weight":2.4712},
{"Node_id":12248,"weight":2.4698},
{"Node_id":12249,"weight":2.645},
{"Node_id":12250,"weight":2.0348},
{"Node_id":12254,"weight":1.6739},
{"Node_id":12255,"weight":2.0735},
{"Node_id":12256,"weight":1.5506},
{"Node_id":12257,"weight":3.0343},
{"Node_id":12258,"weight":2.5474},
{"Node_id":12259,"weight":1.5701},
{"Node_id":12260,"weight":2.0358},
{"Node_id":12261,"weight":3.9441},
{"Node_id":12262,"weight":2.5385},
{"Node_id":12263,"weight":1.866},
{"Node_id":12264,"weight":1.8506},
{"Node_id":12265,"weight":2.877},
{"Node_id":12266,"weight":1.5204},
{"Node_id":12345,"weight":1.7776},
{"Node_id":12346,"weight":2.8613},
{"Node_id":12347,"weight":1.5934},
{"Node_id":12372,"weight":2.6563},
{"Node_id":12373,"weight":1.8261},
{"Node_id":12452,"weight":1.8286},
{"Node_id":12453,"weight":2.1407},
{"Node_id":12454,"weight":2.4115},
{"Node_id":12455,"weight":2.5297},
{"Node_id":12456,"weight":1.7639},
{"Node_id":12488,"weight":1.3982},
{"Node_id":12489,"weight":2.5699},
{"Node_id":12490,"weight":1.7005},
{"Node_id":12547,"weight":3.005},
{"Node_id":12548,"weight":1.5035},
{"Node_id":12593,"weight":6.3182},
{"Node_id":12594,"weight":1.7512},
{"Node_id":12595,"weight":5.5957},
{"Node_id":12596,"weight":1.4749},
{"Node_id":12597,"weight":4.1846},
{"Node_id":12598,"weight":2.9571},
{"Node_id":12599,"weight":1.4507},
{"Node_id":12600,"weight":4.4988},
{"Node_id":12601,"weight":2.0715},
{"Node_id":12602,"weight":1.7528},
{"Node_id":12603,"weight":1.6747},
{"Node_id":12604,"weight":1.6295},
{"Node_id":12605,"weight":3.3871},
{"Node_id":12606,"weight":1.9551},
{"Node_id":12607,"weight":2.6006},
{"Node_id":12610,"weight":1.6936},
{"Node_id":12611,"weight":2.1103},
{"Node_id":12612,"weight":2.1376},
{"Node_id":12613,"weight":1.6405},
{"Node_id":12614,"weight":2.4671},
{"Node_id":12615,"weight":1.5423},
{"Node_id":12616,"weight":1.4624},
{"Node_id":12617,"weight":6.3182},
{"Node_id":12643,"weight":2.2529},
{"Node_id":12668,"weight":3.6352},
{"Node_id":12683,"weight":4.3297},
{"Node_id":12684,"weight":2.0585},
{"Node_id":12687,"weight":2.1643},
{"Node_id":12688,"weight":3.6115},
{"Node_id":12689,"weight":1.854},
{"Node_id":12690,"weight":2.7515},
{"Node_id":12691,"weight":1.8738},
{"Node_id":12692,"weight":2.0846},
{"Node_id":12695,"weight":2.1983},
{"Node_id":12696,"weight":1.5666},
{"Node_id":12697,"weight":3.9658},
{"Node_id":12698,"weight":1.886},
{"Node_id":12699,"weight":1.7955},
{"Node_id":12700,"weight":2.3173},
{"Node_id":12701,"weight":1.9441},
{"Node_id":12702,"weight":1.5279},
{"Node_id":12703,"weight":2.2017},
{"Node_id":12704,"weight":1.5204},
{"Node_id":12705,"weight":2.6596},
{"Node_id":12706,"weight":2.9939},
{"Node_id":12707,"weight":1.5764},
{"Node_id":12708,"weight":1.5123},
{"Node_id":12709,"weight":2.5729},
{"Node_id":12710,"weight":2.1578},
{"Node_id":12711,"weight":2.1407},
{"Node_id":12712,"weight":1.6353},
{"Node_id":12713,"weight":2.3892},
{"Node_id":12714,"weight":2.3039},
{"Node_id":12715,"weight":2.7046},
{"Node_id":12716,"weight":1.6164},
{"Node_id":12717,"weight":1.8295},
{"Node_id":12718,"weight":3.6273},
{"Node_id":12719,"weight":2.9195},
{"Node_id":12724,"weight":1.8566},
{"Node_id":12725,"weight":2.2483},
{"Node_id":12726,"weight":2.2174},
{"Node_id":12727,"weight":2.3533},
{"Node_id":12728,"weight":3.0028},
{"Node_id":12729,"weight":1.5471},
{"Node_id":12730,"weight":3.2017},
{"Node_id":12731,"weight":2.366},
{"Node_id":12732,"weight":2.9195},
{"Node_id":12733,"weight":2.6466},
{"Node_id":12734,"weight":3.416},
{"Node_id":12735,"weight":1.4236},
{"Node_id":12736,"weight":4.0455},
{"Node_id":12737,"weight":2.1687},
{"Node_id":12740,"weight":1.4968},
{"Node_id":12741,"weight":1.5631},
{"Node_id":12742,"weight":2.6482},
{"Node_id":12743,"weight":2.2811},
{"Node_id":12744,"weight":3.5884},
{"Node_id":12745,"weight":1.9746},
{"Node_id":12746,"weight":3.449},
{"Node_id":12747,"weight":1.9332},
{"Node_id":12748,"weight":2.223},
{"Node_id":12749,"weight":2.7931},
{"Node_id":12755,"weight":3.1651},
{"Node_id":12756,"weight":1.4928},
{"Node_id":12760,"weight":3.1124},
{"Node_id":12761,"weight":3.1002},
{"Node_id":12762,"weight":2.2028},
{"Node_id":12763,"weight":3.9124},
{"Node_id":12764,"weight":3.8372},
{"Node_id":12765,"weight":2.7694},
{"Node_id":12766,"weight":4.0574},
{"Node_id":12767,"weight":7.418},
{"Node_id":12770,"weight":2.4288},
{"Node_id":12771,"weight":4.0514},
{"Node_id":12772,"weight":1.5293},
{"Node_id":12773,"weight":1.5396},
{"Node_id":12776,"weight":1.7939},
{"Node_id":12777,"weight":2.4329},
{"Node_id":12792,"weight":1.4598},
{"Node_id":12793,"weight":2.4155},
{"Node_id":12796,"weight":8.1114},
{"Node_id":12797,"weight":1.6434},
{"Node_id":12800,"weight":2.0067},
{"Node_id":12801,"weight":2.0019},
{"Node_id":12802,"weight":3.6432},
{"Node_id":12803,"weight":2.1884},
{"Node_id":12804,"weight":2.2174},
{"Node_id":12805,"weight":2.0836},
{"Node_id":12806,"weight":2.0289},
{"Node_id":12807,"weight":2.6777},
{"Node_id":12808,"weight":2.9465},
{"Node_id":12829,"weight":1.7028},
{"Node_id":12830,"weight":1.7013},
{"Node_id":12831,"weight":2.4356},
{"Node_id":12832,"weight":1.6747},
{"Node_id":12833,"weight":1.4736},
{"Node_id":12834,"weight":2.1145},
{"Node_id":12835,"weight":1.5029},
{"Node_id":12836,"weight":1.5409},
{"Node_id":12837,"weight":1.8669},
{"Node_id":12838,"weight":3.8227},
{"Node_id":12839,"weight":1.7409},
{"Node_id":12840,"weight":2.6037},
{"Node_id":12841,"weight":2.7912},
{"Node_id":12842,"weight":1.9468},
{"Node_id":12843,"weight":4.9989},
{"Node_id":12844,"weight":1.4855},
{"Node_id":12845,"weight":1.843},
{"Node_id":12846,"weight":1.8773},
{"Node_id":12847,"weight":2.8633},
{"Node_id":12848,"weight":6.3182},
{"Node_id":12849,"weight":2.2196},
{"Node_id":12850,"weight":3.1002},
{"Node_id":12851,"weight":1.5306},
{"Node_id":12852,"weight":3.3591},
{"Node_id":12853,"weight":1.5347},
{"Node_id":12854,"weight":1.4468},
{"Node_id":12855,"weight":1.6649},
{"Node_id":12856,"weight":1.7599},
{"Node_id":12857,"weight":2.2425},
{"Node_id":12858,"weight":2.0615},
{"Node_id":12859,"weight":1.3875},
{"Node_id":12860,"weight":2.321},
{"Node_id":12861,"weight":4.4538},
{"Node_id":12862,"weight":1.4789},
{"Node_id":12863,"weight":1.4572},
{"Node_id":12864,"weight":2.6678},
{"Node_id":12865,"weight":6.5008},
{"Node_id":12866,"weight":5.4685},
{"Node_id":12867,"weight":1.7575},
{"Node_id":12868,"weight":1.9662},
{"Node_id":12869,"weight":1.532},
{"Node_id":12870,"weight":1.5002},
{"Node_id":12871,"weight":1.4578},
{"Node_id":12872,"weight":4.3858},
{"Node_id":12875,"weight":3.2876},
{"Node_id":12876,"weight":3.6885},
{"Node_id":12877,"weight":2.0058},
{"Node_id":12878,"weight":2.0397},
{"Node_id":12879,"weight":1.6523},
{"Node_id":12880,"weight":6.4362},
{"Node_id":12881,"weight":1.86},
{"Node_id":12882,"weight":1.6959},
{"Node_id":12883,"weight":2.1643},
{"Node_id":12884,"weight":1.5736},
{"Node_id":13002,"weight":1.6822},
{"Node_id":13003,"weight":1.9395},
{"Node_id":13004,"weight":1.5245},
{"Node_id":13005,"weight":3.6554},
{"Node_id":13006,"weight":3.3714},
{"Node_id":13009,"weight":1.4585},
{"Node_id":13064,"weight":1.6982},
{"Node_id":13065,"weight":2.1093},
{"Node_id":13066,"weight":2.2669},
{"Node_id":13067,"weight":2.521},
{"Node_id":13068,"weight":1.9839},
{"Node_id":13069,"weight":2.4248},
{"Node_id":13070,"weight":1.752},
{"Node_id":13071,"weight":2.576},
{"Node_id":13127,"weight":2.4383},
{"Node_id":13128,"weight":1.9934},
{"Node_id":13129,"weight":1.8913},
{"Node_id":13130,"weight":4.4108},
{"Node_id":13131,"weight":1.9597},
{"Node_id":13132,"weight":1.659},
{"Node_id":13139,"weight":1.9223},
{"Node_id":13140,"weight":2.0173},
{"Node_id":13141,"weight":3.9604},
{"Node_id":13249,"weight":2.7986},
{"Node_id":13250,"weight":2.579},
{"Node_id":13251,"weight":2.205},
{"Node_id":13252,"weight":3.504},
{"Node_id":13253,"weight":1.4624},
{"Node_id":13259,"weight":3.6554},
{"Node_id":13260,"weight":5.8753},
{"Node_id":13261,"weight":2.7046},
{"Node_id":13262,"weight":1.4422},
{"Node_id":13263,"weight":3.4899},
{"Node_id":13264,"weight":2.6995},
{"Node_id":13265,"weight":3.0833},
{"Node_id":13266,"weight":1.6501},
{"Node_id":13267,"weight":2.5609},
{"Node_id":13268,"weight":2.4049},
{"Node_id":13269,"weight":2.2276},
{"Node_id":13270,"weight":3.248},
{"Node_id":13271,"weight":2.1376},
{"Node_id":13272,"weight":1.5694},
{"Node_id":13273,"weight":1.901},
{"Node_id":13274,"weight":1.9792},
{"Node_id":13275,"weight":1.9487},
{"Node_id":13276,"weight":3.1026},
{"Node_id":13277,"weight":1.4172},
{"Node_id":13284,"weight":3.1807},
{"Node_id":13285,"weight":3.0762},
{"Node_id":13286,"weight":4.1383},
{"Node_id":13287,"weight":1.683},
{"Node_id":13288,"weight":2.4615},
{"Node_id":13289,"weight":1.719},
{"Node_id":13290,"weight":2.214},
{"Node_id":13291,"weight":1.7639},
{"Node_id":13292,"weight":1.4709},
{"Node_id":13293,"weight":2.0725},
{"Node_id":13294,"weight":1.517},
{"Node_id":13295,"weight":1.6747},
{"Node_id":13301,"weight":2.027},
{"Node_id":13302,"weight":3.714},
{"Node_id":13303,"weight":2.3112},
{"Node_id":13304,"weight":1.6605},
{"Node_id":13305,"weight":1.9886},
{"Node_id":13306,"weight":4.7832},
{"Node_id":13307,"weight":1.9377},
{"Node_id":13308,"weight":1.8128},
{"Node_id":13318,"weight":1.4115},
{"Node_id":13319,"weight":3.1938},
{"Node_id":13320,"weight":2.5415},
{"Node_id":13321,"weight":1.5548},
{"Node_id":13322,"weight":1.5807},
{"Node_id":13323,"weight":2.2356},
{"Node_id":13324,"weight":2.3136},
{"Node_id":13325,"weight":1.7607},
{"Node_id":13326,"weight":3.4356},
{"Node_id":13327,"weight":2.6728},
{"Node_id":13328,"weight":1.628},
{"Node_id":13329,"weight":1.5225},
{"Node_id":13351,"weight":3.4865},
{"Node_id":13352,"weight":4.226},
{"Node_id":13389,"weight":1.6875},
{"Node_id":13390,"weight":4.6793},
{"Node_id":13391,"weight":1.6792},
{"Node_id":13392,"weight":2.0775},
{"Node_id":13393,"weight":2.6777},
{"Node_id":13394,"weight":3.2619},
{"Node_id":13395,"weight":1.6288},
{"Node_id":13396,"weight":4.8458},
{"Node_id":13397,"weight":1.822},
{"Node_id":13398,"weight":2.6482},
{"Node_id":13399,"weight":4.9264},
{"Node_id":13400,"weight":1.4115},
{"Node_id":13401,"weight":5.11},
{"Node_id":13402,"weight":3.3777},
{"Node_id":13403,"weight":2.2413},
{"Node_id":13404,"weight":2.5195},
{"Node_id":13405,"weight":3.3347},
{"Node_id":13406,"weight":2.1557},
{"Node_id":13407,"weight":1.4921},
{"Node_id":13408,"weight":3.1447},
{"Node_id":13409,"weight":1.6657},
{"Node_id":13410,"weight":3.9604},
{"Node_id":13411,"weight":2.5254},
{"Node_id":13412,"weight":5.2159},
{"Node_id":13413,"weight":2.1546},
{"Node_id":13414,"weight":2.3124},
{"Node_id":13415,"weight":1.5143},
{"Node_id":13416,"weight":3.6718},
{"Node_id":13417,"weight":2.576},
{"Node_id":13418,"weight":2.3879},
{"Node_id":13419,"weight":3.3903},
{"Node_id":13422,"weight":2.2752},
{"Node_id":13423,"weight":2.342},
{"Node_id":13424,"weight":3.3529},
{"Node_id":13425,"weight":1.5423},
{"Node_id":13426,"weight":2.9593},
{"Node_id":13427,"weight":1.6754},
{"Node_id":13428,"weight":3.3621},
{"Node_id":13429,"weight":1.8396},
{"Node_id":13484,"weight":2.2775},
{"Node_id":13485,"weight":2.2859},
{"Node_id":13486,"weight":2.4574},
{"Node_id":13487,"weight":3.0006},
{"Node_id":13488,"weight":2.3149},
{"Node_id":13489,"weight":2.5181},
{"Node_id":13490,"weight":1.5327},
{"Node_id":13491,"weight":1.5143},
{"Node_id":13492,"weight":2.5729},
{"Node_id":13603,"weight":2.9962},
{"Node_id":13614,"weight":2.173},
{"Node_id":13615,"weight":2.9786},
{"Node_id":13616,"weight":2.7322},
{"Node_id":13617,"weight":1.4185},
{"Node_id":13618,"weight":3.1124},
{"Node_id":13621,"weight":2.1386},
{"Node_id":13832,"weight":3.105},
{"Node_id":13833,"weight":2.3699},
{"Node_id":13834,"weight":3.3317},
{"Node_id":13835,"weight":1.5109},
{"Node_id":13838,"weight":3.4258},
{"Node_id":13839,"weight":1.6777},
{"Node_id":13840,"weight":1.5029},
{"Node_id":13841,"weight":2.6979},
{"Node_id":13842,"weight":3.3347},
{"Node_id":13843,"weight":2.1482},
{"Node_id":13844,"weight":2.397},
{"Node_id":13845,"weight":2.9765},
{"Node_id":13846,"weight":1.9588},
{"Node_id":13890,"weight":2.3763},
{"Node_id":13891,"weight":1.4229},
{"Node_id":13892,"weight":3.3347},
{"Node_id":13893,"weight":2.5867},
{"Node_id":13894,"weight":1.9404},
{"Node_id":13895,"weight":1.8904},
{"Node_id":13896,"weight":2.4089},
{"Node_id":13899,"weight":3.8132},
{"Node_id":13900,"weight":2.5579},
{"Node_id":13901,"weight":1.9107},
{"Node_id":13902,"weight":1.4396},
{"Node_id":13903,"weight":2.1632},
{"Node_id":13904,"weight":2.481},
{"Node_id":13905,"weight":3.0667},
{"Node_id":13906,"weight":2.3711},
{"Node_id":13907,"weight":2.1654},
{"Node_id":13908,"weight":1.7213},
{"Node_id":13909,"weight":2.274},
{"Node_id":13910,"weight":1.8387},
{"Node_id":13911,"weight":2.2657},
{"Node_id":13912,"weight":2.3259},
{"Node_id":13951,"weight":1.532},
{"Node_id":13952,"weight":3.5845},
{"Node_id":13953,"weight":1.9551},
{"Node_id":13954,"weight":2.1752},
{"Node_id":13955,"weight":1.8816},
{"Node_id":13956,"weight":2.7374},
{"Node_id":13957,"weight":1.4026},
{"Node_id":13960,"weight":1.3888},
{"Node_id":13961,"weight":4.5951},
{"Node_id":13962,"weight":1.9551},
{"Node_id":13963,"weight":3.8918},
{"Node_id":13964,"weight":1.4611},
{"Node_id":13965,"weight":1.7151},
{"Node_id":13966,"weight":1.4166},
{"Node_id":13967,"weight":3.9992},
{"Node_id":13978,"weight":4.226},
{"Node_id":13979,"weight":1.5527},
{"Node_id":13980,"weight":2.0555},
{"Node_id":14017,"weight":3.416},
{"Node_id":14018,"weight":2.8516},
{"Node_id":14019,"weight":2.0856},
{"Node_id":14020,"weight":2.0745},
{"Node_id":14021,"weight":2.0959},
{"Node_id":14022,"weight":2.1482},
{"Node_id":14023,"weight":1.568},
{"Node_id":14024,"weight":3.0435},
{"Node_id":14025,"weight":1.5701},
{"Node_id":14026,"weight":2.0755},
{"Node_id":14027,"weight":1.5589},
{"Node_id":14028,"weight":1.4261},
{"Node_id":14029,"weight":2.9444},
{"Node_id":14030,"weight":2.474},
{"Node_id":14031,"weight":2.4615},
{"Node_id":14038,"weight":2.5564},
{"Node_id":14039,"weight":1.3982},
{"Node_id":14040,"weight":2.1249},
{"Node_id":14041,"weight":2.61},
{"Node_id":14042,"weight":4.9126},
{"Node_id":14043,"weight":2.599},
{"Node_id":14044,"weight":1.532},
{"Node_id":14045,"weight":1.7268},
{"Node_id":14046,"weight":1.465},
{"Node_id":14047,"weight":2.5239},
{"Node_id":14064,"weight":3.1885},
{"Node_id":14065,"weight":2.7115},
{"Node_id":14066,"weight":2.9529},
{"Node_id":14067,"weight":3.6115},
{"Node_id":14068,"weight":4.0221},
{"Node_id":14069,"weight":2.7166},
{"Node_id":14070,"weight":1.421},
{"Node_id":14071,"weight":2.8023},
{"Node_id":14072,"weight":2.0407},
{"Node_id":14073,"weight":3.0905},
{"Node_id":14074,"weight":3.3999},
{"Node_id":14075,"weight":2.2775},
{"Node_id":14076,"weight":2.4657},
{"Node_id":14079,"weight":2.5564},
{"Node_id":14080,"weight":1.8878},
{"Node_id":14081,"weight":2.8613},
{"Node_id":14082,"weight":2.0397},
{"Node_id":14083,"weight":2.145},
{"Node_id":14119,"weight":1.6997},
{"Node_id":14120,"weight":1.8965},
{"Node_id":14149,"weight":2.6257},
{"Node_id":14150,"weight":3.9441},
{"Node_id":14151,"weight":1.3988},
{"Node_id":14152,"weight":2.6645},
{"Node_id":14153,"weight":1.6493},
{"Node_id":14154,"weight":4.8203},
{"Node_id":14233,"weight":1.8379},
{"Node_id":14234,"weight":4.0279},
{"Node_id":14254,"weight":1.6442},
{"Node_id":14255,"weight":2.3983},
{"Node_id":14259,"weight":2.3571},
{"Node_id":14260,"weight":2.5283},
{"Node_id":14261,"weight":2.5459},
{"Node_id":14262,"weight":1.656},
{"Node_id":14263,"weight":3.0667},
{"Node_id":14264,"weight":3.1472},
{"Node_id":14274,"weight":1.8128},
{"Node_id":14279,"weight":1.7583},
{"Node_id":14280,"weight":3.1755},
{"Node_id":14295,"weight":1.5506},
{"Node_id":14297,"weight":1.7881},
{"Node_id":14298,"weight":4.4538},
{"Node_id":14299,"weight":1.8128},
{"Node_id":14303,"weight":2.3371},
{"Node_id":14304,"weight":1.9953},
{"Node_id":14305,"weight":3.7226},
{"Node_id":14306,"weight":4.4192},
{"Node_id":14307,"weight":1.8825},
{"Node_id":14308,"weight":1.8421},
{"Node_id":14319,"weight":1.469},
{"Node_id":14320,"weight":2.9657},
{"Node_id":14321,"weight":2.6894},
{"Node_id":14322,"weight":2.7339},
{"Node_id":14325,"weight":2.7115},
{"Node_id":14326,"weight":3.7535},
{"Node_id":14327,"weight":2.4102},
{"Node_id":14328,"weight":1.8337},
{"Node_id":14329,"weight":6.8113},
{"Node_id":14344,"weight":1.5341},
{"Node_id":14345,"weight":2.4181},
{"Node_id":14346,"weight":3.2178},
{"Node_id":14347,"weight":1.4166},
{"Node_id":14348,"weight":2.3483},
{"Node_id":14354,"weight":1.9606},
{"Node_id":14355,"weight":1.6515},
{"Node_id":14356,"weight":1.5002},
{"Node_id":14357,"weight":1.5534},
{"Node_id":14358,"weight":2.5254},
{"Node_id":14359,"weight":2.6353},
{"Node_id":14360,"weight":2.4262},
{"Node_id":14361,"weight":2.4248},
{"Node_id":14362,"weight":2.5519},
{"Node_id":14475,"weight":2.2943},
{"Node_id":14476,"weight":5.7105},
{"Node_id":14477,"weight":2.5609},
{"Node_id":14478,"weight":2.1983},
{"Node_id":14479,"weight":1.7417},
{"Node_id":14480,"weight":2.1113},
{"Node_id":14514,"weight":5.077},
{"Node_id":14515,"weight":2.2764},
{"Node_id":14516,"weight":6.4362},
{"Node_id":14517,"weight":1.3944},
{"Node_id":14518,"weight":2.0525},
{"Node_id":14519,"weight":3.0481},
{"Node_id":14520,"weight":4.5951},
{"Node_id":14521,"weight":2.9444},
{"Node_id":14522,"weight":1.4242},
{"Node_id":14523,"weight":3.0072},
{"Node_id":14524,"weight":2.7287},
{"Node_id":14525,"weight":1.726},
{"Node_id":14526,"weight":2.4505},
{"Node_id":14527,"weight":2.3408},
{"Node_id":14528,"weight":3.449},
{"Node_id":14529,"weight":5.0141},
{"Node_id":14530,"weight":3.2704},
{"Node_id":14531,"weight":1.7151},
{"Node_id":14532,"weight":2.0565},
{"Node_id":14535,"weight":2.599},
{"Node_id":14536,"weight":1.793},
{"Node_id":14537,"weight":3.3683},
{"Node_id":14538,"weight":1.9699},
{"Node_id":14539,"weight":2.5975},
{"Node_id":14540,"weight":2.1461},
{"Node_id":14541,"weight":1.4565},
{"Node_id":14542,"weight":2.4464},
{"Node_id":14543,"weight":2.4288},
{"Node_id":14544,"weight":1.4198},
{"Node_id":14545,"weight":1.5548},
{"Node_id":14546,"weight":2.5821},
{"Node_id":14547,"weight":1.5002},
{"Node_id":14548,"weight":3.4934},
{"Node_id":14549,"weight":3.1075},
{"Node_id":14550,"weight":1.9089},
{"Node_id":14551,"weight":2.4881},
{"Node_id":14552,"weight":1.4941},
{"Node_id":14555,"weight":7.418},
{"Node_id":14556,"weight":2.145},
{"Node_id":14563,"weight":3.1912},
{"Node_id":14564,"weight":3.3438},
{"Node_id":14565,"weight":4.3143},
{"Node_id":14566,"weight":1.6368},
{"Node_id":14588,"weight":2.1386},
{"Node_id":14589,"weight":1.4915},
{"Node_id":14590,"weight":3.248},
{"Node_id":14591,"weight":2.173},
{"Node_id":14592,"weight":2.7569},
{"Node_id":14593,"weight":1.6085},
{"Node_id":14594,"weight":3.1885},
{"Node_id":14595,"weight":1.6099},
{"Node_id":14596,"weight":4.0514},
{"Node_id":14599,"weight":2.4796},
{"Node_id":14604,"weight":1.7393},
{"Node_id":14605,"weight":3.9936},
{"Node_id":14606,"weight":1.5225},
{"Node_id":14607,"weight":2.0775},
{"Node_id":14608,"weight":1.8228},
{"Node_id":14609,"weight":2.2811},
{"Node_id":14610,"weight":1.8869},
{"Node_id":14611,"weight":1.5942},
{"Node_id":14612,"weight":1.6099},
{"Node_id":14613,"weight":1.5177},
{"Node_id":14614,"weight":1.6027},
{"Node_id":14615,"weight":1.5204},
{"Node_id":14616,"weight":2.2471},
{"Node_id":14617,"weight":1.6523},
{"Node_id":14618,"weight":5.0141},
{"Node_id":14619,"weight":2.7766},
{"Node_id":14620,"weight":4.833},
{"Node_id":14621,"weight":2.2084},
{"Node_id":14622,"weight":3.6392},
{"Node_id":14623,"weight":2.7876},
{"Node_id":14624,"weight":4.7474},
{"Node_id":14627,"weight":0.1294},
{"Node_id":14628,"weight":1.2721},
{"Node_id":14629,"weight":3.2676},
{"Node_id":14630,"weight":0.036},
{"Node_id":14631,"weight":2.8691},
{"Node_id":14636,"weight":2.7046},
{"Node_id":14637,"weight":0.5266},
{"Node_id":14638,"weight":0.49},
{"Node_id":14639,"weight":1.62},
{"Node_id":14640,"weight":2.1763},
{"Node_id":14641,"weight":0.6955},
{"Node_id":14642,"weight":2.5166},
{"Node_id":14643,"weight":5.4448},
{"Node_id":14644,"weight":1.9072},
{"Node_id":14645,"weight":0.6239},
{"Node_id":14646,"weight":0.9529},
{"Node_id":14647,"weight":1.0716},
{"Node_id":14648,"weight":0.944},
{"Node_id":14649,"weight":1.9569},
{"Node_id":14650,"weight":1.6822},
{"Node_id":14651,"weight":0.8274},
{"Node_id":14656,"weight":1.2856},
{"Node_id":14657,"weight":2.0755},
{"Node_id":14658,"weight":0.1519},
{"Node_id":14670,"weight":0.388},
{"Node_id":14671,"weight":1.2448},
{"Node_id":14675,"weight":0.7598},
{"Node_id":14677,"weight":2.498},
{"Node_id":14678,"weight":1.827},
{"Node_id":14701,"weight":4.0878},
{"Node_id":14702,"weight":1.8245},
{"Node_id":14703,"weight":2.173},
{"Node_id":14704,"weight":2.1741},
{"Node_id":14705,"weight":0.6803},
{"Node_id":14706,"weight":3.2876},
{"Node_id":14707,"weight":0.7755},
{"Node_id":14708,"weight":3.7011},
{"Node_id":14709,"weight":0.7829},
{"Node_id":14713,"weight":1.4435},
{"Node_id":14714,"weight":4.8588},
{"Node_id":14716,"weight":2.5459},
{"Node_id":14717,"weight":0.2258},
{"Node_id":14718,"weight":1.7089},
{"Node_id":14719,"weight":2.9153},
{"Node_id":14720,"weight":0.2302},
{"Node_id":14721,"weight":3.429},
{"Node_id":14724,"weight":0.3437},
{"Node_id":14725,"weight":0.2294},
{"Node_id":14728,"weight":0.9579},
{"Node_id":14731,"weight":0.3602},
{"Node_id":14732,"weight":3.6233},
{"Node_id":14733,"weight":1.6128},
{"Node_id":14734,"weight":2.1763},
{"Node_id":14735,"weight":4.8988},
{"Node_id":14736,"weight":1.7535},
{"Node_id":14737,"weight":0.6678},
{"Node_id":14738,"weight":1.0465},
{"Node_id":14739,"weight":0.8231},
{"Node_id":14758,"weight":1.4191},
{"Node_id":14759,"weight":1.1859},
{"Node_id":14764,"weight":1.6258},
{"Node_id":14765,"weight":0.3174},
{"Node_id":14768,"weight":0.9203},
{"Node_id":14769,"weight":0.9346},
{"Node_id":14770,"weight":2.5195},
{"Node_id":14771,"weight":1.0997},
{"Node_id":14772,"weight":1.08},
{"Node_id":14773,"weight":0.3293},
{"Node_id":14774,"weight":0.2055},
{"Node_id":14777,"weight":1.1698},
{"Node_id":14778,"weight":0.3756},
{"Node_id":14779,"weight":1.969},
{"Node_id":14780,"weight":0.5849},
{"Node_id":14781,"weight":0.216},
{"Node_id":14782,"weight":0.0532},
{"Node_id":14787,"weight":3.818},
{"Node_id":14788,"weight":0.2408},
{"Node_id":14789,"weight":3.7401},
{"Node_id":14790,"weight":0.9982},
{"Node_id":14791,"weight":0.4608},
{"Node_id":14792,"weight":0.2884},
{"Node_id":14793,"weight":1.5437},
{"Node_id":14794,"weight":1.1914},
{"Node_id":14795,"weight":0.7332},
{"Node_id":14796,"weight":0.9714},
{"Node_id":14797,"weight":0.9115},
{"Node_id":14798,"weight":0.4768},
{"Node_id":14799,"weight":0.2745},
{"Node_id":14800,"weight":0.9095},
{"Node_id":14801,"weight":0.1141},
{"Node_id":14802,"weight":0.1491},
{"Node_id":14803,"weight":0.4879},
{"Node_id":14806,"weight":0.1322},
{"Node_id":14807,"weight":0.5155},
{"Node_id":14928,"weight":0.6879},
{"Node_id":14929,"weight":1.8379},
{"Node_id":14930,"weight":1.2396}]