[{"Node_id":87715,"weight":1.9214},
{"Node_id":87717,"weight":1.5992},
{"Node_id":87719,"weight":2.184},
{"Node_id":87720,"weight":3.483},
{"Node_id":87721,"weight":2.2799},
{"Node_id":87722,"weight":2.0505},
{"Node_id":87723,"weight":1.9802},
{"Node_id":87724,"weight":2.5051},
{"Node_id":87725,"weight":2.7115},
{"Node_id":87728,"weight":2.4994},
{"Node_id":87729,"weight":2.7218},
{"Node_id":87730,"weight":3.6636},
{"Node_id":87731,"weight":1.6493},
{"Node_id":87732,"weight":4.0396},
{"Node_id":87733,"weight":2.0367},
{"Node_id":87734,"weight":1.4319},
{"Node_id":87735,"weight":3.8918},
{"Node_id":87736,"weight":2.3699},
{"Node_id":87737,"weight":1.8825},
{"Node_id":87738,"weight":1.9924},
{"Node_id":87739,"weight":2.5459},
{"Node_id":87740,"weight":2.6645},
{"Node_id":87741,"weight":2.321},
{"Node_id":87742,"weight":1.6936},
{"Node_id":87743,"weight":4.1254},
{"Node_id":87746,"weight":2.1397},
{"Node_id":87747,"weight":2.4195},
{"Node_id":87748,"weight":1.4064},
{"Node_id":87749,"weight":1.8203},
{"Node_id":87750,"weight":4.1846},
{"Node_id":87756,"weight":3.0006},
{"Node_id":87757,"weight":2.7912},
{"Node_id":87760,"weight":2.5959},
{"Node_id":87761,"weight":1.6702},
{"Node_id":87762,"weight":2.9298},
{"Node_id":87763,"weight":3.7945},
{"Node_id":87766,"weight":1.587},
{"Node_id":87767,"weight":1.5736},
{"Node_id":87768,"weight":1.9597},
{"Node_id":87769,"weight":1.9569},
{"Node_id":87770,"weight":1.4474},
{"Node_id":87771,"weight":1.9468},
{"Node_id":87772,"weight":2.0241},
{"Node_id":87793,"weight":1.4371},
{"Node_id":87794,"weight":2.4866},
{"Node_id":87795,"weight":1.7922},
{"Node_id":87796,"weight":1.5259},
{"Node_id":87797,"weight":3.2124},
{"Node_id":87798,"weight":2.5123},
{"Node_id":87799,"weight":1.832},
{"Node_id":87800,"weight":4.7357},
{"Node_id":87801,"weight":1.744},
{"Node_id":87802,"weight":1.748},
{"Node_id":87803,"weight":2.0192},
{"Node_id":87804,"weight":2.0241},
{"Node_id":87805,"weight":1.8643},
{"Node_id":87806,"weight":3.4127},
{"Node_id":87807,"weight":1.7036},
{"Node_id":87808,"weight":2.5852},
{"Node_id":87809,"weight":1.9001},
{"Node_id":87810,"weight":2.0846},
{"Node_id":87811,"weight":3.9713},
{"Node_id":87812,"weight":3.2963},
{"Node_id":87813,"weight":2.0212},
{"Node_id":87814,"weight":1.3976},
{"Node_id":87815,"weight":1.5513},
{"Node_id":87816,"weight":1.8203},
{"Node_id":87817,"weight":1.5492},
{"Node_id":87818,"weight":2.0456},
{"Node_id":87819,"weight":1.7036},
{"Node_id":87820,"weight":2.0595},
{"Node_id":87821,"weight":4.7954},
{"Node_id":87822,"weight":1.4217},
{"Node_id":87823,"weight":1.8421},
{"Node_id":87824,"weight":1.8421},
{"Node_id":87825,"weight":1.4624},
{"Node_id":87826,"weight":3.429},
{"Node_id":87827,"weight":2.764},
{"Node_id":87828,"weight":2.001},
{"Node_id":87829,"weight":1.6353},
{"Node_id":87830,"weight":1.4539},
{"Node_id":87831,"weight":4.219},
{"Node_id":87832,"weight":3.0667},
{"Node_id":87833,"weight":4.226},
{"Node_id":87834,"weight":1.5361},
{"Node_id":87846,"weight":2.7949},
{"Node_id":87847,"weight":1.5638},
{"Node_id":87850,"weight":1.7583},
{"Node_id":87851,"weight":2.4102},
{"Node_id":87856,"weight":7.6004},
{"Node_id":87857,"weight":1.6034},
{"Node_id":87858,"weight":1.9197},
{"Node_id":87859,"weight":1.5259},
{"Node_id":87860,"weight":1.8421},
{"Node_id":87861,"weight":1.9532},
{"Node_id":87862,"weight":2.1928},
{"Node_id":87863,"weight":1.6493},
{"Node_id":87864,"weight":1.9395},
{"Node_id":87865,"weight":2.3983},
{"Node_id":87866,"weight":2.2634},
{"Node_id":87867,"weight":2.2253},
{"Node_id":87868,"weight":3.9176},
{"Node_id":87869,"weight":2.4369},
{"Node_id":87870,"weight":2.3271},
{"Node_id":87871,"weight":3.1026},
{"Node_id":87872,"weight":1.5764},
{"Node_id":87873,"weight":1.7097},
{"Node_id":87874,"weight":2.7115},
{"Node_id":87879,"weight":1.4261},
{"Node_id":87880,"weight":4.2766},
{"Node_id":87881,"weight":6.0725},
{"Node_id":87882,"weight":3.2397},
{"Node_id":87883,"weight":2.3763},
{"Node_id":87884,"weight":5.2159},
{"Node_id":87885,"weight":2.6006},
{"Node_id":87886,"weight":2.7857},
{"Node_id":87887,"weight":3.3714},
{"Node_id":87888,"weight":1.5666},
{"Node_id":87889,"weight":2.6612},
{"Node_id":87890,"weight":1.886},
{"Node_id":87891,"weight":1.866},
{"Node_id":87892,"weight":1.5327},
{"Node_id":87893,"weight":2.1218},
{"Node_id":87894,"weight":1.5123},
{"Node_id":87895,"weight":3.596},
{"Node_id":87896,"weight":1.7013},
{"Node_id":87897,"weight":2.0348},
{"Node_id":87898,"weight":2.887},
{"Node_id":87899,"weight":2.2287},
{"Node_id":88020,"weight":1.7136},
{"Node_id":88021,"weight":1.6875},
{"Node_id":88022,"weight":3.3227},
{"Node_id":88023,"weight":3.2733},
{"Node_id":88075,"weight":1.7833},
{"Node_id":88120,"weight":1.9287},
{"Node_id":88346,"weight":2.8172},
{"Node_id":88536,"weight":2.5654},
{"Node_id":88537,"weight":1.4281},
{"Node_id":88538,"weight":2.0887},
{"Node_id":88771,"weight":2.806},
{"Node_id":88772,"weight":5.077},
{"Node_id":88773,"weight":1.4178},
{"Node_id":88774,"weight":4.1064},
{"Node_id":88775,"weight":2.0695},
{"Node_id":88776,"weight":1.6085},
{"Node_id":88777,"weight":2.2196},
{"Node_id":88778,"weight":1.6027},
{"Node_id":88779,"weight":2.0907},
{"Node_id":88780,"weight":2.9635},
{"Node_id":88781,"weight":3.9549},
{"Node_id":88782,"weight":1.4474},
{"Node_id":88783,"weight":1.7051},
{"Node_id":88784,"weight":2.3996},
{"Node_id":88785,"weight":1.7433},
{"Node_id":88786,"weight":2.1807},
{"Node_id":88787,"weight":2.3866},
{"Node_id":88788,"weight":1.3919},
{"Node_id":88789,"weight":2.0928},
{"Node_id":88792,"weight":4.5751},
{"Node_id":88793,"weight":1.8481},
{"Node_id":88794,"weight":2.0938},
{"Node_id":88795,"weight":1.9615},
{"Node_id":88796,"weight":2.0299},
{"Node_id":88797,"weight":2.3433},
{"Node_id":88798,"weight":1.7159},
{"Node_id":88799,"weight":2.5504},
{"Node_id":88800,"weight":2.9765},
{"Node_id":88801,"weight":2.5519},
{"Node_id":88802,"weight":1.8523},
{"Node_id":88803,"weight":2.3648},
{"Node_id":88806,"weight":1.4868},
{"Node_id":88807,"weight":1.4481},
{"Node_id":88808,"weight":1.4384},
{"Node_id":88809,"weight":5.2933},
{"Node_id":88810,"weight":1.4313},
{"Node_id":88811,"weight":3.3287},
{"Node_id":88812,"weight":1.9305},
{"Node_id":88813,"weight":4.8078},
{"Node_id":88814,"weight":2.5195},
{"Node_id":88815,"weight":1.3882},
{"Node_id":88816,"weight":3.2151},
{"Node_id":88817,"weight":2.3271},
{"Node_id":88818,"weight":1.6208},
{"Node_id":88819,"weight":4.6469},
{"Node_id":88820,"weight":2.2943},
{"Node_id":88821,"weight":3.4523},
{"Node_id":88822,"weight":1.4617},
{"Node_id":88823,"weight":1.4313},
{"Node_id":88824,"weight":3.0978},
{"Node_id":88825,"weight":1.6142},
{"Node_id":88826,"weight":1.3869},
{"Node_id":88827,"weight":3.0006},
{"Node_id":88828,"weight":2.8691},
{"Node_id":88829,"weight":1.7276},
{"Node_id":88830,"weight":1.3982},
{"Node_id":88831,"weight":1.8869},
{"Node_id":88832,"weight":2.0918},
{"Node_id":88837,"weight":2.7604},
{"Node_id":88838,"weight":1.7647},
{"Node_id":88839,"weight":3.4225},
{"Node_id":88840,"weight":3.1651},
{"Node_id":88841,"weight":2.6482},
{"Node_id":88842,"weight":1.6434},
{"Node_id":88843,"weight":2.6662},
{"Node_id":88844,"weight":1.5204},
{"Node_id":88845,"weight":1.8704},
{"Node_id":88846,"weight":1.4455},
{"Node_id":88847,"weight":1.452},
{"Node_id":88848,"weight":3.6677},
{"Node_id":88849,"weight":2.9722},
{"Node_id":88850,"weight":1.6405},
{"Node_id":88853,"weight":3.511},
{"Node_id":88854,"weight":1.6627},
{"Node_id":88855,"weight":3.1173},
{"Node_id":88856,"weight":2.2752},
{"Node_id":88857,"weight":1.6049},
{"Node_id":88858,"weight":1.6612},
{"Node_id":88859,"weight":2.9786},
{"Node_id":88860,"weight":1.9496},
{"Node_id":88861,"weight":1.7151},
{"Node_id":88864,"weight":1.8037},
{"Node_id":88865,"weight":1.7448},
{"Node_id":88866,"weight":1.9197},
{"Node_id":88867,"weight":2.6369},
{"Node_id":88903,"weight":1.4494},
{"Node_id":88904,"weight":4.4024},
{"Node_id":88905,"weight":2.1397},
{"Node_id":88906,"weight":1.4822},
{"Node_id":88907,"weight":3.7852},
{"Node_id":88908,"weight":1.9487},
{"Node_id":88909,"weight":2.1218},
{"Node_id":88910,"weight":2.2242},
{"Node_id":88911,"weight":1.9972},
{"Node_id":88912,"weight":5.9496},
{"Node_id":88915,"weight":2.9298},
{"Node_id":88918,"weight":4.1711},
{"Node_id":88919,"weight":2.4142},
{"Node_id":88920,"weight":2.4838},
{"Node_id":88921,"weight":2.4629},
{"Node_id":88922,"weight":3.2676},
{"Node_id":88923,"weight":4.6259},
{"Node_id":88924,"weight":4.5555},
{"Node_id":88925,"weight":1.7865},
{"Node_id":88926,"weight":1.4862},
{"Node_id":88927,"weight":1.8921},
{"Node_id":88928,"weight":1.5055},
{"Node_id":88929,"weight":1.4261},
{"Node_id":88930,"weight":1.7551},
{"Node_id":88931,"weight":1.8652},
{"Node_id":88932,"weight":5.2539},
{"Node_id":88933,"weight":1.4815},
{"Node_id":88934,"weight":1.4287},
{"Node_id":88935,"weight":1.5451},
{"Node_id":88936,"weight":1.6229},
{"Node_id":88937,"weight":4.2051},
{"Node_id":88938,"weight":2.579},
{"Node_id":88939,"weight":1.5885},
{"Node_id":88940,"weight":2.883},
{"Node_id":88943,"weight":3.4591},
{"Node_id":88944,"weight":2.5654},
{"Node_id":88947,"weight":7.8236},
{"Node_id":88957,"weight":1.5225},
{"Node_id":88958,"weight":2.2494},
{"Node_id":88959,"weight":2.5669},
{"Node_id":88960,"weight":3.2452},
{"Node_id":88961,"weight":2.8439},
{"Node_id":88962,"weight":2.3371},
{"Node_id":88963,"weight":1.3913},
{"Node_id":88964,"weight":4.3066},
{"Node_id":88965,"weight":2.7712},
{"Node_id":88966,"weight":5.077},
{"Node_id":88967,"weight":1.9386},
{"Node_id":88971,"weight":2.2425},
{"Node_id":88972,"weight":2.0144},
{"Node_id":88973,"weight":1.4955},
{"Node_id":88974,"weight":1.4364},
{"Node_id":88975,"weight":1.7639},
{"Node_id":88976,"weight":4.872},
{"Node_id":88980,"weight":2.2967},
{"Node_id":88981,"weight":1.4855},
{"Node_id":88982,"weight":3.0297},
{"Node_id":88983,"weight":1.421},
{"Node_id":88984,"weight":1.9487},
{"Node_id":88985,"weight":2.6434},
{"Node_id":88986,"weight":1.6777},
{"Node_id":88987,"weight":1.5008},
{"Node_id":88988,"weight":2.9765},
{"Node_id":88989,"weight":1.7082},
{"Node_id":88990,"weight":2.4168},
{"Node_id":89223,"weight":5.4217},
{"Node_id":89224,"weight":5.5429},
{"Node_id":89225,"weight":2.5534},
{"Node_id":89226,"weight":1.4223},
{"Node_id":89227,"weight":2.2728},
{"Node_id":89228,"weight":3.3377},
{"Node_id":89287,"weight":5.045},
{"Node_id":89288,"weight":3.8766},
{"Node_id":89289,"weight":1.719},
{"Node_id":89290,"weight":1.7354},
{"Node_id":89291,"weight":2.4768},
{"Node_id":89292,"weight":1.7198},
{"Node_id":89295,"weight":3.6076},
{"Node_id":89296,"weight":3.4523},
{"Node_id":89297,"weight":3.6273},
{"Node_id":89298,"weight":3.7401},
{"Node_id":89299,"weight":2.0338},
{"Node_id":89300,"weight":1.6906},
{"Node_id":89301,"weight":3.6718},
{"Node_id":89302,"weight":2.1418},
{"Node_id":89303,"weight":1.6419},
{"Node_id":89304,"weight":1.8549},
{"Node_id":89305,"weight":2.0212},
{"Node_id":89306,"weight":3.3808},
{"Node_id":89307,"weight":3.8469},
{"Node_id":89308,"weight":3.305},
{"Node_id":89309,"weight":1.4742},
{"Node_id":89312,"weight":1.5464},
{"Node_id":89313,"weight":2.0575},
{"Node_id":89314,"weight":1.7922},
{"Node_id":89317,"weight":4.1579},
{"Node_id":89318,"weight":1.615},
{"Node_id":89319,"weight":5.4927},
{"Node_id":89322,"weight":3.7446},
{"Node_id":89325,"weight":3.5075},
{"Node_id":89326,"weight":1.7472},
{"Node_id":89327,"weight":1.4001},
{"Node_id":89328,"weight":3.6885},
{"Node_id":89329,"weight":2.5519},
{"Node_id":89330,"weight":1.8145},
{"Node_id":89331,"weight":3.8372},
{"Node_id":89332,"weight":2.0615},
{"Node_id":89333,"weight":2.0785},
{"Node_id":89334,"weight":2.1654},
{"Node_id":89335,"weight":1.6114},
{"Node_id":89336,"weight":1.812},
{"Node_id":89337,"weight":1.9143},
{"Node_id":89338,"weight":1.7567},
{"Node_id":89339,"weight":2.1862},
{"Node_id":89340,"weight":2.1906},
{"Node_id":89341,"weight":2.7357},
{"Node_id":89342,"weight":2.9465},
{"Node_id":89343,"weight":2.1249},
{"Node_id":89344,"weight":3.6432},
{"Node_id":89345,"weight":5.1441},
{"Node_id":89346,"weight":5.2734},
{"Node_id":89347,"weight":3.0978},
{"Node_id":89348,"weight":3.8132},
{"Node_id":89349,"weight":5.045},
{"Node_id":89350,"weight":2.401},
{"Node_id":89351,"weight":2.101},
{"Node_id":89352,"weight":1.515},
{"Node_id":89355,"weight":3.0644},
{"Node_id":89356,"weight":3.0366},
{"Node_id":89357,"weight":2.3039},
{"Node_id":89358,"weight":1.7849},
{"Node_id":89359,"weight":3.0184},
{"Node_id":89360,"weight":1.886},
{"Node_id":89361,"weight":2.0038},
{"Node_id":89362,"weight":2.025},
{"Node_id":89372,"weight":1.9206},
{"Node_id":89373,"weight":2.4329},
{"Node_id":89374,"weight":3.9658},
{"Node_id":89375,"weight":2.5579},
{"Node_id":89376,"weight":2.0192},
{"Node_id":89379,"weight":2.8135},
{"Node_id":89380,"weight":2.8381},
{"Node_id":89381,"weight":2.889},
{"Node_id":89382,"weight":2.0338},
{"Node_id":89383,"weight":3.0667},
{"Node_id":89384,"weight":1.9323},
{"Node_id":89385,"weight":1.7237},
{"Node_id":89386,"weight":1.7599},
{"Node_id":89387,"weight":2.3015},
{"Node_id":89388,"weight":1.4881},
{"Node_id":89389,"weight":1.3988},
{"Node_id":89390,"weight":2.9786},
{"Node_id":89391,"weight":3.3652},
{"Node_id":89392,"weight":2.6337},
{"Node_id":89393,"weight":1.5485},
{"Node_id":89394,"weight":2.5297},
{"Node_id":89395,"weight":1.5327},
{"Node_id":89396,"weight":1.7663},
{"Node_id":89397,"weight":1.9423},
{"Node_id":89398,"weight":1.4422},
{"Node_id":89399,"weight":1.5885},
{"Node_id":89400,"weight":1.5729},
{"Node_id":89401,"weight":1.5306},
{"Node_id":89402,"weight":2.7409},
{"Node_id":89431,"weight":1.6657},
{"Node_id":89432,"weight":1.4052},
{"Node_id":89433,"weight":1.6324},
{"Node_id":89434,"weight":2.8711},
{"Node_id":89435,"weight":5.0933},
{"Node_id":89436,"weight":1.5659},
{"Node_id":89437,"weight":1.4782},
{"Node_id":89438,"weight":2.6761},
{"Node_id":89439,"weight":2.4796},
{"Node_id":89440,"weight":2.6337},
{"Node_id":89441,"weight":5.4927},
{"Node_id":89444,"weight":2.0928},
{"Node_id":89453,"weight":1.4862},
{"Node_id":89454,"weight":1.4435},
{"Node_id":89455,"weight":4.8458},
{"Node_id":89456,"weight":2.1622},
{"Node_id":89457,"weight":1.8253},
{"Node_id":89458,"weight":2.1928},
{"Node_id":89459,"weight":1.587},
{"Node_id":89460,"weight":1.656},
{"Node_id":89461,"weight":2.4684},
{"Node_id":89462,"weight":3.511},
{"Node_id":89463,"weight":1.5368},
{"Node_id":89464,"weight":1.6027},
{"Node_id":89465,"weight":1.733},
{"Node_id":89466,"weight":1.8609},
{"Node_id":89469,"weight":3.6312},
{"Node_id":89470,"weight":2.3699},
{"Node_id":89471,"weight":2.6928},
{"Node_id":89472,"weight":3.3903},
{"Node_id":89473,"weight":2.2943},
{"Node_id":89476,"weight":1.9597},
{"Node_id":89477,"weight":2.1376},
{"Node_id":89478,"weight":2.6147},
{"Node_id":89479,"weight":2.0485},
{"Node_id":89480,"weight":1.8438},
{"Node_id":89481,"weight":2.97},
{"Node_id":89482,"weight":4.1513},
{"Node_id":89483,"weight":2.9031},
{"Node_id":89484,"weight":1.5197},
{"Node_id":89485,"weight":3.4356},
{"Node_id":89486,"weight":4.4538},
{"Node_id":89487,"weight":3.2507},
{"Node_id":89488,"weight":1.4775},
{"Node_id":89489,"weight":3.6595},
{"Node_id":89490,"weight":1.4769},
{"Node_id":89491,"weight":4.7832},
{"Node_id":89492,"weight":1.8354},
{"Node_id":89493,"weight":2.7857},
{"Node_id":89494,"weight":3.3468},
{"Node_id":89495,"weight":4.284},
{"Node_id":89496,"weight":1.8643},
{"Node_id":89497,"weight":2.1354},
{"Node_id":89498,"weight":1.8153},
{"Node_id":89501,"weight":2.5882},
{"Node_id":89502,"weight":2.1774},
{"Node_id":89503,"weight":4.0049},
{"Node_id":89504,"weight":2.9444},
{"Node_id":89505,"weight":2.6466},
{"Node_id":89506,"weight":2.1796},
{"Node_id":89507,"weight":3.3079},
{"Node_id":89508,"weight":3.562},
{"Node_id":89509,"weight":1.6164},
{"Node_id":89510,"weight":1.9915},
{"Node_id":89511,"weight":2.4994},
{"Node_id":89512,"weight":2.6022},
{"Node_id":89513,"weight":1.5603},
{"Node_id":89514,"weight":2.2716},
{"Node_id":89515,"weight":3.3287},
{"Node_id":89516,"weight":1.7543},
{"Node_id":89517,"weight":3.3468},
{"Node_id":89518,"weight":1.9098},
{"Node_id":89519,"weight":1.8078},
{"Node_id":89520,"weight":2.4519},
{"Node_id":89521,"weight":3.3138},
{"Node_id":89522,"weight":2.6434},
{"Node_id":89523,"weight":2.9939},
{"Node_id":89524,"weight":1.8379},
{"Node_id":89525,"weight":1.7711},
{"Node_id":89526,"weight":3.0072},
{"Node_id":89527,"weight":1.5485},
{"Node_id":89528,"weight":1.4585},
{"Node_id":89529,"weight":3.1222},
{"Node_id":89530,"weight":2.1752},
{"Node_id":89531,"weight":2.6321},
{"Node_id":89532,"weight":2.7183},
{"Node_id":89533,"weight":3.5694},
{"Node_id":89534,"weight":3.1026},
{"Node_id":89535,"weight":2.4315},
{"Node_id":89536,"weight":1.4868},
{"Node_id":89537,"weight":1.6785},
{"Node_id":89538,"weight":2.2576},
{"Node_id":89539,"weight":3.1625},
{"Node_id":89540,"weight":1.827},
{"Node_id":89541,"weight":2.3814},
{"Node_id":89542,"weight":2.6761},
{"Node_id":89543,"weight":1.7988},
{"Node_id":89544,"weight":5.9118},
{"Node_id":89545,"weight":2.4342},
{"Node_id":89546,"weight":1.4461},
{"Node_id":89547,"weight":3.4356},
{"Node_id":89563,"weight":1.4982},
{"Node_id":89564,"weight":2.3827},
{"Node_id":89565,"weight":2.1514},
{"Node_id":89566,"weight":1.421},
{"Node_id":89567,"weight":4.2546},
{"Node_id":89568,"weight":2.889},
{"Node_id":89569,"weight":2.6162},
{"Node_id":89572,"weight":4.508},
{"Node_id":89575,"weight":2.6401},
{"Node_id":89578,"weight":2.1197},
{"Node_id":89579,"weight":1.9161},
{"Node_id":89615,"weight":2.4643},
{"Node_id":89616,"weight":2.1145},
{"Node_id":89617,"weight":1.7105},
{"Node_id":89618,"weight":2.1239},
{"Node_id":89619,"weight":1.8834},
{"Node_id":89620,"weight":2.7115},
{"Node_id":89621,"weight":2.3597},
{"Node_id":89622,"weight":1.6383},
{"Node_id":89623,"weight":1.4624},
{"Node_id":89624,"weight":3.6392},
{"Node_id":89625,"weight":1.7338},
{"Node_id":89626,"weight":4.3776},
{"Node_id":89627,"weight":1.7089},
{"Node_id":89628,"weight":1.4789},
{"Node_id":89629,"weight":3.2591},
{"Node_id":89630,"weight":3.3871},
{"Node_id":89631,"weight":2.9277},
{"Node_id":89632,"weight":4.5653},
{"Node_id":89633,"weight":3.2178},
{"Node_id":89634,"weight":2.321},
{"Node_id":89635,"weight":2.2073},
{"Node_id":89636,"weight":1.5779},
{"Node_id":89637,"weight":3.8085},
{"Node_id":89638,"weight":1.6186},
{"Node_id":89639,"weight":6.8113},
{"Node_id":89640,"weight":1.6179},
{"Node_id":89641,"weight":1.7377},
{"Node_id":89642,"weight":2.4588},
{"Node_id":89643,"weight":1.6478},
{"Node_id":89644,"weight":1.5231},
{"Node_id":89645,"weight":2.342},
{"Node_id":89646,"weight":1.4644},
{"Node_id":89647,"weight":2.0595},
{"Node_id":89648,"weight":2.2681},
{"Node_id":89650,"weight":1.5109},
{"Node_id":89651,"weight":2.4519},
{"Node_id":89652,"weight":1.7105},
{"Node_id":89655,"weight":3.3871},
{"Node_id":89656,"weight":1.5807},
{"Node_id":89657,"weight":2.7586},
{"Node_id":89658,"weight":2.885},
{"Node_id":89659,"weight":4.5653},
{"Node_id":89660,"weight":3.3683},
{"Node_id":89661,"weight":2.7374},
{"Node_id":89664,"weight":2.0485},
{"Node_id":89665,"weight":1.8261},
{"Node_id":89666,"weight":2.9593},
{"Node_id":89667,"weight":2.0565},
{"Node_id":89668,"weight":2.5123},
{"Node_id":89669,"weight":1.4121},
{"Node_id":89670,"weight":2.2061},
{"Node_id":89671,"weight":1.7136},
{"Node_id":89672,"weight":2.2799},
{"Node_id":89673,"weight":1.7182},
{"Node_id":89676,"weight":2.0605},
{"Node_id":89677,"weight":3.6233},
{"Node_id":89680,"weight":2.6242},
{"Node_id":89681,"weight":1.5771},
{"Node_id":89682,"weight":1.5402},
{"Node_id":89683,"weight":3.2591},
{"Node_id":89684,"weight":1.6754},
{"Node_id":89685,"weight":1.5238},
{"Node_id":89686,"weight":2.0096},
{"Node_id":89687,"weight":2.8381},
{"Node_id":89688,"weight":2.1155},
{"Node_id":89689,"weight":1.5687},
{"Node_id":89690,"weight":1.4014},
{"Node_id":89691,"weight":1.7417},
{"Node_id":89692,"weight":2.3699},
{"Node_id":89695,"weight":1.6078},
{"Node_id":89696,"weight":1.7857},
{"Node_id":89697,"weight":3.562},
{"Node_id":89698,"weight":2.8633},
{"Node_id":89702,"weight":1.9259},
{"Node_id":89703,"weight":2.6662},
{"Node_id":89704,"weight":3.5326},
{"Node_id":89705,"weight":4.0163},
{"Node_id":89706,"weight":3.226},
{"Node_id":89707,"weight":1.7051},
{"Node_id":89708,"weight":2.9113},
{"Node_id":89709,"weight":1.8913},
{"Node_id":89712,"weight":1.6085},
{"Node_id":89713,"weight":1.5999},
{"Node_id":89714,"weight":3.0738},
{"Node_id":89715,"weight":1.5878},
{"Node_id":89807,"weight":3.0117},
{"Node_id":89808,"weight":2.2907},
{"Node_id":89812,"weight":2.0038},
{"Node_id":89813,"weight":3.5398},
{"Node_id":89814,"weight":1.8379},
{"Node_id":89815,"weight":1.3907},
{"Node_id":89816,"weight":3.0786},
{"Node_id":89817,"weight":4.0049},
{"Node_id":89818,"weight":3.4969},
{"Node_id":89819,"weight":1.7841},
{"Node_id":89820,"weight":2.4966},
{"Node_id":89821,"weight":4.9126},
{"Node_id":89822,"weight":3.562},
{"Node_id":89823,"weight":4.9548},
{"Node_id":89824,"weight":4.7592},
{"Node_id":89825,"weight":2.1873},
{"Node_id":89835,"weight":3.0184},
{"Node_id":89836,"weight":1.4572},
{"Node_id":89940,"weight":2.4994},
{"Node_id":89941,"weight":5.4448},
{"Node_id":89942,"weight":1.7988},
{"Node_id":89943,"weight":1.6412},
{"Node_id":89944,"weight":1.4802},
{"Node_id":89945,"weight":1.4683},
{"Node_id":89946,"weight":4.0634},
{"Node_id":89947,"weight":2.895},
{"Node_id":89948,"weight":3.3347},
{"Node_id":89949,"weight":1.6508},
{"Node_id":89950,"weight":3.3777},
{"Node_id":89951,"weight":2.9072},
{"Node_id":89952,"weight":1.4178},
{"Node_id":89953,"weight":2.4881},
{"Node_id":89954,"weight":2.3788},
{"Node_id":89955,"weight":2.9614},
{"Node_id":89956,"weight":1.6664},
{"Node_id":89957,"weight":1.7963},
{"Node_id":89958,"weight":1.9143},
{"Node_id":89959,"weight":1.6523},
{"Node_id":89960,"weight":1.6538},
{"Node_id":89961,"weight":1.9036},
{"Node_id":89962,"weight":1.7776},
{"Node_id":89963,"weight":3.3999},
{"Node_id":89964,"weight":2.3584},
{"Node_id":89965,"weight":2.1785},
{"Node_id":89966,"weight":2.5224},
{"Node_id":89967,"weight":2.4601},
{"Node_id":89968,"weight":1.7074},
{"Node_id":89969,"weight":1.8834},
{"Node_id":89970,"weight":1.8921},
{"Node_id":89971,"weight":1.39},
{"Node_id":89972,"weight":2.2106},
{"Node_id":89973,"weight":1.9241},
{"Node_id":89974,"weight":1.6627},
{"Node_id":89975,"weight":3.0667},
{"Node_id":89976,"weight":2.0605},
{"Node_id":89977,"weight":2.2895},
{"Node_id":89978,"weight":1.43},
{"Node_id":89979,"weight":2.4698},
{"Node_id":89980,"weight":2.7694},
{"Node_id":89981,"weight":1.6982},
{"Node_id":89982,"weight":2.4505},
{"Node_id":89983,"weight":2.8305},
{"Node_id":89984,"weight":1.7825},
{"Node_id":90037,"weight":1.702},
{"Node_id":90104,"weight":2.9133},
{"Node_id":90120,"weight":1.4546},
{"Node_id":90121,"weight":1.6186},
{"Node_id":90122,"weight":2.4754},
{"Node_id":90123,"weight":1.8756},
{"Node_id":90149,"weight":1.4217},
{"Node_id":90186,"weight":1.5701},
{"Node_id":90304,"weight":1.9532},
{"Node_id":90430,"weight":3.2071},
{"Node_id":90431,"weight":1.7988},
{"Node_id":90526,"weight":3.3529},
{"Node_id":90569,"weight":2.658},
{"Node_id":90584,"weight":2.5371},
{"Node_id":90585,"weight":5.9496},
{"Node_id":90612,"weight":1.5589},
{"Node_id":90613,"weight":2.7098},
{"Node_id":90729,"weight":1.7543},
{"Node_id":90730,"weight":1.9746},
{"Node_id":90803,"weight":1.4729},
{"Node_id":90825,"weight":2.4754},
{"Node_id":90826,"weight":2.4302},
{"Node_id":90866,"weight":1.7898},
{"Node_id":90867,"weight":1.7043},
{"Node_id":90868,"weight":1.6612},
{"Node_id":90869,"weight":1.8669},
{"Node_id":90870,"weight":1.6762},
{"Node_id":90871,"weight":2.2208},
{"Node_id":90872,"weight":3.0297},
{"Node_id":90873,"weight":2.4262},
{"Node_id":90874,"weight":2.4155},
{"Node_id":90875,"weight":3.2017},
{"Node_id":90876,"weight":2.4866},
{"Node_id":90877,"weight":2.9939},
{"Node_id":90878,"weight":4.4538},
{"Node_id":90879,"weight":2.1796},
{"Node_id":90880,"weight":1.8523},
{"Node_id":90881,"weight":2.0038},
{"Node_id":90882,"weight":1.9934},
{"Node_id":90883,"weight":1.5652},
{"Node_id":90884,"weight":1.6792},
{"Node_id":90885,"weight":1.561},
{"Node_id":90886,"weight":1.5892},
{"Node_id":90887,"weight":1.6006},
{"Node_id":90888,"weight":1.7377},
{"Node_id":90889,"weight":2.3321},
{"Node_id":90890,"weight":2.0202},
{"Node_id":90891,"weight":4.284},
{"Node_id":90892,"weight":3.4969},
{"Node_id":90893,"weight":1.5736},
{"Node_id":90894,"weight":1.7857},
{"Node_id":90895,"weight":2.3271},
{"Node_id":90896,"weight":1.873},
{"Node_id":90897,"weight":2.0685},
{"Node_id":90898,"weight":1.8506},
{"Node_id":90899,"weight":2.5609},
{"Node_id":90900,"weight":1.6034},
{"Node_id":90901,"weight":2.0358},
{"Node_id":90902,"weight":3.3808},
{"Node_id":90903,"weight":2.2599},
{"Node_id":90904,"weight":3.6801},
{"Node_id":90905,"weight":5.1441},
{"Node_id":90906,"weight":4.0396},
{"Node_id":90907,"weight":2.1611},
{"Node_id":90908,"weight":4.7832},
{"Node_id":90909,"weight":3.4258},
{"Node_id":90910,"weight":2.6662},
{"Node_id":90911,"weight":2.4208},
{"Node_id":90912,"weight":1.5687},
{"Node_id":90913,"weight":2.8191},
{"Node_id":90914,"weight":1.4935},
{"Node_id":90915,"weight":1.7362},
{"Node_id":90918,"weight":6.1637},
{"Node_id":90919,"weight":1.9359},
{"Node_id":90920,"weight":3.3287},
{"Node_id":90921,"weight":3.0458},
{"Node_id":90922,"weight":2.1165},
{"Node_id":90923,"weight":1.5022},
{"Node_id":90924,"weight":2.5066},
{"Node_id":90927,"weight":1.4281},
{"Node_id":90928,"weight":2.4089},
{"Node_id":90929,"weight":1.7615},
{"Node_id":90930,"weight":1.4995},
{"Node_id":90931,"weight":1.9597},
{"Node_id":90932,"weight":2.955},
{"Node_id":90935,"weight":2.4235},
{"Node_id":90936,"weight":1.6634},
{"Node_id":90982,"weight":1.6883},
{"Node_id":91005,"weight":3.2676},
{"Node_id":91007,"weight":2.1062},
{"Node_id":91008,"weight":1.5949},
{"Node_id":91009,"weight":2.0705},
{"Node_id":91010,"weight":5.1441},
{"Node_id":91011,"weight":1.9018},
{"Node_id":91012,"weight":1.5582},
{"Node_id":91013,"weight":1.9477},
{"Node_id":91014,"weight":3.4095},
{"Node_id":91015,"weight":1.798},
{"Node_id":91016,"weight":3.8132},
{"Node_id":91017,"weight":5.1794},
{"Node_id":91018,"weight":8.1114},
{"Node_id":91019,"weight":3.5732},
{"Node_id":91020,"weight":6.5699},
{"Node_id":91021,"weight":1.8506},
{"Node_id":91022,"weight":3.2098},
{"Node_id":91023,"weight":2.1665},
{"Node_id":91026,"weight":2.0959},
{"Node_id":91027,"weight":3.1099},
{"Node_id":91028,"weight":2.2907},
{"Node_id":91029,"weight":5.2734},
{"Node_id":91030,"weight":3.8372},
{"Node_id":91031,"weight":1.6649},
{"Node_id":91032,"weight":2.5775},
{"Node_id":91033,"weight":3.0929},
{"Node_id":91034,"weight":1.7036},
{"Node_id":91035,"weight":2.5297},
{"Node_id":91036,"weight":1.917},
{"Node_id":91037,"weight":1.5416},
{"Node_id":91038,"weight":2.5913},
{"Node_id":91039,"weight":2.2006},
{"Node_id":91040,"weight":2.2073},
{"Node_id":91041,"weight":1.7346},
{"Node_id":91042,"weight":1.7252},
{"Node_id":91043,"weight":2.2871},
{"Node_id":91044,"weight":2.375},
{"Node_id":91045,"weight":1.9487},
{"Node_id":91046,"weight":2.5684},
{"Node_id":91047,"weight":2.4221},
{"Node_id":91048,"weight":1.6523},
{"Node_id":91049,"weight":2.1031},
{"Node_id":91050,"weight":1.7607},
{"Node_id":91051,"weight":1.4045},
{"Node_id":91052,"weight":2.3321},
{"Node_id":91053,"weight":3.5146},
{"Node_id":91054,"weight":3.7991},
{"Node_id":91055,"weight":2.5534},
{"Node_id":91056,"weight":2.2028},
{"Node_id":91057,"weight":1.9896},
{"Node_id":91058,"weight":1.8843},
{"Node_id":91059,"weight":2.8381},
{"Node_id":91060,"weight":1.5076},
{"Node_id":91061,"weight":2.184},
{"Node_id":91062,"weight":2.0416},
{"Node_id":91063,"weight":3.7579},
{"Node_id":91064,"weight":1.9296},
{"Node_id":91065,"weight":2.1093},
{"Node_id":91066,"weight":2.7876},
{"Node_id":91067,"weight":2.2657},
{"Node_id":91068,"weight":3.1651},
{"Node_id":91069,"weight":4.0163},
{"Node_id":91070,"weight":2.0192},
{"Node_id":91071,"weight":2.6678},
{"Node_id":91072,"weight":2.4768},
{"Node_id":91073,"weight":1.5245},
{"Node_id":91074,"weight":4.7954},
{"Node_id":91075,"weight":1.9896},
{"Node_id":91076,"weight":2.3075},
{"Node_id":91077,"weight":2.5023},
{"Node_id":91078,"weight":1.421},
{"Node_id":91079,"weight":1.7151},
{"Node_id":91080,"weight":1.5575},
{"Node_id":91081,"weight":1.9634},
{"Node_id":91102,"weight":2.5312},
{"Node_id":91124,"weight":3.1651},
{"Node_id":91140,"weight":2.0231},
{"Node_id":91155,"weight":2.6945},
{"Node_id":91156,"weight":3.6843},
{"Node_id":91157,"weight":2.6037},
{"Node_id":91172,"weight":3.6233},
{"Node_id":91173,"weight":2.5341},
{"Node_id":91174,"weight":2.6482},
{"Node_id":91175,"weight":2.2095},
{"Node_id":91176,"weight":2.2634},
{"Node_id":91177,"weight":1.653},
{"Node_id":91178,"weight":1.397},
{"Node_id":91179,"weight":2.5166},
{"Node_id":91180,"weight":1.9468},
{"Node_id":91181,"weight":2.0338},
{"Node_id":91182,"weight":1.7528},
{"Node_id":91183,"weight":1.53},
{"Node_id":91258,"weight":1.8128},
{"Node_id":91259,"weight":2.9808},
{"Node_id":91260,"weight":4.2402},
{"Node_id":91261,"weight":1.935},
{"Node_id":91262,"weight":1.6792},
{"Node_id":91263,"weight":3.2591},
{"Node_id":91264,"weight":1.6538},
{"Node_id":91265,"weight":2.1568},
{"Node_id":91266,"weight":3.1781},
{"Node_id":91267,"weight":2.881},
{"Node_id":91268,"weight":1.4848},
{"Node_id":91269,"weight":1.5793},
{"Node_id":91270,"weight":3.1833},
{"Node_id":91271,"weight":2.7857},
{"Node_id":91272,"weight":1.659},
{"Node_id":91273,"weight":1.6754},
{"Node_id":91274,"weight":1.7575},
{"Node_id":91275,"weight":2.2955},
{"Node_id":91276,"weight":2.0202},
{"Node_id":91277,"weight":2.7235},
{"Node_id":91278,"weight":2.1796},
{"Node_id":91279,"weight":2.7339},
{"Node_id":91280,"weight":3.3967},
{"Node_id":91281,"weight":2.4208},
{"Node_id":91282,"weight":1.5652},
{"Node_id":91283,"weight":2.6945},
{"Node_id":91284,"weight":4.1064},
{"Node_id":91288,"weight":1.5259},
{"Node_id":91289,"weight":2.1312},
{"Node_id":91290,"weight":1.5002},
{"Node_id":91291,"weight":6.3182},
{"Node_id":91292,"weight":2.0745},
{"Node_id":91293,"weight":1.4822},
{"Node_id":91294,"weight":1.4848},
{"Node_id":91295,"weight":2.0436},
{"Node_id":91296,"weight":1.9905},
{"Node_id":91297,"weight":2.4852},
{"Node_id":91298,"weight":1.8643},
{"Node_id":91299,"weight":3.1651},
{"Node_id":91300,"weight":3.7357},
{"Node_id":91301,"weight":1.3932},
{"Node_id":91302,"weight":1.4975},
{"Node_id":91303,"weight":1.8037},
{"Node_id":91304,"weight":1.5963},
{"Node_id":91305,"weight":2.5224},
{"Node_id":91306,"weight":3.842},
{"Node_id":91307,"weight":2.1622},
{"Node_id":91308,"weight":1.8515},
{"Node_id":91309,"weight":5.8401},
{"Node_id":91310,"weight":1.6906},
{"Node_id":91311,"weight":1.7736},
{"Node_id":91312,"weight":1.9296},
{"Node_id":91313,"weight":2.7857},
{"Node_id":91314,"weight":2.3546},
{"Node_id":91315,"weight":3.776},
{"Node_id":91316,"weight":4.0694},
{"Node_id":91317,"weight":2.4671},
{"Node_id":91318,"weight":2.173},
{"Node_id":91319,"weight":1.752},
{"Node_id":91320,"weight":2.0038},
{"Node_id":91321,"weight":1.4371},
{"Node_id":91322,"weight":2.7081},
{"Node_id":91323,"weight":1.4835},
{"Node_id":91324,"weight":1.9962},
{"Node_id":91325,"weight":2.727},
{"Node_id":91326,"weight":2.2517},
{"Node_id":91327,"weight":2.3648},
{"Node_id":91328,"weight":3.596},
{"Node_id":91329,"weight":2.6257},
{"Node_id":91330,"weight":2.4275},
{"Node_id":91331,"weight":1.9277},
{"Node_id":91332,"weight":2.3866},
{"Node_id":91333,"weight":5.3992},
{"Node_id":91334,"weight":1.4624},
{"Node_id":91335,"weight":1.5485},
{"Node_id":91336,"weight":2.3395},
{"Node_id":91337,"weight":1.8895},
{"Node_id":91338,"weight":2.4588},
{"Node_id":91339,"weight":2.2799},
{"Node_id":91340,"weight":2.8652},
{"Node_id":91341,"weight":1.5062},
{"Node_id":91342,"weight":1.4881},
{"Node_id":91343,"weight":1.5842},
{"Node_id":91344,"weight":1.4921},
{"Node_id":91345,"weight":1.8078},
{"Node_id":91346,"weight":1.776},
{"Node_id":91347,"weight":3.305},
{"Node_id":91348,"weight":2.5959},
{"Node_id":91349,"weight":1.6974},
{"Node_id":91350,"weight":2.2196},
{"Node_id":91351,"weight":1.4848},
{"Node_id":91352,"weight":2.881},
{"Node_id":91353,"weight":1.7401},
{"Node_id":91354,"weight":2.3234},
{"Node_id":91355,"weight":1.6208},
{"Node_id":91356,"weight":2.6563},
{"Node_id":91357,"weight":1.6486},
{"Node_id":91358,"weight":1.9332},
{"Node_id":91359,"weight":1.8523},
{"Node_id":91360,"weight":2.8229},
{"Node_id":91361,"weight":2.5579},
{"Node_id":91383,"weight":2.0907},
{"Node_id":91384,"weight":6.0725},
{"Node_id":91385,"weight":2.8574},
{"Node_id":91386,"weight":1.4178},
{"Node_id":91387,"weight":1.5992},
{"Node_id":91388,"weight":2.1719},
{"Node_id":91389,"weight":1.5035},
{"Node_id":91390,"weight":1.3882},
{"Node_id":91391,"weight":2.2576},
{"Node_id":91392,"weight":3.3652},
{"Node_id":91393,"weight":2.5254},
{"Node_id":91394,"weight":1.7105},
{"Node_id":91395,"weight":4.8458},
{"Node_id":91396,"weight":2.2552},
{"Node_id":91397,"weight":1.3988},
{"Node_id":91398,"weight":1.4172},
{"Node_id":91399,"weight":1.6523},
{"Node_id":91400,"weight":1.7963},
{"Node_id":91401,"weight":4.1002},
{"Node_id":91402,"weight":2.5066},
{"Node_id":91403,"weight":2.5385},
{"Node_id":91404,"weight":2.877},
{"Node_id":91405,"weight":1.9523},
{"Node_id":91406,"weight":2.5714},
{"Node_id":91407,"weight":1.4565},
{"Node_id":91408,"weight":1.744},
{"Node_id":91409,"weight":1.6732},
{"Node_id":91410,"weight":1.798},
{"Node_id":91411,"weight":1.9305},
{"Node_id":91412,"weight":1.4229},
{"Node_id":91413,"weight":1.543},
{"Node_id":91414,"weight":4.1711},
{"Node_id":91415,"weight":2.6711},
{"Node_id":91416,"weight":2.205},
{"Node_id":91417,"weight":3.1347},
{"Node_id":91418,"weight":1.4815},
{"Node_id":91419,"weight":1.752},
{"Node_id":91420,"weight":3.0252},
{"Node_id":91421,"weight":1.6368},
{"Node_id":91422,"weight":2.9593},
{"Node_id":91423,"weight":3.1964},
{"Node_id":91424,"weight":2.0565},
{"Node_id":91425,"weight":1.9296},
{"Node_id":91426,"weight":1.8136},
{"Node_id":91427,"weight":2.2242},
{"Node_id":91428,"weight":2.3571},
{"Node_id":91429,"weight":3.8038},
{"Node_id":91430,"weight":2.0938},
{"Node_id":91431,"weight":2.0745},
{"Node_id":91432,"weight":2.5123},
{"Node_id":91433,"weight":1.5786},
{"Node_id":91434,"weight":1.726},
{"Node_id":91435,"weight":1.4663},
{"Node_id":91436,"weight":2.6563},
{"Node_id":91437,"weight":1.4147},
{"Node_id":91438,"weight":2.9011},
{"Node_id":91439,"weight":5.2347},
{"Node_id":91440,"weight":3.4095},
{"Node_id":91441,"weight":3.4225},
{"Node_id":91442,"weight":1.8557},
{"Node_id":91443,"weight":2.6498},
{"Node_id":91444,"weight":2.1134},
{"Node_id":91445,"weight":2.366},
{"Node_id":91446,"weight":1.9395},
{"Node_id":91447,"weight":3.1859},
{"Node_id":91448,"weight":2.2907},
{"Node_id":91449,"weight":1.8337},
{"Node_id":91450,"weight":1.5652},
{"Node_id":91451,"weight":2.543},
{"Node_id":91452,"weight":5.8061},
{"Node_id":91453,"weight":3.6969},
{"Node_id":91454,"weight":2.1774},
{"Node_id":91455,"weight":1.4795},
{"Node_id":91456,"weight":1.3944},
{"Node_id":91457,"weight":2.3222},
{"Node_id":91458,"weight":1.8012},
{"Node_id":91459,"weight":5.2933},
{"Node_id":91462,"weight":1.5652},
{"Node_id":91463,"weight":2.5944},
{"Node_id":91464,"weight":2.0856},
{"Node_id":91465,"weight":1.5029},
{"Node_id":91466,"weight":2.8751},
{"Node_id":91467,"weight":1.5361},
{"Node_id":91468,"weight":3.2342},
{"Node_id":91469,"weight":1.9432},
{"Node_id":91470,"weight":1.639},
{"Node_id":91471,"weight":2.0436},
{"Node_id":91474,"weight":5.7105},
{"Node_id":91511,"weight":1.8834},
{"Node_id":91512,"weight":1.6657},
{"Node_id":91513,"weight":2.0918},
{"Node_id":91514,"weight":4.8588},
{"Node_id":91515,"weight":2.9257},
{"Node_id":91516,"weight":3.4323},
{"Node_id":91526,"weight":1.8756},
{"Node_id":91582,"weight":4.1982},
{"Node_id":91583,"weight":3.6392},
{"Node_id":91584,"weight":1.9727},
{"Node_id":91585,"weight":5.7414},
{"Node_id":91586,"weight":3.0929},
{"Node_id":91587,"weight":2.3609},
{"Node_id":91588,"weight":1.7113},
{"Node_id":91589,"weight":1.4268},
{"Node_id":91592,"weight":2.9896},
{"Node_id":91593,"weight":2.0938},
{"Node_id":91594,"weight":3.6718},
{"Node_id":91595,"weight":2.1124},
{"Node_id":91596,"weight":2.5519},
{"Node_id":91597,"weight":2.3445},
{"Node_id":91598,"weight":1.5527},
{"Node_id":91599,"weight":1.752},
{"Node_id":91600,"weight":2.7658},
{"Node_id":91601,"weight":1.9241},
{"Node_id":91602,"weight":1.8506},
{"Node_id":91603,"weight":2.4951},
{"Node_id":91604,"weight":3.3168},
{"Node_id":91605,"weight":1.9368},
{"Node_id":91606,"weight":2.2599},
{"Node_id":91607,"weight":1.8532},
{"Node_id":91608,"weight":2.2379},
{"Node_id":91609,"weight":1.8379},
{"Node_id":91610,"weight":3.6718},
{"Node_id":91611,"weight":1.6317},
{"Node_id":91612,"weight":3.7624},
{"Node_id":91613,"weight":1.5617},
{"Node_id":91614,"weight":1.8566},
{"Node_id":91615,"weight":1.8575},
{"Node_id":91616,"weight":1.6013},
{"Node_id":91620,"weight":2.508},
{"Node_id":91621,"weight":1.4198},
{"Node_id":91622,"weight":2.4478},
{"Node_id":91623,"weight":1.4474},
{"Node_id":91624,"weight":3.0229},
{"Node_id":91625,"weight":2.0377},
{"Node_id":91626,"weight":1.5218},
{"Node_id":91859,"weight":4.833},
{"Node_id":91860,"weight":1.5485},
{"Node_id":91861,"weight":2.3063},
{"Node_id":91862,"weight":1.8957},
{"Node_id":91865,"weight":4.1914},
{"Node_id":91866,"weight":4.3534},
{"Node_id":91867,"weight":1.6302},
{"Node_id":91868,"weight":1.8738},
{"Node_id":91869,"weight":1.5245},
{"Node_id":91870,"weight":5.0294},
{"Node_id":91871,"weight":1.5807},
{"Node_id":91872,"weight":3.8716},
{"Node_id":91873,"weight":2.2907},
{"Node_id":91874,"weight":2.6612},
{"Node_id":91875,"weight":2.2061},
{"Node_id":91876,"weight":1.5218},
{"Node_id":91877,"weight":2.2017},
{"Node_id":91878,"weight":5.3771},
{"Node_id":91879,"weight":2.3918},
{"Node_id":91880,"weight":1.5327},
{"Node_id":91881,"weight":1.5527},
{"Node_id":91882,"weight":2.2448},
{"Node_id":92026,"weight":5.2347},
{"Node_id":92027,"weight":1.9606},
{"Node_id":92028,"weight":1.7719},
{"Node_id":92029,"weight":1.4474},
{"Node_id":92030,"weight":2.4768},
{"Node_id":92041,"weight":1.7417},
{"Node_id":92042,"weight":2.9808},
{"Node_id":92045,"weight":1.4128},
{"Node_id":92046,"weight":1.5992},
{"Node_id":92047,"weight":1.6762},
{"Node_id":92048,"weight":2.0212},
{"Node_id":92049,"weight":3.0389},
{"Node_id":92050,"weight":3.3377},
{"Node_id":92095,"weight":2.6337},
{"Node_id":92096,"weight":1.7448},
{"Node_id":92097,"weight":1.6331},
{"Node_id":92098,"weight":2.0397},
{"Node_id":92099,"weight":1.7464},
{"Node_id":92100,"weight":1.9802},
{"Node_id":92101,"weight":2.027},
{"Node_id":92102,"weight":1.5828},
{"Node_id":92103,"weight":3.0504},
{"Node_id":92104,"weight":1.4281},
{"Node_id":92105,"weight":2.1557},
{"Node_id":92106,"weight":1.7881},
{"Node_id":92115,"weight":2.645},
{"Node_id":92116,"weight":1.575},
{"Node_id":92162,"weight":4.212},
{"Node_id":92163,"weight":3.5326},
{"Node_id":92164,"weight":3.248},
{"Node_id":92165,"weight":1.4526},
{"Node_id":92205,"weight":2.9917},
{"Node_id":92206,"weight":1.5779},
{"Node_id":92207,"weight":2.1503},
{"Node_id":92208,"weight":1.465},
{"Node_id":92209,"weight":1.9811},
{"Node_id":92210,"weight":1.4526},
{"Node_id":92211,"weight":1.5771},
{"Node_id":92212,"weight":1.8062},
{"Node_id":92213,"weight":2.0125},
{"Node_id":92214,"weight":5.7414},
{"Node_id":92215,"weight":4.1318},
{"Node_id":92216,"weight":2.5371},
{"Node_id":92217,"weight":2.1323},
{"Node_id":92218,"weight":1.4223},
{"Node_id":92219,"weight":4.3858},
{"Node_id":92220,"weight":4.4364},
{"Node_id":92221,"weight":1.4064},
{"Node_id":92222,"weight":1.4533},
{"Node_id":92223,"weight":1.513},
{"Node_id":92224,"weight":1.7036},
{"Node_id":92225,"weight":2.1218},
{"Node_id":92226,"weight":4.4451},
{"Node_id":92227,"weight":1.6538},
{"Node_id":92228,"weight":2.2185},
{"Node_id":92229,"weight":1.7535},
{"Node_id":92230,"weight":2.102},
{"Node_id":92231,"weight":1.397},
{"Node_id":92232,"weight":2.0685},
{"Node_id":92233,"weight":1.8851},
{"Node_id":92234,"weight":1.8379},
{"Node_id":92235,"weight":5.6515},
{"Node_id":92236,"weight":1.8992},
{"Node_id":92237,"weight":1.7939},
{"Node_id":92238,"weight":2.0125},
{"Node_id":92239,"weight":2.5594},
{"Node_id":92240,"weight":1.7244},
{"Node_id":92241,"weight":3.6969},
{"Node_id":92242,"weight":3.1703},
{"Node_id":92243,"weight":1.5184},
{"Node_id":92244,"weight":1.3869},
{"Node_id":92245,"weight":2.1829},
{"Node_id":92246,"weight":2.2196},
{"Node_id":92247,"weight":1.9597},
{"Node_id":92248,"weight":2.8477},
{"Node_id":92249,"weight":1.6694},
{"Node_id":92250,"weight":3.577},
{"Node_id":92251,"weight":2.889},
{"Node_id":92252,"weight":2.885},
{"Node_id":92253,"weight":1.5259},
{"Node_id":92254,"weight":3.8567},
{"Node_id":92255,"weight":3.3079},
{"Node_id":92256,"weight":1.8354},
{"Node_id":92257,"weight":1.7736},
{"Node_id":92258,"weight":3.714},
{"Node_id":92259,"weight":1.8371},
{"Node_id":92260,"weight":2.9808},
{"Node_id":92261,"weight":2.9614},
{"Node_id":92262,"weight":3.4934},
{"Node_id":92263,"weight":1.3882},
{"Node_id":92264,"weight":1.7623},
{"Node_id":92265,"weight":2.3711},
{"Node_id":92266,"weight":1.4313},
{"Node_id":92267,"weight":1.5527},
{"Node_id":92268,"weight":2.2599},
{"Node_id":92269,"weight":2.0029},
{"Node_id":92270,"weight":2.6596},
{"Node_id":92271,"weight":1.9359},
{"Node_id":92272,"weight":2.9381},
{"Node_id":92273,"weight":2.9174},
{"Node_id":92274,"weight":1.6171},
{"Node_id":92275,"weight":1.8103},
{"Node_id":92276,"weight":1.5334},
{"Node_id":92277,"weight":2.887},
{"Node_id":92278,"weight":1.8186},
{"Node_id":92279,"weight":1.9542},
{"Node_id":92290,"weight":1.6785},
{"Node_id":92291,"weight":3.0006},
{"Node_id":92292,"weight":2.1785},
{"Node_id":92293,"weight":3.0786},
{"Node_id":92294,"weight":3.8275},
{"Node_id":92295,"weight":1.7881},
{"Node_id":92296,"weight":3.055},
{"Node_id":92297,"weight":1.9662},
{"Node_id":92298,"weight":2.4671},
{"Node_id":92299,"weight":3.2905},
{"Node_id":92300,"weight":1.901},
{"Node_id":92301,"weight":1.9802},
{"Node_id":92302,"weight":1.9802},
{"Node_id":92303,"weight":7.8236},
{"Node_id":92307,"weight":1.6913},
{"Node_id":92308,"weight":2.645},
{"Node_id":92309,"weight":4.0163},
{"Node_id":92310,"weight":1.4915},
{"Node_id":92311,"weight":1.5347},
{"Node_id":92312,"weight":2.6531},
{"Node_id":92313,"weight":2.2611},
{"Node_id":92392,"weight":4.3454},
{"Node_id":92393,"weight":2.8248},
{"Node_id":92396,"weight":2.4994},
{"Node_id":92397,"weight":1.748},
{"Node_id":92398,"weight":1.4855},
{"Node_id":92399,"weight":2.764},
{"Node_id":92400,"weight":1.8721},
{"Node_id":92401,"weight":2.4492},
{"Node_id":92402,"weight":1.8904},
{"Node_id":92403,"weight":1.9783},
{"Node_id":92404,"weight":1.6508},
{"Node_id":92405,"weight":2.1302},
{"Node_id":92406,"weight":2.4356},
{"Node_id":92407,"weight":2.0897},
{"Node_id":92408,"weight":3.1322},
{"Node_id":92409,"weight":1.956},
{"Node_id":92410,"weight":4.5362},
{"Node_id":92411,"weight":2.8574},
{"Node_id":92414,"weight":4.6053},
{"Node_id":92415,"weight":2.7839},
{"Node_id":92416,"weight":1.5177},
{"Node_id":92417,"weight":1.414},
{"Node_id":92418,"weight":1.7496},
{"Node_id":92419,"weight":2.0318},
{"Node_id":92420,"weight":3.2424},
{"Node_id":92421,"weight":1.8756},
{"Node_id":92485,"weight":2.5371},
{"Node_id":92486,"weight":1.414},
{"Node_id":92487,"weight":2.4643},
{"Node_id":92516,"weight":1.8128},
{"Node_id":92517,"weight":1.4461},
{"Node_id":92518,"weight":2.0446},
{"Node_id":92519,"weight":2.5821},
{"Node_id":92520,"weight":3.4761},
{"Node_id":92521,"weight":1.5062},
{"Node_id":92522,"weight":2.0989},
{"Node_id":92523,"weight":2.3788},
{"Node_id":92524,"weight":1.5485},
{"Node_id":92525,"weight":4.4108},
{"Node_id":92528,"weight":1.4384},
{"Node_id":92529,"weight":2.7551},
{"Node_id":92530,"weight":1.7409},
{"Node_id":92531,"weight":2.1333},
{"Node_id":92532,"weight":1.9634},
{"Node_id":92533,"weight":1.8111},
{"Node_id":92534,"weight":2.7604},
{"Node_id":92535,"weight":1.5779},
{"Node_id":92536,"weight":4.1383},
{"Node_id":92537,"weight":1.4565},
{"Node_id":92538,"weight":3.6233},
{"Node_id":92539,"weight":1.7599},
{"Node_id":92540,"weight":2.5806},
{"Node_id":92541,"weight":1.4096},
{"Node_id":92542,"weight":3.9072},
{"Node_id":92543,"weight":1.8211},
{"Node_id":92544,"weight":2.5312},
{"Node_id":92545,"weight":1.8037},
{"Node_id":92546,"weight":2.9657},
{"Node_id":92547,"weight":2.6514},
{"Node_id":92548,"weight":1.4229},
{"Node_id":92549,"weight":2.7132},
{"Node_id":92550,"weight":1.8404},
{"Node_id":92551,"weight":1.9332},
{"Node_id":92552,"weight":2.5867},
{"Node_id":92553,"weight":1.6694},
{"Node_id":92554,"weight":4.119},
{"Node_id":92555,"weight":2.4937},
{"Node_id":92556,"weight":3.9992},
{"Node_id":92557,"weight":1.9268},
{"Node_id":92558,"weight":1.4351},
{"Node_id":92559,"weight":1.5361},
{"Node_id":92560,"weight":1.6501},
{"Node_id":92561,"weight":1.9001},
{"Node_id":92587,"weight":1.5396},
{"Node_id":92588,"weight":1.4409},
{"Node_id":92589,"weight":6.0299},
{"Node_id":92590,"weight":1.8037},
{"Node_id":92591,"weight":2.1939},
{"Node_id":92592,"weight":1.5143},
{"Node_id":92593,"weight":1.8203},
{"Node_id":92594,"weight":1.5055},
{"Node_id":92595,"weight":1.8575},
{"Node_id":92596,"weight":2.2402},
{"Node_id":92597,"weight":4.8588},
{"Node_id":92598,"weight":1.4274},
{"Node_id":92599,"weight":2.0948},
{"Node_id":92600,"weight":2.1503},
{"Node_id":92601,"weight":2.1051},
{"Node_id":92602,"weight":1.726},
{"Node_id":92603,"weight":1.9395},
{"Node_id":92604,"weight":1.3982},
{"Node_id":92605,"weight":3.248},
{"Node_id":92606,"weight":1.5687},
{"Node_id":92607,"weight":2.3395},
{"Node_id":92608,"weight":1.6128},
{"Node_id":92609,"weight":1.3919},
{"Node_id":92610,"weight":1.5568},
{"Node_id":92611,"weight":1.6361},
{"Node_id":92612,"weight":2.6928},
{"Node_id":92613,"weight":2.891},
{"Node_id":92614,"weight":2.6844},
{"Node_id":92615,"weight":7.1301},
{"Node_id":92616,"weight":1.9597},
{"Node_id":92622,"weight":1.893},
{"Node_id":92623,"weight":3.9176},
{"Node_id":92624,"weight":2.3198},
{"Node_id":92625,"weight":2.6678},
{"Node_id":92626,"weight":2.0948},
{"Node_id":92627,"weight":1.8592},
{"Node_id":92628,"weight":4.7357},
{"Node_id":92629,"weight":2.3309},
{"Node_id":92630,"weight":1.4185},
{"Node_id":92631,"weight":1.7615},
{"Node_id":92632,"weight":1.4644},
{"Node_id":92633,"weight":3.1729},
{"Node_id":92634,"weight":2.6794},
{"Node_id":92635,"weight":2.97},
{"Node_id":92636,"weight":1.4611},
{"Node_id":92642,"weight":2.2344},
{"Node_id":92643,"weight":2.6777},
{"Node_id":92644,"weight":1.7043},
{"Node_id":92645,"weight":2.0877},
{"Node_id":92646,"weight":1.822},
{"Node_id":92647,"weight":3.1755},
{"Node_id":92648,"weight":1.6244},
{"Node_id":92649,"weight":1.5389},
{"Node_id":92650,"weight":2.0907},
{"Node_id":92651,"weight":1.843},
{"Node_id":92652,"weight":3.5732},
{"Node_id":92653,"weight":1.7971},
{"Node_id":92654,"weight":2.9962},
{"Node_id":92655,"weight":2.3198},
{"Node_id":92656,"weight":2.4275},
{"Node_id":92657,"weight":1.4835},
{"Node_id":92658,"weight":1.6501},
{"Node_id":92659,"weight":1.832},
{"Node_id":92660,"weight":1.39},
{"Node_id":92661,"weight":2.3358},
{"Node_id":92662,"weight":1.9662},
{"Node_id":92663,"weight":1.6815},
{"Node_id":92664,"weight":1.9802},
{"Node_id":92665,"weight":3.5253},
{"Node_id":92666,"weight":2.7986},
{"Node_id":92667,"weight":2.6744},
{"Node_id":92668,"weight":2.5224},
{"Node_id":92678,"weight":3.8372},
{"Node_id":92679,"weight":2.5975},
{"Node_id":92680,"weight":2.3546},
{"Node_id":92683,"weight":1.6471},
{"Node_id":92684,"weight":2.2529},
{"Node_id":92685,"weight":4.2546},
{"Node_id":92686,"weight":3.3777},
{"Node_id":92687,"weight":2.6289},
{"Node_id":92688,"weight":1.7719},
{"Node_id":92689,"weight":2.8324},
{"Node_id":92690,"weight":1.8843},
{"Node_id":92691,"weight":2.0877},
{"Node_id":92692,"weight":2.5929},
{"Node_id":92693,"weight":1.6777},
{"Node_id":92694,"weight":4.2915},
{"Node_id":92695,"weight":1.4409},
{"Node_id":92696,"weight":1.4644},
{"Node_id":92697,"weight":3.3591},
{"Node_id":92698,"weight":2.1884},
{"Node_id":92699,"weight":2.9298},
{"Node_id":92700,"weight":3.4761},
{"Node_id":92701,"weight":4.4988},
{"Node_id":92702,"weight":3.7669},
{"Node_id":92779,"weight":2.7676},
{"Node_id":92780,"weight":1.8878},
{"Node_id":92781,"weight":3.7313},
{"Node_id":92782,"weight":2.2599},
{"Node_id":92783,"weight":4.0514},
{"Node_id":92784,"weight":2.9195},
{"Node_id":92785,"weight":1.7728},
{"Node_id":92786,"weight":1.3976},
{"Node_id":92787,"weight":1.7504},
{"Node_id":92788,"weight":1.6853},
{"Node_id":92789,"weight":1.9868},
{"Node_id":92790,"weight":2.1589},
{"Node_id":92791,"weight":2.3149},
{"Node_id":92792,"weight":2.3879},
{"Node_id":92793,"weight":4.8458},
{"Node_id":92794,"weight":1.4915},
{"Node_id":92795,"weight":2.239},
{"Node_id":92796,"weight":2.1643},
{"Node_id":92797,"weight":2.5489},
{"Node_id":92798,"weight":1.6649},
{"Node_id":92799,"weight":1.6702},
{"Node_id":92800,"weight":3.5657},
{"Node_id":92801,"weight":1.9783},
{"Node_id":92802,"weight":1.7939},
{"Node_id":92803,"weight":5.3771},
{"Node_id":92804,"weight":2.0456},
{"Node_id":92805,"weight":3.4969},
{"Node_id":92806,"weight":2.0456},
{"Node_id":92818,"weight":2.0948},
{"Node_id":92819,"weight":2.0525},
{"Node_id":92820,"weight":5.0609},
{"Node_id":92821,"weight":4.3066},
{"Node_id":92822,"weight":3.1099},
{"Node_id":92823,"weight":2.6131},
{"Node_id":92824,"weight":1.8245},
{"Node_id":92825,"weight":1.8245},
{"Node_id":92826,"weight":1.4455},
{"Node_id":92853,"weight":2.145},
{"Node_id":92854,"weight":3.055},
{"Node_id":92924,"weight":2.3088},
{"Node_id":92925,"weight":1.5252},
{"Node_id":92926,"weight":1.9487},
{"Node_id":92927,"weight":1.513},
{"Node_id":92928,"weight":1.6597},
{"Node_id":92929,"weight":2.2402},
{"Node_id":92930,"weight":3.2342},
{"Node_id":92931,"weight":2.2787},
{"Node_id":92932,"weight":2.173},
{"Node_id":92933,"weight":4.3297},
{"Node_id":92934,"weight":2.7586},
{"Node_id":92935,"weight":1.8295},
{"Node_id":92936,"weight":2.6596},
{"Node_id":92937,"weight":2.3508},
{"Node_id":92938,"weight":5.2734},
{"Node_id":92939,"weight":3.9072},
{"Node_id":92940,"weight":5.7732},
{"Node_id":92941,"weight":1.3951},
{"Node_id":92967,"weight":3.2205},
{"Node_id":92968,"weight":1.5779},
{"Node_id":92969,"weight":3.9495},
{"Node_id":92970,"weight":2.0918},
{"Node_id":92971,"weight":1.7833},
{"Node_id":92972,"weight":1.4795},
{"Node_id":92973,"weight":1.3907},
{"Node_id":92974,"weight":1.5694},
{"Node_id":92975,"weight":1.6762},
{"Node_id":92976,"weight":2.8267},
{"Node_id":92977,"weight":2.1785},
{"Node_id":92978,"weight":1.6171},
{"Node_id":92979,"weight":1.3882},
{"Node_id":92980,"weight":4.7242},
{"Node_id":92981,"weight":2.5415},
{"Node_id":92982,"weight":2.0397},
{"Node_id":92983,"weight":1.58},
{"Node_id":92984,"weight":1.5437},
{"Node_id":92985,"weight":1.8295},
{"Node_id":92986,"weight":2.4698},
{"Node_id":92987,"weight":1.9305},
{"Node_id":92988,"weight":3.8132},
{"Node_id":92989,"weight":1.9036},
{"Node_id":92990,"weight":1.8054},
{"Node_id":92991,"weight":1.6244},
{"Node_id":92992,"weight":1.5506},
{"Node_id":92993,"weight":1.8851},
{"Node_id":92994,"weight":1.6471},
{"Node_id":92995,"weight":3.1912},
{"Node_id":92996,"weight":1.5687},
{"Node_id":92997,"weight":1.4598},
{"Node_id":92998,"weight":2.2344},
{"Node_id":92999,"weight":2.0048},
{"Node_id":93000,"weight":2.5094},
{"Node_id":93001,"weight":2.1796},
{"Node_id":93018,"weight":6.1171},
{"Node_id":93019,"weight":1.7623},
{"Node_id":93020,"weight":1.4481},
{"Node_id":93023,"weight":4.7592},
{"Node_id":93024,"weight":2.2129},
{"Node_id":93108,"weight":3.1651},
{"Node_id":93109,"weight":2.3284},
{"Node_id":93175,"weight":3.7313},
{"Node_id":93212,"weight":1.3932},
{"Node_id":93266,"weight":1.822},
{"Node_id":93267,"weight":1.7464},
{"Node_id":93294,"weight":1.3913},
{"Node_id":93316,"weight":1.5779},
{"Node_id":93381,"weight":2.8458},
{"Node_id":93534,"weight":1.6936},
{"Node_id":93645,"weight":1.8379},
{"Node_id":93646,"weight":1.9802},
{"Node_id":93672,"weight":1.3894},
{"Node_id":93673,"weight":1.9746},
{"Node_id":93685,"weight":1.8834},
{"Node_id":93720,"weight":2.5268},
{"Node_id":93721,"weight":1.469},
{"Node_id":93722,"weight":2.8229},
{"Node_id":93723,"weight":3.3197},
{"Node_id":93724,"weight":3.5289},
{"Node_id":93725,"weight":1.6013},
{"Node_id":93726,"weight":1.5204},
{"Node_id":93727,"weight":3.5807},
{"Node_id":93728,"weight":2.0605},
{"Node_id":93729,"weight":1.7036},
{"Node_id":93730,"weight":1.7206},
{"Node_id":93731,"weight":2.1302},
{"Node_id":93732,"weight":1.7881},
{"Node_id":93733,"weight":1.7159},
{"Node_id":93734,"weight":4.3297},
{"Node_id":93735,"weight":1.6493},
{"Node_id":93736,"weight":1.7206},
{"Node_id":93739,"weight":1.5624},
{"Node_id":93740,"weight":1.6013},
{"Node_id":93741,"weight":4.6363},
{"Node_id":93748,"weight":2.7029},
{"Node_id":93749,"weight":3.504},
{"Node_id":93750,"weight":1.6553},
{"Node_id":93751,"weight":1.5715},
{"Node_id":93752,"weight":1.9423},
{"Node_id":93753,"weight":1.4481},
{"Node_id":93754,"weight":1.4494},
{"Node_id":93755,"weight":1.5575},
{"Node_id":93756,"weight":5.045},
{"Node_id":93757,"weight":2.1687},
{"Node_id":93758,"weight":1.9915},
{"Node_id":93759,"weight":2.7132},
{"Node_id":93760,"weight":1.9296},
{"Node_id":93761,"weight":2.1072},
{"Node_id":93762,"weight":3.842},
{"Node_id":93763,"weight":1.9259},
{"Node_id":93764,"weight":2.2344},
{"Node_id":93765,"weight":1.5757},
{"Node_id":93766,"weight":2.9852},
{"Node_id":93767,"weight":2.102},
{"Node_id":93768,"weight":1.9423},
{"Node_id":93769,"weight":1.8557},
{"Node_id":93770,"weight":2.2517},
{"Node_id":93771,"weight":2.6911},
{"Node_id":93772,"weight":4.1513},
{"Node_id":93773,"weight":2.9786},
{"Node_id":93774,"weight":5.5957},
{"Node_id":93775,"weight":1.8362},
{"Node_id":93776,"weight":2.7201},
{"Node_id":93777,"weight":2.1796},
{"Node_id":93778,"weight":1.8904},
{"Node_id":93779,"weight":3.2992},
{"Node_id":93780,"weight":1.9764},
{"Node_id":93781,"weight":1.7963},
{"Node_id":93782,"weight":2.1},
{"Node_id":93783,"weight":2.3321},
{"Node_id":93784,"weight":2.3584},
{"Node_id":93785,"weight":3.0574},
{"Node_id":93786,"weight":2.3866},
{"Node_id":93787,"weight":1.5245},
{"Node_id":93788,"weight":1.8387},
{"Node_id":93789,"weight":3.4095},
{"Node_id":93790,"weight":1.9943},
{"Node_id":93869,"weight":2.0416},
{"Node_id":93870,"weight":2.127},
{"Node_id":93871,"weight":2.6811},
{"Node_id":93872,"weight":1.8695},
{"Node_id":93873,"weight":2.0309},
{"Node_id":93874,"weight":2.1124},
{"Node_id":93875,"weight":4.5653},
{"Node_id":93876,"weight":2.3996},
{"Node_id":93877,"weight":1.4881},
{"Node_id":93878,"weight":2.7287},
{"Node_id":93879,"weight":3.0905},
{"Node_id":93880,"weight":2.0887},
{"Node_id":93881,"weight":1.4513},
{"Node_id":93917,"weight":3.4624},
{"Node_id":93918,"weight":1.4147},
{"Node_id":93919,"weight":1.552},
{"Node_id":93920,"weight":3.0139},
{"Node_id":93921,"weight":4.1064},
{"Node_id":93922,"weight":3.6595},
{"Node_id":93923,"weight":1.7276},
{"Node_id":93954,"weight":2.4533},
{"Node_id":93955,"weight":2.4221},
{"Node_id":93956,"weight":2.9011},
{"Node_id":93957,"weight":2.274},
{"Node_id":93958,"weight":2.8691},
{"Node_id":93959,"weight":1.397},
{"Node_id":93960,"weight":1.8992},
{"Node_id":93961,"weight":1.5157},
{"Node_id":93962,"weight":2.8496},
{"Node_id":93963,"weight":1.8295},
{"Node_id":93964,"weight":1.6273},
{"Node_id":94009,"weight":1.3982},
{"Node_id":94030,"weight":1.699},
{"Node_id":94031,"weight":2.1176},
{"Node_id":94038,"weight":2.7462},
{"Node_id":94039,"weight":2.1796},
{"Node_id":94040,"weight":2.1218},
{"Node_id":94041,"weight":1.532},
{"Node_id":94042,"weight":2.8496},
{"Node_id":94043,"weight":3.8038},
{"Node_id":94044,"weight":1.9241},
{"Node_id":94045,"weight":3.5004},
{"Node_id":94046,"weight":2.3635},
{"Node_id":94047,"weight":1.4513},
{"Node_id":94048,"weight":1.5218},
{"Node_id":94049,"weight":1.6951},
{"Node_id":94050,"weight":1.9089},
{"Node_id":94053,"weight":2.1557},
{"Node_id":94054,"weight":3.0857},
{"Node_id":94055,"weight":2.5852},
{"Node_id":94056,"weight":4.7242},
{"Node_id":94057,"weight":1.956},
{"Node_id":94058,"weight":2.8535},
{"Node_id":94059,"weight":2.1972},
{"Node_id":94060,"weight":2.3609},
{"Node_id":94061,"weight":3.1347},
{"Node_id":94062,"weight":1.9981},
{"Node_id":94063,"weight":4.9264},
{"Node_id":94064,"weight":2.2979},
{"Node_id":94065,"weight":3.5217},
{"Node_id":94066,"weight":2.4909},
{"Node_id":94067,"weight":1.5191},
{"Node_id":94068,"weight":2.1302},
{"Node_id":94069,"weight":1.6967},
{"Node_id":94070,"weight":2.61},
{"Node_id":94071,"weight":2.1493},
{"Node_id":94072,"weight":2.2895},
{"Node_id":94073,"weight":3.1075},
{"Node_id":94074,"weight":1.5444},
{"Node_id":94075,"weight":1.5177},
{"Node_id":94076,"weight":1.4683},
{"Node_id":94079,"weight":1.587},
{"Node_id":94080,"weight":2.5714},
{"Node_id":94081,"weight":1.5527},
{"Node_id":94082,"weight":2.7894},
{"Node_id":94083,"weight":1.4147},
{"Node_id":94084,"weight":1.6739},
{"Node_id":94085,"weight":1.7906},
{"Node_id":94086,"weight":6.264},
{"Node_id":94087,"weight":2.4075},
{"Node_id":94092,"weight":6.2126},
{"Node_id":94093,"weight":3.0072},
{"Node_id":94094,"weight":3.8275},
{"Node_id":94095,"weight":3.5362},
{"Node_id":94096,"weight":1.9287},
{"Node_id":94097,"weight":2.5836},
{"Node_id":94098,"weight":2.0202},
{"Node_id":94099,"weight":1.9305},
{"Node_id":94100,"weight":1.4749},
{"Node_id":94101,"weight":2.2967},
{"Node_id":94102,"weight":2.9195},
{"Node_id":94194,"weight":2.3271},
{"Node_id":94195,"weight":1.7535},
{"Node_id":94205,"weight":3.0343},
{"Node_id":94209,"weight":2.2835},
{"Node_id":94210,"weight":6.9068},
{"Node_id":94211,"weight":1.8678},
{"Node_id":94215,"weight":2.7218},
{"Node_id":94216,"weight":1.8404},
{"Node_id":94217,"weight":1.3944},
{"Node_id":94218,"weight":2.2587},
{"Node_id":94219,"weight":1.7074},
{"Node_id":94220,"weight":3.776},
{"Node_id":94221,"weight":4.6363},
{"Node_id":94222,"weight":3.9936},
{"Node_id":94223,"weight":2.231},
{"Node_id":94224,"weight":1.7028},
{"Node_id":94225,"weight":1.9386},
{"Node_id":94226,"weight":1.7144},
{"Node_id":94227,"weight":1.6442},
{"Node_id":94232,"weight":1.4191},
{"Node_id":94233,"weight":1.6229},
{"Node_id":94234,"weight":1.7417},
{"Node_id":94235,"weight":3.6636},
{"Node_id":94236,"weight":1.6853},
{"Node_id":94237,"weight":2.2402},
{"Node_id":94238,"weight":5.4217},
{"Node_id":94260,"weight":2.3234},
{"Node_id":94279,"weight":5.3555},
{"Node_id":94280,"weight":2.441},
{"Node_id":94281,"weight":1.5506},
{"Node_id":94282,"weight":2.9874},
{"Node_id":94292,"weight":1.7971},
{"Node_id":94293,"weight":1.6442},
{"Node_id":94294,"weight":1.3869},
{"Node_id":94298,"weight":2.2253},
{"Node_id":94299,"weight":3.2619},
{"Node_id":94300,"weight":3.0252},
{"Node_id":94316,"weight":1.886},
{"Node_id":94317,"weight":2.0887},
{"Node_id":94324,"weight":1.6545},
{"Node_id":94325,"weight":1.9905},
{"Node_id":94326,"weight":2.1312},
{"Node_id":94339,"weight":1.6013},
{"Node_id":94340,"weight":2.2705},
{"Node_id":94341,"weight":2.3259},
{"Node_id":94342,"weight":1.5015},
{"Node_id":94343,"weight":1.6339},
{"Node_id":94344,"weight":4.4716},
{"Node_id":94345,"weight":2.0897},
{"Node_id":94346,"weight":2.1665},
{"Node_id":94347,"weight":2.5836},
{"Node_id":94348,"weight":1.9578},
{"Node_id":94349,"weight":3.7991},
{"Node_id":94350,"weight":2.3559},
{"Node_id":94351,"weight":2.3996},
{"Node_id":94352,"weight":1.4982},
{"Node_id":94353,"weight":1.6605},
{"Node_id":94354,"weight":1.9802},
{"Node_id":94355,"weight":2.2129},
{"Node_id":94356,"weight":2.9215},
{"Node_id":94357,"weight":2.5944},
{"Node_id":94360,"weight":2.9614},
{"Node_id":94361,"weight":2.1072},
{"Node_id":94365,"weight":1.8021},
{"Node_id":94429,"weight":2.9133},
{"Node_id":94430,"weight":1.5076},
{"Node_id":94431,"weight":2.3622},
{"Node_id":94432,"weight":2.9423},
{"Node_id":94433,"weight":2.9874},
{"Node_id":94434,"weight":2.0826},
{"Node_id":94435,"weight":1.726},
{"Node_id":94436,"weight":1.7433},
{"Node_id":94437,"weight":2.223},
{"Node_id":94438,"weight":2.7081},
{"Node_id":94439,"weight":2.936},
{"Node_id":94443,"weight":1.9905},
{"Node_id":94444,"weight":1.9018},
{"Node_id":94445,"weight":4.1711},
{"Node_id":94446,"weight":1.4683},
{"Node_id":94447,"weight":2.0695},
{"Node_id":94469,"weight":3.8085},
{"Node_id":94470,"weight":1.3894},
{"Node_id":94471,"weight":4.6053},
{"Node_id":94472,"weight":4.4896},
{"Node_id":94473,"weight":3.4591},
{"Node_id":94474,"weight":2.2859},
{"Node_id":94475,"weight":1.5076},
{"Node_id":94476,"weight":1.6085},
{"Node_id":94477,"weight":1.4134},
{"Node_id":94478,"weight":2.0555},
{"Node_id":94482,"weight":1.9615},
{"Node_id":94483,"weight":2.1397},
{"Node_id":94484,"weight":2.885},
{"Node_id":94485,"weight":2.3673},
{"Node_id":94486,"weight":1.9359},
{"Node_id":94489,"weight":1.812},
{"Node_id":94490,"weight":2.3471},
{"Node_id":94491,"weight":2.1525},
{"Node_id":94492,"weight":2.2979},
{"Node_id":94493,"weight":4.9264},
{"Node_id":94494,"weight":3.4591},
{"Node_id":94495,"weight":3.4865},
{"Node_id":94496,"weight":2.2716},
{"Node_id":94497,"weight":1.5878},
{"Node_id":94498,"weight":4.9126},
{"Node_id":94499,"weight":1.3951},
{"Node_id":94500,"weight":2.2599},
{"Node_id":94501,"weight":2.1983},
{"Node_id":94502,"weight":1.6694},
{"Node_id":94503,"weight":2.0836},
{"Node_id":94504,"weight":1.8532},
{"Node_id":94505,"weight":2.5564},
{"Node_id":94506,"weight":2.4089},
{"Node_id":94507,"weight":2.1514},
{"Node_id":94510,"weight":1.4565},
{"Node_id":94512,"weight":3.1247},
{"Node_id":94514,"weight":2.4221},
{"Node_id":94515,"weight":1.7639},
{"Node_id":94516,"weight":2.6962},
{"Node_id":94526,"weight":3.8666},
{"Node_id":94527,"weight":1.5471},
{"Node_id":94528,"weight":1.6898},
{"Node_id":94529,"weight":1.3951},
{"Node_id":94530,"weight":1.6449},
{"Node_id":94531,"weight":2.0705},
{"Node_id":94532,"weight":1.8575},
{"Node_id":94533,"weight":3.2178},
{"Node_id":94534,"weight":2.6337},
{"Node_id":94535,"weight":2.5489},
{"Node_id":94536,"weight":2.0635},
{"Node_id":94537,"weight":2.6194},
{"Node_id":94538,"weight":1.656},
{"Node_id":94539,"weight":2.1939},
{"Node_id":94540,"weight":1.5694},
{"Node_id":94541,"weight":1.7631},
{"Node_id":94542,"weight":1.4255},
{"Node_id":94543,"weight":3.9441},
{"Node_id":94544,"weight":1.4268},
{"Node_id":94545,"weight":1.4403},
{"Node_id":94546,"weight":2.7081},
{"Node_id":94547,"weight":1.6383},
{"Node_id":94548,"weight":1.4808},
{"Node_id":94549,"weight":1.7496},
{"Node_id":94552,"weight":2.7115},
{"Node_id":94555,"weight":2.0655},
{"Node_id":94556,"weight":1.6694},
{"Node_id":94557,"weight":1.5771},
{"Node_id":94558,"weight":1.86},
{"Node_id":94559,"weight":5.7732},
{"Node_id":94560,"weight":4.2402},
{"Node_id":94561,"weight":2.5594},
{"Node_id":94598,"weight":2.2196},
{"Node_id":94599,"weight":2.6178},
{"Node_id":94600,"weight":4.5951},
{"Node_id":94601,"weight":3.7898},
{"Node_id":94602,"weight":2.9678},
{"Node_id":94638,"weight":3.4934},
{"Node_id":94639,"weight":1.7315},
{"Node_id":94640,"weight":1.8103},
{"Node_id":94641,"weight":2.6695},
{"Node_id":94642,"weight":1.5673},
{"Node_id":94643,"weight":3.5732},
{"Node_id":94644,"weight":2.0338},
{"Node_id":94645,"weight":2.8652},
{"Node_id":94646,"weight":2.3395},
{"Node_id":94647,"weight":2.4574},
{"Node_id":94648,"weight":3.1099},
{"Node_id":94649,"weight":2.5944},
{"Node_id":94650,"weight":2.1557},
{"Node_id":94651,"weight":3.449},
{"Node_id":94652,"weight":3.7991},
{"Node_id":94653,"weight":1.8712},
{"Node_id":94654,"weight":5.3992},
{"Node_id":94655,"weight":1.8913},
{"Node_id":94658,"weight":2.0231},
{"Node_id":94659,"weight":1.9359},
{"Node_id":94660,"weight":1.4306},
{"Node_id":94661,"weight":3.3438},
{"Node_id":94662,"weight":3.1807},
{"Node_id":94663,"weight":1.467},
{"Node_id":94664,"weight":3.0095},
{"Node_id":94667,"weight":2.5224},
{"Node_id":94668,"weight":2.0645},
{"Node_id":94669,"weight":1.5513},
{"Node_id":94670,"weight":2.5745},
{"Node_id":94671,"weight":1.4756},
{"Node_id":94700,"weight":2.4451},
{"Node_id":94701,"weight":2.239},
{"Node_id":94702,"weight":2.879},
{"Node_id":94703,"weight":1.879},
{"Node_id":94704,"weight":3.8469},
{"Node_id":94705,"weight":1.9662},
{"Node_id":94706,"weight":1.5849},
{"Node_id":94709,"weight":2.401},
{"Node_id":94719,"weight":1.7159},
{"Node_id":94720,"weight":1.5062},
{"Node_id":94721,"weight":2.3609},
{"Node_id":94722,"weight":1.7752},
{"Node_id":94723,"weight":2.0115},
{"Node_id":94724,"weight":1.8087},
{"Node_id":94725,"weight":1.4396},
{"Node_id":94726,"weight":2.1862},
{"Node_id":94727,"weight":2.0846},
{"Node_id":94728,"weight":3.1148},
{"Node_id":94729,"weight":1.5252},
{"Node_id":94730,"weight":4.2546},
{"Node_id":94731,"weight":4.0514},
{"Node_id":94732,"weight":2.6482},
{"Node_id":94733,"weight":1.983},
{"Node_id":94734,"weight":1.712},
{"Node_id":94735,"weight":6.6441},
{"Node_id":94814,"weight":3.7898},
{"Node_id":94815,"weight":1.9736},
{"Node_id":94818,"weight":1.4941},
{"Node_id":94819,"weight":3.504},
{"Node_id":94820,"weight":1.5715},
{"Node_id":94821,"weight":3.3652},
{"Node_id":94822,"weight":2.6645},
{"Node_id":94823,"weight":4.0634},
{"Node_id":94824,"weight":3.2178},
{"Node_id":94825,"weight":2.3003},
{"Node_id":94826,"weight":2.6695},
{"Node_id":94827,"weight":4.3614},
{"Node_id":94828,"weight":6.1171},
{"Node_id":94829,"weight":2.3699},
{"Node_id":94830,"weight":3.7806},
{"Node_id":94831,"weight":2.2219},
{"Node_id":94832,"weight":3.6352},
{"Node_id":94833,"weight":1.6171},
{"Node_id":94834,"weight":3.9713},
{"Node_id":94835,"weight":1.983},
{"Node_id":94836,"weight":2.4866},
{"Node_id":94837,"weight":1.5603},
{"Node_id":94838,"weight":5.6232},
{"Node_id":94839,"weight":3.5075},
{"Node_id":94842,"weight":2.5283},
{"Node_id":94843,"weight":1.4435},
{"Node_id":94844,"weight":1.9708},
{"Node_id":94845,"weight":1.7385},
{"Node_id":94846,"weight":2.1546},
{"Node_id":94852,"weight":2.7081},
{"Node_id":94853,"weight":2.0545},
{"Node_id":94854,"weight":3.3591},
{"Node_id":94855,"weight":2.0318},
{"Node_id":94856,"weight":3.7624},
{"Node_id":94857,"weight":2.0918},
{"Node_id":94858,"weight":3.4624},
{"Node_id":94859,"weight":2.6353},
{"Node_id":94860,"weight":2.0755},
{"Node_id":94861,"weight":2.6353},
{"Node_id":94862,"weight":1.4795},
{"Node_id":94863,"weight":1.7599},
{"Node_id":94864,"weight":1.4306},
{"Node_id":94865,"weight":1.78},
{"Node_id":94866,"weight":2.0221},
{"Node_id":94867,"weight":1.4332},
{"Node_id":94868,"weight":2.8248},
{"Node_id":94869,"weight":3.2452},
{"Node_id":94873,"weight":2.0595},
{"Node_id":94874,"weight":3.1912},
{"Node_id":94877,"weight":1.6288},
{"Node_id":94878,"weight":1.5743},
{"Node_id":94879,"weight":3.9713},
{"Node_id":94910,"weight":1.5828},
{"Node_id":94911,"weight":2.0309},
{"Node_id":94912,"weight":1.4663},
{"Node_id":94913,"weight":1.7082},
{"Node_id":94914,"weight":1.4928},
{"Node_id":94917,"weight":2.9113},
{"Node_id":94918,"weight":1.5231},
{"Node_id":94919,"weight":2.8116},
{"Node_id":94920,"weight":1.5062},
{"Node_id":94921,"weight":2.7166},
{"Node_id":94922,"weight":2.3458},
{"Node_id":94923,"weight":2.5181},
{"Node_id":94924,"weight":2.7857},
{"Node_id":94925,"weight":1.6739},
{"Node_id":94926,"weight":2.2646},
{"Node_id":94927,"weight":4.9548},
{"Node_id":94928,"weight":3.4456},
{"Node_id":94929,"weight":1.7028},
{"Node_id":94930,"weight":2.0348},
{"Node_id":94931,"weight":2.5066},
{"Node_id":94932,"weight":1.68},
{"Node_id":94933,"weight":1.9802},
{"Node_id":94934,"weight":4.2331},
{"Node_id":94935,"weight":2.2106},
{"Node_id":94936,"weight":2.3699},
{"Node_id":94937,"weight":4.2619},
{"Node_id":94938,"weight":2.2017},
{"Node_id":94939,"weight":2.441},
{"Node_id":94940,"weight":1.602},
{"Node_id":94941,"weight":2.1939},
{"Node_id":94948,"weight":2.0625},
{"Node_id":94949,"weight":2.4712},
{"Node_id":94950,"weight":2.4698},
{"Node_id":94951,"weight":2.645},
{"Node_id":94952,"weight":2.0348},
{"Node_id":94956,"weight":1.6739},
{"Node_id":94957,"weight":2.0735},
{"Node_id":94958,"weight":1.5506},
{"Node_id":94959,"weight":3.0343},
{"Node_id":94960,"weight":2.5474},
{"Node_id":94961,"weight":1.5701},
{"Node_id":94962,"weight":2.0358},
{"Node_id":94963,"weight":3.9441},
{"Node_id":94964,"weight":2.5385},
{"Node_id":94965,"weight":1.866},
{"Node_id":94966,"weight":1.8506},
{"Node_id":94967,"weight":2.877},
{"Node_id":94968,"weight":1.5204},
{"Node_id":95047,"weight":1.7776},
{"Node_id":95048,"weight":2.8613},
{"Node_id":95049,"weight":1.5934},
{"Node_id":95074,"weight":2.6563},
{"Node_id":95075,"weight":1.8261},
{"Node_id":95154,"weight":1.8286},
{"Node_id":95155,"weight":2.1407},
{"Node_id":95156,"weight":2.4115},
{"Node_id":95157,"weight":2.5297},
{"Node_id":95158,"weight":1.7639},
{"Node_id":95190,"weight":1.3982},
{"Node_id":95191,"weight":2.5699},
{"Node_id":95192,"weight":1.7005},
{"Node_id":95249,"weight":3.005},
{"Node_id":95250,"weight":1.5035},
{"Node_id":95295,"weight":6.3182},
{"Node_id":95296,"weight":1.7512},
{"Node_id":95297,"weight":5.5957},
{"Node_id":95298,"weight":1.4749},
{"Node_id":95299,"weight":4.1846},
{"Node_id":95300,"weight":2.9571},
{"Node_id":95301,"weight":1.4507},
{"Node_id":95302,"weight":4.4988},
{"Node_id":95303,"weight":2.0715},
{"Node_id":95304,"weight":1.7528},
{"Node_id":95305,"weight":1.6747},
{"Node_id":95306,"weight":1.6295},
{"Node_id":95307,"weight":3.3871},
{"Node_id":95308,"weight":1.9551},
{"Node_id":95309,"weight":2.6006},
{"Node_id":95312,"weight":1.6936},
{"Node_id":95313,"weight":2.1103},
{"Node_id":95314,"weight":2.1376},
{"Node_id":95315,"weight":1.6405},
{"Node_id":95316,"weight":2.4671},
{"Node_id":95317,"weight":1.5423},
{"Node_id":95318,"weight":1.4624},
{"Node_id":95319,"weight":6.3182},
{"Node_id":95345,"weight":2.2529},
{"Node_id":95370,"weight":3.6352},
{"Node_id":95385,"weight":4.3297},
{"Node_id":95386,"weight":2.0585},
{"Node_id":95389,"weight":2.1643},
{"Node_id":95390,"weight":3.6115},
{"Node_id":95391,"weight":1.854},
{"Node_id":95392,"weight":2.7515},
{"Node_id":95393,"weight":1.8738},
{"Node_id":95394,"weight":2.0846},
{"Node_id":95397,"weight":2.1983},
{"Node_id":95398,"weight":1.5666},
{"Node_id":95399,"weight":3.9658},
{"Node_id":95400,"weight":1.886},
{"Node_id":95401,"weight":1.7955},
{"Node_id":95402,"weight":2.3173},
{"Node_id":95403,"weight":1.9441},
{"Node_id":95404,"weight":1.5279},
{"Node_id":95405,"weight":2.2017},
{"Node_id":95406,"weight":1.5204},
{"Node_id":95407,"weight":2.6596},
{"Node_id":95408,"weight":2.9939},
{"Node_id":95409,"weight":1.5764},
{"Node_id":95410,"weight":1.5123},
{"Node_id":95411,"weight":2.5729},
{"Node_id":95412,"weight":2.1578},
{"Node_id":95413,"weight":2.1407},
{"Node_id":95414,"weight":1.6353},
{"Node_id":95415,"weight":2.3892},
{"Node_id":95416,"weight":2.3039},
{"Node_id":95417,"weight":2.7046},
{"Node_id":95418,"weight":1.6164},
{"Node_id":95419,"weight":1.8295},
{"Node_id":95420,"weight":3.6273},
{"Node_id":95421,"weight":2.9195},
{"Node_id":95426,"weight":1.8566},
{"Node_id":95427,"weight":2.2483},
{"Node_id":95428,"weight":2.2174},
{"Node_id":95429,"weight":2.3533},
{"Node_id":95430,"weight":3.0028},
{"Node_id":95431,"weight":1.5471},
{"Node_id":95432,"weight":3.2017},
{"Node_id":95433,"weight":2.366},
{"Node_id":95434,"weight":2.9195},
{"Node_id":95435,"weight":2.6466},
{"Node_id":95436,"weight":3.416},
{"Node_id":95437,"weight":1.4236},
{"Node_id":95438,"weight":4.0455},
{"Node_id":95439,"weight":2.1687},
{"Node_id":95442,"weight":1.4968},
{"Node_id":95443,"weight":1.5631},
{"Node_id":95444,"weight":2.6482},
{"Node_id":95445,"weight":2.2811},
{"Node_id":95446,"weight":3.5884},
{"Node_id":95447,"weight":1.9746},
{"Node_id":95448,"weight":3.449},
{"Node_id":95449,"weight":1.9332},
{"Node_id":95450,"weight":2.223},
{"Node_id":95451,"weight":2.7931},
{"Node_id":95457,"weight":3.1651},
{"Node_id":95458,"weight":1.4928},
{"Node_id":95462,"weight":3.1124},
{"Node_id":95463,"weight":3.1002},
{"Node_id":95464,"weight":2.2028},
{"Node_id":95465,"weight":3.9124},
{"Node_id":95466,"weight":3.8372},
{"Node_id":95467,"weight":2.7694},
{"Node_id":95468,"weight":4.0574},
{"Node_id":95469,"weight":7.418},
{"Node_id":95472,"weight":2.4288},
{"Node_id":95473,"weight":4.0514},
{"Node_id":95474,"weight":1.5293},
{"Node_id":95475,"weight":1.5396},
{"Node_id":95478,"weight":1.7939},
{"Node_id":95479,"weight":2.4329},
{"Node_id":95494,"weight":1.4598},
{"Node_id":95495,"weight":2.4155},
{"Node_id":95498,"weight":8.1114},
{"Node_id":95499,"weight":1.6434},
{"Node_id":95502,"weight":2.0067},
{"Node_id":95503,"weight":2.0019},
{"Node_id":95504,"weight":3.6432},
{"Node_id":95505,"weight":2.1884},
{"Node_id":95506,"weight":2.2174},
{"Node_id":95507,"weight":2.0836},
{"Node_id":95508,"weight":2.0289},
{"Node_id":95509,"weight":2.6777},
{"Node_id":95510,"weight":2.9465},
{"Node_id":95531,"weight":1.7028},
{"Node_id":95532,"weight":1.7013},
{"Node_id":95533,"weight":2.4356},
{"Node_id":95534,"weight":1.6747},
{"Node_id":95535,"weight":1.4736},
{"Node_id":95536,"weight":2.1145},
{"Node_id":95537,"weight":1.5029},
{"Node_id":95538,"weight":1.5409},
{"Node_id":95539,"weight":1.8669},
{"Node_id":95540,"weight":3.8227},
{"Node_id":95541,"weight":1.7409},
{"Node_id":95542,"weight":2.6037},
{"Node_id":95543,"weight":2.7912},
{"Node_id":95544,"weight":1.9468},
{"Node_id":95545,"weight":4.9989},
{"Node_id":95546,"weight":1.4855},
{"Node_id":95547,"weight":1.843},
{"Node_id":95548,"weight":1.8773},
{"Node_id":95549,"weight":2.8633},
{"Node_id":95550,"weight":6.3182},
{"Node_id":95551,"weight":2.2196},
{"Node_id":95552,"weight":3.1002},
{"Node_id":95553,"weight":1.5306},
{"Node_id":95554,"weight":3.3591},
{"Node_id":95555,"weight":1.5347},
{"Node_id":95556,"weight":1.4468},
{"Node_id":95557,"weight":1.6649},
{"Node_id":95558,"weight":1.7599},
{"Node_id":95559,"weight":2.2425},
{"Node_id":95560,"weight":2.0615},
{"Node_id":95561,"weight":1.3875},
{"Node_id":95562,"weight":2.321},
{"Node_id":95563,"weight":4.4538},
{"Node_id":95564,"weight":1.4789},
{"Node_id":95565,"weight":1.4572},
{"Node_id":95566,"weight":2.6678},
{"Node_id":95567,"weight":6.5008},
{"Node_id":95568,"weight":5.4685},
{"Node_id":95569,"weight":1.7575},
{"Node_id":95570,"weight":1.9662},
{"Node_id":95571,"weight":1.532},
{"Node_id":95572,"weight":1.5002},
{"Node_id":95573,"weight":1.4578},
{"Node_id":95574,"weight":4.3858},
{"Node_id":95577,"weight":3.2876},
{"Node_id":95578,"weight":3.6885},
{"Node_id":95579,"weight":2.0058},
{"Node_id":95580,"weight":2.0397},
{"Node_id":95581,"weight":1.6523},
{"Node_id":95582,"weight":6.4362},
{"Node_id":95583,"weight":1.86},
{"Node_id":95584,"weight":1.6959},
{"Node_id":95585,"weight":2.1643},
{"Node_id":95586,"weight":1.5736},
{"Node_id":95704,"weight":1.6822},
{"Node_id":95705,"weight":1.9395},
{"Node_id":95706,"weight":1.5245},
{"Node_id":95707,"weight":3.6554},
{"Node_id":95708,"weight":3.3714},
{"Node_id":95711,"weight":1.4585},
{"Node_id":95766,"weight":1.6982},
{"Node_id":95767,"weight":2.1093},
{"Node_id":95768,"weight":2.2669},
{"Node_id":95769,"weight":2.521},
{"Node_id":95770,"weight":1.9839},
{"Node_id":95771,"weight":2.4248},
{"Node_id":95772,"weight":1.752},
{"Node_id":95773,"weight":2.576},
{"Node_id":95829,"weight":2.4383},
{"Node_id":95830,"weight":1.9934},
{"Node_id":95831,"weight":1.8913},
{"Node_id":95832,"weight":4.4108},
{"Node_id":95833,"weight":1.9597},
{"Node_id":95834,"weight":1.659},
{"Node_id":95841,"weight":1.9223},
{"Node_id":95842,"weight":2.0173},
{"Node_id":95843,"weight":3.9604},
{"Node_id":95951,"weight":2.7986},
{"Node_id":95952,"weight":2.579},
{"Node_id":95953,"weight":2.205},
{"Node_id":95954,"weight":3.504},
{"Node_id":95955,"weight":1.4624},
{"Node_id":95961,"weight":3.6554},
{"Node_id":95962,"weight":5.8753},
{"Node_id":95963,"weight":2.7046},
{"Node_id":95964,"weight":1.4422},
{"Node_id":95965,"weight":3.4899},
{"Node_id":95966,"weight":2.6995},
{"Node_id":95967,"weight":3.0833},
{"Node_id":95968,"weight":1.6501},
{"Node_id":95969,"weight":2.5609},
{"Node_id":95970,"weight":2.4049},
{"Node_id":95971,"weight":2.2276},
{"Node_id":95972,"weight":3.248},
{"Node_id":95973,"weight":2.1376},
{"Node_id":95974,"weight":1.5694},
{"Node_id":95975,"weight":1.901},
{"Node_id":95976,"weight":1.9792},
{"Node_id":95977,"weight":1.9487},
{"Node_id":95978,"weight":3.1026},
{"Node_id":95979,"weight":1.4172},
{"Node_id":95986,"weight":3.1807},
{"Node_id":95987,"weight":3.0762},
{"Node_id":95988,"weight":4.1383},
{"Node_id":95989,"weight":1.683},
{"Node_id":95990,"weight":2.4615},
{"Node_id":95991,"weight":1.719},
{"Node_id":95992,"weight":2.214},
{"Node_id":95993,"weight":1.7639},
{"Node_id":95994,"weight":1.4709},
{"Node_id":95995,"weight":2.0725},
{"Node_id":95996,"weight":1.517},
{"Node_id":95997,"weight":1.6747},
{"Node_id":96003,"weight":2.027},
{"Node_id":96004,"weight":3.714},
{"Node_id":96005,"weight":2.3112},
{"Node_id":96006,"weight":1.6605},
{"Node_id":96007,"weight":1.9886},
{"Node_id":96008,"weight":4.7832},
{"Node_id":96009,"weight":1.9377},
{"Node_id":96010,"weight":1.8128},
{"Node_id":96020,"weight":1.4115},
{"Node_id":96021,"weight":3.1938},
{"Node_id":96022,"weight":2.5415},
{"Node_id":96023,"weight":1.5548},
{"Node_id":96024,"weight":1.5807},
{"Node_id":96025,"weight":2.2356},
{"Node_id":96026,"weight":2.3136},
{"Node_id":96027,"weight":1.7607},
{"Node_id":96028,"weight":3.4356},
{"Node_id":96029,"weight":2.6728},
{"Node_id":96030,"weight":1.628},
{"Node_id":96031,"weight":1.5225},
{"Node_id":96053,"weight":3.4865},
{"Node_id":96054,"weight":4.226},
{"Node_id":96091,"weight":1.6875},
{"Node_id":96092,"weight":4.6793},
{"Node_id":96093,"weight":1.6792},
{"Node_id":96094,"weight":2.0775},
{"Node_id":96095,"weight":2.6777},
{"Node_id":96096,"weight":3.2619},
{"Node_id":96097,"weight":1.6288},
{"Node_id":96098,"weight":4.8458},
{"Node_id":96099,"weight":1.822},
{"Node_id":96100,"weight":2.6482},
{"Node_id":96101,"weight":4.9264},
{"Node_id":96102,"weight":1.4115},
{"Node_id":96103,"weight":5.11},
{"Node_id":96104,"weight":3.3777},
{"Node_id":96105,"weight":2.2413},
{"Node_id":96106,"weight":2.5195},
{"Node_id":96107,"weight":3.3347},
{"Node_id":96108,"weight":2.1557},
{"Node_id":96109,"weight":1.4921},
{"Node_id":96110,"weight":3.1447},
{"Node_id":96111,"weight":1.6657},
{"Node_id":96112,"weight":3.9604},
{"Node_id":96113,"weight":2.5254},
{"Node_id":96114,"weight":5.2159},
{"Node_id":96115,"weight":2.1546},
{"Node_id":96116,"weight":2.3124},
{"Node_id":96117,"weight":1.5143},
{"Node_id":96118,"weight":3.6718},
{"Node_id":96119,"weight":2.576},
{"Node_id":96120,"weight":2.3879},
{"Node_id":96121,"weight":3.3903},
{"Node_id":96124,"weight":2.2752},
{"Node_id":96125,"weight":2.342},
{"Node_id":96126,"weight":3.3529},
{"Node_id":96127,"weight":1.5423},
{"Node_id":96128,"weight":2.9593},
{"Node_id":96129,"weight":1.6754},
{"Node_id":96130,"weight":3.3621},
{"Node_id":96131,"weight":1.8396},
{"Node_id":96186,"weight":2.2775},
{"Node_id":96187,"weight":2.2859},
{"Node_id":96188,"weight":2.4574},
{"Node_id":96189,"weight":3.0006},
{"Node_id":96190,"weight":2.3149},
{"Node_id":96191,"weight":2.5181},
{"Node_id":96192,"weight":1.5327},
{"Node_id":96193,"weight":1.5143},
{"Node_id":96194,"weight":2.5729},
{"Node_id":96305,"weight":2.9962},
{"Node_id":96316,"weight":2.173},
{"Node_id":96317,"weight":2.9786},
{"Node_id":96318,"weight":2.7322},
{"Node_id":96319,"weight":1.4185},
{"Node_id":96320,"weight":3.1124},
{"Node_id":96323,"weight":2.1386},
{"Node_id":96534,"weight":3.105},
{"Node_id":96535,"weight":2.3699},
{"Node_id":96536,"weight":3.3317},
{"Node_id":96537,"weight":1.5109},
{"Node_id":96540,"weight":3.4258},
{"Node_id":96541,"weight":1.6777},
{"Node_id":96542,"weight":1.5029},
{"Node_id":96543,"weight":2.6979},
{"Node_id":96544,"weight":3.3347},
{"Node_id":96545,"weight":2.1482},
{"Node_id":96546,"weight":2.397},
{"Node_id":96547,"weight":2.9765},
{"Node_id":96548,"weight":1.9588},
{"Node_id":96592,"weight":2.3763},
{"Node_id":96593,"weight":1.4229},
{"Node_id":96594,"weight":3.3347},
{"Node_id":96595,"weight":2.5867},
{"Node_id":96596,"weight":1.9404},
{"Node_id":96597,"weight":1.8904},
{"Node_id":96598,"weight":2.4089},
{"Node_id":96601,"weight":3.8132},
{"Node_id":96602,"weight":2.5579},
{"Node_id":96603,"weight":1.9107},
{"Node_id":96604,"weight":1.4396},
{"Node_id":96605,"weight":2.1632},
{"Node_id":96606,"weight":2.481},
{"Node_id":96607,"weight":3.0667},
{"Node_id":96608,"weight":2.3711},
{"Node_id":96609,"weight":2.1654},
{"Node_id":96610,"weight":1.7213},
{"Node_id":96611,"weight":2.274},
{"Node_id":96612,"weight":1.8387},
{"Node_id":96613,"weight":2.2657},
{"Node_id":96614,"weight":2.3259},
{"Node_id":96653,"weight":1.532},
{"Node_id":96654,"weight":3.5845},
{"Node_id":96655,"weight":1.9551},
{"Node_id":96656,"weight":2.1752},
{"Node_id":96657,"weight":1.8816},
{"Node_id":96658,"weight":2.7374},
{"Node_id":96659,"weight":1.4026},
{"Node_id":96662,"weight":1.3888},
{"Node_id":96663,"weight":4.5951},
{"Node_id":96664,"weight":1.9551},
{"Node_id":96665,"weight":3.8918},
{"Node_id":96666,"weight":1.4611},
{"Node_id":96667,"weight":1.7151},
{"Node_id":96668,"weight":1.4166},
{"Node_id":96669,"weight":3.9992},
{"Node_id":96680,"weight":4.226},
{"Node_id":96681,"weight":1.5527},
{"Node_id":96682,"weight":2.0555},
{"Node_id":96719,"weight":3.416},
{"Node_id":96720,"weight":2.8516},
{"Node_id":96721,"weight":2.0856},
{"Node_id":96722,"weight":2.0745},
{"Node_id":96723,"weight":2.0959},
{"Node_id":96724,"weight":2.1482},
{"Node_id":96725,"weight":1.568},
{"Node_id":96726,"weight":3.0435},
{"Node_id":96727,"weight":1.5701},
{"Node_id":96728,"weight":2.0755},
{"Node_id":96729,"weight":1.5589},
{"Node_id":96730,"weight":1.4261},
{"Node_id":96731,"weight":2.9444},
{"Node_id":96732,"weight":2.474},
{"Node_id":96733,"weight":2.4615},
{"Node_id":96740,"weight":2.5564},
{"Node_id":96741,"weight":1.3982},
{"Node_id":96742,"weight":2.1249},
{"Node_id":96743,"weight":2.61},
{"Node_id":96744,"weight":4.9126},
{"Node_id":96745,"weight":2.599},
{"Node_id":96746,"weight":1.532},
{"Node_id":96747,"weight":1.7268},
{"Node_id":96748,"weight":1.465},
{"Node_id":96749,"weight":2.5239},
{"Node_id":96766,"weight":3.1885},
{"Node_id":96767,"weight":2.7115},
{"Node_id":96768,"weight":2.9529},
{"Node_id":96769,"weight":3.6115},
{"Node_id":96770,"weight":4.0221},
{"Node_id":96771,"weight":2.7166},
{"Node_id":96772,"weight":1.421},
{"Node_id":96773,"weight":2.8023},
{"Node_id":96774,"weight":2.0407},
{"Node_id":96775,"weight":3.0905},
{"Node_id":96776,"weight":3.3999},
{"Node_id":96777,"weight":2.2775},
{"Node_id":96778,"weight":2.4657},
{"Node_id":96781,"weight":2.5564},
{"Node_id":96782,"weight":1.8878},
{"Node_id":96783,"weight":2.8613},
{"Node_id":96784,"weight":2.0397},
{"Node_id":96785,"weight":2.145},
{"Node_id":96821,"weight":1.6997},
{"Node_id":96822,"weight":1.8965},
{"Node_id":96851,"weight":2.6257},
{"Node_id":96852,"weight":3.9441},
{"Node_id":96853,"weight":1.3988},
{"Node_id":96854,"weight":2.6645},
{"Node_id":96855,"weight":1.6493},
{"Node_id":96856,"weight":4.8203},
{"Node_id":96935,"weight":1.8379},
{"Node_id":96936,"weight":4.0279},
{"Node_id":96956,"weight":1.6442},
{"Node_id":96957,"weight":2.3983},
{"Node_id":96961,"weight":2.3571},
{"Node_id":96962,"weight":2.5283},
{"Node_id":96963,"weight":2.5459},
{"Node_id":96964,"weight":1.656},
{"Node_id":96965,"weight":3.0667},
{"Node_id":96966,"weight":3.1472},
{"Node_id":96976,"weight":1.8128},
{"Node_id":96981,"weight":1.7583},
{"Node_id":96982,"weight":3.1755},
{"Node_id":96997,"weight":1.5506},
{"Node_id":96999,"weight":1.7881},
{"Node_id":97000,"weight":4.4538},
{"Node_id":97001,"weight":1.8128},
{"Node_id":97005,"weight":2.3371},
{"Node_id":97006,"weight":1.9953},
{"Node_id":97007,"weight":3.7226},
{"Node_id":97008,"weight":4.4192},
{"Node_id":97009,"weight":1.8825},
{"Node_id":97010,"weight":1.8421},
{"Node_id":97021,"weight":1.469},
{"Node_id":97022,"weight":2.9657},
{"Node_id":97023,"weight":2.6894},
{"Node_id":97024,"weight":2.7339},
{"Node_id":97027,"weight":2.7115},
{"Node_id":97028,"weight":3.7535},
{"Node_id":97029,"weight":2.4102},
{"Node_id":97030,"weight":1.8337},
{"Node_id":97031,"weight":6.8113},
{"Node_id":97046,"weight":1.5341},
{"Node_id":97047,"weight":2.4181},
{"Node_id":97048,"weight":3.2178},
{"Node_id":97049,"weight":1.4166},
{"Node_id":97050,"weight":2.3483},
{"Node_id":97056,"weight":1.9606},
{"Node_id":97057,"weight":1.6515},
{"Node_id":97058,"weight":1.5002},
{"Node_id":97059,"weight":1.5534},
{"Node_id":97060,"weight":2.5254},
{"Node_id":97061,"weight":2.6353},
{"Node_id":97062,"weight":2.4262},
{"Node_id":97063,"weight":2.4248},
{"Node_id":97064,"weight":2.5519},
{"Node_id":97177,"weight":2.2943},
{"Node_id":97178,"weight":5.7105},
{"Node_id":97179,"weight":2.5609},
{"Node_id":97180,"weight":2.1983},
{"Node_id":97181,"weight":1.7417},
{"Node_id":97182,"weight":2.1113},
{"Node_id":97216,"weight":5.077},
{"Node_id":97217,"weight":2.2764},
{"Node_id":97218,"weight":6.4362},
{"Node_id":97219,"weight":1.3944},
{"Node_id":97220,"weight":2.0525},
{"Node_id":97221,"weight":3.0481},
{"Node_id":97222,"weight":4.5951},
{"Node_id":97223,"weight":2.9444},
{"Node_id":97224,"weight":1.4242},
{"Node_id":97225,"weight":3.0072},
{"Node_id":97226,"weight":2.7287},
{"Node_id":97227,"weight":1.726},
{"Node_id":97228,"weight":2.4505},
{"Node_id":97229,"weight":2.3408},
{"Node_id":97230,"weight":3.449},
{"Node_id":97231,"weight":5.0141},
{"Node_id":97232,"weight":3.2704},
{"Node_id":97233,"weight":1.7151},
{"Node_id":97234,"weight":2.0565},
{"Node_id":97237,"weight":2.599},
{"Node_id":97238,"weight":1.793},
{"Node_id":97239,"weight":3.3683},
{"Node_id":97240,"weight":1.9699},
{"Node_id":97241,"weight":2.5975},
{"Node_id":97242,"weight":2.1461},
{"Node_id":97243,"weight":1.4565},
{"Node_id":97244,"weight":2.4464},
{"Node_id":97245,"weight":2.4288},
{"Node_id":97246,"weight":1.4198},
{"Node_id":97247,"weight":1.5548},
{"Node_id":97248,"weight":2.5821},
{"Node_id":97249,"weight":1.5002},
{"Node_id":97250,"weight":3.4934},
{"Node_id":97251,"weight":3.1075},
{"Node_id":97252,"weight":1.9089},
{"Node_id":97253,"weight":2.4881},
{"Node_id":97254,"weight":1.4941},
{"Node_id":97257,"weight":7.418},
{"Node_id":97258,"weight":2.145},
{"Node_id":97265,"weight":3.1912},
{"Node_id":97266,"weight":3.3438},
{"Node_id":97267,"weight":4.3143},
{"Node_id":97268,"weight":1.6368},
{"Node_id":97290,"weight":2.1386},
{"Node_id":97291,"weight":1.4915},
{"Node_id":97292,"weight":3.248},
{"Node_id":97293,"weight":2.173},
{"Node_id":97294,"weight":2.7569},
{"Node_id":97295,"weight":1.6085},
{"Node_id":97296,"weight":3.1885},
{"Node_id":97297,"weight":1.6099},
{"Node_id":97298,"weight":4.0514},
{"Node_id":97301,"weight":2.4796},
{"Node_id":97306,"weight":1.7393},
{"Node_id":97307,"weight":3.9936},
{"Node_id":97308,"weight":1.5225},
{"Node_id":97309,"weight":2.0775},
{"Node_id":97310,"weight":1.8228},
{"Node_id":97311,"weight":2.2811},
{"Node_id":97312,"weight":1.8869},
{"Node_id":97313,"weight":1.5942},
{"Node_id":97314,"weight":1.6099},
{"Node_id":97315,"weight":1.5177},
{"Node_id":97316,"weight":1.6027},
{"Node_id":97317,"weight":1.5204},
{"Node_id":97318,"weight":2.2471},
{"Node_id":97319,"weight":1.6523},
{"Node_id":97320,"weight":5.0141},
{"Node_id":97321,"weight":2.7766},
{"Node_id":97322,"weight":4.833},
{"Node_id":97323,"weight":2.2084},
{"Node_id":97324,"weight":3.6392},
{"Node_id":97325,"weight":2.7876},
{"Node_id":97326,"weight":4.7474}]