[{"Node_id":7073,"weight":1.9214},
{"Node_id":7077,"weight":2.184},
{"Node_id":7078,"weight":3.483},
{"Node_id":7079,"weight":2.2799},
{"Node_id":7080,"weight":2.0505},
{"Node_id":7081,"weight":1.9802},
{"Node_id":7082,"weight":2.5051},
{"Node_id":7086,"weight":2.4994},
{"Node_id":7087,"weight":2.7218},
{"Node_id":7088,"weight":3.6636},
{"Node_id":7089,"weight":1.6493},
{"Node_id":7090,"weight":4.0396},
{"Node_id":7091,"weight":2.0367},
{"Node_id":7092,"weight":1.4319},
{"Node_id":7093,"weight":3.8918},
{"Node_id":7094,"weight":2.3699},
{"Node_id":7095,"weight":1.8825},
{"Node_id":7096,"weight":1.9924},
{"Node_id":7097,"weight":2.5459},
{"Node_id":7098,"weight":2.6645},
{"Node_id":7099,"weight":2.321},
{"Node_id":7100,"weight":1.6936},
{"Node_id":7101,"weight":4.1254},
{"Node_id":7104,"weight":2.1397},
{"Node_id":7105,"weight":2.4195},
{"Node_id":7106,"weight":1.4064},
{"Node_id":7107,"weight":1.8203},
{"Node_id":7108,"weight":4.1846},
{"Node_id":7115,"weight":2.7912},
{"Node_id":7120,"weight":2.9298},
{"Node_id":7121,"weight":3.7945},
{"Node_id":7125,"weight":1.5736},
{"Node_id":7126,"weight":1.9597},
{"Node_id":7127,"weight":1.9569},
{"Node_id":7128,"weight":1.4474},
{"Node_id":7129,"weight":1.9468},
{"Node_id":7130,"weight":2.0241},
{"Node_id":7151,"weight":1.4371},
{"Node_id":7152,"weight":2.4866},
{"Node_id":7153,"weight":1.7922},
{"Node_id":7154,"weight":1.5259},
{"Node_id":7155,"weight":3.2124},
{"Node_id":7156,"weight":2.5123},
{"Node_id":7157,"weight":1.832},
{"Node_id":7158,"weight":4.7357},
{"Node_id":7159,"weight":1.744},
{"Node_id":7160,"weight":1.748},
{"Node_id":7163,"weight":1.8643},
{"Node_id":7164,"weight":3.4127},
{"Node_id":7165,"weight":1.7036},
{"Node_id":7166,"weight":2.5852},
{"Node_id":7168,"weight":2.0846},
{"Node_id":7169,"weight":3.9713},
{"Node_id":7170,"weight":3.2963},
{"Node_id":7171,"weight":2.0212},
{"Node_id":7172,"weight":1.3976},
{"Node_id":7173,"weight":1.5513},
{"Node_id":7174,"weight":1.8203},
{"Node_id":7175,"weight":1.5492},
{"Node_id":7176,"weight":2.0456},
{"Node_id":7177,"weight":1.7036},
{"Node_id":7178,"weight":2.0595},
{"Node_id":7179,"weight":4.7954},
{"Node_id":7180,"weight":1.4217},
{"Node_id":7181,"weight":1.8421},
{"Node_id":7182,"weight":1.8421},
{"Node_id":7183,"weight":1.4624},
{"Node_id":7184,"weight":3.429},
{"Node_id":7185,"weight":2.764},
{"Node_id":7186,"weight":2.001},
{"Node_id":7187,"weight":1.6353},
{"Node_id":7188,"weight":1.4539},
{"Node_id":7189,"weight":4.219},
{"Node_id":7190,"weight":3.0667},
{"Node_id":7191,"weight":4.226},
{"Node_id":7192,"weight":1.5361},
{"Node_id":7204,"weight":2.7949},
{"Node_id":7205,"weight":1.5638},
{"Node_id":7208,"weight":1.7583},
{"Node_id":7209,"weight":2.4102},
{"Node_id":7214,"weight":7.6004},
{"Node_id":7215,"weight":1.6034},
{"Node_id":7216,"weight":1.9197},
{"Node_id":7217,"weight":1.5259},
{"Node_id":7218,"weight":1.8421},
{"Node_id":7219,"weight":1.9532},
{"Node_id":7220,"weight":2.1928},
{"Node_id":7221,"weight":1.6493},
{"Node_id":7222,"weight":1.9395},
{"Node_id":7223,"weight":2.3983},
{"Node_id":7224,"weight":2.2634},
{"Node_id":7225,"weight":2.2253},
{"Node_id":7226,"weight":3.9176},
{"Node_id":7227,"weight":2.4369},
{"Node_id":7228,"weight":2.3271},
{"Node_id":7229,"weight":3.1026},
{"Node_id":7230,"weight":1.5764},
{"Node_id":7231,"weight":1.7097},
{"Node_id":7232,"weight":2.7115},
{"Node_id":7237,"weight":1.4261},
{"Node_id":7238,"weight":4.2766},
{"Node_id":7239,"weight":6.0725},
{"Node_id":7240,"weight":3.2397},
{"Node_id":7241,"weight":2.3763},
{"Node_id":7242,"weight":5.2159},
{"Node_id":7243,"weight":2.6006},
{"Node_id":7244,"weight":2.7857},
{"Node_id":7245,"weight":3.3714},
{"Node_id":7246,"weight":1.5666},
{"Node_id":7247,"weight":2.6612},
{"Node_id":7248,"weight":1.886},
{"Node_id":7249,"weight":1.866},
{"Node_id":7250,"weight":1.5327},
{"Node_id":7251,"weight":2.1218},
{"Node_id":7252,"weight":1.5123},
{"Node_id":7253,"weight":3.596},
{"Node_id":7254,"weight":1.7013},
{"Node_id":7255,"weight":2.0348},
{"Node_id":7256,"weight":2.887},
{"Node_id":7257,"weight":2.2287},
{"Node_id":7378,"weight":1.7136},
{"Node_id":7379,"weight":1.6875},
{"Node_id":7380,"weight":3.3227},
{"Node_id":7381,"weight":3.2733},
{"Node_id":7433,"weight":1.7833},
{"Node_id":7478,"weight":1.9287},
{"Node_id":7704,"weight":2.8172},
{"Node_id":7894,"weight":2.5654},
{"Node_id":7895,"weight":1.4281},
{"Node_id":7896,"weight":2.0887},
{"Node_id":8129,"weight":2.806},
{"Node_id":8130,"weight":5.077},
{"Node_id":8131,"weight":1.4178},
{"Node_id":8132,"weight":4.1064},
{"Node_id":8133,"weight":2.0695},
{"Node_id":8134,"weight":1.6085},
{"Node_id":8135,"weight":2.2196},
{"Node_id":8136,"weight":1.6027},
{"Node_id":8137,"weight":2.0907},
{"Node_id":8138,"weight":2.9635},
{"Node_id":8139,"weight":3.9549},
{"Node_id":8140,"weight":1.4474},
{"Node_id":8141,"weight":1.7051},
{"Node_id":8142,"weight":2.3996},
{"Node_id":8143,"weight":1.7433},
{"Node_id":8144,"weight":2.1807},
{"Node_id":8145,"weight":2.3866},
{"Node_id":8146,"weight":1.3919},
{"Node_id":8147,"weight":2.0928},
{"Node_id":8150,"weight":4.5751},
{"Node_id":8151,"weight":1.8481},
{"Node_id":8152,"weight":2.0938},
{"Node_id":8153,"weight":1.9615},
{"Node_id":8154,"weight":2.0299},
{"Node_id":8155,"weight":2.3433},
{"Node_id":8156,"weight":1.7159},
{"Node_id":8157,"weight":2.5504},
{"Node_id":8158,"weight":2.9765},
{"Node_id":8159,"weight":2.5519},
{"Node_id":8160,"weight":1.8523},
{"Node_id":8161,"weight":2.3648},
{"Node_id":8164,"weight":1.4868},
{"Node_id":8165,"weight":1.4481},
{"Node_id":8166,"weight":1.4384},
{"Node_id":8167,"weight":5.2933},
{"Node_id":8168,"weight":1.4313},
{"Node_id":8169,"weight":3.3287},
{"Node_id":8170,"weight":1.9305},
{"Node_id":8171,"weight":4.8078},
{"Node_id":8172,"weight":2.5195},
{"Node_id":8173,"weight":1.3882},
{"Node_id":8174,"weight":3.2151},
{"Node_id":8175,"weight":2.3271},
{"Node_id":8176,"weight":1.6208},
{"Node_id":8177,"weight":4.6469},
{"Node_id":8178,"weight":2.2943},
{"Node_id":8179,"weight":3.4523},
{"Node_id":8180,"weight":1.4617},
{"Node_id":8181,"weight":1.4313},
{"Node_id":8182,"weight":3.0978},
{"Node_id":8183,"weight":1.6142},
{"Node_id":8184,"weight":1.3869},
{"Node_id":8185,"weight":3.0006},
{"Node_id":8186,"weight":2.8691},
{"Node_id":8187,"weight":1.7276},
{"Node_id":8188,"weight":1.3982},
{"Node_id":8189,"weight":1.8869},
{"Node_id":8190,"weight":2.0918},
{"Node_id":8195,"weight":2.7604},
{"Node_id":8196,"weight":1.7647},
{"Node_id":8197,"weight":3.4225},
{"Node_id":8198,"weight":3.1651},
{"Node_id":8199,"weight":2.6482},
{"Node_id":8200,"weight":1.6434},
{"Node_id":8201,"weight":2.6662},
{"Node_id":8202,"weight":1.5204},
{"Node_id":8203,"weight":1.8704},
{"Node_id":8204,"weight":1.4455},
{"Node_id":8205,"weight":1.452},
{"Node_id":8206,"weight":3.6677},
{"Node_id":8207,"weight":2.9722},
{"Node_id":8208,"weight":1.6405},
{"Node_id":8211,"weight":3.511},
{"Node_id":8212,"weight":1.6627},
{"Node_id":8213,"weight":3.1173},
{"Node_id":8214,"weight":2.2752},
{"Node_id":8215,"weight":1.6049},
{"Node_id":8216,"weight":1.6612},
{"Node_id":8217,"weight":2.9786},
{"Node_id":8218,"weight":1.9496},
{"Node_id":8219,"weight":1.7151},
{"Node_id":8222,"weight":1.8037},
{"Node_id":8223,"weight":1.7448},
{"Node_id":8224,"weight":1.9197},
{"Node_id":8225,"weight":2.6369},
{"Node_id":8261,"weight":1.4494},
{"Node_id":8262,"weight":4.4024},
{"Node_id":8263,"weight":2.1397},
{"Node_id":8264,"weight":1.4822},
{"Node_id":8265,"weight":3.7852},
{"Node_id":8266,"weight":1.9487},
{"Node_id":8267,"weight":2.1218},
{"Node_id":8268,"weight":2.2242},
{"Node_id":8269,"weight":1.9972},
{"Node_id":8270,"weight":5.9496},
{"Node_id":8273,"weight":2.9298},
{"Node_id":8276,"weight":4.1711},
{"Node_id":8277,"weight":2.4142},
{"Node_id":8278,"weight":2.4838},
{"Node_id":8279,"weight":2.4629},
{"Node_id":8280,"weight":3.2676},
{"Node_id":8281,"weight":4.6259},
{"Node_id":8282,"weight":4.5555},
{"Node_id":8283,"weight":1.7865},
{"Node_id":8284,"weight":1.4862},
{"Node_id":8285,"weight":1.8921},
{"Node_id":8286,"weight":1.5055},
{"Node_id":8287,"weight":1.4261},
{"Node_id":8288,"weight":1.7551},
{"Node_id":8289,"weight":1.8652},
{"Node_id":8290,"weight":5.2539},
{"Node_id":8291,"weight":1.4815},
{"Node_id":8292,"weight":1.4287},
{"Node_id":8293,"weight":1.5451},
{"Node_id":8294,"weight":1.6229},
{"Node_id":8295,"weight":4.2051},
{"Node_id":8296,"weight":2.579},
{"Node_id":8297,"weight":1.5885},
{"Node_id":8298,"weight":2.883},
{"Node_id":8301,"weight":3.4591},
{"Node_id":8302,"weight":2.5654},
{"Node_id":8305,"weight":7.8236},
{"Node_id":8315,"weight":1.5225},
{"Node_id":8316,"weight":2.2494},
{"Node_id":8317,"weight":2.5669},
{"Node_id":8318,"weight":3.2452},
{"Node_id":8319,"weight":2.8439},
{"Node_id":8320,"weight":2.3371},
{"Node_id":8321,"weight":1.3913},
{"Node_id":8322,"weight":4.3066},
{"Node_id":8323,"weight":2.7712},
{"Node_id":8324,"weight":5.077},
{"Node_id":8325,"weight":1.9386},
{"Node_id":8329,"weight":2.2425},
{"Node_id":8330,"weight":2.0144},
{"Node_id":8331,"weight":1.4955},
{"Node_id":8332,"weight":1.4364},
{"Node_id":8333,"weight":1.7639},
{"Node_id":8334,"weight":4.872},
{"Node_id":8338,"weight":2.2967},
{"Node_id":8339,"weight":1.4855},
{"Node_id":8340,"weight":3.0297},
{"Node_id":8341,"weight":1.421},
{"Node_id":8342,"weight":1.9487},
{"Node_id":8343,"weight":2.6434},
{"Node_id":8344,"weight":1.6777},
{"Node_id":8345,"weight":1.5008},
{"Node_id":8346,"weight":2.9765},
{"Node_id":8347,"weight":1.7082},
{"Node_id":8348,"weight":2.4168},
{"Node_id":8581,"weight":5.4217},
{"Node_id":8582,"weight":5.5429},
{"Node_id":8583,"weight":2.5534},
{"Node_id":8584,"weight":1.4223},
{"Node_id":8585,"weight":2.2728},
{"Node_id":8586,"weight":3.3377},
{"Node_id":8645,"weight":5.045},
{"Node_id":8646,"weight":3.8766},
{"Node_id":8647,"weight":1.719},
{"Node_id":8648,"weight":1.7354},
{"Node_id":8649,"weight":2.4768},
{"Node_id":8650,"weight":1.7198},
{"Node_id":8653,"weight":3.6076},
{"Node_id":8654,"weight":3.4523},
{"Node_id":8655,"weight":3.6273},
{"Node_id":8656,"weight":3.7401},
{"Node_id":8657,"weight":2.0338},
{"Node_id":8658,"weight":1.6906},
{"Node_id":8659,"weight":3.6718},
{"Node_id":8660,"weight":2.1418},
{"Node_id":8661,"weight":1.6419},
{"Node_id":8662,"weight":1.8549},
{"Node_id":8663,"weight":2.0212},
{"Node_id":8664,"weight":3.3808},
{"Node_id":8665,"weight":3.8469},
{"Node_id":8666,"weight":3.305},
{"Node_id":8667,"weight":1.4742},
{"Node_id":8670,"weight":1.5464},
{"Node_id":8671,"weight":2.0575},
{"Node_id":8672,"weight":1.7922},
{"Node_id":8675,"weight":4.1579},
{"Node_id":8676,"weight":1.615},
{"Node_id":8677,"weight":5.4927},
{"Node_id":8680,"weight":3.7446},
{"Node_id":8683,"weight":3.5075},
{"Node_id":8684,"weight":1.7472},
{"Node_id":8685,"weight":1.4001},
{"Node_id":8686,"weight":3.6885},
{"Node_id":8687,"weight":2.5519},
{"Node_id":8688,"weight":1.8145},
{"Node_id":8689,"weight":3.8372},
{"Node_id":8690,"weight":2.0615},
{"Node_id":8691,"weight":2.0785},
{"Node_id":8692,"weight":2.1654},
{"Node_id":8693,"weight":1.6114},
{"Node_id":8694,"weight":1.812},
{"Node_id":8695,"weight":1.9143},
{"Node_id":8696,"weight":1.7567},
{"Node_id":8697,"weight":2.1862},
{"Node_id":8698,"weight":2.1906},
{"Node_id":8699,"weight":2.7357},
{"Node_id":8700,"weight":2.9465},
{"Node_id":8701,"weight":2.1249},
{"Node_id":8702,"weight":3.6432},
{"Node_id":8703,"weight":5.1441},
{"Node_id":8704,"weight":5.2734},
{"Node_id":8705,"weight":3.0978},
{"Node_id":8706,"weight":3.8132},
{"Node_id":8707,"weight":5.045},
{"Node_id":8708,"weight":2.401},
{"Node_id":8709,"weight":2.101},
{"Node_id":8710,"weight":1.515},
{"Node_id":8713,"weight":3.0644},
{"Node_id":8714,"weight":3.0366},
{"Node_id":8715,"weight":2.3039},
{"Node_id":8716,"weight":1.7849},
{"Node_id":8717,"weight":3.0184},
{"Node_id":8718,"weight":1.886},
{"Node_id":8719,"weight":2.0038},
{"Node_id":8720,"weight":2.025},
{"Node_id":8730,"weight":1.9206},
{"Node_id":8731,"weight":2.4329},
{"Node_id":8732,"weight":3.9658},
{"Node_id":8733,"weight":2.5579},
{"Node_id":8734,"weight":2.0192},
{"Node_id":8737,"weight":2.8135},
{"Node_id":8738,"weight":2.8381},
{"Node_id":8739,"weight":2.889},
{"Node_id":8740,"weight":2.0338},
{"Node_id":8741,"weight":3.0667},
{"Node_id":8742,"weight":1.9323},
{"Node_id":8743,"weight":1.7237},
{"Node_id":8744,"weight":1.7599},
{"Node_id":8745,"weight":2.3015},
{"Node_id":8746,"weight":1.4881},
{"Node_id":8747,"weight":1.3988},
{"Node_id":8748,"weight":2.9786},
{"Node_id":8749,"weight":3.3652},
{"Node_id":8750,"weight":2.6337},
{"Node_id":8751,"weight":1.5485},
{"Node_id":8752,"weight":2.5297},
{"Node_id":8753,"weight":1.5327},
{"Node_id":8754,"weight":1.7663},
{"Node_id":8755,"weight":1.9423},
{"Node_id":8756,"weight":1.4422},
{"Node_id":8757,"weight":1.5885},
{"Node_id":8758,"weight":1.5729},
{"Node_id":8759,"weight":1.5306},
{"Node_id":8760,"weight":2.7409},
{"Node_id":8789,"weight":1.6657},
{"Node_id":8790,"weight":1.4052},
{"Node_id":8791,"weight":1.6324},
{"Node_id":8792,"weight":2.8711},
{"Node_id":8793,"weight":5.0933},
{"Node_id":8794,"weight":1.5659},
{"Node_id":8795,"weight":1.4782},
{"Node_id":8796,"weight":2.6761},
{"Node_id":8797,"weight":2.4796},
{"Node_id":8798,"weight":2.6337},
{"Node_id":8799,"weight":5.4927},
{"Node_id":8802,"weight":2.0928},
{"Node_id":8811,"weight":1.4862},
{"Node_id":8812,"weight":1.4435},
{"Node_id":8813,"weight":4.8458},
{"Node_id":8814,"weight":2.1622},
{"Node_id":8815,"weight":1.8253},
{"Node_id":8816,"weight":2.1928},
{"Node_id":8817,"weight":1.587},
{"Node_id":8818,"weight":1.656},
{"Node_id":8819,"weight":2.4684},
{"Node_id":8820,"weight":3.511},
{"Node_id":8821,"weight":1.5368},
{"Node_id":8822,"weight":1.6027},
{"Node_id":8823,"weight":1.733},
{"Node_id":8824,"weight":1.8609},
{"Node_id":8827,"weight":3.6312},
{"Node_id":8828,"weight":2.3699},
{"Node_id":8829,"weight":2.6928},
{"Node_id":8830,"weight":3.3903},
{"Node_id":8831,"weight":2.2943},
{"Node_id":8834,"weight":1.9597},
{"Node_id":8835,"weight":2.1376},
{"Node_id":8836,"weight":2.6147},
{"Node_id":8837,"weight":2.0485},
{"Node_id":8838,"weight":1.8438},
{"Node_id":8839,"weight":2.97},
{"Node_id":8840,"weight":4.1513},
{"Node_id":8841,"weight":2.9031},
{"Node_id":8842,"weight":1.5197},
{"Node_id":8843,"weight":3.4356},
{"Node_id":8844,"weight":4.4538},
{"Node_id":8845,"weight":3.2507},
{"Node_id":8846,"weight":1.4775},
{"Node_id":8847,"weight":3.6595},
{"Node_id":8848,"weight":1.4769},
{"Node_id":8849,"weight":4.7832},
{"Node_id":8850,"weight":1.8354},
{"Node_id":8851,"weight":2.7857},
{"Node_id":8852,"weight":3.3468},
{"Node_id":8853,"weight":4.284},
{"Node_id":8854,"weight":1.8643},
{"Node_id":8855,"weight":2.1354},
{"Node_id":8856,"weight":1.8153},
{"Node_id":8859,"weight":2.5882},
{"Node_id":8860,"weight":2.1774},
{"Node_id":8861,"weight":4.0049},
{"Node_id":8862,"weight":2.9444},
{"Node_id":8863,"weight":2.6466},
{"Node_id":8864,"weight":2.1796},
{"Node_id":8865,"weight":3.3079},
{"Node_id":8866,"weight":3.562},
{"Node_id":8867,"weight":1.6164},
{"Node_id":8868,"weight":1.9915},
{"Node_id":8869,"weight":2.4994},
{"Node_id":8870,"weight":2.6022},
{"Node_id":8871,"weight":1.5603},
{"Node_id":8872,"weight":2.2716},
{"Node_id":8873,"weight":3.3287},
{"Node_id":8874,"weight":1.7543},
{"Node_id":8875,"weight":3.3468},
{"Node_id":8876,"weight":1.9098},
{"Node_id":8877,"weight":1.8078},
{"Node_id":8878,"weight":2.4519},
{"Node_id":8879,"weight":3.3138},
{"Node_id":8880,"weight":2.6434},
{"Node_id":8881,"weight":2.9939},
{"Node_id":8882,"weight":1.8379},
{"Node_id":8883,"weight":1.7711},
{"Node_id":8884,"weight":3.0072},
{"Node_id":8885,"weight":1.5485},
{"Node_id":8886,"weight":1.4585},
{"Node_id":8887,"weight":3.1222},
{"Node_id":8888,"weight":2.1752},
{"Node_id":8889,"weight":2.6321},
{"Node_id":8890,"weight":2.7183},
{"Node_id":8891,"weight":3.5694},
{"Node_id":8892,"weight":3.1026},
{"Node_id":8893,"weight":2.4315},
{"Node_id":8894,"weight":1.4868},
{"Node_id":8895,"weight":1.6785},
{"Node_id":8896,"weight":2.2576},
{"Node_id":8897,"weight":3.1625},
{"Node_id":8898,"weight":1.827},
{"Node_id":8899,"weight":2.3814},
{"Node_id":8900,"weight":2.6761},
{"Node_id":8901,"weight":1.7988},
{"Node_id":8902,"weight":5.9118},
{"Node_id":8903,"weight":2.4342},
{"Node_id":8904,"weight":1.4461},
{"Node_id":8905,"weight":3.4356},
{"Node_id":8921,"weight":1.4982},
{"Node_id":8922,"weight":2.3827},
{"Node_id":8923,"weight":2.1514},
{"Node_id":8924,"weight":1.421},
{"Node_id":8925,"weight":4.2546},
{"Node_id":8926,"weight":2.889},
{"Node_id":8927,"weight":2.6162},
{"Node_id":8930,"weight":4.508},
{"Node_id":8933,"weight":2.6401},
{"Node_id":8936,"weight":2.1197},
{"Node_id":8937,"weight":1.9161},
{"Node_id":8973,"weight":2.4643},
{"Node_id":8974,"weight":2.1145},
{"Node_id":8975,"weight":1.7105},
{"Node_id":8976,"weight":2.1239},
{"Node_id":8977,"weight":1.8834},
{"Node_id":8978,"weight":2.7115},
{"Node_id":8979,"weight":2.3597},
{"Node_id":8980,"weight":1.6383},
{"Node_id":8981,"weight":1.4624},
{"Node_id":8982,"weight":3.6392},
{"Node_id":8983,"weight":1.7338},
{"Node_id":8984,"weight":4.3776},
{"Node_id":8985,"weight":1.7089},
{"Node_id":8986,"weight":1.4789},
{"Node_id":8987,"weight":3.2591},
{"Node_id":8988,"weight":3.3871},
{"Node_id":8989,"weight":2.9277},
{"Node_id":8990,"weight":4.5653},
{"Node_id":8991,"weight":3.2178},
{"Node_id":8992,"weight":2.321},
{"Node_id":8993,"weight":2.2073},
{"Node_id":8994,"weight":1.5779},
{"Node_id":8995,"weight":3.8085},
{"Node_id":8996,"weight":1.6186},
{"Node_id":8997,"weight":6.8113},
{"Node_id":8998,"weight":1.6179},
{"Node_id":8999,"weight":1.7377},
{"Node_id":9000,"weight":2.4588},
{"Node_id":9001,"weight":1.6478},
{"Node_id":9002,"weight":1.5231},
{"Node_id":9003,"weight":2.342},
{"Node_id":9004,"weight":1.4644},
{"Node_id":9005,"weight":2.0595},
{"Node_id":9006,"weight":2.2681},
{"Node_id":9008,"weight":1.5109},
{"Node_id":9009,"weight":2.4519},
{"Node_id":9010,"weight":1.7105},
{"Node_id":9013,"weight":3.3871},
{"Node_id":9014,"weight":1.5807},
{"Node_id":9015,"weight":2.7586},
{"Node_id":9016,"weight":2.885},
{"Node_id":9017,"weight":4.5653},
{"Node_id":9018,"weight":3.3683},
{"Node_id":9019,"weight":2.7374},
{"Node_id":9022,"weight":2.0485},
{"Node_id":9023,"weight":1.8261},
{"Node_id":9024,"weight":2.9593},
{"Node_id":9025,"weight":2.0565},
{"Node_id":9026,"weight":2.5123},
{"Node_id":9027,"weight":1.4121},
{"Node_id":9028,"weight":2.2061},
{"Node_id":9029,"weight":1.7136},
{"Node_id":9030,"weight":2.2799},
{"Node_id":9031,"weight":1.7182},
{"Node_id":9034,"weight":2.0605},
{"Node_id":9035,"weight":3.6233},
{"Node_id":9038,"weight":2.6242},
{"Node_id":9039,"weight":1.5771},
{"Node_id":9040,"weight":1.5402},
{"Node_id":9041,"weight":3.2591},
{"Node_id":9042,"weight":1.6754},
{"Node_id":9043,"weight":1.5238},
{"Node_id":9044,"weight":2.0096},
{"Node_id":9045,"weight":2.8381},
{"Node_id":9046,"weight":2.1155},
{"Node_id":9047,"weight":1.5687},
{"Node_id":9048,"weight":1.4014},
{"Node_id":9049,"weight":1.7417},
{"Node_id":9050,"weight":2.3699},
{"Node_id":9053,"weight":1.6078},
{"Node_id":9054,"weight":1.7857},
{"Node_id":9055,"weight":3.562},
{"Node_id":9056,"weight":2.8633},
{"Node_id":9060,"weight":1.9259},
{"Node_id":9061,"weight":2.6662},
{"Node_id":9062,"weight":3.5326},
{"Node_id":9063,"weight":4.0163},
{"Node_id":9064,"weight":3.226},
{"Node_id":9065,"weight":1.7051},
{"Node_id":9066,"weight":2.9113},
{"Node_id":9067,"weight":1.8913},
{"Node_id":9070,"weight":1.6085},
{"Node_id":9071,"weight":1.5999},
{"Node_id":9072,"weight":3.0738},
{"Node_id":9073,"weight":1.5878},
{"Node_id":9165,"weight":3.0117},
{"Node_id":9166,"weight":2.2907},
{"Node_id":9170,"weight":2.0038},
{"Node_id":9171,"weight":3.5398},
{"Node_id":9172,"weight":1.8379},
{"Node_id":9173,"weight":1.3907},
{"Node_id":9174,"weight":3.0786},
{"Node_id":9175,"weight":4.0049},
{"Node_id":9176,"weight":3.4969},
{"Node_id":9177,"weight":1.7841},
{"Node_id":9178,"weight":2.4966},
{"Node_id":9179,"weight":4.9126},
{"Node_id":9180,"weight":3.562},
{"Node_id":9181,"weight":4.9548},
{"Node_id":9182,"weight":4.7592},
{"Node_id":9183,"weight":2.1873},
{"Node_id":9193,"weight":3.0184},
{"Node_id":9194,"weight":1.4572},
{"Node_id":9298,"weight":2.4994},
{"Node_id":9299,"weight":5.4448},
{"Node_id":9300,"weight":1.7988},
{"Node_id":9301,"weight":1.6412},
{"Node_id":9302,"weight":1.4802},
{"Node_id":9303,"weight":1.4683},
{"Node_id":9304,"weight":4.0634},
{"Node_id":9305,"weight":2.895},
{"Node_id":9306,"weight":3.3347},
{"Node_id":9307,"weight":1.6508},
{"Node_id":9308,"weight":3.3777},
{"Node_id":9309,"weight":2.9072},
{"Node_id":9310,"weight":1.4178},
{"Node_id":9311,"weight":2.4881},
{"Node_id":9312,"weight":2.3788},
{"Node_id":9313,"weight":2.9614},
{"Node_id":9314,"weight":1.6664},
{"Node_id":9315,"weight":1.7963},
{"Node_id":9316,"weight":1.9143},
{"Node_id":9317,"weight":1.6523},
{"Node_id":9318,"weight":1.6538},
{"Node_id":9319,"weight":1.9036},
{"Node_id":9320,"weight":1.7776},
{"Node_id":9321,"weight":3.3999},
{"Node_id":9322,"weight":2.3584},
{"Node_id":9323,"weight":2.1785},
{"Node_id":9324,"weight":2.5224},
{"Node_id":9325,"weight":2.4601},
{"Node_id":9326,"weight":1.7074},
{"Node_id":9327,"weight":1.8834},
{"Node_id":9328,"weight":1.8921},
{"Node_id":9329,"weight":1.39},
{"Node_id":9330,"weight":2.2106},
{"Node_id":9331,"weight":1.9241},
{"Node_id":9332,"weight":1.6627},
{"Node_id":9333,"weight":3.0667},
{"Node_id":9334,"weight":2.0605},
{"Node_id":9335,"weight":2.2895},
{"Node_id":9336,"weight":1.43},
{"Node_id":9337,"weight":2.4698},
{"Node_id":9338,"weight":2.7694},
{"Node_id":9339,"weight":1.6982},
{"Node_id":9340,"weight":2.4505},
{"Node_id":9341,"weight":2.8305},
{"Node_id":9342,"weight":1.7825},
{"Node_id":9395,"weight":1.702},
{"Node_id":9462,"weight":2.9133},
{"Node_id":9478,"weight":1.4546},
{"Node_id":9479,"weight":1.6186},
{"Node_id":9480,"weight":2.4754},
{"Node_id":9481,"weight":1.8756},
{"Node_id":9507,"weight":1.4217},
{"Node_id":9544,"weight":1.5701},
{"Node_id":9662,"weight":1.9532},
{"Node_id":9788,"weight":3.2071},
{"Node_id":9789,"weight":1.7988},
{"Node_id":9884,"weight":3.3529},
{"Node_id":9927,"weight":2.658},
{"Node_id":9942,"weight":2.5371},
{"Node_id":9943,"weight":5.9496},
{"Node_id":9970,"weight":1.5589},
{"Node_id":9971,"weight":2.7098},
{"Node_id":10087,"weight":1.7543},
{"Node_id":10088,"weight":1.9746},
{"Node_id":10161,"weight":1.4729},
{"Node_id":10183,"weight":2.4754},
{"Node_id":10184,"weight":2.4302},
{"Node_id":10224,"weight":1.7898},
{"Node_id":10225,"weight":1.7043},
{"Node_id":10226,"weight":1.6612},
{"Node_id":10227,"weight":1.8669},
{"Node_id":10228,"weight":1.6762},
{"Node_id":10229,"weight":2.2208},
{"Node_id":10230,"weight":3.0297},
{"Node_id":10231,"weight":2.4262},
{"Node_id":10232,"weight":2.4155},
{"Node_id":10233,"weight":3.2017},
{"Node_id":10234,"weight":2.4866},
{"Node_id":10235,"weight":2.9939},
{"Node_id":10236,"weight":4.4538},
{"Node_id":10237,"weight":2.1796},
{"Node_id":10238,"weight":1.8523},
{"Node_id":10239,"weight":2.0038},
{"Node_id":10240,"weight":1.9934},
{"Node_id":10241,"weight":1.5652},
{"Node_id":10242,"weight":1.6792},
{"Node_id":10243,"weight":1.561},
{"Node_id":10244,"weight":1.5892},
{"Node_id":10245,"weight":1.6006},
{"Node_id":10246,"weight":1.7377},
{"Node_id":10247,"weight":2.3321},
{"Node_id":10248,"weight":2.0202},
{"Node_id":10249,"weight":4.284},
{"Node_id":10250,"weight":3.4969},
{"Node_id":10251,"weight":1.5736},
{"Node_id":10252,"weight":1.7857},
{"Node_id":10253,"weight":2.3271},
{"Node_id":10254,"weight":1.873},
{"Node_id":10255,"weight":2.0685},
{"Node_id":10256,"weight":1.8506},
{"Node_id":10257,"weight":2.5609},
{"Node_id":10258,"weight":1.6034},
{"Node_id":10259,"weight":2.0358},
{"Node_id":10260,"weight":3.3808},
{"Node_id":10261,"weight":2.2599},
{"Node_id":10262,"weight":3.6801},
{"Node_id":10263,"weight":5.1441},
{"Node_id":10264,"weight":4.0396},
{"Node_id":10265,"weight":2.1611},
{"Node_id":10266,"weight":4.7832},
{"Node_id":10267,"weight":3.4258},
{"Node_id":10268,"weight":2.6662},
{"Node_id":10269,"weight":2.4208},
{"Node_id":10270,"weight":1.5687},
{"Node_id":10271,"weight":2.8191},
{"Node_id":10272,"weight":1.4935},
{"Node_id":10273,"weight":1.7362},
{"Node_id":10276,"weight":6.1637},
{"Node_id":10277,"weight":1.9359},
{"Node_id":10278,"weight":3.3287},
{"Node_id":10279,"weight":3.0458},
{"Node_id":10280,"weight":2.1165},
{"Node_id":10281,"weight":1.5022},
{"Node_id":10282,"weight":2.5066},
{"Node_id":10285,"weight":1.4281},
{"Node_id":10286,"weight":2.4089},
{"Node_id":10287,"weight":1.7615},
{"Node_id":10288,"weight":1.4995},
{"Node_id":10289,"weight":1.9597},
{"Node_id":10290,"weight":2.955},
{"Node_id":10293,"weight":2.4235},
{"Node_id":10294,"weight":1.6634},
{"Node_id":10340,"weight":1.6883},
{"Node_id":10363,"weight":3.2676},
{"Node_id":10365,"weight":2.1062},
{"Node_id":10366,"weight":1.5949},
{"Node_id":10367,"weight":2.0705},
{"Node_id":10368,"weight":5.1441},
{"Node_id":10369,"weight":1.9018},
{"Node_id":10370,"weight":1.5582},
{"Node_id":10371,"weight":1.9477},
{"Node_id":10372,"weight":3.4095},
{"Node_id":10373,"weight":1.798},
{"Node_id":10374,"weight":3.8132},
{"Node_id":10375,"weight":5.1794},
{"Node_id":10376,"weight":8.1114},
{"Node_id":10377,"weight":3.5732},
{"Node_id":10378,"weight":6.5699},
{"Node_id":10379,"weight":1.8506},
{"Node_id":10380,"weight":3.2098},
{"Node_id":10381,"weight":2.1665},
{"Node_id":10384,"weight":2.0959},
{"Node_id":10385,"weight":3.1099},
{"Node_id":10386,"weight":2.2907},
{"Node_id":10387,"weight":5.2734},
{"Node_id":10388,"weight":3.8372},
{"Node_id":10389,"weight":1.6649},
{"Node_id":10390,"weight":2.5775},
{"Node_id":10391,"weight":3.0929},
{"Node_id":10392,"weight":1.7036},
{"Node_id":10393,"weight":2.5297},
{"Node_id":10394,"weight":1.917},
{"Node_id":10395,"weight":1.5416},
{"Node_id":10396,"weight":2.5913},
{"Node_id":10397,"weight":2.2006},
{"Node_id":10398,"weight":2.2073},
{"Node_id":10399,"weight":1.7346},
{"Node_id":10400,"weight":1.7252},
{"Node_id":10401,"weight":2.2871},
{"Node_id":10402,"weight":2.375},
{"Node_id":10403,"weight":1.9487},
{"Node_id":10404,"weight":2.5684},
{"Node_id":10405,"weight":2.4221},
{"Node_id":10406,"weight":1.6523},
{"Node_id":10407,"weight":2.1031},
{"Node_id":10408,"weight":1.7607},
{"Node_id":10409,"weight":1.4045},
{"Node_id":10410,"weight":2.3321},
{"Node_id":10411,"weight":3.5146},
{"Node_id":10412,"weight":3.7991},
{"Node_id":10413,"weight":2.5534},
{"Node_id":10414,"weight":2.2028},
{"Node_id":10415,"weight":1.9896},
{"Node_id":10416,"weight":1.8843},
{"Node_id":10417,"weight":2.8381},
{"Node_id":10418,"weight":1.5076},
{"Node_id":10419,"weight":2.184},
{"Node_id":10420,"weight":2.0416},
{"Node_id":10421,"weight":3.7579},
{"Node_id":10422,"weight":1.9296},
{"Node_id":10423,"weight":2.1093},
{"Node_id":10424,"weight":2.7876},
{"Node_id":10425,"weight":2.2657},
{"Node_id":10426,"weight":3.1651},
{"Node_id":10427,"weight":4.0163},
{"Node_id":10428,"weight":2.0192},
{"Node_id":10429,"weight":2.6678},
{"Node_id":10430,"weight":2.4768},
{"Node_id":10431,"weight":1.5245},
{"Node_id":10432,"weight":4.7954},
{"Node_id":10433,"weight":1.9896},
{"Node_id":10434,"weight":2.3075},
{"Node_id":10435,"weight":2.5023},
{"Node_id":10436,"weight":1.421},
{"Node_id":10437,"weight":1.7151},
{"Node_id":10438,"weight":1.5575},
{"Node_id":10439,"weight":1.9634},
{"Node_id":10460,"weight":2.5312},
{"Node_id":10482,"weight":3.1651},
{"Node_id":10498,"weight":2.0231},
{"Node_id":10513,"weight":2.6945},
{"Node_id":10514,"weight":3.6843},
{"Node_id":10515,"weight":2.6037},
{"Node_id":10530,"weight":3.6233},
{"Node_id":10531,"weight":2.5341},
{"Node_id":10532,"weight":2.6482},
{"Node_id":10533,"weight":2.2095},
{"Node_id":10534,"weight":2.2634},
{"Node_id":10535,"weight":1.653},
{"Node_id":10536,"weight":1.397},
{"Node_id":10537,"weight":2.5166},
{"Node_id":10538,"weight":1.9468},
{"Node_id":10539,"weight":2.0338},
{"Node_id":10540,"weight":1.7528},
{"Node_id":10541,"weight":1.53},
{"Node_id":10616,"weight":1.8128},
{"Node_id":10617,"weight":2.9808},
{"Node_id":10618,"weight":4.2402},
{"Node_id":10619,"weight":1.935},
{"Node_id":10620,"weight":1.6792},
{"Node_id":10621,"weight":3.2591},
{"Node_id":10622,"weight":1.6538},
{"Node_id":10623,"weight":2.1568},
{"Node_id":10624,"weight":3.1781},
{"Node_id":10625,"weight":2.881},
{"Node_id":10626,"weight":1.4848},
{"Node_id":10627,"weight":1.5793},
{"Node_id":10628,"weight":3.1833},
{"Node_id":10629,"weight":2.7857},
{"Node_id":10630,"weight":1.659},
{"Node_id":10631,"weight":1.6754},
{"Node_id":10632,"weight":1.7575},
{"Node_id":10633,"weight":2.2955},
{"Node_id":10634,"weight":2.0202},
{"Node_id":10635,"weight":2.7235},
{"Node_id":10636,"weight":2.1796},
{"Node_id":10637,"weight":2.7339},
{"Node_id":10638,"weight":3.3967},
{"Node_id":10639,"weight":2.4208},
{"Node_id":10640,"weight":1.5652},
{"Node_id":10641,"weight":2.6945},
{"Node_id":10642,"weight":4.1064},
{"Node_id":10646,"weight":1.5259},
{"Node_id":10647,"weight":2.1312},
{"Node_id":10648,"weight":1.5002},
{"Node_id":10649,"weight":6.3182},
{"Node_id":10650,"weight":2.0745},
{"Node_id":10651,"weight":1.4822},
{"Node_id":10652,"weight":1.4848},
{"Node_id":10653,"weight":2.0436},
{"Node_id":10654,"weight":1.9905},
{"Node_id":10655,"weight":2.4852},
{"Node_id":10656,"weight":1.8643},
{"Node_id":10657,"weight":3.1651},
{"Node_id":10658,"weight":3.7357},
{"Node_id":10659,"weight":1.3932},
{"Node_id":10660,"weight":1.4975},
{"Node_id":10661,"weight":1.8037},
{"Node_id":10662,"weight":1.5963},
{"Node_id":10663,"weight":2.5224},
{"Node_id":10664,"weight":3.842},
{"Node_id":10665,"weight":2.1622},
{"Node_id":10666,"weight":1.8515},
{"Node_id":10667,"weight":5.8401},
{"Node_id":10668,"weight":1.6906},
{"Node_id":10669,"weight":1.7736},
{"Node_id":10670,"weight":1.9296},
{"Node_id":10671,"weight":2.7857},
{"Node_id":10672,"weight":2.3546},
{"Node_id":10673,"weight":3.776},
{"Node_id":10674,"weight":4.0694},
{"Node_id":10675,"weight":2.4671},
{"Node_id":10676,"weight":2.173},
{"Node_id":10677,"weight":1.752},
{"Node_id":10678,"weight":2.0038},
{"Node_id":10679,"weight":1.4371},
{"Node_id":10680,"weight":2.7081},
{"Node_id":10681,"weight":1.4835},
{"Node_id":10682,"weight":1.9962},
{"Node_id":10683,"weight":2.727},
{"Node_id":10684,"weight":2.2517},
{"Node_id":10685,"weight":2.3648},
{"Node_id":10686,"weight":3.596},
{"Node_id":10687,"weight":2.6257},
{"Node_id":10688,"weight":2.4275},
{"Node_id":10689,"weight":1.9277},
{"Node_id":10690,"weight":2.3866},
{"Node_id":10691,"weight":5.3992},
{"Node_id":10692,"weight":1.4624},
{"Node_id":10693,"weight":1.5485},
{"Node_id":10694,"weight":2.3395},
{"Node_id":10695,"weight":1.8895},
{"Node_id":10696,"weight":2.4588},
{"Node_id":10697,"weight":2.2799},
{"Node_id":10698,"weight":2.8652},
{"Node_id":10699,"weight":1.5062},
{"Node_id":10700,"weight":1.4881},
{"Node_id":10701,"weight":1.5842},
{"Node_id":10702,"weight":1.4921},
{"Node_id":10703,"weight":1.8078},
{"Node_id":10704,"weight":1.776},
{"Node_id":10705,"weight":3.305},
{"Node_id":10706,"weight":2.5959},
{"Node_id":10707,"weight":1.6974},
{"Node_id":10708,"weight":2.2196},
{"Node_id":10709,"weight":1.4848},
{"Node_id":10710,"weight":2.881},
{"Node_id":10711,"weight":1.7401},
{"Node_id":10712,"weight":2.3234},
{"Node_id":10713,"weight":1.6208},
{"Node_id":10714,"weight":2.6563},
{"Node_id":10715,"weight":1.6486},
{"Node_id":10716,"weight":1.9332},
{"Node_id":10717,"weight":1.8523},
{"Node_id":10718,"weight":2.8229},
{"Node_id":10719,"weight":2.5579},
{"Node_id":10741,"weight":2.0907},
{"Node_id":10742,"weight":6.0725},
{"Node_id":10743,"weight":2.8574},
{"Node_id":10744,"weight":1.4178},
{"Node_id":10745,"weight":1.5992},
{"Node_id":10746,"weight":2.1719},
{"Node_id":10747,"weight":1.5035},
{"Node_id":10748,"weight":1.3882},
{"Node_id":10749,"weight":2.2576},
{"Node_id":10750,"weight":3.3652},
{"Node_id":10751,"weight":2.5254},
{"Node_id":10752,"weight":1.7105},
{"Node_id":10753,"weight":4.8458},
{"Node_id":10754,"weight":2.2552},
{"Node_id":10755,"weight":1.3988},
{"Node_id":10756,"weight":1.4172},
{"Node_id":10757,"weight":1.6523},
{"Node_id":10758,"weight":1.7963},
{"Node_id":10759,"weight":4.1002},
{"Node_id":10760,"weight":2.5066},
{"Node_id":10761,"weight":2.5385},
{"Node_id":10762,"weight":2.877},
{"Node_id":10763,"weight":1.9523},
{"Node_id":10764,"weight":2.5714},
{"Node_id":10765,"weight":1.4565},
{"Node_id":10766,"weight":1.744},
{"Node_id":10767,"weight":1.6732},
{"Node_id":10768,"weight":1.798},
{"Node_id":10769,"weight":1.9305},
{"Node_id":10770,"weight":1.4229},
{"Node_id":10771,"weight":1.543},
{"Node_id":10772,"weight":4.1711},
{"Node_id":10773,"weight":2.6711},
{"Node_id":10774,"weight":2.205},
{"Node_id":10775,"weight":3.1347},
{"Node_id":10776,"weight":1.4815},
{"Node_id":10777,"weight":1.752},
{"Node_id":10778,"weight":3.0252},
{"Node_id":10779,"weight":1.6368},
{"Node_id":10780,"weight":2.9593},
{"Node_id":10781,"weight":3.1964},
{"Node_id":10782,"weight":2.0565},
{"Node_id":10783,"weight":1.9296},
{"Node_id":10784,"weight":1.8136},
{"Node_id":10785,"weight":2.2242},
{"Node_id":10786,"weight":2.3571},
{"Node_id":10787,"weight":3.8038},
{"Node_id":10788,"weight":2.0938},
{"Node_id":10789,"weight":2.0745},
{"Node_id":10790,"weight":2.5123},
{"Node_id":10791,"weight":1.5786},
{"Node_id":10792,"weight":1.726},
{"Node_id":10793,"weight":1.4663},
{"Node_id":10794,"weight":2.6563},
{"Node_id":10795,"weight":1.4147},
{"Node_id":10796,"weight":2.9011},
{"Node_id":10797,"weight":5.2347},
{"Node_id":10798,"weight":3.4095},
{"Node_id":10799,"weight":3.4225},
{"Node_id":10800,"weight":1.8557},
{"Node_id":10801,"weight":2.6498},
{"Node_id":10802,"weight":2.1134},
{"Node_id":10803,"weight":2.366},
{"Node_id":10804,"weight":1.9395},
{"Node_id":10805,"weight":3.1859},
{"Node_id":10806,"weight":2.2907},
{"Node_id":10807,"weight":1.8337},
{"Node_id":10808,"weight":1.5652},
{"Node_id":10809,"weight":2.543},
{"Node_id":10810,"weight":5.8061},
{"Node_id":10811,"weight":3.6969},
{"Node_id":10812,"weight":2.1774},
{"Node_id":10813,"weight":1.4795},
{"Node_id":10814,"weight":1.3944},
{"Node_id":10815,"weight":2.3222},
{"Node_id":10816,"weight":1.8012},
{"Node_id":10817,"weight":5.2933},
{"Node_id":10820,"weight":1.5652},
{"Node_id":10821,"weight":2.5944},
{"Node_id":10822,"weight":2.0856},
{"Node_id":10823,"weight":1.5029},
{"Node_id":10824,"weight":2.8751},
{"Node_id":10825,"weight":1.5361},
{"Node_id":10826,"weight":3.2342},
{"Node_id":10827,"weight":1.9432},
{"Node_id":10828,"weight":1.639},
{"Node_id":10829,"weight":2.0436},
{"Node_id":10832,"weight":5.7105},
{"Node_id":10869,"weight":1.8834},
{"Node_id":10870,"weight":1.6657},
{"Node_id":10871,"weight":2.0918},
{"Node_id":10872,"weight":4.8588},
{"Node_id":10873,"weight":2.9257},
{"Node_id":10874,"weight":3.4323},
{"Node_id":10884,"weight":1.8756},
{"Node_id":10940,"weight":4.1982},
{"Node_id":10941,"weight":3.6392},
{"Node_id":10942,"weight":1.9727},
{"Node_id":10943,"weight":5.7414},
{"Node_id":10944,"weight":3.0929},
{"Node_id":10945,"weight":2.3609},
{"Node_id":10946,"weight":1.7113},
{"Node_id":10947,"weight":1.4268},
{"Node_id":10950,"weight":2.9896},
{"Node_id":10951,"weight":2.0938},
{"Node_id":10952,"weight":3.6718},
{"Node_id":10953,"weight":2.1124},
{"Node_id":10954,"weight":2.5519},
{"Node_id":10955,"weight":2.3445},
{"Node_id":10956,"weight":1.5527},
{"Node_id":10957,"weight":1.752},
{"Node_id":10958,"weight":2.7658},
{"Node_id":10959,"weight":1.9241},
{"Node_id":10960,"weight":1.8506},
{"Node_id":10961,"weight":2.4951},
{"Node_id":10962,"weight":3.3168},
{"Node_id":10963,"weight":1.9368},
{"Node_id":10964,"weight":2.2599},
{"Node_id":10965,"weight":1.8532},
{"Node_id":10966,"weight":2.2379},
{"Node_id":10967,"weight":1.8379},
{"Node_id":10968,"weight":3.6718},
{"Node_id":10969,"weight":1.6317},
{"Node_id":10970,"weight":3.7624},
{"Node_id":10971,"weight":1.5617},
{"Node_id":10972,"weight":1.8566},
{"Node_id":10973,"weight":1.8575},
{"Node_id":10974,"weight":1.6013},
{"Node_id":10978,"weight":2.508},
{"Node_id":10979,"weight":1.4198},
{"Node_id":10980,"weight":2.4478},
{"Node_id":10981,"weight":1.4474},
{"Node_id":10982,"weight":3.0229},
{"Node_id":10983,"weight":2.0377},
{"Node_id":10984,"weight":1.5218},
{"Node_id":11217,"weight":4.833},
{"Node_id":11218,"weight":1.5485},
{"Node_id":11219,"weight":2.3063},
{"Node_id":11220,"weight":1.8957},
{"Node_id":11223,"weight":4.1914},
{"Node_id":11224,"weight":4.3534},
{"Node_id":11225,"weight":1.6302},
{"Node_id":11226,"weight":1.8738},
{"Node_id":11227,"weight":1.5245},
{"Node_id":11228,"weight":5.0294},
{"Node_id":11229,"weight":1.5807},
{"Node_id":11230,"weight":3.8716},
{"Node_id":11231,"weight":2.2907},
{"Node_id":11232,"weight":2.6612},
{"Node_id":11233,"weight":2.2061},
{"Node_id":11234,"weight":1.5218},
{"Node_id":11235,"weight":2.2017},
{"Node_id":11236,"weight":5.3771},
{"Node_id":11237,"weight":2.3918},
{"Node_id":11238,"weight":1.5327},
{"Node_id":11239,"weight":1.5527},
{"Node_id":11240,"weight":2.2448},
{"Node_id":11384,"weight":5.2347},
{"Node_id":11385,"weight":1.9606},
{"Node_id":11386,"weight":1.7719},
{"Node_id":11387,"weight":1.4474},
{"Node_id":11388,"weight":2.4768},
{"Node_id":11399,"weight":1.7417},
{"Node_id":11400,"weight":2.9808},
{"Node_id":11403,"weight":1.4128},
{"Node_id":11404,"weight":1.5992},
{"Node_id":11405,"weight":1.6762},
{"Node_id":11406,"weight":2.0212},
{"Node_id":11407,"weight":3.0389},
{"Node_id":11408,"weight":3.3377},
{"Node_id":11453,"weight":2.6337},
{"Node_id":11454,"weight":1.7448},
{"Node_id":11455,"weight":1.6331},
{"Node_id":11456,"weight":2.0397},
{"Node_id":11457,"weight":1.7464},
{"Node_id":11458,"weight":1.9802},
{"Node_id":11459,"weight":2.027},
{"Node_id":11460,"weight":1.5828},
{"Node_id":11461,"weight":3.0504},
{"Node_id":11462,"weight":1.4281},
{"Node_id":11463,"weight":2.1557},
{"Node_id":11464,"weight":1.7881},
{"Node_id":11473,"weight":2.645},
{"Node_id":11474,"weight":1.575},
{"Node_id":11520,"weight":4.212},
{"Node_id":11521,"weight":3.5326},
{"Node_id":11522,"weight":3.248},
{"Node_id":11523,"weight":1.4526},
{"Node_id":11563,"weight":2.9917},
{"Node_id":11564,"weight":1.5779},
{"Node_id":11565,"weight":2.1503},
{"Node_id":11566,"weight":1.465},
{"Node_id":11567,"weight":1.9811},
{"Node_id":11568,"weight":1.4526},
{"Node_id":11569,"weight":1.5771},
{"Node_id":11570,"weight":1.8062},
{"Node_id":11571,"weight":2.0125},
{"Node_id":11572,"weight":5.7414},
{"Node_id":11573,"weight":4.1318},
{"Node_id":11574,"weight":2.5371},
{"Node_id":11575,"weight":2.1323},
{"Node_id":11576,"weight":1.4223},
{"Node_id":11577,"weight":4.3858},
{"Node_id":11578,"weight":4.4364},
{"Node_id":11579,"weight":1.4064},
{"Node_id":11580,"weight":1.4533},
{"Node_id":11581,"weight":1.513},
{"Node_id":11582,"weight":1.7036},
{"Node_id":11583,"weight":2.1218},
{"Node_id":11584,"weight":4.4451},
{"Node_id":11585,"weight":1.6538},
{"Node_id":11586,"weight":2.2185},
{"Node_id":11587,"weight":1.7535},
{"Node_id":11588,"weight":2.102},
{"Node_id":11589,"weight":1.397},
{"Node_id":11590,"weight":2.0685},
{"Node_id":11591,"weight":1.8851},
{"Node_id":11592,"weight":1.8379},
{"Node_id":11593,"weight":5.6515},
{"Node_id":11594,"weight":1.8992},
{"Node_id":11595,"weight":1.7939},
{"Node_id":11596,"weight":2.0125},
{"Node_id":11597,"weight":2.5594},
{"Node_id":11598,"weight":1.7244},
{"Node_id":11599,"weight":3.6969},
{"Node_id":11600,"weight":3.1703},
{"Node_id":11601,"weight":1.5184},
{"Node_id":11602,"weight":1.3869},
{"Node_id":11603,"weight":2.1829},
{"Node_id":11604,"weight":2.2196},
{"Node_id":11605,"weight":1.9597},
{"Node_id":11606,"weight":2.8477},
{"Node_id":11607,"weight":1.6694},
{"Node_id":11608,"weight":3.577},
{"Node_id":11609,"weight":2.889},
{"Node_id":11610,"weight":2.885},
{"Node_id":11611,"weight":1.5259},
{"Node_id":11612,"weight":3.8567},
{"Node_id":11613,"weight":3.3079},
{"Node_id":11614,"weight":1.8354},
{"Node_id":11615,"weight":1.7736},
{"Node_id":11616,"weight":3.714},
{"Node_id":11617,"weight":1.8371},
{"Node_id":11618,"weight":2.9808},
{"Node_id":11619,"weight":2.9614},
{"Node_id":11620,"weight":3.4934},
{"Node_id":11621,"weight":1.3882},
{"Node_id":11622,"weight":1.7623},
{"Node_id":11623,"weight":2.3711},
{"Node_id":11624,"weight":1.4313},
{"Node_id":11625,"weight":1.5527},
{"Node_id":11626,"weight":2.2599},
{"Node_id":11627,"weight":2.0029},
{"Node_id":11628,"weight":2.6596},
{"Node_id":11629,"weight":1.9359},
{"Node_id":11630,"weight":2.9381},
{"Node_id":11631,"weight":2.9174},
{"Node_id":11632,"weight":1.6171},
{"Node_id":11633,"weight":1.8103},
{"Node_id":11634,"weight":1.5334},
{"Node_id":11635,"weight":2.887},
{"Node_id":11636,"weight":1.8186},
{"Node_id":11637,"weight":1.9542},
{"Node_id":11648,"weight":1.6785},
{"Node_id":11649,"weight":3.0006},
{"Node_id":11650,"weight":2.1785},
{"Node_id":11651,"weight":3.0786},
{"Node_id":11652,"weight":3.8275},
{"Node_id":11653,"weight":1.7881},
{"Node_id":11654,"weight":3.055},
{"Node_id":11655,"weight":1.9662},
{"Node_id":11656,"weight":2.4671},
{"Node_id":11657,"weight":3.2905},
{"Node_id":11658,"weight":1.901},
{"Node_id":11659,"weight":1.9802},
{"Node_id":11660,"weight":1.9802},
{"Node_id":11661,"weight":7.8236},
{"Node_id":11665,"weight":1.6913},
{"Node_id":11666,"weight":2.645},
{"Node_id":11667,"weight":4.0163},
{"Node_id":11668,"weight":1.4915},
{"Node_id":11669,"weight":1.5347},
{"Node_id":11670,"weight":2.6531},
{"Node_id":11671,"weight":2.2611},
{"Node_id":11750,"weight":4.3454},
{"Node_id":11751,"weight":2.8248},
{"Node_id":11754,"weight":2.4994},
{"Node_id":11755,"weight":1.748},
{"Node_id":11756,"weight":1.4855},
{"Node_id":11757,"weight":2.764},
{"Node_id":11758,"weight":1.8721},
{"Node_id":11759,"weight":2.4492},
{"Node_id":11760,"weight":1.8904},
{"Node_id":11761,"weight":1.9783},
{"Node_id":11762,"weight":1.6508},
{"Node_id":11763,"weight":2.1302},
{"Node_id":11764,"weight":2.4356},
{"Node_id":11765,"weight":2.0897},
{"Node_id":11766,"weight":3.1322},
{"Node_id":11767,"weight":1.956},
{"Node_id":11768,"weight":4.5362},
{"Node_id":11769,"weight":2.8574},
{"Node_id":11772,"weight":4.6053},
{"Node_id":11773,"weight":2.7839},
{"Node_id":11774,"weight":1.5177},
{"Node_id":11775,"weight":1.414},
{"Node_id":11776,"weight":1.7496},
{"Node_id":11777,"weight":2.0318},
{"Node_id":11778,"weight":3.2424},
{"Node_id":11779,"weight":1.8756},
{"Node_id":11843,"weight":2.5371},
{"Node_id":11844,"weight":1.414},
{"Node_id":11845,"weight":2.4643},
{"Node_id":11874,"weight":1.8128},
{"Node_id":11875,"weight":1.4461},
{"Node_id":11876,"weight":2.0446},
{"Node_id":11877,"weight":2.5821},
{"Node_id":11878,"weight":3.4761},
{"Node_id":11879,"weight":1.5062},
{"Node_id":11880,"weight":2.0989},
{"Node_id":11881,"weight":2.3788},
{"Node_id":11882,"weight":1.5485},
{"Node_id":11883,"weight":4.4108},
{"Node_id":11886,"weight":1.4384},
{"Node_id":11887,"weight":2.7551},
{"Node_id":11888,"weight":1.7409},
{"Node_id":11889,"weight":2.1333},
{"Node_id":11890,"weight":1.9634},
{"Node_id":11891,"weight":1.8111},
{"Node_id":11892,"weight":2.7604},
{"Node_id":11893,"weight":1.5779},
{"Node_id":11894,"weight":4.1383},
{"Node_id":11895,"weight":1.4565},
{"Node_id":11896,"weight":3.6233},
{"Node_id":11897,"weight":1.7599},
{"Node_id":11898,"weight":2.5806},
{"Node_id":11899,"weight":1.4096},
{"Node_id":11900,"weight":3.9072},
{"Node_id":11901,"weight":1.8211},
{"Node_id":11902,"weight":2.5312},
{"Node_id":11903,"weight":1.8037},
{"Node_id":11904,"weight":2.9657},
{"Node_id":11905,"weight":2.6514},
{"Node_id":11906,"weight":1.4229},
{"Node_id":11907,"weight":2.7132},
{"Node_id":11908,"weight":1.8404},
{"Node_id":11909,"weight":1.9332},
{"Node_id":11910,"weight":2.5867},
{"Node_id":11911,"weight":1.6694},
{"Node_id":11912,"weight":4.119},
{"Node_id":11913,"weight":2.4937},
{"Node_id":11914,"weight":3.9992},
{"Node_id":11915,"weight":1.9268},
{"Node_id":11916,"weight":1.4351},
{"Node_id":11917,"weight":1.5361},
{"Node_id":11918,"weight":1.6501},
{"Node_id":11919,"weight":1.9001},
{"Node_id":11945,"weight":1.5396},
{"Node_id":11946,"weight":1.4409},
{"Node_id":11947,"weight":6.0299},
{"Node_id":11948,"weight":1.8037},
{"Node_id":11949,"weight":2.1939},
{"Node_id":11950,"weight":1.5143},
{"Node_id":11951,"weight":1.8203},
{"Node_id":11952,"weight":1.5055},
{"Node_id":11953,"weight":1.8575},
{"Node_id":11954,"weight":2.2402},
{"Node_id":11955,"weight":4.8588},
{"Node_id":11956,"weight":1.4274},
{"Node_id":11957,"weight":2.0948},
{"Node_id":11958,"weight":2.1503},
{"Node_id":11959,"weight":2.1051},
{"Node_id":11960,"weight":1.726},
{"Node_id":11961,"weight":1.9395},
{"Node_id":11962,"weight":1.3982},
{"Node_id":11963,"weight":3.248},
{"Node_id":11964,"weight":1.5687},
{"Node_id":11965,"weight":2.3395},
{"Node_id":11966,"weight":1.6128},
{"Node_id":11967,"weight":1.3919},
{"Node_id":11968,"weight":1.5568},
{"Node_id":11969,"weight":1.6361},
{"Node_id":11970,"weight":2.6928},
{"Node_id":11971,"weight":2.891},
{"Node_id":11972,"weight":2.6844},
{"Node_id":11973,"weight":7.1301},
{"Node_id":11974,"weight":1.9597},
{"Node_id":11980,"weight":1.893},
{"Node_id":11981,"weight":3.9176},
{"Node_id":11982,"weight":2.3198},
{"Node_id":11983,"weight":2.6678},
{"Node_id":11984,"weight":2.0948},
{"Node_id":11985,"weight":1.8592},
{"Node_id":11986,"weight":4.7357},
{"Node_id":11987,"weight":2.3309},
{"Node_id":11988,"weight":1.4185},
{"Node_id":11989,"weight":1.7615},
{"Node_id":11990,"weight":1.4644},
{"Node_id":11991,"weight":3.1729},
{"Node_id":11992,"weight":2.6794},
{"Node_id":11993,"weight":2.97},
{"Node_id":11994,"weight":1.4611},
{"Node_id":12000,"weight":2.2344},
{"Node_id":12001,"weight":2.6777},
{"Node_id":12002,"weight":1.7043},
{"Node_id":12003,"weight":2.0877},
{"Node_id":12004,"weight":1.822},
{"Node_id":12005,"weight":3.1755},
{"Node_id":12006,"weight":1.6244},
{"Node_id":12007,"weight":1.5389},
{"Node_id":12008,"weight":2.0907},
{"Node_id":12009,"weight":1.843},
{"Node_id":12010,"weight":3.5732},
{"Node_id":12011,"weight":1.7971},
{"Node_id":12012,"weight":2.9962},
{"Node_id":12013,"weight":2.3198},
{"Node_id":12014,"weight":2.4275},
{"Node_id":12015,"weight":1.4835},
{"Node_id":12016,"weight":1.6501},
{"Node_id":12017,"weight":1.832},
{"Node_id":12018,"weight":1.39},
{"Node_id":12019,"weight":2.3358},
{"Node_id":12020,"weight":1.9662},
{"Node_id":12021,"weight":1.6815},
{"Node_id":12022,"weight":1.9802},
{"Node_id":12023,"weight":3.5253},
{"Node_id":12024,"weight":2.7986},
{"Node_id":12025,"weight":2.6744},
{"Node_id":12026,"weight":2.5224},
{"Node_id":12036,"weight":3.8372},
{"Node_id":12037,"weight":2.5975},
{"Node_id":12038,"weight":2.3546},
{"Node_id":12041,"weight":1.6471},
{"Node_id":12042,"weight":2.2529},
{"Node_id":12043,"weight":4.2546},
{"Node_id":12044,"weight":3.3777},
{"Node_id":12045,"weight":2.6289},
{"Node_id":12046,"weight":1.7719},
{"Node_id":12047,"weight":2.8324},
{"Node_id":12048,"weight":1.8843},
{"Node_id":12049,"weight":2.0877},
{"Node_id":12050,"weight":2.5929},
{"Node_id":12051,"weight":1.6777},
{"Node_id":12052,"weight":4.2915},
{"Node_id":12053,"weight":1.4409},
{"Node_id":12054,"weight":1.4644},
{"Node_id":12055,"weight":3.3591},
{"Node_id":12056,"weight":2.1884},
{"Node_id":12057,"weight":2.9298},
{"Node_id":12058,"weight":3.4761},
{"Node_id":12059,"weight":4.4988},
{"Node_id":12060,"weight":3.7669},
{"Node_id":12137,"weight":2.7676},
{"Node_id":12138,"weight":1.8878},
{"Node_id":12139,"weight":3.7313},
{"Node_id":12140,"weight":2.2599},
{"Node_id":12141,"weight":4.0514},
{"Node_id":12142,"weight":2.9195},
{"Node_id":12143,"weight":1.7728},
{"Node_id":12144,"weight":1.3976},
{"Node_id":12145,"weight":1.7504},
{"Node_id":12146,"weight":1.6853},
{"Node_id":12147,"weight":1.9868},
{"Node_id":12148,"weight":2.1589},
{"Node_id":12149,"weight":2.3149},
{"Node_id":12150,"weight":2.3879},
{"Node_id":12151,"weight":4.8458},
{"Node_id":12152,"weight":1.4915},
{"Node_id":12153,"weight":2.239},
{"Node_id":12154,"weight":2.1643},
{"Node_id":12155,"weight":2.5489},
{"Node_id":12156,"weight":1.6649},
{"Node_id":12157,"weight":1.6702},
{"Node_id":12158,"weight":3.5657},
{"Node_id":12159,"weight":1.9783},
{"Node_id":12160,"weight":1.7939},
{"Node_id":12161,"weight":5.3771},
{"Node_id":12162,"weight":2.0456},
{"Node_id":12163,"weight":3.4969},
{"Node_id":12164,"weight":2.0456},
{"Node_id":12176,"weight":2.0948},
{"Node_id":12177,"weight":2.0525},
{"Node_id":12178,"weight":5.0609},
{"Node_id":12179,"weight":4.3066},
{"Node_id":12180,"weight":3.1099},
{"Node_id":12181,"weight":2.6131},
{"Node_id":12182,"weight":1.8245},
{"Node_id":12183,"weight":1.8245},
{"Node_id":12184,"weight":1.4455},
{"Node_id":12211,"weight":2.145},
{"Node_id":12212,"weight":3.055},
{"Node_id":12282,"weight":2.3088},
{"Node_id":12283,"weight":1.5252},
{"Node_id":12284,"weight":1.9487},
{"Node_id":12285,"weight":1.513},
{"Node_id":12286,"weight":1.6597},
{"Node_id":12287,"weight":2.2402},
{"Node_id":12288,"weight":3.2342},
{"Node_id":12289,"weight":2.2787},
{"Node_id":12290,"weight":2.173},
{"Node_id":12291,"weight":4.3297},
{"Node_id":12292,"weight":2.7586},
{"Node_id":12293,"weight":1.8295},
{"Node_id":12294,"weight":2.6596},
{"Node_id":12295,"weight":2.3508},
{"Node_id":12296,"weight":5.2734},
{"Node_id":12297,"weight":3.9072},
{"Node_id":12298,"weight":5.7732},
{"Node_id":12299,"weight":1.3951},
{"Node_id":12325,"weight":3.2205},
{"Node_id":12326,"weight":1.5779},
{"Node_id":12327,"weight":3.9495},
{"Node_id":12328,"weight":2.0918},
{"Node_id":12329,"weight":1.7833},
{"Node_id":12330,"weight":1.4795},
{"Node_id":12331,"weight":1.3907},
{"Node_id":12332,"weight":1.5694},
{"Node_id":12333,"weight":1.6762},
{"Node_id":12334,"weight":2.8267},
{"Node_id":12335,"weight":2.1785},
{"Node_id":12336,"weight":1.6171},
{"Node_id":12337,"weight":1.3882},
{"Node_id":12338,"weight":4.7242},
{"Node_id":12339,"weight":2.5415},
{"Node_id":12340,"weight":2.0397},
{"Node_id":12341,"weight":1.58},
{"Node_id":12342,"weight":1.5437},
{"Node_id":12343,"weight":1.8295},
{"Node_id":12344,"weight":2.4698},
{"Node_id":12345,"weight":1.9305},
{"Node_id":12346,"weight":3.8132},
{"Node_id":12347,"weight":1.9036},
{"Node_id":12348,"weight":1.8054},
{"Node_id":12349,"weight":1.6244},
{"Node_id":12350,"weight":1.5506},
{"Node_id":12351,"weight":1.8851},
{"Node_id":12352,"weight":1.6471},
{"Node_id":12353,"weight":3.1912},
{"Node_id":12354,"weight":1.5687},
{"Node_id":12355,"weight":1.4598},
{"Node_id":12356,"weight":2.2344},
{"Node_id":12357,"weight":2.0048},
{"Node_id":12358,"weight":2.5094},
{"Node_id":12359,"weight":2.1796},
{"Node_id":12376,"weight":6.1171},
{"Node_id":12377,"weight":1.7623},
{"Node_id":12378,"weight":1.4481},
{"Node_id":12381,"weight":4.7592},
{"Node_id":12382,"weight":2.2129},
{"Node_id":12466,"weight":3.1651},
{"Node_id":12467,"weight":2.3284},
{"Node_id":12533,"weight":3.7313},
{"Node_id":12570,"weight":1.3932},
{"Node_id":12624,"weight":1.822},
{"Node_id":12625,"weight":1.7464},
{"Node_id":12652,"weight":1.3913},
{"Node_id":12674,"weight":1.5779},
{"Node_id":12739,"weight":2.8458},
{"Node_id":12892,"weight":1.6936},
{"Node_id":13003,"weight":1.8379},
{"Node_id":13004,"weight":1.9802},
{"Node_id":13030,"weight":1.3894},
{"Node_id":13031,"weight":1.9746},
{"Node_id":13043,"weight":1.8834},
{"Node_id":13078,"weight":2.5268},
{"Node_id":13079,"weight":1.469},
{"Node_id":13080,"weight":2.8229},
{"Node_id":13081,"weight":3.3197},
{"Node_id":13082,"weight":3.5289},
{"Node_id":13083,"weight":1.6013},
{"Node_id":13084,"weight":1.5204},
{"Node_id":13085,"weight":3.5807},
{"Node_id":13086,"weight":2.0605},
{"Node_id":13087,"weight":1.7036},
{"Node_id":13088,"weight":1.7206},
{"Node_id":13089,"weight":2.1302},
{"Node_id":13090,"weight":1.7881},
{"Node_id":13091,"weight":1.7159},
{"Node_id":13092,"weight":4.3297},
{"Node_id":13093,"weight":1.6493},
{"Node_id":13094,"weight":1.7206},
{"Node_id":13097,"weight":1.5624},
{"Node_id":13098,"weight":1.6013},
{"Node_id":13099,"weight":4.6363},
{"Node_id":13106,"weight":2.7029},
{"Node_id":13107,"weight":3.504},
{"Node_id":13108,"weight":1.6553},
{"Node_id":13109,"weight":1.5715},
{"Node_id":13110,"weight":1.9423},
{"Node_id":13111,"weight":1.4481},
{"Node_id":13112,"weight":1.4494},
{"Node_id":13113,"weight":1.5575},
{"Node_id":13114,"weight":5.045},
{"Node_id":13115,"weight":2.1687},
{"Node_id":13116,"weight":1.9915},
{"Node_id":13117,"weight":2.7132},
{"Node_id":13118,"weight":1.9296},
{"Node_id":13119,"weight":2.1072},
{"Node_id":13120,"weight":3.842},
{"Node_id":13121,"weight":1.9259},
{"Node_id":13122,"weight":2.2344},
{"Node_id":13123,"weight":1.5757},
{"Node_id":13124,"weight":2.9852},
{"Node_id":13125,"weight":2.102},
{"Node_id":13126,"weight":1.9423},
{"Node_id":13127,"weight":1.8557},
{"Node_id":13128,"weight":2.2517},
{"Node_id":13129,"weight":2.6911},
{"Node_id":13130,"weight":4.1513},
{"Node_id":13131,"weight":2.9786},
{"Node_id":13132,"weight":5.5957},
{"Node_id":13133,"weight":1.8362},
{"Node_id":13134,"weight":2.7201},
{"Node_id":13135,"weight":2.1796},
{"Node_id":13136,"weight":1.8904},
{"Node_id":13137,"weight":3.2992},
{"Node_id":13138,"weight":1.9764},
{"Node_id":13139,"weight":1.7963},
{"Node_id":13140,"weight":2.1},
{"Node_id":13141,"weight":2.3321},
{"Node_id":13142,"weight":2.3584},
{"Node_id":13143,"weight":3.0574},
{"Node_id":13144,"weight":2.3866},
{"Node_id":13145,"weight":1.5245},
{"Node_id":13146,"weight":1.8387},
{"Node_id":13147,"weight":3.4095},
{"Node_id":13148,"weight":1.9943},
{"Node_id":13227,"weight":2.0416},
{"Node_id":13228,"weight":2.127},
{"Node_id":13229,"weight":2.6811},
{"Node_id":13230,"weight":1.8695},
{"Node_id":13231,"weight":2.0309},
{"Node_id":13232,"weight":2.1124},
{"Node_id":13233,"weight":4.5653},
{"Node_id":13234,"weight":2.3996},
{"Node_id":13235,"weight":1.4881},
{"Node_id":13236,"weight":2.7287},
{"Node_id":13237,"weight":3.0905},
{"Node_id":13238,"weight":2.0887},
{"Node_id":13239,"weight":1.4513},
{"Node_id":13275,"weight":3.4624},
{"Node_id":13276,"weight":1.4147},
{"Node_id":13277,"weight":1.552},
{"Node_id":13278,"weight":3.0139},
{"Node_id":13279,"weight":4.1064},
{"Node_id":13280,"weight":3.6595},
{"Node_id":13281,"weight":1.7276},
{"Node_id":13312,"weight":2.4533},
{"Node_id":13313,"weight":2.4221},
{"Node_id":13314,"weight":2.9011},
{"Node_id":13315,"weight":2.274},
{"Node_id":13316,"weight":2.8691},
{"Node_id":13317,"weight":1.397},
{"Node_id":13318,"weight":1.8992},
{"Node_id":13319,"weight":1.5157},
{"Node_id":13320,"weight":2.8496},
{"Node_id":13321,"weight":1.8295},
{"Node_id":13322,"weight":1.6273},
{"Node_id":13367,"weight":1.3982},
{"Node_id":13388,"weight":1.699},
{"Node_id":13389,"weight":2.1176},
{"Node_id":13396,"weight":2.7462},
{"Node_id":13397,"weight":2.1796},
{"Node_id":13398,"weight":2.1218},
{"Node_id":13399,"weight":1.532},
{"Node_id":13400,"weight":2.8496},
{"Node_id":13401,"weight":3.8038},
{"Node_id":13402,"weight":1.9241},
{"Node_id":13403,"weight":3.5004},
{"Node_id":13404,"weight":2.3635},
{"Node_id":13405,"weight":1.4513},
{"Node_id":13406,"weight":1.5218},
{"Node_id":13407,"weight":1.6951},
{"Node_id":13408,"weight":1.9089},
{"Node_id":13411,"weight":2.1557},
{"Node_id":13412,"weight":3.0857},
{"Node_id":13413,"weight":2.5852},
{"Node_id":13414,"weight":4.7242},
{"Node_id":13415,"weight":1.956},
{"Node_id":13416,"weight":2.8535},
{"Node_id":13417,"weight":2.1972},
{"Node_id":13418,"weight":2.3609},
{"Node_id":13419,"weight":3.1347},
{"Node_id":13420,"weight":1.9981},
{"Node_id":13421,"weight":4.9264},
{"Node_id":13422,"weight":2.2979},
{"Node_id":13423,"weight":3.5217},
{"Node_id":13424,"weight":2.4909},
{"Node_id":13425,"weight":1.5191},
{"Node_id":13426,"weight":2.1302},
{"Node_id":13427,"weight":1.6967},
{"Node_id":13428,"weight":2.61},
{"Node_id":13429,"weight":2.1493},
{"Node_id":13430,"weight":2.2895},
{"Node_id":13431,"weight":3.1075},
{"Node_id":13432,"weight":1.5444},
{"Node_id":13433,"weight":1.5177},
{"Node_id":13434,"weight":1.4683},
{"Node_id":13437,"weight":1.587},
{"Node_id":13438,"weight":2.5714},
{"Node_id":13439,"weight":1.5527},
{"Node_id":13440,"weight":2.7894},
{"Node_id":13441,"weight":1.4147},
{"Node_id":13442,"weight":1.6739},
{"Node_id":13443,"weight":1.7906},
{"Node_id":13444,"weight":6.264},
{"Node_id":13445,"weight":2.4075},
{"Node_id":13450,"weight":6.2126},
{"Node_id":13451,"weight":3.0072},
{"Node_id":13452,"weight":3.8275},
{"Node_id":13453,"weight":3.5362},
{"Node_id":13454,"weight":1.9287},
{"Node_id":13455,"weight":2.5836},
{"Node_id":13456,"weight":2.0202},
{"Node_id":13457,"weight":1.9305},
{"Node_id":13458,"weight":1.4749},
{"Node_id":13459,"weight":2.2967},
{"Node_id":13460,"weight":2.9195},
{"Node_id":13552,"weight":2.3271},
{"Node_id":13553,"weight":1.7535},
{"Node_id":13563,"weight":3.0343},
{"Node_id":13567,"weight":2.2835},
{"Node_id":13568,"weight":6.9068},
{"Node_id":13569,"weight":1.8678},
{"Node_id":13573,"weight":2.7218},
{"Node_id":13574,"weight":1.8404},
{"Node_id":13575,"weight":1.3944},
{"Node_id":13576,"weight":2.2587},
{"Node_id":13577,"weight":1.7074},
{"Node_id":13578,"weight":3.776},
{"Node_id":13579,"weight":4.6363},
{"Node_id":13580,"weight":3.9936},
{"Node_id":13581,"weight":2.231},
{"Node_id":13582,"weight":1.7028},
{"Node_id":13583,"weight":1.9386},
{"Node_id":13584,"weight":1.7144},
{"Node_id":13585,"weight":1.6442},
{"Node_id":13590,"weight":1.4191},
{"Node_id":13591,"weight":1.6229},
{"Node_id":13592,"weight":1.7417},
{"Node_id":13593,"weight":3.6636},
{"Node_id":13594,"weight":1.6853},
{"Node_id":13595,"weight":2.2402},
{"Node_id":13596,"weight":5.4217},
{"Node_id":13618,"weight":2.3234},
{"Node_id":13637,"weight":5.3555},
{"Node_id":13638,"weight":2.441},
{"Node_id":13639,"weight":1.5506},
{"Node_id":13640,"weight":2.9874},
{"Node_id":13650,"weight":1.7971},
{"Node_id":13651,"weight":1.6442},
{"Node_id":13652,"weight":1.3869},
{"Node_id":13656,"weight":2.2253},
{"Node_id":13657,"weight":3.2619},
{"Node_id":13658,"weight":3.0252},
{"Node_id":13674,"weight":1.886},
{"Node_id":13675,"weight":2.0887},
{"Node_id":13682,"weight":1.6545},
{"Node_id":13683,"weight":1.9905},
{"Node_id":13684,"weight":2.1312},
{"Node_id":13697,"weight":1.6013},
{"Node_id":13698,"weight":2.2705},
{"Node_id":13699,"weight":2.3259},
{"Node_id":13700,"weight":1.5015},
{"Node_id":13701,"weight":1.6339},
{"Node_id":13702,"weight":4.4716},
{"Node_id":13703,"weight":2.0897},
{"Node_id":13704,"weight":2.1665},
{"Node_id":13705,"weight":2.5836},
{"Node_id":13706,"weight":1.9578},
{"Node_id":13707,"weight":3.7991},
{"Node_id":13708,"weight":2.3559},
{"Node_id":13709,"weight":2.3996},
{"Node_id":13710,"weight":1.4982},
{"Node_id":13711,"weight":1.6605},
{"Node_id":13712,"weight":1.9802},
{"Node_id":13713,"weight":2.2129},
{"Node_id":13714,"weight":2.9215},
{"Node_id":13715,"weight":2.5944},
{"Node_id":13718,"weight":2.9614},
{"Node_id":13719,"weight":2.1072},
{"Node_id":13723,"weight":1.8021},
{"Node_id":13787,"weight":2.9133},
{"Node_id":13788,"weight":1.5076},
{"Node_id":13789,"weight":2.3622},
{"Node_id":13790,"weight":2.9423},
{"Node_id":13791,"weight":2.9874},
{"Node_id":13792,"weight":2.0826},
{"Node_id":13793,"weight":1.726},
{"Node_id":13794,"weight":1.7433},
{"Node_id":13795,"weight":2.223},
{"Node_id":13796,"weight":2.7081},
{"Node_id":13797,"weight":2.936},
{"Node_id":13801,"weight":1.9905},
{"Node_id":13802,"weight":1.9018},
{"Node_id":13803,"weight":4.1711},
{"Node_id":13804,"weight":1.4683},
{"Node_id":13805,"weight":2.0695},
{"Node_id":13827,"weight":3.8085},
{"Node_id":13828,"weight":1.3894},
{"Node_id":13829,"weight":4.6053},
{"Node_id":13830,"weight":4.4896},
{"Node_id":13831,"weight":3.4591},
{"Node_id":13832,"weight":2.2859},
{"Node_id":13833,"weight":1.5076},
{"Node_id":13834,"weight":1.6085},
{"Node_id":13835,"weight":1.4134},
{"Node_id":13836,"weight":2.0555},
{"Node_id":13840,"weight":1.9615},
{"Node_id":13841,"weight":2.1397},
{"Node_id":13842,"weight":2.885},
{"Node_id":13843,"weight":2.3673},
{"Node_id":13844,"weight":1.9359},
{"Node_id":13847,"weight":1.812},
{"Node_id":13848,"weight":2.3471},
{"Node_id":13849,"weight":2.1525},
{"Node_id":13850,"weight":2.2979},
{"Node_id":13851,"weight":4.9264},
{"Node_id":13852,"weight":3.4591},
{"Node_id":13853,"weight":3.4865},
{"Node_id":13854,"weight":2.2716},
{"Node_id":13855,"weight":1.5878},
{"Node_id":13856,"weight":4.9126},
{"Node_id":13857,"weight":1.3951},
{"Node_id":13858,"weight":2.2599},
{"Node_id":13859,"weight":2.1983},
{"Node_id":13860,"weight":1.6694},
{"Node_id":13861,"weight":2.0836},
{"Node_id":13862,"weight":1.8532},
{"Node_id":13863,"weight":2.5564},
{"Node_id":13864,"weight":2.4089},
{"Node_id":13865,"weight":2.1514},
{"Node_id":13868,"weight":1.4565},
{"Node_id":13870,"weight":3.1247},
{"Node_id":13872,"weight":2.4221},
{"Node_id":13873,"weight":1.7639},
{"Node_id":13874,"weight":2.6962},
{"Node_id":13884,"weight":3.8666},
{"Node_id":13885,"weight":1.5471},
{"Node_id":13886,"weight":1.6898},
{"Node_id":13887,"weight":1.3951},
{"Node_id":13888,"weight":1.6449},
{"Node_id":13889,"weight":2.0705},
{"Node_id":13890,"weight":1.8575},
{"Node_id":13891,"weight":3.2178},
{"Node_id":13892,"weight":2.6337},
{"Node_id":13893,"weight":2.5489},
{"Node_id":13894,"weight":2.0635},
{"Node_id":13895,"weight":2.6194},
{"Node_id":13896,"weight":1.656},
{"Node_id":13897,"weight":2.1939},
{"Node_id":13898,"weight":1.5694},
{"Node_id":13899,"weight":1.7631},
{"Node_id":13900,"weight":1.4255},
{"Node_id":13901,"weight":3.9441},
{"Node_id":13902,"weight":1.4268},
{"Node_id":13903,"weight":1.4403},
{"Node_id":13904,"weight":2.7081},
{"Node_id":13905,"weight":1.6383},
{"Node_id":13906,"weight":1.4808},
{"Node_id":13907,"weight":1.7496},
{"Node_id":13910,"weight":2.7115},
{"Node_id":13913,"weight":2.0655},
{"Node_id":13914,"weight":1.6694},
{"Node_id":13915,"weight":1.5771},
{"Node_id":13916,"weight":1.86},
{"Node_id":13917,"weight":5.7732},
{"Node_id":13918,"weight":4.2402},
{"Node_id":13919,"weight":2.5594},
{"Node_id":13956,"weight":2.2196},
{"Node_id":13957,"weight":2.6178},
{"Node_id":13958,"weight":4.5951},
{"Node_id":13959,"weight":3.7898},
{"Node_id":13960,"weight":2.9678},
{"Node_id":13996,"weight":3.4934},
{"Node_id":13997,"weight":1.7315},
{"Node_id":13998,"weight":1.8103},
{"Node_id":13999,"weight":2.6695},
{"Node_id":14000,"weight":1.5673},
{"Node_id":14001,"weight":3.5732},
{"Node_id":14002,"weight":2.0338},
{"Node_id":14003,"weight":2.8652},
{"Node_id":14004,"weight":2.3395},
{"Node_id":14005,"weight":2.4574},
{"Node_id":14006,"weight":3.1099},
{"Node_id":14007,"weight":2.5944},
{"Node_id":14008,"weight":2.1557},
{"Node_id":14009,"weight":3.449},
{"Node_id":14010,"weight":3.7991},
{"Node_id":14011,"weight":1.8712},
{"Node_id":14012,"weight":5.3992},
{"Node_id":14013,"weight":1.8913},
{"Node_id":14016,"weight":2.0231},
{"Node_id":14017,"weight":1.9359},
{"Node_id":14018,"weight":1.4306},
{"Node_id":14019,"weight":3.3438},
{"Node_id":14020,"weight":3.1807},
{"Node_id":14021,"weight":1.467},
{"Node_id":14022,"weight":3.0095},
{"Node_id":14025,"weight":2.5224},
{"Node_id":14026,"weight":2.0645},
{"Node_id":14027,"weight":1.5513},
{"Node_id":14028,"weight":2.5745},
{"Node_id":14029,"weight":1.4756},
{"Node_id":14058,"weight":2.4451},
{"Node_id":14059,"weight":2.239},
{"Node_id":14060,"weight":2.879},
{"Node_id":14061,"weight":1.879},
{"Node_id":14062,"weight":3.8469},
{"Node_id":14063,"weight":1.9662},
{"Node_id":14064,"weight":1.5849},
{"Node_id":14067,"weight":2.401},
{"Node_id":14077,"weight":1.7159},
{"Node_id":14078,"weight":1.5062},
{"Node_id":14079,"weight":2.3609},
{"Node_id":14080,"weight":1.7752},
{"Node_id":14081,"weight":2.0115},
{"Node_id":14082,"weight":1.8087},
{"Node_id":14083,"weight":1.4396},
{"Node_id":14084,"weight":2.1862},
{"Node_id":14085,"weight":2.0846},
{"Node_id":14086,"weight":3.1148},
{"Node_id":14087,"weight":1.5252},
{"Node_id":14088,"weight":4.2546},
{"Node_id":14089,"weight":4.0514},
{"Node_id":14090,"weight":2.6482},
{"Node_id":14091,"weight":1.983},
{"Node_id":14092,"weight":1.712},
{"Node_id":14093,"weight":6.6441},
{"Node_id":14172,"weight":3.7898},
{"Node_id":14173,"weight":1.9736},
{"Node_id":14176,"weight":1.4941},
{"Node_id":14177,"weight":3.504},
{"Node_id":14178,"weight":1.5715},
{"Node_id":14179,"weight":3.3652},
{"Node_id":14180,"weight":2.6645},
{"Node_id":14181,"weight":4.0634},
{"Node_id":14182,"weight":3.2178},
{"Node_id":14183,"weight":2.3003},
{"Node_id":14184,"weight":2.6695},
{"Node_id":14185,"weight":4.3614},
{"Node_id":14186,"weight":6.1171},
{"Node_id":14187,"weight":2.3699},
{"Node_id":14188,"weight":3.7806},
{"Node_id":14189,"weight":2.2219},
{"Node_id":14190,"weight":3.6352},
{"Node_id":14191,"weight":1.6171},
{"Node_id":14192,"weight":3.9713},
{"Node_id":14193,"weight":1.983},
{"Node_id":14194,"weight":2.4866},
{"Node_id":14195,"weight":1.5603},
{"Node_id":14196,"weight":5.6232},
{"Node_id":14197,"weight":3.5075},
{"Node_id":14200,"weight":2.5283},
{"Node_id":14201,"weight":1.4435},
{"Node_id":14202,"weight":1.9708},
{"Node_id":14203,"weight":1.7385},
{"Node_id":14204,"weight":2.1546},
{"Node_id":14210,"weight":2.7081},
{"Node_id":14211,"weight":2.0545},
{"Node_id":14212,"weight":3.3591},
{"Node_id":14213,"weight":2.0318},
{"Node_id":14214,"weight":3.7624},
{"Node_id":14215,"weight":2.0918},
{"Node_id":14216,"weight":3.4624},
{"Node_id":14217,"weight":2.6353},
{"Node_id":14218,"weight":2.0755},
{"Node_id":14219,"weight":2.6353},
{"Node_id":14220,"weight":1.4795},
{"Node_id":14221,"weight":1.7599},
{"Node_id":14222,"weight":1.4306},
{"Node_id":14223,"weight":1.78},
{"Node_id":14224,"weight":2.0221},
{"Node_id":14225,"weight":1.4332},
{"Node_id":14226,"weight":2.8248},
{"Node_id":14227,"weight":3.2452},
{"Node_id":14231,"weight":2.0595},
{"Node_id":14232,"weight":3.1912},
{"Node_id":14235,"weight":1.6288},
{"Node_id":14236,"weight":1.5743},
{"Node_id":14237,"weight":3.9713},
{"Node_id":14268,"weight":1.5828},
{"Node_id":14269,"weight":2.0309},
{"Node_id":14270,"weight":1.4663},
{"Node_id":14271,"weight":1.7082},
{"Node_id":14272,"weight":1.4928},
{"Node_id":14275,"weight":2.9113},
{"Node_id":14276,"weight":1.5231},
{"Node_id":14277,"weight":2.8116},
{"Node_id":14278,"weight":1.5062},
{"Node_id":14279,"weight":2.7166},
{"Node_id":14280,"weight":2.3458},
{"Node_id":14281,"weight":2.5181},
{"Node_id":14282,"weight":2.7857},
{"Node_id":14283,"weight":1.6739},
{"Node_id":14284,"weight":2.2646},
{"Node_id":14285,"weight":4.9548},
{"Node_id":14286,"weight":3.4456},
{"Node_id":14287,"weight":1.7028},
{"Node_id":14288,"weight":2.0348},
{"Node_id":14289,"weight":2.5066},
{"Node_id":14290,"weight":1.68},
{"Node_id":14291,"weight":1.9802},
{"Node_id":14292,"weight":4.2331},
{"Node_id":14293,"weight":2.2106},
{"Node_id":14294,"weight":2.3699},
{"Node_id":14295,"weight":4.2619},
{"Node_id":14296,"weight":2.2017},
{"Node_id":14297,"weight":2.441},
{"Node_id":14298,"weight":1.602},
{"Node_id":14299,"weight":2.1939},
{"Node_id":14306,"weight":2.0625},
{"Node_id":14307,"weight":2.4712},
{"Node_id":14308,"weight":2.4698},
{"Node_id":14309,"weight":2.645},
{"Node_id":14310,"weight":2.0348},
{"Node_id":14314,"weight":1.6739},
{"Node_id":14315,"weight":2.0735},
{"Node_id":14316,"weight":1.5506},
{"Node_id":14317,"weight":3.0343},
{"Node_id":14318,"weight":2.5474},
{"Node_id":14319,"weight":1.5701},
{"Node_id":14320,"weight":2.0358},
{"Node_id":14321,"weight":3.9441},
{"Node_id":14322,"weight":2.5385},
{"Node_id":14323,"weight":1.866},
{"Node_id":14324,"weight":1.8506},
{"Node_id":14325,"weight":2.877},
{"Node_id":14326,"weight":1.5204},
{"Node_id":14405,"weight":1.7776},
{"Node_id":14406,"weight":2.8613},
{"Node_id":14407,"weight":1.5934},
{"Node_id":14432,"weight":2.6563},
{"Node_id":14433,"weight":1.8261},
{"Node_id":14512,"weight":1.8286},
{"Node_id":14513,"weight":2.1407},
{"Node_id":14514,"weight":2.4115},
{"Node_id":14515,"weight":2.5297},
{"Node_id":14516,"weight":1.7639},
{"Node_id":14548,"weight":1.3982},
{"Node_id":14549,"weight":2.5699},
{"Node_id":14550,"weight":1.7005},
{"Node_id":14607,"weight":3.005},
{"Node_id":14608,"weight":1.5035},
{"Node_id":14653,"weight":6.3182},
{"Node_id":14654,"weight":1.7512},
{"Node_id":14655,"weight":5.5957},
{"Node_id":14656,"weight":1.4749},
{"Node_id":14657,"weight":4.1846},
{"Node_id":14658,"weight":2.9571},
{"Node_id":14659,"weight":1.4507},
{"Node_id":14660,"weight":4.4988},
{"Node_id":14661,"weight":2.0715},
{"Node_id":14662,"weight":1.7528},
{"Node_id":14663,"weight":1.6747},
{"Node_id":14664,"weight":1.6295},
{"Node_id":14665,"weight":3.3871},
{"Node_id":14666,"weight":1.9551},
{"Node_id":14667,"weight":2.6006},
{"Node_id":14670,"weight":1.6936},
{"Node_id":14671,"weight":2.1103},
{"Node_id":14672,"weight":2.1376},
{"Node_id":14673,"weight":1.6405},
{"Node_id":14674,"weight":2.4671},
{"Node_id":14675,"weight":1.5423},
{"Node_id":14676,"weight":1.4624},
{"Node_id":14677,"weight":6.3182},
{"Node_id":14703,"weight":2.2529},
{"Node_id":14728,"weight":3.6352},
{"Node_id":14743,"weight":4.3297},
{"Node_id":14744,"weight":2.0585},
{"Node_id":14747,"weight":2.1643},
{"Node_id":14748,"weight":3.6115},
{"Node_id":14749,"weight":1.854},
{"Node_id":14750,"weight":2.7515},
{"Node_id":14751,"weight":1.8738},
{"Node_id":14752,"weight":2.0846},
{"Node_id":14755,"weight":2.1983},
{"Node_id":14756,"weight":1.5666},
{"Node_id":14757,"weight":3.9658},
{"Node_id":14758,"weight":1.886},
{"Node_id":14759,"weight":1.7955},
{"Node_id":14760,"weight":2.3173},
{"Node_id":14761,"weight":1.9441},
{"Node_id":14762,"weight":1.5279},
{"Node_id":14763,"weight":2.2017},
{"Node_id":14764,"weight":1.5204},
{"Node_id":14765,"weight":2.6596},
{"Node_id":14766,"weight":2.9939},
{"Node_id":14767,"weight":1.5764},
{"Node_id":14768,"weight":1.5123},
{"Node_id":14769,"weight":2.5729},
{"Node_id":14770,"weight":2.1578},
{"Node_id":14771,"weight":2.1407},
{"Node_id":14772,"weight":1.6353},
{"Node_id":14773,"weight":2.3892},
{"Node_id":14774,"weight":2.3039},
{"Node_id":14775,"weight":2.7046},
{"Node_id":14776,"weight":1.6164},
{"Node_id":14777,"weight":1.8295},
{"Node_id":14778,"weight":3.6273},
{"Node_id":14779,"weight":2.9195},
{"Node_id":14784,"weight":1.8566},
{"Node_id":14785,"weight":2.2483},
{"Node_id":14786,"weight":2.2174},
{"Node_id":14787,"weight":2.3533},
{"Node_id":14788,"weight":3.0028},
{"Node_id":14789,"weight":1.5471},
{"Node_id":14790,"weight":3.2017},
{"Node_id":14791,"weight":2.366},
{"Node_id":14792,"weight":2.9195},
{"Node_id":14793,"weight":2.6466},
{"Node_id":14794,"weight":3.416},
{"Node_id":14795,"weight":1.4236},
{"Node_id":14796,"weight":4.0455},
{"Node_id":14797,"weight":2.1687},
{"Node_id":14800,"weight":1.4968},
{"Node_id":14801,"weight":1.5631},
{"Node_id":14802,"weight":2.6482},
{"Node_id":14803,"weight":2.2811},
{"Node_id":14804,"weight":3.5884},
{"Node_id":14805,"weight":1.9746},
{"Node_id":14806,"weight":3.449},
{"Node_id":14807,"weight":1.9332},
{"Node_id":14808,"weight":2.223},
{"Node_id":14809,"weight":2.7931},
{"Node_id":14815,"weight":3.1651},
{"Node_id":14816,"weight":1.4928},
{"Node_id":14820,"weight":3.1124},
{"Node_id":14821,"weight":3.1002},
{"Node_id":14822,"weight":2.2028},
{"Node_id":14823,"weight":3.9124},
{"Node_id":14824,"weight":3.8372},
{"Node_id":14825,"weight":2.7694},
{"Node_id":14826,"weight":4.0574},
{"Node_id":14827,"weight":7.418},
{"Node_id":14830,"weight":2.4288},
{"Node_id":14831,"weight":4.0514},
{"Node_id":14832,"weight":1.5293},
{"Node_id":14833,"weight":1.5396},
{"Node_id":14836,"weight":1.7939},
{"Node_id":14837,"weight":2.4329},
{"Node_id":14852,"weight":1.4598},
{"Node_id":14853,"weight":2.4155},
{"Node_id":14856,"weight":8.1114},
{"Node_id":14857,"weight":1.6434},
{"Node_id":14860,"weight":2.0067},
{"Node_id":14861,"weight":2.0019},
{"Node_id":14862,"weight":3.6432},
{"Node_id":14863,"weight":2.1884},
{"Node_id":14864,"weight":2.2174},
{"Node_id":14865,"weight":2.0836},
{"Node_id":14866,"weight":2.0289},
{"Node_id":14867,"weight":2.6777},
{"Node_id":14868,"weight":2.9465},
{"Node_id":14889,"weight":1.7028},
{"Node_id":14890,"weight":1.7013},
{"Node_id":14891,"weight":2.4356},
{"Node_id":14892,"weight":1.6747},
{"Node_id":14893,"weight":1.4736},
{"Node_id":14894,"weight":2.1145},
{"Node_id":14895,"weight":1.5029},
{"Node_id":14896,"weight":1.5409},
{"Node_id":14897,"weight":1.8669},
{"Node_id":14898,"weight":3.8227},
{"Node_id":14899,"weight":1.7409},
{"Node_id":14900,"weight":2.6037},
{"Node_id":14901,"weight":2.7912},
{"Node_id":14902,"weight":1.9468},
{"Node_id":14903,"weight":4.9989},
{"Node_id":14904,"weight":1.4855},
{"Node_id":14905,"weight":1.843},
{"Node_id":14906,"weight":1.8773},
{"Node_id":14907,"weight":2.8633},
{"Node_id":14908,"weight":6.3182},
{"Node_id":14909,"weight":2.2196},
{"Node_id":14910,"weight":3.1002},
{"Node_id":14911,"weight":1.5306},
{"Node_id":14912,"weight":3.3591},
{"Node_id":14913,"weight":1.5347},
{"Node_id":14914,"weight":1.4468},
{"Node_id":14915,"weight":1.6649},
{"Node_id":14916,"weight":1.7599},
{"Node_id":14917,"weight":2.2425},
{"Node_id":14918,"weight":2.0615},
{"Node_id":14919,"weight":1.3875},
{"Node_id":14920,"weight":2.321},
{"Node_id":14921,"weight":4.4538},
{"Node_id":14922,"weight":1.4789},
{"Node_id":14923,"weight":1.4572},
{"Node_id":14924,"weight":2.6678},
{"Node_id":14925,"weight":6.5008},
{"Node_id":14926,"weight":5.4685},
{"Node_id":14927,"weight":1.7575},
{"Node_id":14928,"weight":1.9662},
{"Node_id":14929,"weight":1.532},
{"Node_id":14930,"weight":1.5002},
{"Node_id":14931,"weight":1.4578},
{"Node_id":14932,"weight":4.3858},
{"Node_id":14935,"weight":3.2876},
{"Node_id":14936,"weight":3.6885},
{"Node_id":14937,"weight":2.0058},
{"Node_id":14938,"weight":2.0397},
{"Node_id":14939,"weight":1.6523},
{"Node_id":14940,"weight":6.4362},
{"Node_id":14941,"weight":1.86},
{"Node_id":14942,"weight":1.6959},
{"Node_id":14943,"weight":2.1643},
{"Node_id":14944,"weight":1.5736},
{"Node_id":15062,"weight":1.6822},
{"Node_id":15063,"weight":1.9395},
{"Node_id":15064,"weight":1.5245},
{"Node_id":15065,"weight":3.6554},
{"Node_id":15066,"weight":3.3714},
{"Node_id":15069,"weight":1.4585},
{"Node_id":15124,"weight":1.6982},
{"Node_id":15125,"weight":2.1093},
{"Node_id":15126,"weight":2.2669},
{"Node_id":15127,"weight":2.521},
{"Node_id":15128,"weight":1.9839},
{"Node_id":15129,"weight":2.4248},
{"Node_id":15130,"weight":1.752},
{"Node_id":15131,"weight":2.576},
{"Node_id":15187,"weight":2.4383},
{"Node_id":15188,"weight":1.9934},
{"Node_id":15189,"weight":1.8913},
{"Node_id":15190,"weight":4.4108},
{"Node_id":15191,"weight":1.9597},
{"Node_id":15192,"weight":1.659},
{"Node_id":15199,"weight":1.9223},
{"Node_id":15200,"weight":2.0173},
{"Node_id":15201,"weight":3.9604},
{"Node_id":15309,"weight":2.7986},
{"Node_id":15310,"weight":2.579},
{"Node_id":15311,"weight":2.205},
{"Node_id":15312,"weight":3.504},
{"Node_id":15313,"weight":1.4624},
{"Node_id":15319,"weight":3.6554},
{"Node_id":15320,"weight":5.8753},
{"Node_id":15321,"weight":2.7046},
{"Node_id":15322,"weight":1.4422},
{"Node_id":15323,"weight":3.4899},
{"Node_id":15324,"weight":2.6995},
{"Node_id":15325,"weight":3.0833},
{"Node_id":15326,"weight":1.6501},
{"Node_id":15327,"weight":2.5609},
{"Node_id":15328,"weight":2.4049},
{"Node_id":15329,"weight":2.2276},
{"Node_id":15330,"weight":3.248},
{"Node_id":15331,"weight":2.1376},
{"Node_id":15332,"weight":1.5694},
{"Node_id":15333,"weight":1.901},
{"Node_id":15334,"weight":1.9792},
{"Node_id":15335,"weight":1.9487},
{"Node_id":15336,"weight":3.1026},
{"Node_id":15337,"weight":1.4172},
{"Node_id":15344,"weight":3.1807},
{"Node_id":15345,"weight":3.0762},
{"Node_id":15346,"weight":4.1383},
{"Node_id":15347,"weight":1.683},
{"Node_id":15348,"weight":2.4615},
{"Node_id":15349,"weight":1.719},
{"Node_id":15350,"weight":2.214},
{"Node_id":15351,"weight":1.7639},
{"Node_id":15352,"weight":1.4709},
{"Node_id":15353,"weight":2.0725},
{"Node_id":15354,"weight":1.517},
{"Node_id":15355,"weight":1.6747},
{"Node_id":15361,"weight":2.027},
{"Node_id":15362,"weight":3.714},
{"Node_id":15363,"weight":2.3112},
{"Node_id":15364,"weight":1.6605},
{"Node_id":15365,"weight":1.9886},
{"Node_id":15366,"weight":4.7832},
{"Node_id":15367,"weight":1.9377},
{"Node_id":15368,"weight":1.8128},
{"Node_id":15378,"weight":1.4115},
{"Node_id":15379,"weight":3.1938},
{"Node_id":15380,"weight":2.5415},
{"Node_id":15381,"weight":1.5548},
{"Node_id":15382,"weight":1.5807},
{"Node_id":15383,"weight":2.2356},
{"Node_id":15384,"weight":2.3136},
{"Node_id":15385,"weight":1.7607},
{"Node_id":15386,"weight":3.4356},
{"Node_id":15387,"weight":2.6728},
{"Node_id":15388,"weight":1.628},
{"Node_id":15389,"weight":1.5225},
{"Node_id":15411,"weight":3.4865},
{"Node_id":15412,"weight":4.226},
{"Node_id":15449,"weight":1.6875},
{"Node_id":15450,"weight":4.6793},
{"Node_id":15451,"weight":1.6792},
{"Node_id":15452,"weight":2.0775},
{"Node_id":15453,"weight":2.6777},
{"Node_id":15454,"weight":3.2619},
{"Node_id":15455,"weight":1.6288},
{"Node_id":15456,"weight":4.8458},
{"Node_id":15457,"weight":1.822},
{"Node_id":15458,"weight":2.6482},
{"Node_id":15459,"weight":4.9264},
{"Node_id":15460,"weight":1.4115},
{"Node_id":15461,"weight":5.11},
{"Node_id":15462,"weight":3.3777},
{"Node_id":15463,"weight":2.2413},
{"Node_id":15464,"weight":2.5195},
{"Node_id":15465,"weight":3.3347},
{"Node_id":15466,"weight":2.1557},
{"Node_id":15467,"weight":1.4921},
{"Node_id":15468,"weight":3.1447},
{"Node_id":15469,"weight":1.6657},
{"Node_id":15470,"weight":3.9604},
{"Node_id":15471,"weight":2.5254},
{"Node_id":15472,"weight":5.2159},
{"Node_id":15473,"weight":2.1546},
{"Node_id":15474,"weight":2.3124},
{"Node_id":15475,"weight":1.5143},
{"Node_id":15476,"weight":3.6718},
{"Node_id":15477,"weight":2.576},
{"Node_id":15478,"weight":2.3879},
{"Node_id":15479,"weight":3.3903},
{"Node_id":15482,"weight":2.2752},
{"Node_id":15483,"weight":2.342},
{"Node_id":15484,"weight":3.3529},
{"Node_id":15485,"weight":1.5423},
{"Node_id":15486,"weight":2.9593},
{"Node_id":15487,"weight":1.6754},
{"Node_id":15488,"weight":3.3621},
{"Node_id":15489,"weight":1.8396},
{"Node_id":15544,"weight":2.2775},
{"Node_id":15545,"weight":2.2859},
{"Node_id":15546,"weight":2.4574},
{"Node_id":15547,"weight":3.0006},
{"Node_id":15548,"weight":2.3149},
{"Node_id":15549,"weight":2.5181},
{"Node_id":15550,"weight":1.5327},
{"Node_id":15551,"weight":1.5143},
{"Node_id":15552,"weight":2.5729},
{"Node_id":15663,"weight":2.9962},
{"Node_id":15674,"weight":2.173},
{"Node_id":15675,"weight":2.9786},
{"Node_id":15676,"weight":2.7322},
{"Node_id":15677,"weight":1.4185},
{"Node_id":15678,"weight":3.1124},
{"Node_id":15681,"weight":2.1386},
{"Node_id":15892,"weight":3.105},
{"Node_id":15893,"weight":2.3699},
{"Node_id":15894,"weight":3.3317},
{"Node_id":15895,"weight":1.5109},
{"Node_id":15898,"weight":3.4258},
{"Node_id":15899,"weight":1.6777},
{"Node_id":15900,"weight":1.5029},
{"Node_id":15901,"weight":2.6979},
{"Node_id":15902,"weight":3.3347},
{"Node_id":15903,"weight":2.1482},
{"Node_id":15904,"weight":2.397},
{"Node_id":15905,"weight":2.9765},
{"Node_id":15906,"weight":1.9588},
{"Node_id":15950,"weight":2.3763},
{"Node_id":15951,"weight":1.4229},
{"Node_id":15952,"weight":3.3347},
{"Node_id":15953,"weight":2.5867},
{"Node_id":15954,"weight":1.9404},
{"Node_id":15955,"weight":1.8904},
{"Node_id":15956,"weight":2.4089},
{"Node_id":15959,"weight":3.8132},
{"Node_id":15960,"weight":2.5579},
{"Node_id":15961,"weight":1.9107},
{"Node_id":15962,"weight":1.4396},
{"Node_id":15963,"weight":2.1632},
{"Node_id":15964,"weight":2.481},
{"Node_id":15965,"weight":3.0667},
{"Node_id":15966,"weight":2.3711},
{"Node_id":15967,"weight":2.1654},
{"Node_id":15968,"weight":1.7213},
{"Node_id":15969,"weight":2.274},
{"Node_id":15970,"weight":1.8387},
{"Node_id":15971,"weight":2.2657},
{"Node_id":15972,"weight":2.3259},
{"Node_id":16011,"weight":1.532},
{"Node_id":16012,"weight":3.5845},
{"Node_id":16013,"weight":1.9551},
{"Node_id":16014,"weight":2.1752},
{"Node_id":16015,"weight":1.8816},
{"Node_id":16016,"weight":2.7374},
{"Node_id":16017,"weight":1.4026},
{"Node_id":16020,"weight":1.3888},
{"Node_id":16021,"weight":4.5951},
{"Node_id":16022,"weight":1.9551},
{"Node_id":16023,"weight":3.8918},
{"Node_id":16024,"weight":1.4611},
{"Node_id":16025,"weight":1.7151},
{"Node_id":16026,"weight":1.4166},
{"Node_id":16027,"weight":3.9992},
{"Node_id":16038,"weight":4.226},
{"Node_id":16039,"weight":1.5527},
{"Node_id":16040,"weight":2.0555},
{"Node_id":16077,"weight":3.416},
{"Node_id":16078,"weight":2.8516},
{"Node_id":16079,"weight":2.0856},
{"Node_id":16080,"weight":2.0745},
{"Node_id":16081,"weight":2.0959},
{"Node_id":16082,"weight":2.1482},
{"Node_id":16083,"weight":1.568},
{"Node_id":16084,"weight":3.0435},
{"Node_id":16085,"weight":1.5701},
{"Node_id":16086,"weight":2.0755},
{"Node_id":16087,"weight":1.5589},
{"Node_id":16088,"weight":1.4261},
{"Node_id":16089,"weight":2.9444},
{"Node_id":16090,"weight":2.474},
{"Node_id":16091,"weight":2.4615},
{"Node_id":16098,"weight":2.5564},
{"Node_id":16099,"weight":1.3982},
{"Node_id":16100,"weight":2.1249},
{"Node_id":16101,"weight":2.61},
{"Node_id":16102,"weight":4.9126},
{"Node_id":16103,"weight":2.599},
{"Node_id":16104,"weight":1.532},
{"Node_id":16105,"weight":1.7268},
{"Node_id":16106,"weight":1.465},
{"Node_id":16107,"weight":2.5239},
{"Node_id":16124,"weight":3.1885},
{"Node_id":16125,"weight":2.7115},
{"Node_id":16126,"weight":2.9529},
{"Node_id":16127,"weight":3.6115},
{"Node_id":16128,"weight":4.0221},
{"Node_id":16129,"weight":2.7166},
{"Node_id":16130,"weight":1.421},
{"Node_id":16131,"weight":2.8023},
{"Node_id":16132,"weight":2.0407},
{"Node_id":16133,"weight":3.0905},
{"Node_id":16134,"weight":3.3999},
{"Node_id":16135,"weight":2.2775},
{"Node_id":16136,"weight":2.4657},
{"Node_id":16139,"weight":2.5564},
{"Node_id":16140,"weight":1.8878},
{"Node_id":16141,"weight":2.8613},
{"Node_id":16142,"weight":2.0397},
{"Node_id":16143,"weight":2.145},
{"Node_id":16179,"weight":1.6997},
{"Node_id":16180,"weight":1.8965},
{"Node_id":16209,"weight":2.6257},
{"Node_id":16210,"weight":3.9441},
{"Node_id":16211,"weight":1.3988},
{"Node_id":16212,"weight":2.6645},
{"Node_id":16213,"weight":1.6493},
{"Node_id":16214,"weight":4.8203},
{"Node_id":16293,"weight":1.8379},
{"Node_id":16294,"weight":4.0279},
{"Node_id":16314,"weight":1.6442},
{"Node_id":16315,"weight":2.3983},
{"Node_id":16319,"weight":2.3571},
{"Node_id":16320,"weight":2.5283},
{"Node_id":16321,"weight":2.5459},
{"Node_id":16322,"weight":1.656},
{"Node_id":16323,"weight":3.0667},
{"Node_id":16324,"weight":3.1472},
{"Node_id":16334,"weight":1.8128},
{"Node_id":16339,"weight":1.7583},
{"Node_id":16340,"weight":3.1755},
{"Node_id":16355,"weight":1.5506},
{"Node_id":16357,"weight":1.7881},
{"Node_id":16358,"weight":4.4538},
{"Node_id":16359,"weight":1.8128},
{"Node_id":16363,"weight":2.3371},
{"Node_id":16364,"weight":1.9953},
{"Node_id":16365,"weight":3.7226},
{"Node_id":16366,"weight":4.4192},
{"Node_id":16367,"weight":1.8825},
{"Node_id":16368,"weight":1.8421},
{"Node_id":16379,"weight":1.469},
{"Node_id":16380,"weight":2.9657},
{"Node_id":16381,"weight":2.6894},
{"Node_id":16382,"weight":2.7339},
{"Node_id":16385,"weight":2.7115},
{"Node_id":16386,"weight":3.7535},
{"Node_id":16387,"weight":2.4102},
{"Node_id":16388,"weight":1.8337},
{"Node_id":16389,"weight":6.8113},
{"Node_id":16404,"weight":1.5341},
{"Node_id":16405,"weight":2.4181},
{"Node_id":16406,"weight":3.2178},
{"Node_id":16407,"weight":1.4166},
{"Node_id":16408,"weight":2.3483},
{"Node_id":16414,"weight":1.9606},
{"Node_id":16415,"weight":1.6515},
{"Node_id":16416,"weight":1.5002},
{"Node_id":16417,"weight":1.5534},
{"Node_id":16418,"weight":2.5254},
{"Node_id":16419,"weight":2.6353},
{"Node_id":16420,"weight":2.4262},
{"Node_id":16421,"weight":2.4248},
{"Node_id":16422,"weight":2.5519},
{"Node_id":16535,"weight":2.2943},
{"Node_id":16536,"weight":5.7105},
{"Node_id":16537,"weight":2.5609},
{"Node_id":16538,"weight":2.1983},
{"Node_id":16539,"weight":1.7417},
{"Node_id":16540,"weight":2.1113},
{"Node_id":16574,"weight":5.077},
{"Node_id":16575,"weight":2.2764},
{"Node_id":16576,"weight":6.4362},
{"Node_id":16577,"weight":1.3944},
{"Node_id":16578,"weight":2.0525},
{"Node_id":16579,"weight":3.0481},
{"Node_id":16580,"weight":4.5951},
{"Node_id":16581,"weight":2.9444},
{"Node_id":16582,"weight":1.4242},
{"Node_id":16583,"weight":3.0072},
{"Node_id":16584,"weight":2.7287},
{"Node_id":16585,"weight":1.726},
{"Node_id":16586,"weight":2.4505},
{"Node_id":16587,"weight":2.3408},
{"Node_id":16588,"weight":3.449},
{"Node_id":16589,"weight":5.0141},
{"Node_id":16590,"weight":3.2704},
{"Node_id":16591,"weight":1.7151},
{"Node_id":16592,"weight":2.0565},
{"Node_id":16595,"weight":2.599},
{"Node_id":16596,"weight":1.793},
{"Node_id":16597,"weight":3.3683},
{"Node_id":16598,"weight":1.9699},
{"Node_id":16599,"weight":2.5975},
{"Node_id":16600,"weight":2.1461},
{"Node_id":16601,"weight":1.4565},
{"Node_id":16602,"weight":2.4464},
{"Node_id":16603,"weight":2.4288},
{"Node_id":16604,"weight":1.4198},
{"Node_id":16605,"weight":1.5548},
{"Node_id":16606,"weight":2.5821},
{"Node_id":16607,"weight":1.5002},
{"Node_id":16608,"weight":3.4934},
{"Node_id":16609,"weight":3.1075},
{"Node_id":16610,"weight":1.9089},
{"Node_id":16611,"weight":2.4881},
{"Node_id":16612,"weight":1.4941},
{"Node_id":16615,"weight":7.418},
{"Node_id":16616,"weight":2.145},
{"Node_id":16623,"weight":3.1912},
{"Node_id":16624,"weight":3.3438},
{"Node_id":16625,"weight":4.3143},
{"Node_id":16626,"weight":1.6368},
{"Node_id":16648,"weight":2.1386},
{"Node_id":16649,"weight":1.4915},
{"Node_id":16650,"weight":3.248},
{"Node_id":16651,"weight":2.173},
{"Node_id":16652,"weight":2.7569},
{"Node_id":16653,"weight":1.6085},
{"Node_id":16654,"weight":3.1885},
{"Node_id":16655,"weight":1.6099},
{"Node_id":16656,"weight":4.0514},
{"Node_id":16659,"weight":2.4796},
{"Node_id":16664,"weight":1.7393},
{"Node_id":16665,"weight":3.9936},
{"Node_id":16666,"weight":1.5225},
{"Node_id":16667,"weight":2.0775},
{"Node_id":16668,"weight":1.8228},
{"Node_id":16669,"weight":2.2811},
{"Node_id":16670,"weight":1.8869},
{"Node_id":16671,"weight":1.5942},
{"Node_id":16672,"weight":1.6099},
{"Node_id":16673,"weight":1.5177},
{"Node_id":16674,"weight":1.6027},
{"Node_id":16675,"weight":1.5204},
{"Node_id":16676,"weight":2.2471},
{"Node_id":16677,"weight":1.6523},
{"Node_id":16678,"weight":5.0141},
{"Node_id":16679,"weight":2.7766},
{"Node_id":16680,"weight":4.833},
{"Node_id":16681,"weight":2.2084},
{"Node_id":16682,"weight":3.6392},
{"Node_id":16683,"weight":2.7876},
{"Node_id":16684,"weight":4.7474},
{"Node_id":16687,"weight":0.1294},
{"Node_id":16688,"weight":1.2721},
{"Node_id":16689,"weight":3.2676},
{"Node_id":16690,"weight":0.036},
{"Node_id":16691,"weight":2.8691},
{"Node_id":16696,"weight":2.7046},
{"Node_id":16697,"weight":0.5266},
{"Node_id":16698,"weight":0.49},
{"Node_id":16699,"weight":1.62},
{"Node_id":16700,"weight":2.1763},
{"Node_id":16701,"weight":0.6955},
{"Node_id":16702,"weight":2.5166},
{"Node_id":16703,"weight":5.4448},
{"Node_id":16704,"weight":1.9072},
{"Node_id":16705,"weight":0.6239},
{"Node_id":16706,"weight":0.9529},
{"Node_id":16707,"weight":1.0716},
{"Node_id":16708,"weight":0.944},
{"Node_id":16709,"weight":1.9569},
{"Node_id":16710,"weight":1.6822},
{"Node_id":16711,"weight":0.8274},
{"Node_id":16716,"weight":1.2856},
{"Node_id":16717,"weight":2.0755},
{"Node_id":16718,"weight":0.1519},
{"Node_id":16730,"weight":0.388},
{"Node_id":16731,"weight":1.2448},
{"Node_id":16735,"weight":0.7598},
{"Node_id":16737,"weight":2.498},
{"Node_id":16738,"weight":1.827},
{"Node_id":16761,"weight":4.0878},
{"Node_id":16762,"weight":1.8245},
{"Node_id":16763,"weight":2.173},
{"Node_id":16764,"weight":2.1741},
{"Node_id":16765,"weight":0.6803},
{"Node_id":16766,"weight":3.2876},
{"Node_id":16767,"weight":0.7755},
{"Node_id":16768,"weight":3.7011},
{"Node_id":16769,"weight":0.7829},
{"Node_id":16773,"weight":1.4435},
{"Node_id":16774,"weight":4.8588},
{"Node_id":16776,"weight":2.5459},
{"Node_id":16777,"weight":0.2258},
{"Node_id":16778,"weight":1.7089},
{"Node_id":16779,"weight":2.9153},
{"Node_id":16780,"weight":0.2302},
{"Node_id":16781,"weight":3.429},
{"Node_id":16784,"weight":0.3437}]