[{"Node_id":4195,"weight":0.19214},
{"Node_id":4197,"weight":0.15992},
{"Node_id":4199,"weight":0.2184},
{"Node_id":4200,"weight":0.3483},
{"Node_id":4201,"weight":0.22799},
{"Node_id":4203,"weight":0.19802001},
{"Node_id":4204,"weight":0.25051},
{"Node_id":4206,"weight":0.23015001},
{"Node_id":4207,"weight":0.22634001},
{"Node_id":4208,"weight":0.24994},
{"Node_id":4211,"weight":0.16493},
{"Node_id":4213,"weight":0.20367},
{"Node_id":4214,"weight":0.14319},
{"Node_id":4215,"weight":0.38918},
{"Node_id":4217,"weight":0.18825},
{"Node_id":4220,"weight":0.26645},
{"Node_id":4221,"weight":0.23210001},
{"Node_id":4222,"weight":0.16936001},
{"Node_id":4225,"weight":0.24195},
{"Node_id":4226,"weight":0.14063999},
{"Node_id":4227,"weight":0.18202999},
{"Node_id":4229,"weight":0.2184},
{"Node_id":4230,"weight":0.17036},
{"Node_id":4235,"weight":0.27912},
{"Node_id":4239,"weight":0.37945002},
{"Node_id":4241,"weight":0.15736},
{"Node_id":4242,"weight":0.19597},
{"Node_id":4244,"weight":0.14474},
{"Node_id":4245,"weight":0.19468},
{"Node_id":4246,"weight":0.20241001},
{"Node_id":4251,"weight":0.24866},
{"Node_id":4254,"weight":0.32124},
{"Node_id":4255,"weight":0.25123},
{"Node_id":4258,"weight":0.1744},
{"Node_id":4260,"weight":0.20192},
{"Node_id":4262,"weight":0.18643},
{"Node_id":4264,"weight":0.17036},
{"Node_id":4265,"weight":0.25852},
{"Node_id":4267,"weight":0.20846},
{"Node_id":4268,"weight":0.39712998},
{"Node_id":4270,"weight":0.20211999},
{"Node_id":4271,"weight":0.13976},
{"Node_id":4273,"weight":0.15492001},
{"Node_id":4274,"weight":0.20456},
{"Node_id":4276,"weight":0.20594999},
{"Node_id":4279,"weight":0.18421},
{"Node_id":4281,"weight":0.34289998},
{"Node_id":4284,"weight":0.16353},
{"Node_id":4285,"weight":0.14539},
{"Node_id":4286,"weight":0.42189997},
{"Node_id":4304,"weight":0.15638},
{"Node_id":4308,"weight":0.24102001},
{"Node_id":4309,"weight":0.28574},
{"Node_id":4311,"weight":0.16034},
{"Node_id":4315,"weight":0.19532},
{"Node_id":4316,"weight":0.21928},
{"Node_id":4317,"weight":0.16493},
{"Node_id":4319,"weight":0.23982999},
{"Node_id":4324,"weight":0.23271},
{"Node_id":4326,"weight":0.15764001},
{"Node_id":4328,"weight":0.27115},
{"Node_id":4330,"weight":0.42766},
{"Node_id":4332,"weight":0.32397002},
{"Node_id":4338,"weight":0.15665999},
{"Node_id":4341,"weight":0.1866},
{"Node_id":4343,"weight":0.21217999},
{"Node_id":4345,"weight":0.3596},
{"Node_id":4346,"weight":0.17013},
{"Node_id":4348,"weight":0.2887},
{"Node_id":4390,"weight":0.14153},
{"Node_id":4396,"weight":0.19782999},
{"Node_id":4401,"weight":0.2342},
{"Node_id":4408,"weight":0.14928},
{"Node_id":4415,"weight":0.15444},
{"Node_id":4418,"weight":0.22528999},
{"Node_id":4431,"weight":0.17074},
{"Node_id":4432,"weight":0.20734999},
{"Node_id":4433,"weight":0.16785},
{"Node_id":4441,"weight":0.24866},
{"Node_id":4452,"weight":0.33227},
{"Node_id":4456,"weight":0.15463999},
{"Node_id":4468,"weight":0.14862},
{"Node_id":4481,"weight":0.2102},
{"Node_id":4484,"weight":0.21164998},
{"Node_id":4493,"weight":0.21322998},
{"Node_id":4504,"weight":0.17833},
{"Node_id":4506,"weight":0.13918999},
{"Node_id":4507,"weight":0.14357999},
{"Node_id":4516,"weight":0.14019999},
{"Node_id":4521,"weight":0.19522999},
{"Node_id":4537,"weight":0.19018},
{"Node_id":4552,"weight":0.1397},
{"Node_id":4562,"weight":0.14507},
{"Node_id":4566,"weight":0.21643},
{"Node_id":4591,"weight":0.1726},
{"Node_id":4615,"weight":0.16353},
{"Node_id":4619,"weight":0.18328},
{"Node_id":4621,"weight":0.19214},
{"Node_id":4646,"weight":0.2214},
{"Node_id":4649,"weight":0.16582},
{"Node_id":4650,"weight":0.19241},
{"Node_id":4661,"weight":0.22799},
{"Node_id":4670,"weight":0.19441},
{"Node_id":4671,"weight":0.14033},
{"Node_id":4674,"weight":0.14422},
{"Node_id":4706,"weight":0.24248},
{"Node_id":4724,"weight":0.1719},
{"Node_id":4729,"weight":0.16605},
{"Node_id":4747,"weight":0.23736998},
{"Node_id":4767,"weight":0.17472},
{"Node_id":4797,"weight":0.19895999},
{"Node_id":4802,"weight":0.19981},
{"Node_id":4806,"weight":0.22207999},
{"Node_id":4809,"weight":0.16477999},
{"Node_id":4815,"weight":0.22483},
{"Node_id":4822,"weight":0.22309999},
{"Node_id":4869,"weight":0.2214},
{"Node_id":4876,"weight":0.19422999},
{"Node_id":4881,"weight":0.14052},
{"Node_id":4900,"weight":0.24383},
{"Node_id":4915,"weight":0.14663},
{"Node_id":4917,"weight":0.16792001},
{"Node_id":4918,"weight":0.17464},
{"Node_id":4935,"weight":0.15949},
{"Node_id":4944,"weight":0.1686},
{"Node_id":4950,"weight":0.14761999},
{"Node_id":4951,"weight":0.15478},
{"Node_id":4961,"weight":0.23408},
{"Node_id":4962,"weight":0.21113},
{"Node_id":4975,"weight":0.14281},
{"Node_id":4976,"weight":0.20887001},
{"Node_id":4977,"weight":0.13944},
{"Node_id":4981,"weight":0.20495},
{"Node_id":4984,"weight":0.15555},
{"Node_id":5024,"weight":0.1656},
{"Node_id":5028,"weight":0.14102},
{"Node_id":5049,"weight":0.1628},
{"Node_id":5057,"weight":0.15603},
{"Node_id":5095,"weight":0.18447},
{"Node_id":5128,"weight":0.19962},
{"Node_id":5136,"weight":0.21708},
{"Node_id":5155,"weight":0.14177999},
{"Node_id":5157,"weight":0.20695},
{"Node_id":5158,"weight":0.16085},
{"Node_id":5159,"weight":0.22196},
{"Node_id":5162,"weight":0.29635},
{"Node_id":5163,"weight":0.39549},
{"Node_id":5164,"weight":0.14474},
{"Node_id":5166,"weight":0.23996},
{"Node_id":5167,"weight":0.17433},
{"Node_id":5168,"weight":0.21807},
{"Node_id":5169,"weight":0.23866001},
{"Node_id":5170,"weight":0.13918999},
{"Node_id":5176,"weight":0.20938},
{"Node_id":5179,"weight":0.23433001},
{"Node_id":5180,"weight":0.17159},
{"Node_id":5182,"weight":0.25504},
{"Node_id":5185,"weight":0.23648},
{"Node_id":5187,"weight":0.19755},
{"Node_id":5188,"weight":0.14868},
{"Node_id":5189,"weight":0.14480999},
{"Node_id":5190,"weight":0.14384},
{"Node_id":5191,"weight":0.52933},
{"Node_id":5192,"weight":0.14313},
{"Node_id":5193,"weight":0.33287},
{"Node_id":5194,"weight":0.19305},
{"Node_id":5196,"weight":0.25195},
{"Node_id":5198,"weight":0.32151002},
{"Node_id":5199,"weight":0.23271},
{"Node_id":5201,"weight":0.46469003},
{"Node_id":5202,"weight":0.22943},
{"Node_id":5203,"weight":0.34523},
{"Node_id":5204,"weight":0.14616999},
{"Node_id":5207,"weight":0.16142},
{"Node_id":5209,"weight":0.30006},
{"Node_id":5214,"weight":0.20918},
{"Node_id":5217,"weight":0.34225},
{"Node_id":5223,"weight":0.18704},
{"Node_id":5224,"weight":0.14455},
{"Node_id":5225,"weight":0.1452},
{"Node_id":5226,"weight":0.36677},
{"Node_id":5228,"weight":0.16405},
{"Node_id":5230,"weight":0.16627},
{"Node_id":5231,"weight":0.31173},
{"Node_id":5232,"weight":0.22751999},
{"Node_id":5236,"weight":0.17151001},
{"Node_id":5238,"weight":0.17447999},
{"Node_id":5243,"weight":0.20299001},
{"Node_id":5268,"weight":0.24600999},
{"Node_id":5276,"weight":0.14493999},
{"Node_id":5279,"weight":0.14822},
{"Node_id":5280,"weight":0.37852},
{"Node_id":5282,"weight":0.21217999},
{"Node_id":5283,"weight":0.22242},
{"Node_id":5285,"weight":0.59496003},
{"Node_id":5286,"weight":0.21961},
{"Node_id":5288,"weight":0.41711003},
{"Node_id":5291,"weight":0.46258998},
{"Node_id":5292,"weight":0.45555001},
{"Node_id":5293,"weight":0.17864999},
{"Node_id":5295,"weight":0.18921},
{"Node_id":5297,"weight":0.14261},
{"Node_id":5302,"weight":0.15450999},
{"Node_id":5305,"weight":0.2579},
{"Node_id":5308,"weight":0.15361},
{"Node_id":5309,"weight":0.18371001},
{"Node_id":5311,"weight":0.25654},
{"Node_id":5321,"weight":0.15849},
{"Node_id":5328,"weight":0.22493999},
{"Node_id":5329,"weight":0.25669},
{"Node_id":5331,"weight":0.28439},
{"Node_id":5332,"weight":0.23371},
{"Node_id":5333,"weight":0.13913},
{"Node_id":5335,"weight":0.27712},
{"Node_id":5336,"weight":0.5077},
{"Node_id":5337,"weight":0.19386},
{"Node_id":5346,"weight":0.14364001},
{"Node_id":5353,"weight":0.14855},
{"Node_id":5355,"weight":0.1421},
{"Node_id":5357,"weight":0.26433998},
{"Node_id":5358,"weight":0.16777},
{"Node_id":5361,"weight":0.24168},
{"Node_id":5391,"weight":0.21589},
{"Node_id":5393,"weight":0.1752},
{"Node_id":5408,"weight":0.21939},
{"Node_id":5430,"weight":0.22356},
{"Node_id":5431,"weight":0.18583},
{"Node_id":5465,"weight":0.19241},
{"Node_id":5467,"weight":0.16486},
{"Node_id":5472,"weight":0.23111999},
{"Node_id":5486,"weight":0.19924},
{"Node_id":5494,"weight":0.19522999},
{"Node_id":5500,"weight":0.15259},
{"Node_id":5505,"weight":0.1602},
{"Node_id":5510,"weight":0.19223},
{"Node_id":5518,"weight":0.14338},
{"Node_id":5524,"weight":0.14631},
{"Node_id":5527,"weight":0.14644},
{"Node_id":5579,"weight":0.22435999},
{"Node_id":5582,"weight":0.15617},
{"Node_id":5594,"weight":0.54217},
{"Node_id":5595,"weight":0.55429},
{"Node_id":5597,"weight":0.14223},
{"Node_id":5599,"weight":0.33376998},
{"Node_id":5622,"weight":0.14396},
{"Node_id":5623,"weight":0.18974},
{"Node_id":5648,"weight":0.14709},
{"Node_id":5667,"weight":0.50450003},
{"Node_id":5668,"weight":0.17354},
{"Node_id":5670,"weight":0.17198},
{"Node_id":5673,"weight":0.36076},
{"Node_id":5675,"weight":0.36273},
{"Node_id":5676,"weight":0.37401},
{"Node_id":5680,"weight":0.21418},
{"Node_id":5681,"weight":0.16419},
{"Node_id":5683,"weight":0.20211999},
{"Node_id":5685,"weight":0.38469},
{"Node_id":5687,"weight":0.14742},
{"Node_id":5688,"weight":0.20574999},
{"Node_id":5691,"weight":0.16709},
{"Node_id":5694,"weight":0.54927003},
{"Node_id":5697,"weight":0.37446},
{"Node_id":5699,"weight":0.35075},
{"Node_id":5700,"weight":0.17472},
{"Node_id":5703,"weight":0.25518999},
{"Node_id":5705,"weight":0.38371998},
{"Node_id":5706,"weight":0.20615001},
{"Node_id":5710,"weight":0.1812},
{"Node_id":5711,"weight":0.19143},
{"Node_id":5712,"weight":0.17567},
{"Node_id":5714,"weight":0.21905999},
{"Node_id":5716,"weight":0.29465002},
{"Node_id":5717,"weight":0.21249},
{"Node_id":5718,"weight":0.36431998},
{"Node_id":5719,"weight":0.51441},
{"Node_id":5721,"weight":0.30978},
{"Node_id":5722,"weight":0.38132},
{"Node_id":5724,"weight":0.2401},
{"Node_id":5726,"weight":0.1515},
{"Node_id":5727,"weight":0.29072002},
{"Node_id":5728,"weight":0.18575},
{"Node_id":5729,"weight":0.30644},
{"Node_id":5731,"weight":0.23039},
{"Node_id":5736,"weight":0.20250002},
{"Node_id":5741,"weight":0.1513},
{"Node_id":5748,"weight":0.39658},
{"Node_id":5750,"weight":0.20192},
{"Node_id":5752,"weight":0.28381},
{"Node_id":5754,"weight":0.20337999},
{"Node_id":5756,"weight":0.19323},
{"Node_id":5759,"weight":0.23015001},
{"Node_id":5761,"weight":0.13988},
{"Node_id":5764,"weight":0.26336998},
{"Node_id":5765,"weight":0.15484999},
{"Node_id":5766,"weight":0.25297},
{"Node_id":5768,"weight":0.17662999},
{"Node_id":5770,"weight":0.14422},
{"Node_id":5771,"weight":0.15885},
{"Node_id":5772,"weight":0.15729001},
{"Node_id":5774,"weight":0.27409},
{"Node_id":5789,"weight":0.15771},
{"Node_id":5805,"weight":0.28711},
{"Node_id":5807,"weight":0.15659},
{"Node_id":5808,"weight":0.14782},
{"Node_id":5810,"weight":0.24796},
{"Node_id":5812,"weight":0.54927003},
{"Node_id":5814,"weight":0.14862},
{"Node_id":5817,"weight":0.21621999},
{"Node_id":5818,"weight":0.18253},
{"Node_id":5819,"weight":0.21928},
{"Node_id":5820,"weight":0.1587},
{"Node_id":5821,"weight":0.1656},
{"Node_id":5825,"weight":0.16027},
{"Node_id":5827,"weight":0.18609},
{"Node_id":5832,"weight":0.26928002},
{"Node_id":5833,"weight":0.33903},
{"Node_id":5839,"weight":0.26147002},
{"Node_id":5841,"weight":0.18438},
{"Node_id":5843,"weight":0.41513},
{"Node_id":5845,"weight":0.15197},
{"Node_id":5846,"weight":0.34356},
{"Node_id":5847,"weight":0.44538003},
{"Node_id":5849,"weight":0.14774999},
{"Node_id":5850,"weight":0.36595},
{"Node_id":5853,"weight":0.18354},
{"Node_id":5854,"weight":0.27857},
{"Node_id":5857,"weight":0.18643},
{"Node_id":5858,"weight":0.25882},
{"Node_id":5862,"weight":0.26466},
{"Node_id":5863,"weight":0.21796},
{"Node_id":5865,"weight":0.3562},
{"Node_id":5869,"weight":0.26022},
{"Node_id":5871,"weight":0.22716},
{"Node_id":5873,"weight":0.17543},
{"Node_id":5875,"weight":0.19098},
{"Node_id":5877,"weight":0.24519},
{"Node_id":5879,"weight":0.26433998},
{"Node_id":5880,"weight":0.29939002},
{"Node_id":5881,"weight":0.18379},
{"Node_id":5882,"weight":0.17711},
{"Node_id":5884,"weight":0.15484999},
{"Node_id":5886,"weight":0.31222},
{"Node_id":5887,"weight":0.21752},
{"Node_id":5888,"weight":0.26321},
{"Node_id":5889,"weight":0.27183002},
{"Node_id":5891,"weight":0.31026},
{"Node_id":5895,"weight":0.22576001},
{"Node_id":5896,"weight":0.31625},
{"Node_id":5897,"weight":0.23814002},
{"Node_id":5903,"weight":0.17849},
{"Node_id":5905,"weight":0.24235001},
{"Node_id":5916,"weight":0.23827},
{"Node_id":5920,"weight":0.2889},
{"Node_id":5922,"weight":0.15899},
{"Node_id":5923,"weight":0.14941},
{"Node_id":5924,"weight":0.4508},
{"Node_id":5925,"weight":0.29984},
{"Node_id":5926,"weight":0.22084},
{"Node_id":5927,"weight":0.26401},
{"Node_id":5928,"weight":0.3105},
{"Node_id":5929,"weight":0.21145001},
{"Node_id":5936,"weight":0.23699},
{"Node_id":5949,"weight":0.14461},
{"Node_id":5955,"weight":0.17105},
{"Node_id":5956,"weight":0.21238999},
{"Node_id":5958,"weight":0.27115},
{"Node_id":5960,"weight":0.16383},
{"Node_id":5962,"weight":0.36392},
{"Node_id":5965,"weight":0.17089},
{"Node_id":5968,"weight":0.33871},
{"Node_id":5969,"weight":0.29277},
{"Node_id":5970,"weight":0.45653},
{"Node_id":5974,"weight":0.15779},
{"Node_id":5975,"weight":0.38085002},
{"Node_id":5978,"weight":0.16179},
{"Node_id":5980,"weight":0.24588001},
{"Node_id":5981,"weight":0.16477999},
{"Node_id":5983,"weight":0.2342},
{"Node_id":5986,"weight":0.22681001},
{"Node_id":5988,"weight":0.27586},
{"Node_id":5990,"weight":0.33683},
{"Node_id":5995,"weight":0.20565},
{"Node_id":5997,"weight":0.14120999},
{"Node_id":5998,"weight":0.22061},
{"Node_id":5999,"weight":0.17136},
{"Node_id":6001,"weight":0.17182},
{"Node_id":6002,"weight":0.16486},
{"Node_id":6003,"weight":0.35435},
{"Node_id":6005,"weight":0.36233002},
{"Node_id":6009,"weight":0.15771},
{"Node_id":6011,"weight":0.32591},
{"Node_id":6012,"weight":0.16754},
{"Node_id":6014,"weight":0.20096},
{"Node_id":6016,"weight":0.15687},
{"Node_id":6017,"weight":0.14014},
{"Node_id":6018,"weight":0.17417},
{"Node_id":6019,"weight":0.23699},
{"Node_id":6025,"weight":0.28633},
{"Node_id":6028,"weight":0.35325998},
{"Node_id":6029,"weight":0.40163},
{"Node_id":6031,"weight":0.17051001},
{"Node_id":6033,"weight":0.18913},
{"Node_id":6035,"weight":0.15999},
{"Node_id":6038,"weight":0.30117},
{"Node_id":6040,"weight":0.14868},
{"Node_id":6045,"weight":0.18379},
{"Node_id":6050,"weight":0.24965999},
{"Node_id":6052,"weight":0.3562},
{"Node_id":6053,"weight":0.49548},
{"Node_id":6055,"weight":0.21873},
{"Node_id":6057,"weight":0.16582},
{"Node_id":6085,"weight":0.20725},
{"Node_id":6093,"weight":0.16634001},
{"Node_id":6096,"weight":0.15252},
{"Node_id":6100,"weight":0.15252},
{"Node_id":6118,"weight":0.17647001},
{"Node_id":6122,"weight":0.15231},
{"Node_id":6124,"weight":0.23673001},
{"Node_id":6145,"weight":0.17679},
{"Node_id":6150,"weight":0.14769},
{"Node_id":6153,"weight":0.16806999},
{"Node_id":6165,"weight":0.17988},
{"Node_id":6167,"weight":0.14802},
{"Node_id":6169,"weight":0.40633997},
{"Node_id":6171,"weight":0.33347002},
{"Node_id":6173,"weight":0.33777002},
{"Node_id":6175,"weight":0.14177999},
{"Node_id":6176,"weight":0.24881001},
{"Node_id":6177,"weight":0.23787999},
{"Node_id":6178,"weight":0.29614002},
{"Node_id":6179,"weight":0.16664},
{"Node_id":6180,"weight":0.17963001},
{"Node_id":6181,"weight":0.19143},
{"Node_id":6182,"weight":0.16523},
{"Node_id":6183,"weight":0.16538},
{"Node_id":6187,"weight":0.23584001},
{"Node_id":6189,"weight":0.25224},
{"Node_id":6191,"weight":0.17074},
{"Node_id":6192,"weight":0.18834},
{"Node_id":6197,"weight":0.16627},
{"Node_id":6199,"weight":0.20605},
{"Node_id":6221,"weight":0.15624},
{"Node_id":6241,"weight":0.1983},
{"Node_id":6261,"weight":0.15659},
{"Node_id":6288,"weight":0.22506002},
{"Node_id":6290,"weight":0.17354},
{"Node_id":6291,"weight":0.17599},
{"Node_id":6293,"weight":0.22049999},
{"Node_id":6300,"weight":0.19643},
{"Node_id":6313,"weight":0.23222001},
{"Node_id":6325,"weight":0.14774999},
{"Node_id":6336,"weight":0.21482},
{"Node_id":6341,"weight":0.16973999},
{"Node_id":6344,"weight":0.1822},
{"Node_id":6346,"weight":0.16186},
{"Node_id":6368,"weight":0.16295001},
{"Node_id":6379,"weight":0.23234001},
{"Node_id":6381,"weight":0.22564001},
{"Node_id":6392,"weight":0.21113},
{"Node_id":6402,"weight":0.17906},
{"Node_id":6423,"weight":0.17988},
{"Node_id":6435,"weight":0.15568},
{"Node_id":6438,"weight":0.20241001},
{"Node_id":6450,"weight":0.15708},
{"Node_id":6457,"weight":0.16121},
{"Node_id":6475,"weight":0.20615001},
{"Node_id":6494,"weight":0.15942},
{"Node_id":6519,"weight":0.15828},
{"Node_id":6521,"weight":0.19214},
{"Node_id":6532,"weight":0.17276},
{"Node_id":6548,"weight":0.16092},
{"Node_id":6550,"weight":0.23559001},
{"Node_id":6561,"weight":0.20855999},
{"Node_id":6575,"weight":0.23853},
{"Node_id":6586,"weight":0.14795001},
{"Node_id":6593,"weight":0.22493999},
{"Node_id":6598,"weight":0.20585},
{"Node_id":6633,"weight":0.14921},
{"Node_id":6650,"weight":0.17947},
{"Node_id":6655,"weight":0.19026999},
{"Node_id":6662,"weight":0.22435999},
{"Node_id":6666,"weight":0.17043},
{"Node_id":6690,"weight":0.14756},
{"Node_id":6699,"weight":0.23346},
{"Node_id":6704,"weight":0.24505},
{"Node_id":6711,"weight":0.21829},
{"Node_id":6719,"weight":0.21302},
{"Node_id":6727,"weight":0.15638},
{"Node_id":6728,"weight":0.21643},
{"Node_id":6757,"weight":0.14076999},
{"Node_id":6773,"weight":0.21354},
{"Node_id":6790,"weight":0.20114999},
{"Node_id":6795,"weight":0.21155},
{"Node_id":6802,"weight":0.1945},
{"Node_id":6814,"weight":0.2401},
{"Node_id":6838,"weight":0.17267999},
{"Node_id":6847,"weight":0.22095},
{"Node_id":6849,"weight":0.17338},
{"Node_id":6854,"weight":0.14908001},
{"Node_id":6877,"weight":0.20309},
{"Node_id":6888,"weight":0.17582999},
{"Node_id":6920,"weight":0.14223},
{"Node_id":6932,"weight":0.21557},
{"Node_id":6937,"weight":0.22049999},
{"Node_id":6967,"weight":0.14921},
{"Node_id":6977,"weight":0.23259},
{"Node_id":6979,"weight":0.16427},
{"Node_id":7002,"weight":0.22402},
{"Node_id":7032,"weight":0.19026999},
{"Node_id":7036,"weight":0.16657},
{"Node_id":7044,"weight":0.1822},
{"Node_id":7059,"weight":0.18755999},
{"Node_id":7084,"weight":0.18186},
{"Node_id":7088,"weight":0.17354},
{"Node_id":7103,"weight":0.21807},
{"Node_id":13645,"weight":0.14474},
{"Node_id":13648,"weight":0.17043},
{"Node_id":13649,"weight":0.16612001},
{"Node_id":13651,"weight":0.16762},
{"Node_id":13652,"weight":0.22207999},
{"Node_id":13656,"weight":0.32017},
{"Node_id":13658,"weight":0.29939002},
{"Node_id":13660,"weight":0.21796},
{"Node_id":13662,"weight":0.20038},
{"Node_id":13663,"weight":0.19934},
{"Node_id":13665,"weight":0.1561},
{"Node_id":13666,"weight":0.15892},
{"Node_id":13667,"weight":0.16006},
{"Node_id":13668,"weight":0.17377},
{"Node_id":13669,"weight":0.23321},
{"Node_id":13671,"weight":0.42839998},
{"Node_id":13674,"weight":0.17857},
{"Node_id":13675,"weight":0.23271},
{"Node_id":13676,"weight":0.1873},
{"Node_id":13679,"weight":0.25609},
{"Node_id":13681,"weight":0.20357999},
{"Node_id":13682,"weight":0.22599001},
{"Node_id":13686,"weight":0.21610999},
{"Node_id":13688,"weight":0.34258002},
{"Node_id":13689,"weight":0.26661998},
{"Node_id":13692,"weight":0.28191},
{"Node_id":13697,"weight":0.61637},
{"Node_id":13699,"weight":0.33287},
{"Node_id":13701,"weight":0.21164998},
{"Node_id":13702,"weight":0.15022},
{"Node_id":13703,"weight":0.25066},
{"Node_id":13707,"weight":0.24089},
{"Node_id":13711,"weight":0.29549998},
{"Node_id":13712,"weight":0.24235001},
{"Node_id":13713,"weight":0.16634001},
{"Node_id":13717,"weight":0.17906},
{"Node_id":13719,"weight":0.19915},
{"Node_id":13723,"weight":0.16853},
{"Node_id":13728,"weight":0.21665001},
{"Node_id":13736,"weight":0.1752},
{"Node_id":13742,"weight":0.18153},
{"Node_id":13755,"weight":0.19359},
{"Node_id":13757,"weight":0.18965},
{"Node_id":13771,"weight":0.19404},
{"Node_id":13773,"weight":0.24477999},
{"Node_id":13783,"weight":0.15949},
{"Node_id":13787,"weight":0.15582},
{"Node_id":13789,"weight":0.34094998},
{"Node_id":13791,"weight":0.38132},
{"Node_id":13793,"weight":0.81113994},
{"Node_id":13794,"weight":0.35732},
{"Node_id":13795,"weight":0.65699},
{"Node_id":13803,"weight":0.22907},
{"Node_id":13805,"weight":0.38371998},
{"Node_id":13807,"weight":0.25775},
{"Node_id":13809,"weight":0.17036},
{"Node_id":13810,"weight":0.25297},
{"Node_id":13814,"weight":0.22005999},
{"Node_id":13816,"weight":0.17345999},
{"Node_id":13817,"weight":0.17252001},
{"Node_id":13819,"weight":0.2375},
{"Node_id":13820,"weight":0.19487},
{"Node_id":13822,"weight":0.24221},
{"Node_id":13823,"weight":0.16523},
{"Node_id":13824,"weight":0.21031001},
{"Node_id":13825,"weight":0.17607},
{"Node_id":13827,"weight":0.23321},
{"Node_id":13835,"weight":0.15076},
{"Node_id":13838,"weight":0.37579},
{"Node_id":13839,"weight":0.19296},
{"Node_id":13840,"weight":0.21092999},
{"Node_id":13842,"weight":0.22657001},
{"Node_id":13846,"weight":0.26678},
{"Node_id":13848,"weight":0.15245},
{"Node_id":13850,"weight":0.19895999},
{"Node_id":13852,"weight":0.25023},
{"Node_id":13853,"weight":0.1421},
{"Node_id":13854,"weight":0.17151001},
{"Node_id":13856,"weight":0.19634},
{"Node_id":13864,"weight":0.22967},
{"Node_id":13870,"weight":0.23931},
{"Node_id":13888,"weight":0.21861999},
{"Node_id":13894,"weight":0.21071999},
{"Node_id":13895,"weight":0.17464},
{"Node_id":13911,"weight":0.16222},
{"Node_id":13923,"weight":0.17881},
{"Node_id":13932,"weight":0.16694},
{"Node_id":13946,"weight":0.15863},
{"Node_id":13953,"weight":0.26482},
{"Node_id":13955,"weight":0.22634001},
{"Node_id":13957,"weight":0.1397},
{"Node_id":13959,"weight":0.19468},
{"Node_id":13962,"weight":0.153},
{"Node_id":13968,"weight":0.18087},
{"Node_id":13969,"weight":0.17963001},
{"Node_id":14024,"weight":0.23234001},
{"Node_id":14025,"weight":0.15942},
{"Node_id":14038,"weight":0.29808},
{"Node_id":14040,"weight":0.1935},
{"Node_id":14043,"weight":0.21568},
{"Node_id":14046,"weight":0.14848},
{"Node_id":14047,"weight":0.15793},
{"Node_id":14048,"weight":0.31833},
{"Node_id":14052,"weight":0.22955},
{"Node_id":14054,"weight":0.27235},
{"Node_id":14065,"weight":0.21312001},
{"Node_id":14066,"weight":0.15002},
{"Node_id":14068,"weight":0.20745},
{"Node_id":14069,"weight":0.14822},
{"Node_id":14070,"weight":0.14848},
{"Node_id":14071,"weight":0.20436001},
{"Node_id":14073,"weight":0.24851999},
{"Node_id":14074,"weight":0.18643},
{"Node_id":14075,"weight":0.31651002},
{"Node_id":14077,"weight":0.13932},
{"Node_id":14078,"weight":0.14975},
{"Node_id":14080,"weight":0.15963},
{"Node_id":14087,"weight":0.17736},
{"Node_id":14088,"weight":0.19296},
{"Node_id":14089,"weight":0.27857},
{"Node_id":14092,"weight":0.40693998},
{"Node_id":14093,"weight":0.24670999},
{"Node_id":14095,"weight":0.1752},
{"Node_id":14096,"weight":0.20038},
{"Node_id":14098,"weight":0.27081},
{"Node_id":14099,"weight":0.14835},
{"Node_id":14101,"weight":0.2727},
{"Node_id":14104,"weight":0.3596},
{"Node_id":14108,"weight":0.23866001},
{"Node_id":14110,"weight":0.14624},
{"Node_id":14115,"weight":0.28652},
{"Node_id":14116,"weight":0.15062},
{"Node_id":14117,"weight":0.14881},
{"Node_id":14119,"weight":0.14921},
{"Node_id":14121,"weight":0.1776},
{"Node_id":14124,"weight":0.16973999},
{"Node_id":14125,"weight":0.22196},
{"Node_id":14127,"weight":0.2881},
{"Node_id":14128,"weight":0.17401001},
{"Node_id":14130,"weight":0.16208},
{"Node_id":14132,"weight":0.16486},
{"Node_id":14133,"weight":0.19332},
{"Node_id":14134,"weight":0.18523},
{"Node_id":14135,"weight":0.26401},
{"Node_id":14136,"weight":0.15272},
{"Node_id":14137,"weight":0.15368},
{"Node_id":14138,"weight":0.48077998},
{"Node_id":14139,"weight":0.19868},
{"Node_id":14141,"weight":0.19286999},
{"Node_id":14142,"weight":0.15049},
{"Node_id":14143,"weight":0.1817},
{"Node_id":14144,"weight":0.15977},
{"Node_id":14145,"weight":0.25489},
{"Node_id":14146,"weight":0.21928},
{"Node_id":14148,"weight":0.23775999},
{"Node_id":14149,"weight":0.22799},
{"Node_id":14150,"weight":0.24368998},
{"Node_id":14151,"weight":0.30881},
{"Node_id":14152,"weight":0.14565},
{"Node_id":14153,"weight":0.20816},
{"Node_id":14154,"weight":0.27784},
{"Node_id":14156,"weight":0.20907},
{"Node_id":14157,"weight":0.60725003},
{"Node_id":14158,"weight":0.28574},
{"Node_id":14159,"weight":0.14177999},
{"Node_id":14160,"weight":0.15992},
{"Node_id":14161,"weight":0.21719},
{"Node_id":14162,"weight":0.15035},
{"Node_id":14163,"weight":0.13882},
{"Node_id":14164,"weight":0.22576001},
{"Node_id":14165,"weight":0.33652002},
{"Node_id":14166,"weight":0.25254},
{"Node_id":14167,"weight":0.17105},
{"Node_id":14168,"weight":0.48457998},
{"Node_id":14169,"weight":0.22551998},
{"Node_id":14170,"weight":0.13988},
{"Node_id":14171,"weight":0.14172},
{"Node_id":14172,"weight":0.16523},
{"Node_id":14173,"weight":0.17963001},
{"Node_id":14174,"weight":0.41002002},
{"Node_id":14175,"weight":0.25066},
{"Node_id":14176,"weight":0.25385},
{"Node_id":14177,"weight":0.2877},
{"Node_id":14178,"weight":0.19522999},
{"Node_id":14179,"weight":0.25713998},
{"Node_id":14180,"weight":0.14565},
{"Node_id":14181,"weight":0.1744},
{"Node_id":14182,"weight":0.16732},
{"Node_id":14183,"weight":0.1798},
{"Node_id":14184,"weight":0.19305},
{"Node_id":14185,"weight":0.14229},
{"Node_id":14186,"weight":0.1543},
{"Node_id":14187,"weight":0.41711003},
{"Node_id":14188,"weight":0.26711},
{"Node_id":14189,"weight":0.22049999},
{"Node_id":14190,"weight":0.31347},
{"Node_id":14191,"weight":0.14815},
{"Node_id":14192,"weight":0.1752},
{"Node_id":14193,"weight":0.30251998},
{"Node_id":14194,"weight":0.16368},
{"Node_id":14195,"weight":0.31963998},
{"Node_id":14196,"weight":0.20565},
{"Node_id":14197,"weight":0.19296},
{"Node_id":14198,"weight":0.18135999},
{"Node_id":14199,"weight":0.22242},
{"Node_id":14200,"weight":0.23571},
{"Node_id":14201,"weight":0.38038},
{"Node_id":14202,"weight":0.20938},
{"Node_id":14203,"weight":0.20745},
{"Node_id":14204,"weight":0.25123},
{"Node_id":14205,"weight":0.15786001},
{"Node_id":14206,"weight":0.1726},
{"Node_id":14207,"weight":0.14663},
{"Node_id":14208,"weight":0.26563},
{"Node_id":14209,"weight":0.14147},
{"Node_id":14210,"weight":0.29011},
{"Node_id":14211,"weight":0.52347004},
{"Node_id":14212,"weight":0.34094998},
{"Node_id":14213,"weight":0.34225},
{"Node_id":14214,"weight":0.18557},
{"Node_id":14215,"weight":0.26498002},
{"Node_id":14216,"weight":0.21134},
{"Node_id":14217,"weight":0.2366},
{"Node_id":14218,"weight":0.19395},
{"Node_id":14219,"weight":0.31859},
{"Node_id":14220,"weight":0.22907},
{"Node_id":14221,"weight":0.18337},
{"Node_id":14222,"weight":0.15652},
{"Node_id":14223,"weight":0.2543},
{"Node_id":14224,"weight":0.58061},
{"Node_id":14225,"weight":0.36969},
{"Node_id":14226,"weight":0.21774001},
{"Node_id":14227,"weight":0.14795001},
{"Node_id":14228,"weight":0.13944},
{"Node_id":14229,"weight":0.23222001},
{"Node_id":14230,"weight":0.18012},
{"Node_id":14231,"weight":0.52933},
{"Node_id":14232,"weight":0.33078998},
{"Node_id":14233,"weight":0.44278002},
{"Node_id":14234,"weight":0.15652},
{"Node_id":14235,"weight":0.25944},
{"Node_id":14236,"weight":0.20855999},
{"Node_id":14237,"weight":0.15029},
{"Node_id":14238,"weight":0.28750998},
{"Node_id":14239,"weight":0.15361},
{"Node_id":14240,"weight":0.32342},
{"Node_id":14241,"weight":0.19432},
{"Node_id":14242,"weight":0.1639},
{"Node_id":14245,"weight":0.57105},
{"Node_id":14248,"weight":0.20019},
{"Node_id":14250,"weight":0.39124},
{"Node_id":14253,"weight":0.17841001},
{"Node_id":14257,"weight":0.25975},
{"Node_id":14260,"weight":0.21418},
{"Node_id":14262,"weight":0.19098},
{"Node_id":14265,"weight":0.14242001},
{"Node_id":14268,"weight":0.25913},
{"Node_id":14271,"weight":0.16822},
{"Node_id":14275,"weight":0.35004002},
{"Node_id":14278,"weight":0.14096001},
{"Node_id":14282,"weight":0.18834},
{"Node_id":14283,"weight":0.16657},
{"Node_id":14284,"weight":0.20918},
{"Node_id":14285,"weight":0.29257},
{"Node_id":14286,"weight":0.34323},
{"Node_id":14292,"weight":0.16258},
{"Node_id":14295,"weight":0.25913},
{"Node_id":14296,"weight":0.20154},
{"Node_id":14297,"weight":0.18755999},
{"Node_id":14320,"weight":0.15068999},
{"Node_id":14325,"weight":0.15423},
{"Node_id":14332,"weight":0.25254},
{"Node_id":14333,"weight":0.18808},
{"Node_id":14334,"weight":0.21134},
{"Node_id":14340,"weight":0.28496},
{"Node_id":14341,"weight":0.18178001},
{"Node_id":14349,"weight":0.18153},
{"Node_id":14350,"weight":0.24302001},
{"Node_id":14352,"weight":0.22611001},
{"Node_id":14353,"weight":0.41982},
{"Node_id":14354,"weight":0.36392},
{"Node_id":14355,"weight":0.19727},
{"Node_id":14356,"weight":0.57413995},
{"Node_id":14357,"weight":0.30929},
{"Node_id":14358,"weight":0.23608999},
{"Node_id":14359,"weight":0.17113},
{"Node_id":14360,"weight":0.14268},
{"Node_id":14361,"weight":0.29896},
{"Node_id":14362,"weight":0.20938},
{"Node_id":14363,"weight":0.36718},
{"Node_id":14364,"weight":0.21124001},
{"Node_id":14365,"weight":0.25518999},
{"Node_id":14366,"weight":0.23445001},
{"Node_id":14367,"weight":0.15527001},
{"Node_id":14368,"weight":0.1752},
{"Node_id":14369,"weight":0.27658},
{"Node_id":14370,"weight":0.19241},
{"Node_id":14371,"weight":0.18506},
{"Node_id":14372,"weight":0.24951},
{"Node_id":14373,"weight":0.33168},
{"Node_id":14374,"weight":0.19368},
{"Node_id":14375,"weight":0.22599001},
{"Node_id":14376,"weight":0.18531999},
{"Node_id":14377,"weight":0.22379},
{"Node_id":14378,"weight":0.18379},
{"Node_id":14379,"weight":0.36718},
{"Node_id":14380,"weight":0.16317001},
{"Node_id":14381,"weight":0.37624},
{"Node_id":14382,"weight":0.15617},
{"Node_id":14383,"weight":0.18566},
{"Node_id":14384,"weight":0.18575},
{"Node_id":14385,"weight":0.16013},
{"Node_id":14386,"weight":0.19062999},
{"Node_id":14387,"weight":0.32648},
{"Node_id":14388,"weight":0.34557},
{"Node_id":14389,"weight":0.25079998},
{"Node_id":14390,"weight":0.14198},
{"Node_id":14391,"weight":0.14474},
{"Node_id":14392,"weight":0.30229002},
{"Node_id":14393,"weight":0.29529},
{"Node_id":14394,"weight":0.20377},
{"Node_id":14395,"weight":0.15218},
{"Node_id":14398,"weight":0.20555},
{"Node_id":14400,"weight":0.18261},
{"Node_id":14401,"weight":0.2887},
{"Node_id":14403,"weight":0.17898001},
{"Node_id":14404,"weight":0.33999},
{"Node_id":14405,"weight":0.20545001},
{"Node_id":14407,"weight":0.20927998},
{"Node_id":14408,"weight":0.20105},
{"Node_id":14409,"weight":0.15582},
{"Node_id":14410,"weight":0.14709},
{"Node_id":14412,"weight":0.26466},
{"Node_id":14413,"weight":0.14134},
{"Node_id":14414,"weight":0.18186},
{"Node_id":14418,"weight":0.35922},
{"Node_id":14419,"weight":0.18371001},
{"Node_id":14420,"weight":0.25564},
{"Node_id":14423,"weight":0.14293},
{"Node_id":14425,"weight":0.22028},
{"Node_id":14426,"weight":0.32905},
{"Node_id":14427,"weight":0.37357},
{"Node_id":14430,"weight":0.16368},
{"Node_id":14431,"weight":0.19188},
{"Node_id":14433,"weight":0.50450003},
{"Node_id":14434,"weight":0.33168},
{"Node_id":14435,"weight":0.25356},
{"Node_id":14438,"weight":0.38817},
{"Node_id":14439,"weight":0.27839},
{"Node_id":14442,"weight":0.19395},
{"Node_id":14443,"weight":0.14915},
{"Node_id":14444,"weight":0.16936001},
{"Node_id":14445,"weight":0.14565},
{"Node_id":14447,"weight":0.33745998},
{"Node_id":14448,"weight":0.33871},
{"Node_id":14452,"weight":0.18843},
{"Node_id":14453,"weight":0.14500001},
{"Node_id":14454,"weight":0.22847},
{"Node_id":14457,"weight":0.14442},
{"Node_id":14458,"weight":0.29381},
{"Node_id":14463,"weight":0.19662},
{"Node_id":14464,"weight":0.16324},
{"Node_id":14465,"weight":0.17456},
{"Node_id":14468,"weight":0.16717},
{"Node_id":14469,"weight":0.15927},
{"Node_id":14470,"weight":0.18253},
{"Node_id":14475,"weight":0.31963998},
{"Node_id":14476,"weight":0.15068999},
{"Node_id":14477,"weight":0.22219},
{"Node_id":14480,"weight":0.23027},
{"Node_id":14481,"weight":0.34063},
{"Node_id":14493,"weight":0.24895},
{"Node_id":14496,"weight":0.22118},
{"Node_id":14498,"weight":0.18738},
{"Node_id":14499,"weight":0.18037},
{"Node_id":14500,"weight":0.14500001},
{"Node_id":14505,"weight":0.1656},
{"Node_id":14508,"weight":0.21503},
{"Node_id":14511,"weight":0.14703},
{"Node_id":14514,"weight":0.31148},
{"Node_id":14516,"weight":0.15334001},
{"Node_id":14518,"weight":0.15715},
{"Node_id":14521,"weight":0.15771},
{"Node_id":14523,"weight":0.21092999},
{"Node_id":14526,"weight":0.32847},
{"Node_id":14529,"weight":0.18211},
{"Node_id":14531,"weight":0.18992},
{"Node_id":14534,"weight":0.15786001},
{"Node_id":14535,"weight":0.15863},
{"Node_id":14538,"weight":0.14789},
{"Node_id":14540,"weight":0.15541},
{"Node_id":14545,"weight":0.23905},
{"Node_id":14548,"weight":0.22859001},
{"Node_id":14549,"weight":0.1552},
{"Node_id":14550,"weight":0.41002002},
{"Node_id":14556,"weight":0.16739},
{"Node_id":14559,"weight":0.14591},
{"Node_id":14561,"weight":0.22344},
{"Node_id":14568,"weight":0.1854},
{"Node_id":14571,"weight":0.23027},
{"Node_id":14572,"weight":0.16092},
{"Node_id":14573,"weight":0.18617001},
{"Node_id":14578,"weight":0.25094},
{"Node_id":14581,"weight":0.28535},
{"Node_id":14584,"weight":0.15382001},
{"Node_id":14586,"weight":0.1812},
{"Node_id":14591,"weight":0.2401},
{"Node_id":14592,"weight":0.68113},
{"Node_id":14595,"weight":0.22265},
{"Node_id":14598,"weight":0.25474},
{"Node_id":14600,"weight":0.14948},
{"Node_id":14605,"weight":0.43857998},
{"Node_id":14606,"weight":0.43614},
{"Node_id":14607,"weight":0.31807},
{"Node_id":14610,"weight":0.17988},
{"Node_id":14612,"weight":0.14513001},
{"Node_id":14613,"weight":0.18128},
{"Node_id":14615,"weight":0.29174},
{"Node_id":14620,"weight":0.36352},
{"Node_id":14622,"weight":0.19395},
{"Node_id":14626,"weight":0.23710999},
{"Node_id":14627,"weight":0.40221},
{"Node_id":14629,"weight":0.41127},
{"Node_id":14631,"weight":0.20615001},
{"Node_id":14632,"weight":0.22895},
{"Node_id":14636,"weight":0.39549},
{"Node_id":14642,"weight":0.48330003},
{"Node_id":14643,"weight":0.15484999},
{"Node_id":14644,"weight":0.23063},
{"Node_id":14645,"weight":0.18957},
{"Node_id":14646,"weight":0.18044999},
{"Node_id":14647,"weight":0.31422},
{"Node_id":14648,"weight":0.41914},
{"Node_id":14649,"weight":0.43534002},
{"Node_id":14650,"weight":0.16302},
{"Node_id":14651,"weight":0.18738},
{"Node_id":14652,"weight":0.15245},
{"Node_id":14653,"weight":0.50294},
{"Node_id":14654,"weight":0.15807},
{"Node_id":14655,"weight":0.38716},
{"Node_id":14656,"weight":0.22907},
{"Node_id":14657,"weight":0.26612002},
{"Node_id":14658,"weight":0.22061},
{"Node_id":14659,"weight":0.15218},
{"Node_id":14660,"weight":0.22016999},
{"Node_id":14661,"weight":0.53771},
{"Node_id":14662,"weight":0.23918},
{"Node_id":14663,"weight":0.15326999},
{"Node_id":14664,"weight":0.15527001},
{"Node_id":14665,"weight":0.22448},
{"Node_id":14666,"weight":0.21752},
{"Node_id":14667,"weight":0.30953},
{"Node_id":14669,"weight":0.31651002},
{"Node_id":14672,"weight":0.18103},
{"Node_id":14673,"weight":0.16171},
{"Node_id":14676,"weight":0.23458},
{"Node_id":14680,"weight":0.41778},
{"Node_id":14681,"weight":0.21155},
{"Node_id":14685,"weight":0.18678},
{"Node_id":14686,"weight":0.48457998},
{"Node_id":14687,"weight":0.27218002},
{"Node_id":14691,"weight":0.15828},
{"Node_id":14692,"weight":0.20685},
{"Node_id":14693,"weight":0.42051},
{"Node_id":14694,"weight":0.27218002},
{"Node_id":14698,"weight":0.29742998},
{"Node_id":14699,"weight":0.24155},
{"Node_id":14700,"weight":0.53343},
{"Node_id":14701,"weight":0.15416},
{"Node_id":14702,"weight":0.26861},
{"Node_id":14706,"weight":0.8517},
{"Node_id":14707,"weight":0.30095},
{"Node_id":14708,"weight":0.20416},
{"Node_id":14709,"weight":0.19838999},
{"Node_id":14710,"weight":0.15561},
{"Node_id":14711,"weight":0.17971},
{"Node_id":14715,"weight":0.2474},
{"Node_id":14716,"weight":0.17662999},
{"Node_id":14717,"weight":0.30857},
{"Node_id":14718,"weight":0.14921},
{"Node_id":14719,"weight":0.17671},
{"Node_id":14720,"weight":0.44024},
{"Node_id":14721,"weight":0.19652},
{"Node_id":14725,"weight":0.17097},
{"Node_id":14726,"weight":0.16142},
{"Node_id":14727,"weight":0.21972},
{"Node_id":14728,"weight":0.26678},
{"Node_id":14729,"weight":0.14026001},
{"Node_id":14730,"weight":0.22764},
{"Node_id":14731,"weight":0.2342},
{"Node_id":14735,"weight":0.21197},
{"Node_id":14736,"weight":0.15347001},
{"Node_id":14737,"weight":0.3279},
{"Node_id":14738,"weight":0.18515},
{"Node_id":14739,"weight":0.15177},
{"Node_id":14740,"weight":0.2401},
{"Node_id":14741,"weight":0.32205},
{"Node_id":14742,"weight":0.41254002},
{"Node_id":14746,"weight":0.20836},
{"Node_id":14747,"weight":0.15197},
{"Node_id":14748,"weight":0.17825},
{"Node_id":14749,"weight":0.32818002},
{"Node_id":14750,"weight":0.23853},
{"Node_id":14751,"weight":0.17074},
{"Node_id":14752,"weight":0.14299999},
{"Node_id":14754,"weight":0.31912},
{"Node_id":14758,"weight":0.17841001},
{"Node_id":14759,"weight":0.14422},
{"Node_id":14760,"weight":0.28191},
{"Node_id":14761,"weight":0.31833},
{"Node_id":14762,"weight":0.33168},
{"Node_id":14763,"weight":0.25066},
{"Node_id":14764,"weight":0.24881001},
{"Node_id":14766,"weight":0.16244},
{"Node_id":14767,"weight":0.19532},
{"Node_id":14771,"weight":0.13894},
{"Node_id":14772,"weight":0.15444},
{"Node_id":14773,"weight":0.22230001},
{"Node_id":14774,"weight":0.23222001},
{"Node_id":14775,"weight":0.33197},
{"Node_id":14776,"weight":0.22739999},
{"Node_id":14777,"weight":0.24356},
{"Node_id":14779,"weight":0.1822},
{"Node_id":14780,"weight":0.18583},
{"Node_id":14781,"weight":0.24221},
{"Node_id":14785,"weight":0.32314},
{"Node_id":14786,"weight":0.17151001},
{"Node_id":14787,"weight":0.27063},
{"Node_id":14788,"weight":0.39282},
{"Node_id":14789,"weight":0.19934},
{"Node_id":14790,"weight":0.14377001},
{"Node_id":14791,"weight":0.20836},
{"Node_id":14793,"weight":0.17089},
{"Node_id":14794,"weight":0.17276},
{"Node_id":14795,"weight":0.55429},
{"Node_id":14796,"weight":0.14371},
{"Node_id":14800,"weight":0.52159},
{"Node_id":14801,"weight":0.49989},
{"Node_id":14802,"weight":0.46052998},
{"Node_id":14803,"weight":0.1712},
{"Node_id":14804,"weight":0.15389},
{"Node_id":14805,"weight":0.54217},
{"Node_id":14806,"weight":0.17906},
{"Node_id":14808,"weight":0.17198},
{"Node_id":14809,"weight":0.15326999},
{"Node_id":14810,"weight":0.32619},
{"Node_id":14812,"weight":0.52347004},
{"Node_id":14813,"weight":0.19606},
{"Node_id":14814,"weight":0.17719},
{"Node_id":14815,"weight":0.14474},
{"Node_id":14816,"weight":0.24768},
{"Node_id":14820,"weight":0.158},
{"Node_id":14821,"weight":0.15169999},
{"Node_id":14826,"weight":0.18395999},
{"Node_id":14827,"weight":0.17417},
{"Node_id":14828,"weight":0.29808},
{"Node_id":14829,"weight":0.43534002},
{"Node_id":14830,"weight":0.22528999},
{"Node_id":14831,"weight":0.14128},
{"Node_id":14832,"weight":0.15992},
{"Node_id":14833,"weight":0.16762},
{"Node_id":14834,"weight":0.20211999},
{"Node_id":14835,"weight":0.30389},
{"Node_id":14836,"weight":0.33376998},
{"Node_id":14837,"weight":0.21577999},
{"Node_id":14838,"weight":0.25684},
{"Node_id":14839,"weight":0.31222},
{"Node_id":14840,"weight":0.40939003},
{"Node_id":14841,"weight":0.25913},
{"Node_id":14843,"weight":0.19792},
{"Node_id":14844,"weight":0.20948},
{"Node_id":14846,"weight":0.29113},
{"Node_id":14847,"weight":0.19699},
{"Node_id":14848,"weight":0.19953},
{"Node_id":14850,"weight":0.37401},
{"Node_id":14851,"weight":0.17639},
{"Node_id":14852,"weight":0.15265},
{"Node_id":14853,"weight":0.36038},
{"Node_id":14855,"weight":0.15963},
{"Node_id":14856,"weight":0.23111999},
{"Node_id":14857,"weight":0.31522998},
{"Node_id":14858,"weight":0.26433998},
{"Node_id":14859,"weight":0.23710999},
{"Node_id":14861,"weight":0.26194},
{"Node_id":14862,"weight":0.13995},
{"Node_id":14863,"weight":0.17401001},
{"Node_id":14864,"weight":0.29765},
{"Node_id":14865,"weight":0.20685},
{"Node_id":14866,"weight":0.14644},
{"Node_id":14868,"weight":0.16208},
{"Node_id":14869,"weight":0.139},
{"Node_id":14870,"weight":0.19597},
{"Node_id":14871,"weight":0.25836},
{"Node_id":14872,"weight":0.14019999},
{"Node_id":14873,"weight":0.21082},
{"Node_id":14874,"weight":0.55956995},
{"Node_id":14875,"weight":0.18515},
{"Node_id":14876,"weight":0.14928},
{"Node_id":14877,"weight":0.21343999},
{"Node_id":14878,"weight":0.24181001},
{"Node_id":14879,"weight":0.21884},
{"Node_id":14880,"weight":0.21},
{"Node_id":14882,"weight":0.26336998},
{"Node_id":14883,"weight":0.17447999},
{"Node_id":14884,"weight":0.16331},
{"Node_id":14885,"weight":0.20397},
{"Node_id":14886,"weight":0.17464},
{"Node_id":14887,"weight":0.19802001},
{"Node_id":14888,"weight":0.20269999},
{"Node_id":14889,"weight":0.15828},
{"Node_id":14890,"weight":0.14281},
{"Node_id":14891,"weight":0.21557},
{"Node_id":14892,"weight":0.17881},
{"Node_id":14895,"weight":0.20545001},
{"Node_id":14898,"weight":0.16575},
{"Node_id":14901,"weight":0.32342},
{"Node_id":14902,"weight":0.2645},
{"Node_id":14903,"weight":0.1575},
{"Node_id":14904,"weight":0.21884},
{"Node_id":14905,"weight":0.33317},
{"Node_id":14906,"weight":0.15089001},
{"Node_id":14907,"weight":0.32044},
{"Node_id":14908,"weight":0.17005},
{"Node_id":14909,"weight":0.19505},
{"Node_id":14910,"weight":0.2658},
{"Node_id":14911,"weight":0.17703},
{"Node_id":14912,"weight":0.29257},
{"Node_id":14913,"weight":0.15368},
{"Node_id":14914,"weight":0.27445},
{"Node_id":14915,"weight":0.19962},
{"Node_id":14916,"weight":0.34094998},
{"Node_id":14917,"weight":0.14578},
{"Node_id":14918,"weight":0.23099999},
{"Node_id":14919,"weight":0.24951},
{"Node_id":14920,"weight":0.14468},
{"Node_id":14921,"weight":0.20231},
{"Node_id":14922,"weight":0.23445001},
{"Node_id":14923,"weight":0.49989},
{"Node_id":14924,"weight":0.14631},
{"Node_id":14925,"weight":0.55956995},
{"Node_id":14926,"weight":0.17503999},
{"Node_id":14927,"weight":0.15513},
{"Node_id":14928,"weight":0.15764001},
{"Node_id":14929,"weight":0.24049},
{"Node_id":14930,"weight":0.44896},
{"Node_id":14931,"weight":0.38567},
{"Node_id":14932,"weight":0.15708},
{"Node_id":14933,"weight":0.15582},
{"Node_id":14934,"weight":0.38616},
{"Node_id":14935,"weight":0.1513},
{"Node_id":14936,"weight":0.54447997},
{"Node_id":14937,"weight":0.27322},
{"Node_id":14938,"weight":0.14076999},
{"Node_id":14939,"weight":0.60725003},
{"Node_id":14940,"weight":0.16868},
{"Node_id":14941,"weight":0.14229},
{"Node_id":14942,"weight":0.29423},
{"Node_id":14943,"weight":0.17784},
{"Node_id":14944,"weight":0.20585},
{"Node_id":14945,"weight":0.18506},
{"Node_id":14946,"weight":0.19634},
{"Node_id":14947,"weight":0.1702},
{"Node_id":14948,"weight":0.19588},
{"Node_id":14949,"weight":0.42119998},
{"Node_id":14950,"weight":0.35325998},
{"Node_id":14951,"weight":0.32479998},
{"Node_id":14952,"weight":0.14526},
{"Node_id":14953,"weight":0.14565},
{"Node_id":14954,"weight":0.21092999},
{"Node_id":14955,"weight":0.49840003},
{"Node_id":14956,"weight":0.31075},
{"Node_id":14957,"weight":0.19071999},
{"Node_id":14958,"weight":0.61637},
{"Node_id":14959,"weight":0.20241001},
{"Node_id":14960,"weight":0.19143},
{"Node_id":14961,"weight":0.23271},
{"Node_id":14962,"weight":0.29678},
{"Node_id":14963,"weight":0.22692999},
{"Node_id":14964,"weight":0.36352},
{"Node_id":14965,"weight":0.35253},
{"Node_id":14966,"weight":0.14901},
{"Node_id":14967,"weight":0.31549},
{"Node_id":14968,"weight":0.34623998},
{"Node_id":14969,"weight":0.21493001},
{"Node_id":14970,"weight":0.3305},
{"Node_id":14971,"weight":0.29917},
{"Node_id":14972,"weight":0.15779},
{"Node_id":14973,"weight":0.21503},
{"Node_id":14974,"weight":0.1465},
{"Node_id":14975,"weight":0.19811},
{"Node_id":14976,"weight":0.14526},
{"Node_id":14977,"weight":0.15771},
{"Node_id":14978,"weight":0.18062},
{"Node_id":14979,"weight":0.20125},
{"Node_id":14980,"weight":0.57413995},
{"Node_id":14981,"weight":0.41318002},
{"Node_id":14982,"weight":0.25371},
{"Node_id":14983,"weight":0.21322998},
{"Node_id":14984,"weight":0.14223},
{"Node_id":14985,"weight":0.43857998},
{"Node_id":14986,"weight":0.44364},
{"Node_id":14987,"weight":0.14063999},
{"Node_id":14988,"weight":0.14533},
{"Node_id":14989,"weight":0.1513},
{"Node_id":14990,"weight":0.17036},
{"Node_id":14991,"weight":0.21217999},
{"Node_id":14992,"weight":0.44450998},
{"Node_id":14993,"weight":0.16538},
{"Node_id":14994,"weight":0.22185},
{"Node_id":14995,"weight":0.17535},
{"Node_id":14996,"weight":0.2102},
{"Node_id":14997,"weight":0.1397},
{"Node_id":14998,"weight":0.18851},
{"Node_id":14999,"weight":0.18379},
{"Node_id":15000,"weight":0.56515},
{"Node_id":15001,"weight":0.18992},
{"Node_id":15002,"weight":0.17939},
{"Node_id":15003,"weight":0.20125},
{"Node_id":15004,"weight":0.25594002},
{"Node_id":15005,"weight":0.17244},
{"Node_id":15006,"weight":0.36969},
{"Node_id":15007,"weight":0.31703},
{"Node_id":15008,"weight":0.15184},
{"Node_id":15009,"weight":0.13869},
{"Node_id":15010,"weight":0.21829},
{"Node_id":15011,"weight":0.28477},
{"Node_id":15012,"weight":0.16694},
{"Node_id":15013,"weight":0.3577},
{"Node_id":15014,"weight":0.2889},
{"Node_id":15015,"weight":0.2885},
{"Node_id":15016,"weight":0.15259},
{"Node_id":15017,"weight":0.38567},
{"Node_id":15018,"weight":0.33078998},
{"Node_id":15019,"weight":0.18354},
{"Node_id":15020,"weight":0.17736},
{"Node_id":15021,"weight":0.3714},
{"Node_id":15022,"weight":0.18371001},
{"Node_id":15023,"weight":0.29808},
{"Node_id":15024,"weight":0.29614002},
{"Node_id":15025,"weight":0.34934002},
{"Node_id":15026,"weight":0.13882},
{"Node_id":15027,"weight":0.17623},
{"Node_id":15028,"weight":0.23710999},
{"Node_id":15029,"weight":0.14313},
{"Node_id":15030,"weight":0.15527001},
{"Node_id":15031,"weight":0.22599001},
{"Node_id":15032,"weight":0.20029},
{"Node_id":15033,"weight":0.26596},
{"Node_id":15034,"weight":0.19359},
{"Node_id":15035,"weight":0.29381},
{"Node_id":15036,"weight":0.29174},
{"Node_id":15037,"weight":0.16171},
{"Node_id":15038,"weight":0.18103},
{"Node_id":15039,"weight":0.15334001},
{"Node_id":15040,"weight":0.2887},
{"Node_id":15041,"weight":0.18186},
{"Node_id":15042,"weight":0.19542},
{"Node_id":15045,"weight":0.22118},
{"Node_id":15053,"weight":0.16785},
{"Node_id":15054,"weight":0.30006},
{"Node_id":15055,"weight":0.21785},
{"Node_id":15056,"weight":0.30786},
{"Node_id":15057,"weight":0.38275},
{"Node_id":15058,"weight":0.17881},
{"Node_id":15059,"weight":0.3055},
{"Node_id":15060,"weight":0.19662},
{"Node_id":15061,"weight":0.24670999},
{"Node_id":15062,"weight":0.32905},
{"Node_id":15063,"weight":0.1901},
{"Node_id":15064,"weight":0.19802001},
{"Node_id":15065,"weight":0.19802001},
{"Node_id":15066,"weight":0.78235996},
{"Node_id":15067,"weight":0.52734},
{"Node_id":15068,"weight":0.18021},
{"Node_id":15069,"weight":0.16913},
{"Node_id":15070,"weight":0.2645},
{"Node_id":15071,"weight":0.40163},
{"Node_id":15072,"weight":0.14915},
{"Node_id":15073,"weight":0.15347001},
{"Node_id":15074,"weight":0.26531},
{"Node_id":15075,"weight":0.22611001},
{"Node_id":15081,"weight":0.29508},
{"Node_id":15084,"weight":0.19624999},
{"Node_id":15085,"weight":0.34456},
{"Node_id":15086,"weight":0.15814},
{"Node_id":15088,"weight":0.14120999},
{"Node_id":15089,"weight":0.27569002},
{"Node_id":15090,"weight":0.51100004},
{"Node_id":15093,"weight":0.23309},
{"Node_id":15094,"weight":0.14468},
{"Node_id":15095,"weight":0.48588},
{"Node_id":15096,"weight":0.21217999},
{"Node_id":15099,"weight":0.25327},
{"Node_id":15100,"weight":0.15286},
{"Node_id":15101,"weight":0.21708},
{"Node_id":15102,"weight":0.17792},
{"Node_id":15103,"weight":0.15835},
{"Node_id":15106,"weight":0.20574999},
{"Node_id":15107,"weight":0.19662},
{"Node_id":15108,"weight":0.14249},
{"Node_id":15109,"weight":0.19071999},
{"Node_id":15110,"weight":0.18635},
{"Node_id":15111,"weight":0.27183002},
{"Node_id":15114,"weight":0.21665001},
{"Node_id":15115,"weight":0.23944},
{"Node_id":15116,"weight":0.18447},
{"Node_id":15117,"weight":0.61170995},
{"Node_id":15118,"weight":0.25564},
{"Node_id":15119,"weight":0.17662999},
{"Node_id":15120,"weight":0.19962},
{"Node_id":15123,"weight":0.16317001},
{"Node_id":15124,"weight":0.20989001},
{"Node_id":15125,"weight":0.31222},
{"Node_id":15126,"weight":0.23736998},
{"Node_id":15127,"weight":0.20125},
{"Node_id":15128,"weight":0.36352},
{"Node_id":15129,"weight":0.52539},
{"Node_id":15130,"weight":0.28613},
{"Node_id":15133,"weight":0.26894},
{"Node_id":15134,"weight":0.16215},
{"Node_id":15135,"weight":0.21796},
{"Node_id":15136,"weight":0.26962},
{"Node_id":15137,"weight":0.22611001},
{"Node_id":15138,"weight":0.15368},
{"Node_id":15139,"weight":0.15211001},
{"Node_id":15140,"weight":0.1789},
{"Node_id":15141,"weight":0.22185},
{"Node_id":15144,"weight":0.16157},
{"Node_id":15145,"weight":0.40455},
{"Node_id":15146,"weight":0.29174},
{"Node_id":15147,"weight":0.24519},
{"Node_id":15148,"weight":0.35075},
{"Node_id":15149,"weight":0.15225},
{"Node_id":15150,"weight":0.19953},
{"Node_id":15151,"weight":0.2214},
{"Node_id":15152,"weight":0.21312001},
{"Node_id":15153,"weight":0.21568},
{"Node_id":15154,"weight":0.43453997},
{"Node_id":15155,"weight":0.28248},
{"Node_id":15158,"weight":0.24994},
{"Node_id":15159,"weight":0.17480001},
{"Node_id":15160,"weight":0.14855},
{"Node_id":15161,"weight":0.2764},
{"Node_id":15162,"weight":0.18721},
{"Node_id":15163,"weight":0.24491999},
{"Node_id":15164,"weight":0.18904},
{"Node_id":15165,"weight":0.19782999},
{"Node_id":15166,"weight":0.16508},
{"Node_id":15167,"weight":0.21302},
{"Node_id":15168,"weight":0.24356},
{"Node_id":15169,"weight":0.20897},
{"Node_id":15170,"weight":0.31322},
{"Node_id":15171,"weight":0.1956},
{"Node_id":15172,"weight":0.45362002},
{"Node_id":15173,"weight":0.28574},
{"Node_id":15174,"weight":0.1925},
{"Node_id":15175,"weight":0.32314},
{"Node_id":15176,"weight":0.46052998},
{"Node_id":15177,"weight":0.27839},
{"Node_id":15178,"weight":0.15177},
{"Node_id":15179,"weight":0.14140001},
{"Node_id":15180,"weight":0.17496},
{"Node_id":15181,"weight":0.20318},
{"Node_id":15182,"weight":0.32424},
{"Node_id":15183,"weight":0.18755999},
{"Node_id":15185,"weight":0.15534},
{"Node_id":15196,"weight":0.15177},
{"Node_id":15198,"weight":0.22918999},
{"Node_id":15211,"weight":0.24656999},
{"Node_id":15218,"weight":0.17671},
{"Node_id":15226,"weight":0.15068999},
{"Node_id":15227,"weight":0.14558999},
{"Node_id":15230,"weight":0.17599},
{"Node_id":15235,"weight":0.18455},
{"Node_id":15238,"weight":0.14442},
{"Node_id":15241,"weight":0.25518999},
{"Node_id":15242,"weight":0.16346},
{"Node_id":15243,"weight":0.28343},
{"Node_id":15245,"weight":0.8517},
{"Node_id":15248,"weight":0.16508},
{"Node_id":15251,"weight":0.25371},
{"Node_id":15252,"weight":0.14140001},
{"Node_id":15253,"weight":0.24643},
{"Node_id":15254,"weight":0.18278},
{"Node_id":15255,"weight":0.25867},
{"Node_id":15256,"weight":0.32992},
{"Node_id":15257,"weight":0.25137},
{"Node_id":15258,"weight":0.15700999},
{"Node_id":15259,"weight":0.44191998},
{"Node_id":15260,"weight":0.14287},
{"Node_id":15261,"weight":0.25836},
{"Node_id":15262,"weight":0.14422},
{"Node_id":15263,"weight":0.24712},
{"Node_id":15264,"weight":0.36154002},
{"Node_id":15265,"weight":0.14749},
{"Node_id":15266,"weight":0.21545999},
{"Node_id":15267,"weight":0.2727},
{"Node_id":15268,"weight":0.28750998},
{"Node_id":15269,"weight":0.39604002},
{"Node_id":15270,"weight":0.22704999},
{"Node_id":15271,"weight":0.36352},
{"Node_id":15272,"weight":0.17662999},
{"Node_id":15273,"weight":0.17082},
{"Node_id":15274,"weight":0.18515},
{"Node_id":15275,"weight":0.34865},
{"Node_id":15276,"weight":0.16027},
{"Node_id":15277,"weight":0.34865},
{"Node_id":15278,"weight":0.19026999},
{"Node_id":15279,"weight":0.30620998},
{"Node_id":15280,"weight":0.16092},
{"Node_id":15281,"weight":0.20897},
{"Node_id":15282,"weight":0.18128},
{"Node_id":15283,"weight":0.14461},
{"Node_id":15284,"weight":0.20446},
{"Node_id":15285,"weight":0.25821},
{"Node_id":15286,"weight":0.34761},
{"Node_id":15287,"weight":0.15062},
{"Node_id":15288,"weight":0.20989001},
{"Node_id":15289,"weight":0.23787999},
{"Node_id":15290,"weight":0.15484999},
{"Node_id":15291,"weight":0.44108},
{"Node_id":15292,"weight":0.16950999},
{"Node_id":15293,"weight":0.18270001},
{"Node_id":15294,"weight":0.14384},
{"Node_id":15295,"weight":0.27551},
{"Node_id":15296,"weight":0.17409},
{"Node_id":15297,"weight":0.21333},
{"Node_id":15298,"weight":0.19634},
{"Node_id":15299,"weight":0.27604002},
{"Node_id":15300,"weight":0.15779},
{"Node_id":15301,"weight":0.41382998},
{"Node_id":15302,"weight":0.14565},
{"Node_id":15303,"weight":0.36233002},
{"Node_id":15304,"weight":0.17599},
{"Node_id":15305,"weight":0.25806},
{"Node_id":15306,"weight":0.14096001},
{"Node_id":15307,"weight":0.39072},
{"Node_id":15308,"weight":0.18211},
{"Node_id":15309,"weight":0.25312},
{"Node_id":15310,"weight":0.29657},
{"Node_id":15311,"weight":0.26514},
{"Node_id":15312,"weight":0.14229},
{"Node_id":15313,"weight":0.27132002},
{"Node_id":15314,"weight":0.18404},
{"Node_id":15315,"weight":0.19332},
{"Node_id":15316,"weight":0.41189998},
{"Node_id":15317,"weight":0.24937001},
{"Node_id":15318,"weight":0.39992002},
{"Node_id":15319,"weight":0.19268},
{"Node_id":15320,"weight":0.14351},
{"Node_id":15321,"weight":0.15361},
{"Node_id":15322,"weight":0.16501},
{"Node_id":15323,"weight":0.19001},
{"Node_id":15324,"weight":0.37401},
{"Node_id":15325,"weight":0.14293},
{"Node_id":15326,"weight":0.21961},
{"Node_id":15327,"weight":0.27876002},
{"Node_id":15330,"weight":0.13995},
{"Node_id":15334,"weight":0.25283},
{"Node_id":15339,"weight":0.18161},
{"Node_id":15343,"weight":0.079220004},
{"Node_id":15344,"weight":0.03826},
{"Node_id":15345,"weight":0.01294},
{"Node_id":15346,"weight":0.12720999},
{"Node_id":15347,"weight":0.32676},
{"Node_id":15349,"weight":0.28691},
{"Node_id":15352,"weight":0.14204},
{"Node_id":15353,"weight":0.04561},
{"Node_id":15354,"weight":0.27046},
{"Node_id":15357,"weight":0.162},
{"Node_id":15359,"weight":0.06955},
{"Node_id":15360,"weight":0.25166},
{"Node_id":15361,"weight":0.54447997},
{"Node_id":15363,"weight":0.06239},
{"Node_id":15366,"weight":0.0944},
{"Node_id":15367,"weight":0.19569},
{"Node_id":15368,"weight":0.16822},
{"Node_id":15372,"weight":0.12855999},
{"Node_id":15373,"weight":0.20755},
{"Node_id":15375,"weight":0.04084},
{"Node_id":15376,"weight":0.23185},
{"Node_id":15385,"weight":0.124479994},
{"Node_id":15386,"weight":0.00853},
{"Node_id":15387,"weight":0.07598},
{"Node_id":15390,"weight":0.18270001},
{"Node_id":15397,"weight":0.40878},
{"Node_id":15400,"weight":0.21741},
{"Node_id":15401,"weight":0.06803},
{"Node_id":15404,"weight":0.37011},
{"Node_id":15407,"weight":0.05702},
{"Node_id":15408,"weight":0.12027},
{"Node_id":15410,"weight":0.48588},
{"Node_id":15413,"weight":0.02258},
{"Node_id":15414,"weight":0.17089},
{"Node_id":15416,"weight":0.02302},
{"Node_id":15417,"weight":0.34289998},
{"Node_id":15419,"weight":0.034369998},
{"Node_id":15420,"weight":0.022939999},
{"Node_id":15425,"weight":0.03602},
{"Node_id":15427,"weight":0.16128},
{"Node_id":15430,"weight":0.17535},
{"Node_id":15431,"weight":0.06678},
{"Node_id":15432,"weight":0.10465},
{"Node_id":15442,"weight":0.17082},
{"Node_id":15444,"weight":0.0123000005},
{"Node_id":15453,"weight":0.11859},
{"Node_id":15454,"weight":0.16973999},
{"Node_id":15456,"weight":0.031740002},
{"Node_id":15460,"weight":0.09346},
{"Node_id":15461,"weight":0.25195},
{"Node_id":15462,"weight":0.109969996},
{"Node_id":15464,"weight":0.032929998},
{"Node_id":15469,"weight":0.03756},
{"Node_id":15471,"weight":0.05849},
{"Node_id":15473,"weight":0.00532},
{"Node_id":15475,"weight":0.024079999},
{"Node_id":15477,"weight":0.09982},
{"Node_id":15483,"weight":0.09714},
{"Node_id":15486,"weight":0.02745},
{"Node_id":15488,"weight":0.01141},
{"Node_id":15490,"weight":0.04879},
{"Node_id":15493,"weight":0.01322},
{"Node_id":15503,"weight":0.24168},
{"Node_id":15506,"weight":0.15458},
{"Node_id":15507,"weight":0.12231},
{"Node_id":15508,"weight":0.23918},
{"Node_id":15512,"weight":0.03722},
{"Node_id":15520,"weight":0.056709997},
{"Node_id":15526,"weight":0.04372},
{"Node_id":15561,"weight":0.06812},
{"Node_id":15577,"weight":0.059759997},
{"Node_id":15580,"weight":0.19578001},
{"Node_id":15581,"weight":0.12903},
{"Node_id":15587,"weight":0.18913},
{"Node_id":15592,"weight":0.18362},
{"Node_id":15596,"weight":0.18379},
{"Node_id":15606,"weight":0.04993},
{"Node_id":15607,"weight":0.09425},
{"Node_id":15608,"weight":0.18974},
{"Node_id":15610,"weight":0.05147},
{"Node_id":15621,"weight":0.12674001},
{"Node_id":15632,"weight":0.068519995},
{"Node_id":15654,"weight":0.063489996},
{"Node_id":15656,"weight":0.19764},
{"Node_id":15663,"weight":0.04176},
{"Node_id":15665,"weight":0.08621},
{"Node_id":15679,"weight":0.051889997},
{"Node_id":15688,"weight":0.035690002},
{"Node_id":15689,"weight":0.13153},
{"Node_id":15691,"weight":0.24128},
{"Node_id":15694,"weight":0.109749995},
{"Node_id":15700,"weight":0.0687},
{"Node_id":15712,"weight":0.10595},
{"Node_id":15713,"weight":0.1628},
{"Node_id":15721,"weight":0.105900005},
{"Node_id":15742,"weight":0.14572},
{"Node_id":15757,"weight":0.15002},
{"Node_id":15758,"weight":0.23648},
{"Node_id":15774,"weight":0.0413},
{"Node_id":15776,"weight":0.0259},
{"Node_id":15787,"weight":0.10658},
{"Node_id":15790,"weight":0.04532},
{"Node_id":15796,"weight":0.06111},
{"Node_id":15798,"weight":0.054119997},
{"Node_id":15802,"weight":0.23075},
{"Node_id":15804,"weight":0.081980005},
{"Node_id":15841,"weight":0.11698},
{"Node_id":15847,"weight":0.115760006},
{"Node_id":15848,"weight":0.12878999},
{"Node_id":15850,"weight":0.122650005},
{"Node_id":15856,"weight":0.057749998},
{"Node_id":15873,"weight":0.02798},
{"Node_id":15889,"weight":0.04654},
{"Node_id":15895,"weight":0.17543},
{"Node_id":15897,"weight":0.07657},
{"Node_id":15909,"weight":0.18878},
{"Node_id":15926,"weight":0.083969995},
{"Node_id":15932,"weight":0.15645},
{"Node_id":15947,"weight":0.16427},
{"Node_id":15950,"weight":0.01527},
{"Node_id":15959,"weight":0.20048001},
{"Node_id":15969,"weight":0.0028000001},
{"Node_id":15975,"weight":0.01648},
{"Node_id":15981,"weight":0.2366},
{"Node_id":15988,"weight":0.03367},
{"Node_id":15991,"weight":0.06722},
{"Node_id":15999,"weight":0.16815},
{"Node_id":16016,"weight":0.11072},
{"Node_id":16017,"weight":0.027250001},
{"Node_id":16019,"weight":0.061290003},
{"Node_id":16024,"weight":0.036480002},
{"Node_id":16040,"weight":0.04684},
{"Node_id":16071,"weight":0.21524999},
{"Node_id":16073,"weight":0.10769},
{"Node_id":16077,"weight":0.06491},
{"Node_id":16078,"weight":0.23584001},
{"Node_id":16088,"weight":0.02007},
{"Node_id":16100,"weight":0.20897},
{"Node_id":16105,"weight":0.06234},
{"Node_id":16116,"weight":0.09037},
{"Node_id":16130,"weight":0.22128999},
{"Node_id":16144,"weight":0.01378},
{"Node_id":16157,"weight":0.19259},
{"Node_id":16164,"weight":0.0946},
{"Node_id":16172,"weight":0.08349},
{"Node_id":16173,"weight":0.24356},
{"Node_id":16190,"weight":0.02708},
{"Node_id":16193,"weight":0.080290005},
{"Node_id":16199,"weight":0.19505},
{"Node_id":16214,"weight":0.090560004},
{"Node_id":16215,"weight":0.12049},
{"Node_id":16216,"weight":0.18983},
{"Node_id":16220,"weight":0.08857},
{"Node_id":16222,"weight":0.05262},
{"Node_id":16224,"weight":0.05481},
{"Node_id":16227,"weight":0.11814},
{"Node_id":16232,"weight":0.06415},
{"Node_id":16243,"weight":0.1439},
{"Node_id":16245,"weight":0.23198},
{"Node_id":16253,"weight":0.08179},
{"Node_id":16261,"weight":0.13376},
{"Node_id":16263,"weight":0.10038},
{"Node_id":16282,"weight":0.16464},
{"Node_id":16299,"weight":0.13462},
{"Node_id":16301,"weight":0.03926},
{"Node_id":16302,"weight":0.18904},
{"Node_id":16306,"weight":0.09494},
{"Node_id":16307,"weight":0.139},
{"Node_id":16308,"weight":0.29896},
{"Node_id":16310,"weight":0.43694},
{"Node_id":16311,"weight":0.18878},
{"Node_id":16312,"weight":0.1033},
{"Node_id":16313,"weight":0.21333},
{"Node_id":16314,"weight":0.06682},
{"Node_id":16320,"weight":0.07773},
{"Node_id":16323,"weight":0.13081},
{"Node_id":16325,"weight":0.022130001},
{"Node_id":16329,"weight":0.24356},
{"Node_id":16330,"weight":0.13004},
{"Node_id":16333,"weight":0.12727},
{"Node_id":16334,"weight":0.09997},
{"Node_id":16335,"weight":0.082169995},
{"Node_id":16336,"weight":0.113900006},
{"Node_id":16337,"weight":0.16837},
{"Node_id":16338,"weight":0.02152},
{"Node_id":16340,"weight":0.12790999},
{"Node_id":16342,"weight":0.01987},
{"Node_id":16345,"weight":0.54927003},
{"Node_id":16346,"weight":0.27586},
{"Node_id":16347,"weight":0.01463},
{"Node_id":16351,"weight":0.11521},
{"Node_id":16353,"weight":0.26547},
{"Node_id":16358,"weight":0.07727},
{"Node_id":16361,"weight":0.36677},
{"Node_id":16368,"weight":0.04726},
{"Node_id":16369,"weight":0.122080006},
{"Node_id":16370,"weight":0.1901},
{"Node_id":16374,"weight":0.077130005},
{"Node_id":16375,"weight":0.03789},
{"Node_id":16376,"weight":0.09494},
{"Node_id":16380,"weight":0.15561},
{"Node_id":16382,"weight":0.07662},
{"Node_id":16386,"weight":0.08905},
{"Node_id":16412,"weight":0.017239999},
{"Node_id":16420,"weight":0.05589},
{"Node_id":16423,"weight":0.109060004},
{"Node_id":16424,"weight":0.04583},
{"Node_id":16426,"weight":0.06745},
{"Node_id":16428,"weight":0.098900005},
{"Node_id":16429,"weight":0.11703},
{"Node_id":16430,"weight":0.02189},
{"Node_id":16432,"weight":0.13004},
{"Node_id":16435,"weight":0.17503999},
{"Node_id":16436,"weight":0.16501},
{"Node_id":16437,"weight":0.1268},
{"Node_id":16439,"weight":0.05147},
{"Node_id":16441,"weight":0.079500005},
{"Node_id":16443,"weight":0.18379},
{"Node_id":16446,"weight":0.15265},
{"Node_id":16449,"weight":0.15008},
{"Node_id":16457,"weight":0.010849999},
{"Node_id":16462,"weight":0.08804},
{"Node_id":16472,"weight":0.102989994},
{"Node_id":16473,"weight":0.25079998},
{"Node_id":16476,"weight":0.1014},
{"Node_id":16477,"weight":0.21418},
{"Node_id":16479,"weight":0.32619},
{"Node_id":16480,"weight":0.08179},
{"Node_id":16481,"weight":0.07286},
{"Node_id":16490,"weight":0.18103},
{"Node_id":16497,"weight":0.21676},
{"Node_id":16499,"weight":0.15645},
{"Node_id":16501,"weight":0.15652},
{"Node_id":16508,"weight":0.13322},
{"Node_id":16511,"weight":0.08813},
{"Node_id":16515,"weight":0.07104},
{"Node_id":16536,"weight":0.00376},
{"Node_id":16555,"weight":0.10222},
{"Node_id":16556,"weight":0.08236},
{"Node_id":16560,"weight":0.02708},
{"Node_id":16562,"weight":0.11881},
{"Node_id":16567,"weight":0.20745},
{"Node_id":16569,"weight":0.24560001},
{"Node_id":16570,"weight":0.050529998},
{"Node_id":16575,"weight":0.057059996},
{"Node_id":16582,"weight":0.21228},
{"Node_id":16583,"weight":0.17914},
{"Node_id":16584,"weight":0.13875},
{"Node_id":16589,"weight":0.15123},
{"Node_id":16594,"weight":0.22084},
{"Node_id":16598,"weight":0.22413},
{"Node_id":16607,"weight":0.18609},
{"Node_id":16619,"weight":0.07529},
{"Node_id":16640,"weight":0.0071599996},
{"Node_id":16646,"weight":0.14096001},
{"Node_id":16673,"weight":0.15652},
{"Node_id":16685,"weight":0.108899996},
{"Node_id":16687,"weight":0.08057},
{"Node_id":16690,"weight":0.122650005},
{"Node_id":16710,"weight":0.02599},
{"Node_id":16715,"weight":0.15136},
{"Node_id":16727,"weight":0.21861999},
{"Node_id":16738,"weight":0.16114},
{"Node_id":16739,"weight":0.20125},
{"Node_id":16766,"weight":0.102479994},
{"Node_id":16783,"weight":0.0549},
{"Node_id":16786,"weight":0.11887},
{"Node_id":16797,"weight":0.09594},
{"Node_id":16803,"weight":0.02067},
{"Node_id":16811,"weight":0.05941},
{"Node_id":16812,"weight":0.17744},
{"Node_id":16814,"weight":0.17307},
{"Node_id":16817,"weight":0.04912},
{"Node_id":16819,"weight":0.10222},
{"Node_id":16820,"weight":0.05117},
{"Node_id":16824,"weight":0.04591},
{"Node_id":16825,"weight":0.08789},
{"Node_id":16827,"weight":0.08886},
{"Node_id":16831,"weight":0.40396},
{"Node_id":16832,"weight":0.48330003},
{"Node_id":16838,"weight":0.16013},
{"Node_id":16844,"weight":0.34623998},
{"Node_id":16854,"weight":0.19089},
{"Node_id":16855,"weight":0.117920004},
{"Node_id":16856,"weight":0.013420001},
{"Node_id":16858,"weight":0.3727},
{"Node_id":16860,"weight":0.3577},
{"Node_id":16865,"weight":0.22646001},
{"Node_id":16866,"weight":0.065170005},
{"Node_id":16868,"weight":0.29896},
{"Node_id":16870,"weight":0.03232},
{"Node_id":16871,"weight":0.20048001},
{"Node_id":16872,"weight":0.21851},
{"Node_id":16873,"weight":0.03146},
{"Node_id":16875,"weight":0.0911},
{"Node_id":16880,"weight":0.10658},
{"Node_id":16885,"weight":0.14063999},
{"Node_id":16892,"weight":0.02615},
{"Node_id":16894,"weight":0.17159},
{"Node_id":16896,"weight":0.30458},
{"Node_id":16898,"weight":0.01595},
{"Node_id":16903,"weight":0.099010006},
{"Node_id":16905,"weight":0.03586},
{"Node_id":16908,"weight":0.21577999},
{"Node_id":16909,"weight":0.15942},
{"Node_id":16910,"weight":0.059890002},
{"Node_id":16912,"weight":0.15136},
{"Node_id":16914,"weight":0.05741},
{"Node_id":16915,"weight":0.21041},
{"Node_id":16916,"weight":0.15423},
{"Node_id":16918,"weight":0.04176},
{"Node_id":16922,"weight":0.023260001},
{"Node_id":16932,"weight":0.02741},
{"Node_id":16941,"weight":0.06292},
{"Node_id":16949,"weight":0.10038},
{"Node_id":16951,"weight":0.0403},
{"Node_id":16954,"weight":0.09139},
{"Node_id":16958,"weight":0.3055},
{"Node_id":16961,"weight":0.1295},
{"Node_id":16962,"weight":0.02007},
{"Node_id":16963,"weight":0.27339},
{"Node_id":16964,"weight":0.08161},
{"Node_id":16965,"weight":0.03826},
{"Node_id":16969,"weight":0.046290003},
{"Node_id":16973,"weight":0.14217},
{"Node_id":16976,"weight":0.10423},
{"Node_id":16987,"weight":0.14908001},
{"Node_id":16989,"weight":0.20775001},
{"Node_id":16990,"weight":0.1789},
{"Node_id":16991,"weight":0.11072},
{"Node_id":16993,"weight":0.09159},
{"Node_id":16994,"weight":0.08132},
{"Node_id":16997,"weight":0.080010004},
{"Node_id":16998,"weight":0.10408},
{"Node_id":17001,"weight":0.12809},
{"Node_id":17002,"weight":0.39176},
{"Node_id":17006,"weight":0.09464},
{"Node_id":17007,"weight":0.00748},
{"Node_id":17009,"weight":0.12529},
{"Node_id":17011,"weight":0.03805},
{"Node_id":17013,"weight":0.00748},
{"Node_id":17015,"weight":0.30881},
{"Node_id":17017,"weight":0.04184},
{"Node_id":17021,"weight":0.32314},
{"Node_id":17023,"weight":0.1172},
{"Node_id":17024,"weight":0.12992},
{"Node_id":17025,"weight":0.01238},
{"Node_id":17026,"weight":0.15272},
{"Node_id":17028,"weight":0.054729998},
{"Node_id":17031,"weight":0.02088},
{"Node_id":17033,"weight":0.2401},
{"Node_id":17035,"weight":0.06081},
{"Node_id":17036,"weight":0.21665001},
{"Node_id":17040,"weight":0.07213},
{"Node_id":17041,"weight":0.56515},
{"Node_id":17044,"weight":0.1631},
{"Node_id":17057,"weight":0.2214},
{"Node_id":17064,"weight":0.14802},
{"Node_id":17066,"weight":0.03289},
{"Node_id":17067,"weight":0.100940004},
{"Node_id":17068,"weight":0.15471},
{"Node_id":17069,"weight":0.03611},
{"Node_id":17070,"weight":0.12345},
{"Node_id":17071,"weight":0.16063},
{"Node_id":17072,"weight":0.45751},
{"Node_id":17073,"weight":0.09455},
{"Node_id":17081,"weight":0.14120999},
{"Node_id":17085,"weight":0.1301},
{"Node_id":17093,"weight":0.019949999},
{"Node_id":17101,"weight":0.06718},
{"Node_id":17102,"weight":0.12832001},
{"Node_id":17104,"weight":0.12962},
{"Node_id":17106,"weight":0.075559996},
{"Node_id":17109,"weight":0.01523},
{"Node_id":17112,"weight":0.07773},
{"Node_id":17113,"weight":0.05262},
{"Node_id":17114,"weight":0.17105},
{"Node_id":17116,"weight":0.13334},
{"Node_id":17118,"weight":0.25297},
{"Node_id":17119,"weight":0.33138},
{"Node_id":17122,"weight":0.06857},
{"Node_id":17124,"weight":0.0130199995},
{"Node_id":17125,"weight":0.0049199997},
{"Node_id":17127,"weight":0.20515001},
{"Node_id":17130,"weight":0.04811},
{"Node_id":17131,"weight":0.03917},
{"Node_id":17133,"weight":0.04819},
{"Node_id":17138,"weight":0.050660003},
{"Node_id":17140,"weight":0.08383},
{"Node_id":17141,"weight":0.029},
{"Node_id":17142,"weight":0.7418},
{"Node_id":17146,"weight":0.10283999},
{"Node_id":17148,"weight":0.058749996},
{"Node_id":17152,"weight":0.28153998},
{"Node_id":17154,"weight":0.21503},
{"Node_id":17155,"weight":0.12174},
{"Node_id":17157,"weight":0.01386},
{"Node_id":17159,"weight":0.11271},
{"Node_id":17160,"weight":0.04301},
{"Node_id":17161,"weight":0.13153},
{"Node_id":17163,"weight":0.06243},
{"Node_id":17166,"weight":0.23787999},
{"Node_id":17168,"weight":0.10099},
{"Node_id":17170,"weight":0.092369996},
{"Node_id":17171,"weight":0.23622},
{"Node_id":17172,"weight":0.0255},
{"Node_id":17174,"weight":0.18652001},
{"Node_id":17176,"weight":0.037720002},
{"Node_id":17178,"weight":0.02908},
{"Node_id":17181,"weight":0.10038},
{"Node_id":17188,"weight":0.08449},
{"Node_id":17193,"weight":0.18128},
{"Node_id":17195,"weight":0.03314},
{"Node_id":17198,"weight":0.30162},
{"Node_id":17211,"weight":0.10114},
{"Node_id":17214,"weight":0.0674},
{"Node_id":17218,"weight":0.007},
{"Node_id":17231,"weight":0.00116},
{"Node_id":17236,"weight":0.16868},
{"Node_id":17249,"weight":0.09272},
{"Node_id":17277,"weight":0.0809},
{"Node_id":17278,"weight":0.0383},
{"Node_id":17289,"weight":0.15956},
{"Node_id":17303,"weight":0.09795},
{"Node_id":17308,"weight":0.02128},
{"Node_id":17310,"weight":0.11488},
{"Node_id":17312,"weight":0.21396999},
{"Node_id":17314,"weight":0.06177},
{"Node_id":17316,"weight":0.07446},
{"Node_id":17318,"weight":0.30207},
{"Node_id":17319,"weight":0.04532},
{"Node_id":17320,"weight":0.20806},
{"Node_id":17321,"weight":0.05758},
{"Node_id":17322,"weight":0.17591},
{"Node_id":17323,"weight":0.08359},
{"Node_id":17324,"weight":0.01523},
{"Node_id":17325,"weight":0.35884},
{"Node_id":17326,"weight":0.36885},
{"Node_id":17330,"weight":0.096090004},
{"Node_id":17332,"weight":0.17051001},
{"Node_id":17334,"weight":0.06562},
{"Node_id":17335,"weight":0.045950003},
{"Node_id":17340,"weight":0.47473997},
{"Node_id":17342,"weight":0.1793},
{"Node_id":17365,"weight":0.11731},
{"Node_id":17381,"weight":0.09027},
{"Node_id":17387,"weight":0.046329997},
{"Node_id":17392,"weight":0.04925},
{"Node_id":17394,"weight":0.14357999},
{"Node_id":17399,"weight":0.05266},
{"Node_id":17404,"weight":0.2441},
{"Node_id":17405,"weight":0.13995},
{"Node_id":17406,"weight":0.01073},
{"Node_id":17414,"weight":0.04309},
{"Node_id":17428,"weight":0.018649999},
{"Node_id":17430,"weight":0.21643},
{"Node_id":17431,"weight":0.003},
{"Node_id":17437,"weight":0.08857},
{"Node_id":17464,"weight":0.09961},
{"Node_id":17466,"weight":0.04251},
{"Node_id":17481,"weight":0.05262},
{"Node_id":17489,"weight":0.66441},
{"Node_id":17508,"weight":0.17252001},
{"Node_id":17514,"weight":0.13153},
{"Node_id":17521,"weight":0.14546},
{"Node_id":17522,"weight":0.16875},
{"Node_id":17533,"weight":0.19643},
{"Node_id":17546,"weight":0.18245},
{"Node_id":17557,"weight":0.00116},
{"Node_id":17574,"weight":0.029409999},
{"Node_id":17576,"weight":0.06884},
{"Node_id":17577,"weight":0.058969997},
{"Node_id":17580,"weight":0.24423},
{"Node_id":17595,"weight":0.06199},
{"Node_id":17601,"weight":0.09519},
{"Node_id":17609,"weight":0.00376},
{"Node_id":17624,"weight":4.4E-4},
{"Node_id":17631,"weight":0.00828},
{"Node_id":17646,"weight":0.22835},
{"Node_id":17657,"weight":0.06046},
{"Node_id":17666,"weight":0.021680001},
{"Node_id":17674,"weight":0.15423},
{"Node_id":17713,"weight":0.06327},
{"Node_id":17727,"weight":0.20318},
{"Node_id":17742,"weight":0.14147},
{"Node_id":17763,"weight":0.00997},
{"Node_id":17775,"weight":0.03892},
{"Node_id":17811,"weight":0.018649999},
{"Node_id":17814,"weight":0.04959},
{"Node_id":17823,"weight":0.0133},
{"Node_id":17825,"weight":0.19597},
{"Node_id":17833,"weight":0.13801},
{"Node_id":17838,"weight":0.24235001},
{"Node_id":17841,"weight":0.07373},
{"Node_id":17842,"weight":0.02367},
{"Node_id":17850,"weight":0.11066},
{"Node_id":17875,"weight":0.12651},
{"Node_id":17879,"weight":0.1607},
{"Node_id":17881,"weight":0.23051},
{"Node_id":17897,"weight":0.024519999},
{"Node_id":17903,"weight":0.19386},
{"Node_id":17906,"weight":0.19477001},
{"Node_id":17907,"weight":0.15022},
{"Node_id":17931,"weight":0.10737},
{"Node_id":17932,"weight":0.15506001},
{"Node_id":17964,"weight":0.0124200005},
{"Node_id":17969,"weight":0.22185},
{"Node_id":17976,"weight":0.22128999},
{"Node_id":17979,"weight":0.046919998},
{"Node_id":17984,"weight":0.12408},
{"Node_id":17994,"weight":0.01991},
{"Node_id":17999,"weight":0.00272},
{"Node_id":18012,"weight":0.05207},
{"Node_id":18015,"weight":0.00568},
{"Node_id":18018,"weight":0.01732},
{"Node_id":18032,"weight":0.05849},
{"Node_id":18040,"weight":0.040799998},
{"Node_id":18047,"weight":0.01668},
{"Node_id":18048,"weight":0.16777},
{"Node_id":18058,"weight":0.028099999},
{"Node_id":18080,"weight":0.17833},
{"Node_id":18082,"weight":0.01918},
{"Node_id":18088,"weight":0.01201},
{"Node_id":18093,"weight":0.09559},
{"Node_id":18110,"weight":0.04126},
{"Node_id":18112,"weight":0.052319996},
{"Node_id":18126,"weight":0.095240004},
{"Node_id":18127,"weight":0.08823},
{"Node_id":18142,"weight":0.01716},
{"Node_id":18153,"weight":0.13194999},
{"Node_id":18154,"weight":0.052490003},
{"Node_id":18179,"weight":0.01258},
{"Node_id":18188,"weight":0.17623},
{"Node_id":18193,"weight":0.0112499995},
{"Node_id":18194,"weight":0.077640004},
{"Node_id":18198,"weight":0.10465},
{"Node_id":18199,"weight":0.09232},
{"Node_id":18210,"weight":0.17559001},
{"Node_id":18218,"weight":0.011729999},
{"Node_id":18222,"weight":0.02152},
{"Node_id":18223,"weight":0.22634001},
{"Node_id":18225,"weight":0.0513},
{"Node_id":18227,"weight":0.13153},
{"Node_id":18239,"weight":0.11034},
{"Node_id":18242,"weight":0.18261},
{"Node_id":18268,"weight":0.027},
{"Node_id":18282,"weight":0.05138},
{"Node_id":18290,"weight":0.08635},
{"Node_id":18291,"weight":0.20183},
{"Node_id":19262,"weight":0.35657},
{"Node_id":19263,"weight":0.38666},
{"Node_id":19267,"weight":0.81113994},
{"Node_id":19269,"weight":0.0457},
{"Node_id":19271,"weight":0.09301},
{"Node_id":19273,"weight":0.15835},
{"Node_id":19274,"weight":0.54447997},
{"Node_id":19276,"weight":0.12505999},
{"Node_id":19277,"weight":0.06522},
{"Node_id":19278,"weight":0.15089001},
{"Node_id":19279,"weight":0.0405},
{"Node_id":19280,"weight":0.074},
{"Node_id":19282,"weight":0.0359},
{"Node_id":19285,"weight":0.12587},
{"Node_id":19286,"weight":0.1602},
{"Node_id":19287,"weight":0.050059997},
{"Node_id":19290,"weight":0.12213},
{"Node_id":19292,"weight":0.18103},
{"Node_id":19293,"weight":0.10695},
{"Node_id":19297,"weight":0.08655},
{"Node_id":19299,"weight":0.037720002},
{"Node_id":19300,"weight":0.0193},
{"Node_id":19308,"weight":0.07699},
{"Node_id":19310,"weight":0.01704},
{"Node_id":19312,"weight":0.28829998},
{"Node_id":19313,"weight":0.19496},
{"Node_id":19314,"weight":0.40633997},
{"Node_id":19318,"weight":0.1561},
{"Node_id":19320,"weight":0.297},
{"Node_id":19322,"weight":0.13437},
{"Node_id":19323,"weight":0.14422},
{"Node_id":19324,"weight":0.02929},
{"Node_id":19328,"weight":0.06292},
{"Node_id":19330,"weight":0.20221},
{"Node_id":19334,"weight":0.07718},
{"Node_id":19356,"weight":0.08944},
{"Node_id":19358,"weight":0.23051},
{"Node_id":19366,"weight":0.043220002},
{"Node_id":19376,"weight":0.13117},
{"Node_id":19386,"weight":0.20048001},
{"Node_id":19397,"weight":0.09227},
{"Node_id":19400,"weight":0.32314},
{"Node_id":19402,"weight":0.02802},
{"Node_id":19404,"weight":0.1597},
{"Node_id":19405,"weight":0.02741},
{"Node_id":19406,"weight":0.09139},
{"Node_id":19410,"weight":0.13763},
{"Node_id":19411,"weight":0.59496003},
{"Node_id":19416,"weight":0.07295},
{"Node_id":19420,"weight":0.0146699995},
{"Node_id":19421,"weight":0.03801},
{"Node_id":19425,"weight":0.19214},
{"Node_id":19427,"weight":0.065799996},
{"Node_id":19428,"weight":0.101600006},
{"Node_id":19430,"weight":0.01781},
{"Node_id":19431,"weight":0.14695999},
{"Node_id":19433,"weight":0.06789},
{"Node_id":19434,"weight":0.05715},
{"Node_id":19435,"weight":0.25008},
{"Node_id":19436,"weight":0.10548},
{"Node_id":19446,"weight":0.06937},
{"Node_id":19449,"weight":0.15892},
{"Node_id":19450,"weight":0.12657},
{"Node_id":19451,"weight":0.00885},
{"Node_id":19453,"weight":0.036930002},
{"Node_id":19455,"weight":0.07259},
{"Node_id":19457,"weight":0.14657},
{"Node_id":19459,"weight":0.07023},
{"Node_id":19461,"weight":0.0037999998},
{"Node_id":19464,"weight":0.04938},
{"Node_id":19465,"weight":0.109809995},
{"Node_id":19467,"weight":0.2773},
{"Node_id":19475,"weight":0.23136},
{"Node_id":19478,"weight":0.16114},
{"Node_id":19480,"weight":0.03421},
{"Node_id":19498,"weight":0.02432},
{"Node_id":19499,"weight":0.1893},
{"Node_id":19500,"weight":0.0817},
{"Node_id":19506,"weight":0.03454},
{"Node_id":19515,"weight":0.03942},
{"Node_id":19534,"weight":0.112380005},
{"Node_id":19541,"weight":0.19597},
{"Node_id":19545,"weight":0.07037},
{"Node_id":19564,"weight":0.03265},
{"Node_id":19566,"weight":0.23099999},
{"Node_id":19568,"weight":0.06362},
{"Node_id":19570,"weight":0.11407},
{"Node_id":19573,"weight":0.049680002},
{"Node_id":19576,"weight":0.03117},
{"Node_id":19582,"weight":0.21082},
{"Node_id":19585,"weight":0.16208},
{"Node_id":19588,"weight":0.02233},
{"Node_id":19589,"weight":0.10089},
{"Node_id":19592,"weight":0.14539},
{"Node_id":19605,"weight":0.04583},
{"Node_id":19612,"weight":0.09554},
{"Node_id":19619,"weight":0.23892},
{"Node_id":19644,"weight":0.06442},
{"Node_id":19649,"weight":0.049680002},
{"Node_id":19651,"weight":0.17615},
{"Node_id":19654,"weight":0.056410003},
{"Node_id":19657,"weight":0.04314},
{"Node_id":19658,"weight":0.087510005},
{"Node_id":19659,"weight":0.082499996},
{"Node_id":19663,"weight":0.06682},
{"Node_id":19665,"weight":0.17655},
{"Node_id":19676,"weight":0.35845},
{"Node_id":19677,"weight":0.07501},
{"Node_id":19679,"weight":0.1079},
{"Node_id":19680,"weight":0.23210001},
{"Node_id":19681,"weight":0.17166999},
{"Node_id":19684,"weight":0.099870004},
{"Node_id":19685,"weight":0.16171},
{"Node_id":19686,"weight":0.15423},
{"Node_id":19688,"weight":0.00208},
{"Node_id":19691,"weight":0.07172},
{"Node_id":19695,"weight":0.01061},
{"Node_id":19698,"weight":0.37357},
{"Node_id":19699,"weight":0.12921},
{"Node_id":19700,"weight":0.40693998},
{"Node_id":19703,"weight":0.15984},
{"Node_id":19704,"weight":0.44450998},
{"Node_id":19707,"weight":0.12709},
{"Node_id":19709,"weight":0.064600006},
{"Node_id":19710,"weight":0.03963},
{"Node_id":19712,"weight":0.21993999},
{"Node_id":19719,"weight":0.28633},
{"Node_id":19721,"weight":0.03996},
{"Node_id":19726,"weight":0.06946},
{"Node_id":19727,"weight":0.21939},
{"Node_id":19728,"weight":0.11909},
{"Node_id":19730,"weight":0.05862},
{"Node_id":19732,"weight":0.08978},
{"Node_id":19735,"weight":0.12535},
{"Node_id":19736,"weight":0.15548},
{"Node_id":19738,"weight":0.21050999},
{"Node_id":19739,"weight":0.08896},
{"Node_id":19741,"weight":0.0174}]