[{"Node_id":39,"weight":2.9962},
{"Node_id":50,"weight":2.173},
{"Node_id":51,"weight":2.9786},
{"Node_id":52,"weight":2.7322},
{"Node_id":53,"weight":1.4185},
{"Node_id":54,"weight":3.1124},
{"Node_id":57,"weight":2.1386},
{"Node_id":268,"weight":3.105},
{"Node_id":269,"weight":2.3699},
{"Node_id":270,"weight":3.3317},
{"Node_id":271,"weight":1.5109},
{"Node_id":274,"weight":3.4258},
{"Node_id":275,"weight":1.6777},
{"Node_id":276,"weight":1.5029},
{"Node_id":277,"weight":2.6979},
{"Node_id":278,"weight":3.3347},
{"Node_id":279,"weight":2.1482},
{"Node_id":280,"weight":2.397},
{"Node_id":281,"weight":2.9765},
{"Node_id":282,"weight":1.9588},
{"Node_id":326,"weight":2.3763},
{"Node_id":327,"weight":1.4229},
{"Node_id":328,"weight":3.3347},
{"Node_id":329,"weight":2.5867},
{"Node_id":330,"weight":1.9404},
{"Node_id":331,"weight":1.8904},
{"Node_id":332,"weight":2.4089},
{"Node_id":335,"weight":3.8132},
{"Node_id":336,"weight":2.5579},
{"Node_id":337,"weight":1.9107},
{"Node_id":338,"weight":1.4396},
{"Node_id":339,"weight":2.1632},
{"Node_id":340,"weight":2.481},
{"Node_id":341,"weight":3.0667},
{"Node_id":342,"weight":2.3711},
{"Node_id":343,"weight":2.1654},
{"Node_id":344,"weight":1.7213},
{"Node_id":345,"weight":2.274},
{"Node_id":346,"weight":1.8387},
{"Node_id":347,"weight":2.2657},
{"Node_id":348,"weight":2.3259},
{"Node_id":387,"weight":1.532},
{"Node_id":388,"weight":3.5845},
{"Node_id":389,"weight":1.9551},
{"Node_id":390,"weight":2.1752},
{"Node_id":391,"weight":1.8816},
{"Node_id":392,"weight":2.7374},
{"Node_id":393,"weight":1.4026},
{"Node_id":396,"weight":1.3888},
{"Node_id":397,"weight":4.5951},
{"Node_id":398,"weight":1.9551},
{"Node_id":399,"weight":3.8918},
{"Node_id":400,"weight":1.4611},
{"Node_id":401,"weight":1.7151},
{"Node_id":402,"weight":1.4166},
{"Node_id":403,"weight":3.9992},
{"Node_id":414,"weight":4.226},
{"Node_id":415,"weight":1.5527},
{"Node_id":416,"weight":2.0555},
{"Node_id":453,"weight":3.416},
{"Node_id":454,"weight":2.8516},
{"Node_id":455,"weight":2.0856},
{"Node_id":456,"weight":2.0745},
{"Node_id":457,"weight":2.0959},
{"Node_id":458,"weight":2.1482},
{"Node_id":459,"weight":1.568},
{"Node_id":460,"weight":3.0435},
{"Node_id":461,"weight":1.5701},
{"Node_id":462,"weight":2.0755},
{"Node_id":463,"weight":1.5589},
{"Node_id":464,"weight":1.4261},
{"Node_id":465,"weight":2.9444},
{"Node_id":466,"weight":2.474},
{"Node_id":467,"weight":2.4615},
{"Node_id":474,"weight":2.5564},
{"Node_id":475,"weight":1.3982},
{"Node_id":476,"weight":2.1249},
{"Node_id":477,"weight":2.61},
{"Node_id":478,"weight":4.9126},
{"Node_id":479,"weight":2.599},
{"Node_id":480,"weight":1.532},
{"Node_id":481,"weight":1.7268},
{"Node_id":482,"weight":1.465},
{"Node_id":483,"weight":2.5239},
{"Node_id":500,"weight":3.1885},
{"Node_id":501,"weight":2.7115},
{"Node_id":502,"weight":2.9529},
{"Node_id":503,"weight":3.6115},
{"Node_id":504,"weight":4.0221},
{"Node_id":505,"weight":2.7166},
{"Node_id":506,"weight":1.421},
{"Node_id":507,"weight":2.8023},
{"Node_id":508,"weight":2.0407},
{"Node_id":509,"weight":3.0905},
{"Node_id":510,"weight":3.3999},
{"Node_id":511,"weight":2.2775},
{"Node_id":512,"weight":2.4657},
{"Node_id":515,"weight":2.5564},
{"Node_id":516,"weight":1.8878},
{"Node_id":517,"weight":2.8613},
{"Node_id":518,"weight":2.0397},
{"Node_id":519,"weight":2.145},
{"Node_id":555,"weight":1.6997},
{"Node_id":556,"weight":1.8965},
{"Node_id":585,"weight":2.6257},
{"Node_id":586,"weight":3.9441},
{"Node_id":587,"weight":1.3988},
{"Node_id":588,"weight":2.6645},
{"Node_id":589,"weight":1.6493},
{"Node_id":590,"weight":4.8203},
{"Node_id":669,"weight":1.8379},
{"Node_id":670,"weight":4.0279},
{"Node_id":690,"weight":1.6442},
{"Node_id":691,"weight":2.3983},
{"Node_id":695,"weight":2.3571},
{"Node_id":696,"weight":2.5283},
{"Node_id":697,"weight":2.5459},
{"Node_id":698,"weight":1.656},
{"Node_id":699,"weight":3.0667},
{"Node_id":700,"weight":3.1472},
{"Node_id":710,"weight":1.8128},
{"Node_id":715,"weight":1.7583},
{"Node_id":716,"weight":3.1755},
{"Node_id":731,"weight":1.5506},
{"Node_id":733,"weight":1.7881},
{"Node_id":734,"weight":4.4538},
{"Node_id":735,"weight":1.8128},
{"Node_id":739,"weight":2.3371},
{"Node_id":740,"weight":1.9953},
{"Node_id":741,"weight":3.7226},
{"Node_id":742,"weight":4.4192},
{"Node_id":743,"weight":1.8825},
{"Node_id":744,"weight":1.8421},
{"Node_id":755,"weight":1.469},
{"Node_id":756,"weight":2.9657},
{"Node_id":757,"weight":2.6894},
{"Node_id":758,"weight":2.7339},
{"Node_id":761,"weight":2.7115},
{"Node_id":762,"weight":3.7535},
{"Node_id":763,"weight":2.4102},
{"Node_id":764,"weight":1.8337},
{"Node_id":765,"weight":6.8113},
{"Node_id":780,"weight":1.5341},
{"Node_id":781,"weight":2.4181},
{"Node_id":782,"weight":3.2178},
{"Node_id":783,"weight":1.4166},
{"Node_id":784,"weight":2.3483},
{"Node_id":790,"weight":1.9606},
{"Node_id":791,"weight":1.6515},
{"Node_id":792,"weight":1.5002},
{"Node_id":793,"weight":1.5534},
{"Node_id":794,"weight":2.5254},
{"Node_id":795,"weight":2.6353},
{"Node_id":796,"weight":2.4262},
{"Node_id":797,"weight":2.4248},
{"Node_id":798,"weight":2.5519},
{"Node_id":911,"weight":2.2943},
{"Node_id":912,"weight":5.7105},
{"Node_id":913,"weight":2.5609},
{"Node_id":914,"weight":2.1983},
{"Node_id":915,"weight":1.7417},
{"Node_id":916,"weight":2.1113},
{"Node_id":950,"weight":5.077},
{"Node_id":951,"weight":2.2764},
{"Node_id":952,"weight":6.4362},
{"Node_id":953,"weight":1.3944},
{"Node_id":954,"weight":2.0525},
{"Node_id":955,"weight":3.0481},
{"Node_id":956,"weight":4.5951},
{"Node_id":957,"weight":2.9444},
{"Node_id":958,"weight":1.4242},
{"Node_id":959,"weight":3.0072},
{"Node_id":960,"weight":2.7287},
{"Node_id":961,"weight":1.726},
{"Node_id":962,"weight":2.4505},
{"Node_id":963,"weight":2.3408},
{"Node_id":964,"weight":3.449},
{"Node_id":965,"weight":5.0141},
{"Node_id":966,"weight":3.2704},
{"Node_id":967,"weight":1.7151},
{"Node_id":968,"weight":2.0565},
{"Node_id":971,"weight":2.599},
{"Node_id":972,"weight":1.793},
{"Node_id":973,"weight":3.3683},
{"Node_id":974,"weight":1.9699},
{"Node_id":975,"weight":2.5975},
{"Node_id":976,"weight":2.1461},
{"Node_id":977,"weight":1.4565},
{"Node_id":978,"weight":2.4464},
{"Node_id":979,"weight":2.4288},
{"Node_id":980,"weight":1.4198},
{"Node_id":981,"weight":1.5548},
{"Node_id":982,"weight":2.5821},
{"Node_id":983,"weight":1.5002},
{"Node_id":984,"weight":3.4934},
{"Node_id":985,"weight":3.1075},
{"Node_id":986,"weight":1.9089},
{"Node_id":987,"weight":2.4881},
{"Node_id":988,"weight":1.4941},
{"Node_id":991,"weight":7.418},
{"Node_id":992,"weight":2.145},
{"Node_id":999,"weight":3.1912},
{"Node_id":1000,"weight":3.3438},
{"Node_id":1001,"weight":4.3143},
{"Node_id":1002,"weight":1.6368},
{"Node_id":1024,"weight":2.1386},
{"Node_id":1025,"weight":1.4915},
{"Node_id":1026,"weight":3.248},
{"Node_id":1027,"weight":2.173},
{"Node_id":1028,"weight":2.7569},
{"Node_id":1029,"weight":1.6085},
{"Node_id":1030,"weight":3.1885},
{"Node_id":1031,"weight":1.6099},
{"Node_id":1032,"weight":4.0514},
{"Node_id":1035,"weight":2.4796},
{"Node_id":1040,"weight":1.7393},
{"Node_id":1041,"weight":3.9936},
{"Node_id":1042,"weight":1.5225},
{"Node_id":1043,"weight":2.0775},
{"Node_id":1044,"weight":1.8228},
{"Node_id":1045,"weight":2.2811},
{"Node_id":1046,"weight":1.8869},
{"Node_id":1047,"weight":1.5942},
{"Node_id":1048,"weight":1.6099},
{"Node_id":1049,"weight":1.5177},
{"Node_id":1050,"weight":1.6027},
{"Node_id":1051,"weight":1.5204},
{"Node_id":1052,"weight":2.2471},
{"Node_id":1053,"weight":1.6523},
{"Node_id":1054,"weight":5.0141},
{"Node_id":1055,"weight":2.7766},
{"Node_id":1056,"weight":4.833},
{"Node_id":1057,"weight":2.2084},
{"Node_id":1058,"weight":3.6392},
{"Node_id":1059,"weight":2.7876},
{"Node_id":1060,"weight":4.7474},
{"Node_id":1063,"weight":0.1294},
{"Node_id":1064,"weight":1.2721},
{"Node_id":1065,"weight":3.2676},
{"Node_id":1066,"weight":0.036},
{"Node_id":1067,"weight":2.8691},
{"Node_id":1072,"weight":2.7046},
{"Node_id":1073,"weight":0.5266},
{"Node_id":1074,"weight":0.49},
{"Node_id":1075,"weight":1.62},
{"Node_id":1076,"weight":2.1763},
{"Node_id":1077,"weight":0.6955},
{"Node_id":1078,"weight":2.5166},
{"Node_id":1079,"weight":5.4448},
{"Node_id":1080,"weight":1.9072},
{"Node_id":1081,"weight":0.6239},
{"Node_id":1082,"weight":0.9529},
{"Node_id":1083,"weight":1.0716},
{"Node_id":1084,"weight":0.944},
{"Node_id":1085,"weight":1.9569},
{"Node_id":1086,"weight":1.6822},
{"Node_id":1087,"weight":0.8274},
{"Node_id":1092,"weight":1.2856},
{"Node_id":1093,"weight":2.0755},
{"Node_id":1094,"weight":0.1519},
{"Node_id":1106,"weight":0.388},
{"Node_id":1107,"weight":1.2448},
{"Node_id":1111,"weight":0.7598},
{"Node_id":1113,"weight":2.498},
{"Node_id":1114,"weight":1.827},
{"Node_id":1137,"weight":4.0878},
{"Node_id":1138,"weight":1.8245},
{"Node_id":1139,"weight":2.173},
{"Node_id":1140,"weight":2.1741},
{"Node_id":1141,"weight":0.6803},
{"Node_id":1142,"weight":3.2876},
{"Node_id":1143,"weight":0.7755},
{"Node_id":1144,"weight":3.7011},
{"Node_id":1145,"weight":0.7829},
{"Node_id":1149,"weight":1.4435},
{"Node_id":1150,"weight":4.8588},
{"Node_id":1152,"weight":2.5459},
{"Node_id":1153,"weight":0.2258},
{"Node_id":1154,"weight":1.7089},
{"Node_id":1155,"weight":2.9153},
{"Node_id":1156,"weight":0.2302},
{"Node_id":1157,"weight":3.429},
{"Node_id":1160,"weight":0.3437},
{"Node_id":1161,"weight":0.2294},
{"Node_id":1164,"weight":0.9579},
{"Node_id":1167,"weight":0.3602},
{"Node_id":1168,"weight":3.6233},
{"Node_id":1169,"weight":1.6128},
{"Node_id":1170,"weight":2.1763},
{"Node_id":1171,"weight":4.8988},
{"Node_id":1172,"weight":1.7535},
{"Node_id":1173,"weight":0.6678},
{"Node_id":1174,"weight":1.0465},
{"Node_id":1175,"weight":0.8231},
{"Node_id":1194,"weight":1.4191},
{"Node_id":1195,"weight":1.1859},
{"Node_id":1200,"weight":1.6258},
{"Node_id":1201,"weight":0.3174},
{"Node_id":1204,"weight":0.9203},
{"Node_id":1205,"weight":0.9346},
{"Node_id":1206,"weight":2.5195},
{"Node_id":1207,"weight":1.0997},
{"Node_id":1208,"weight":1.08},
{"Node_id":1209,"weight":0.3293},
{"Node_id":1210,"weight":0.2055},
{"Node_id":1213,"weight":1.1698},
{"Node_id":1214,"weight":0.3756},
{"Node_id":1215,"weight":1.969},
{"Node_id":1216,"weight":0.5849},
{"Node_id":1217,"weight":0.216},
{"Node_id":1218,"weight":0.0532},
{"Node_id":1223,"weight":3.818},
{"Node_id":1224,"weight":0.2408},
{"Node_id":1225,"weight":3.7401},
{"Node_id":1226,"weight":0.9982},
{"Node_id":1227,"weight":0.4608},
{"Node_id":1228,"weight":0.2884},
{"Node_id":1229,"weight":1.5437},
{"Node_id":1230,"weight":1.1914},
{"Node_id":1231,"weight":0.7332},
{"Node_id":1232,"weight":0.9714},
{"Node_id":1233,"weight":0.9115},
{"Node_id":1234,"weight":0.4768},
{"Node_id":1235,"weight":0.2745},
{"Node_id":1236,"weight":0.9095},
{"Node_id":1237,"weight":0.1141},
{"Node_id":1238,"weight":0.1491},
{"Node_id":1239,"weight":0.4879},
{"Node_id":1242,"weight":0.1322},
{"Node_id":1243,"weight":0.5155},
{"Node_id":1364,"weight":0.6879},
{"Node_id":1365,"weight":1.8379},
{"Node_id":1366,"weight":1.2396},
{"Node_id":126961,"weight":1.9214},
{"Node_id":126965,"weight":2.184},
{"Node_id":126966,"weight":3.483},
{"Node_id":126967,"weight":2.2799},
{"Node_id":126968,"weight":2.0505},
{"Node_id":126969,"weight":1.9802},
{"Node_id":126970,"weight":2.5051},
{"Node_id":126974,"weight":2.4994},
{"Node_id":126975,"weight":2.7218},
{"Node_id":126976,"weight":3.6636},
{"Node_id":126977,"weight":1.6493},
{"Node_id":126978,"weight":4.0396},
{"Node_id":126979,"weight":2.0367},
{"Node_id":126980,"weight":1.4319},
{"Node_id":126981,"weight":3.8918},
{"Node_id":126982,"weight":2.3699},
{"Node_id":126983,"weight":1.8825},
{"Node_id":126984,"weight":1.9924},
{"Node_id":126985,"weight":2.5459},
{"Node_id":126986,"weight":2.6645},
{"Node_id":126987,"weight":2.321},
{"Node_id":126988,"weight":1.6936},
{"Node_id":126989,"weight":4.1254},
{"Node_id":126992,"weight":2.1397},
{"Node_id":126993,"weight":2.4195},
{"Node_id":126994,"weight":1.4064},
{"Node_id":126995,"weight":1.8203},
{"Node_id":126996,"weight":4.1846},
{"Node_id":127003,"weight":2.7912},
{"Node_id":127008,"weight":2.9298},
{"Node_id":127009,"weight":3.7945},
{"Node_id":127013,"weight":1.5736},
{"Node_id":127014,"weight":1.9597},
{"Node_id":127015,"weight":1.9569},
{"Node_id":127016,"weight":1.4474},
{"Node_id":127017,"weight":1.9468},
{"Node_id":127018,"weight":2.0241},
{"Node_id":127039,"weight":1.4371},
{"Node_id":127040,"weight":2.4866},
{"Node_id":127041,"weight":1.7922},
{"Node_id":127042,"weight":1.5259},
{"Node_id":127043,"weight":3.2124},
{"Node_id":127044,"weight":2.5123},
{"Node_id":127045,"weight":1.832},
{"Node_id":127046,"weight":4.7357},
{"Node_id":127047,"weight":1.744},
{"Node_id":127048,"weight":1.748},
{"Node_id":127051,"weight":1.8643},
{"Node_id":127052,"weight":3.4127},
{"Node_id":127053,"weight":1.7036},
{"Node_id":127054,"weight":2.5852},
{"Node_id":127056,"weight":2.0846},
{"Node_id":127057,"weight":3.9713},
{"Node_id":127058,"weight":3.2963},
{"Node_id":127059,"weight":2.0212},
{"Node_id":127060,"weight":1.3976},
{"Node_id":127061,"weight":1.5513},
{"Node_id":127062,"weight":1.8203},
{"Node_id":127063,"weight":1.5492},
{"Node_id":127064,"weight":2.0456},
{"Node_id":127065,"weight":1.7036},
{"Node_id":127066,"weight":2.0595},
{"Node_id":127067,"weight":4.7954},
{"Node_id":127070,"weight":1.8421},
{"Node_id":127071,"weight":1.4624},
{"Node_id":127072,"weight":3.429},
{"Node_id":127073,"weight":2.764},
{"Node_id":127074,"weight":2.001},
{"Node_id":127075,"weight":1.6353},
{"Node_id":127076,"weight":1.4539},
{"Node_id":127077,"weight":4.219},
{"Node_id":127078,"weight":3.0667},
{"Node_id":127093,"weight":1.5638},
{"Node_id":127096,"weight":1.7583},
{"Node_id":127097,"weight":2.4102},
{"Node_id":127102,"weight":7.6004},
{"Node_id":127103,"weight":1.6034},
{"Node_id":127106,"weight":1.8421},
{"Node_id":127107,"weight":1.9532},
{"Node_id":127108,"weight":2.1928},
{"Node_id":127109,"weight":1.6493},
{"Node_id":127110,"weight":1.9395},
{"Node_id":127111,"weight":2.3983},
{"Node_id":127112,"weight":2.2634},
{"Node_id":127113,"weight":2.2253},
{"Node_id":127115,"weight":2.4369},
{"Node_id":127116,"weight":2.3271},
{"Node_id":127117,"weight":3.1026},
{"Node_id":127118,"weight":1.5764},
{"Node_id":127119,"weight":1.7097},
{"Node_id":127120,"weight":2.7115},
{"Node_id":127125,"weight":1.4261},
{"Node_id":127126,"weight":4.2766},
{"Node_id":127127,"weight":6.0725},
{"Node_id":127128,"weight":3.2397},
{"Node_id":127129,"weight":2.3763},
{"Node_id":127130,"weight":5.2159},
{"Node_id":127131,"weight":2.6006},
{"Node_id":127132,"weight":2.7857},
{"Node_id":127133,"weight":3.3714},
{"Node_id":127134,"weight":1.5666},
{"Node_id":127135,"weight":2.6612},
{"Node_id":127136,"weight":1.886},
{"Node_id":127137,"weight":1.866},
{"Node_id":127138,"weight":1.5327},
{"Node_id":127139,"weight":2.1218},
{"Node_id":127140,"weight":1.5123},
{"Node_id":127141,"weight":3.596},
{"Node_id":127142,"weight":1.7013},
{"Node_id":127144,"weight":2.887},
{"Node_id":127145,"weight":2.2287},
{"Node_id":127267,"weight":1.6875},
{"Node_id":127268,"weight":3.3227},
{"Node_id":127269,"weight":3.2733},
{"Node_id":127784,"weight":2.0887},
{"Node_id":128017,"weight":2.806},
{"Node_id":128018,"weight":5.077},
{"Node_id":128019,"weight":1.4178},
{"Node_id":128020,"weight":4.1064},
{"Node_id":128021,"weight":2.0695},
{"Node_id":128022,"weight":1.6085},
{"Node_id":128023,"weight":2.2196},
{"Node_id":128024,"weight":1.6027},
{"Node_id":128025,"weight":2.0907},
{"Node_id":128026,"weight":2.9635},
{"Node_id":128027,"weight":3.9549},
{"Node_id":128028,"weight":1.4474},
{"Node_id":128029,"weight":1.7051},
{"Node_id":128030,"weight":2.3996},
{"Node_id":128031,"weight":1.7433},
{"Node_id":128032,"weight":2.1807},
{"Node_id":128033,"weight":2.3866},
{"Node_id":128034,"weight":1.3919},
{"Node_id":128035,"weight":2.0928},
{"Node_id":128038,"weight":4.5751},
{"Node_id":128039,"weight":1.8481},
{"Node_id":128040,"weight":2.0938},
{"Node_id":128041,"weight":1.9615},
{"Node_id":128042,"weight":2.0299},
{"Node_id":128043,"weight":2.3433},
{"Node_id":128044,"weight":1.7159},
{"Node_id":128045,"weight":2.5504},
{"Node_id":128046,"weight":2.9765},
{"Node_id":128047,"weight":2.5519},
{"Node_id":128048,"weight":1.8523},
{"Node_id":128049,"weight":2.3648},
{"Node_id":128052,"weight":1.4868},
{"Node_id":128053,"weight":1.4481},
{"Node_id":128054,"weight":1.4384},
{"Node_id":128055,"weight":5.2933},
{"Node_id":128056,"weight":1.4313},
{"Node_id":128057,"weight":3.3287},
{"Node_id":128058,"weight":1.9305},
{"Node_id":128059,"weight":4.8078},
{"Node_id":128060,"weight":2.5195},
{"Node_id":128061,"weight":1.3882},
{"Node_id":128062,"weight":3.2151},
{"Node_id":128063,"weight":2.3271},
{"Node_id":128064,"weight":1.6208},
{"Node_id":128065,"weight":4.6469},
{"Node_id":128066,"weight":2.2943},
{"Node_id":128067,"weight":3.4523},
{"Node_id":128068,"weight":1.4617},
{"Node_id":128069,"weight":1.4313},
{"Node_id":128070,"weight":3.0978},
{"Node_id":128071,"weight":1.6142},
{"Node_id":128072,"weight":1.3869},
{"Node_id":128073,"weight":3.0006},
{"Node_id":128074,"weight":2.8691},
{"Node_id":128075,"weight":1.7276},
{"Node_id":128076,"weight":1.3982},
{"Node_id":128077,"weight":1.8869},
{"Node_id":128078,"weight":2.0918},
{"Node_id":128083,"weight":2.7604},
{"Node_id":128084,"weight":1.7647},
{"Node_id":128085,"weight":3.4225},
{"Node_id":128086,"weight":3.1651},
{"Node_id":128087,"weight":2.6482},
{"Node_id":128088,"weight":1.6434},
{"Node_id":128089,"weight":2.6662},
{"Node_id":128090,"weight":1.5204},
{"Node_id":128091,"weight":1.8704},
{"Node_id":128092,"weight":1.4455},
{"Node_id":128093,"weight":1.452},
{"Node_id":128094,"weight":3.6677},
{"Node_id":128095,"weight":2.9722},
{"Node_id":128096,"weight":1.6405},
{"Node_id":128099,"weight":3.511},
{"Node_id":128100,"weight":1.6627},
{"Node_id":128101,"weight":3.1173},
{"Node_id":128102,"weight":2.2752},
{"Node_id":128103,"weight":1.6049},
{"Node_id":128104,"weight":1.6612},
{"Node_id":128105,"weight":2.9786},
{"Node_id":128106,"weight":1.9496},
{"Node_id":128107,"weight":1.7151},
{"Node_id":128110,"weight":1.8037},
{"Node_id":128111,"weight":1.7448},
{"Node_id":128112,"weight":1.9197},
{"Node_id":128113,"weight":2.6369},
{"Node_id":128149,"weight":1.4494},
{"Node_id":128150,"weight":4.4024},
{"Node_id":128151,"weight":2.1397},
{"Node_id":128152,"weight":1.4822},
{"Node_id":128153,"weight":3.7852},
{"Node_id":128154,"weight":1.9487},
{"Node_id":128155,"weight":2.1218},
{"Node_id":128156,"weight":2.2242},
{"Node_id":128157,"weight":1.9972},
{"Node_id":128158,"weight":5.9496},
{"Node_id":128161,"weight":2.9298},
{"Node_id":128164,"weight":4.1711},
{"Node_id":128165,"weight":2.4142},
{"Node_id":128166,"weight":2.4838},
{"Node_id":128167,"weight":2.4629},
{"Node_id":128168,"weight":3.2676},
{"Node_id":128169,"weight":4.6259},
{"Node_id":128170,"weight":4.5555},
{"Node_id":128171,"weight":1.7865},
{"Node_id":128172,"weight":1.4862},
{"Node_id":128173,"weight":1.8921},
{"Node_id":128174,"weight":1.5055},
{"Node_id":128175,"weight":1.4261},
{"Node_id":128176,"weight":1.7551},
{"Node_id":128177,"weight":1.8652},
{"Node_id":128178,"weight":5.2539},
{"Node_id":128179,"weight":1.4815},
{"Node_id":128180,"weight":1.4287},
{"Node_id":128181,"weight":1.5451},
{"Node_id":128182,"weight":1.6229},
{"Node_id":128183,"weight":4.2051},
{"Node_id":128184,"weight":2.579},
{"Node_id":128185,"weight":1.5885},
{"Node_id":128186,"weight":2.883},
{"Node_id":128189,"weight":3.4591},
{"Node_id":128190,"weight":2.5654},
{"Node_id":128193,"weight":7.8236},
{"Node_id":128203,"weight":1.5225},
{"Node_id":128204,"weight":2.2494},
{"Node_id":128205,"weight":2.5669},
{"Node_id":128206,"weight":3.2452},
{"Node_id":128207,"weight":2.8439},
{"Node_id":128208,"weight":2.3371},
{"Node_id":128209,"weight":1.3913},
{"Node_id":128210,"weight":4.3066},
{"Node_id":128211,"weight":2.7712},
{"Node_id":128212,"weight":5.077},
{"Node_id":128213,"weight":1.9386},
{"Node_id":128217,"weight":2.2425},
{"Node_id":128218,"weight":2.0144},
{"Node_id":128219,"weight":1.4955},
{"Node_id":128220,"weight":1.4364},
{"Node_id":128221,"weight":1.7639},
{"Node_id":128222,"weight":4.872},
{"Node_id":128226,"weight":2.2967},
{"Node_id":128227,"weight":1.4855},
{"Node_id":128228,"weight":3.0297},
{"Node_id":128229,"weight":1.421},
{"Node_id":128230,"weight":1.9487},
{"Node_id":128231,"weight":2.6434},
{"Node_id":128232,"weight":1.6777},
{"Node_id":128233,"weight":1.5008},
{"Node_id":128234,"weight":2.9765},
{"Node_id":128235,"weight":1.7082},
{"Node_id":128236,"weight":2.4168},
{"Node_id":128469,"weight":5.4217},
{"Node_id":128470,"weight":5.5429},
{"Node_id":128471,"weight":2.5534},
{"Node_id":128472,"weight":1.4223},
{"Node_id":128473,"weight":2.2728},
{"Node_id":128474,"weight":3.3377},
{"Node_id":128533,"weight":5.045},
{"Node_id":128534,"weight":3.8766},
{"Node_id":128535,"weight":1.719},
{"Node_id":128536,"weight":1.7354},
{"Node_id":128537,"weight":2.4768},
{"Node_id":128538,"weight":1.7198},
{"Node_id":128541,"weight":3.6076},
{"Node_id":128542,"weight":3.4523},
{"Node_id":128543,"weight":3.6273},
{"Node_id":128544,"weight":3.7401},
{"Node_id":128545,"weight":2.0338},
{"Node_id":128546,"weight":1.6906},
{"Node_id":128547,"weight":3.6718},
{"Node_id":128548,"weight":2.1418},
{"Node_id":128549,"weight":1.6419},
{"Node_id":128550,"weight":1.8549},
{"Node_id":128551,"weight":2.0212},
{"Node_id":128552,"weight":3.3808},
{"Node_id":128553,"weight":3.8469},
{"Node_id":128554,"weight":3.305},
{"Node_id":128555,"weight":1.4742},
{"Node_id":128558,"weight":1.5464},
{"Node_id":128559,"weight":2.0575},
{"Node_id":128560,"weight":1.7922},
{"Node_id":128563,"weight":4.1579},
{"Node_id":128564,"weight":1.615},
{"Node_id":128565,"weight":5.4927},
{"Node_id":128568,"weight":3.7446},
{"Node_id":128571,"weight":3.5075},
{"Node_id":128572,"weight":1.7472},
{"Node_id":128573,"weight":1.4001},
{"Node_id":128574,"weight":3.6885},
{"Node_id":128575,"weight":2.5519},
{"Node_id":128576,"weight":1.8145},
{"Node_id":128577,"weight":3.8372},
{"Node_id":128578,"weight":2.0615},
{"Node_id":128579,"weight":2.0785},
{"Node_id":128580,"weight":2.1654},
{"Node_id":128581,"weight":1.6114},
{"Node_id":128582,"weight":1.812},
{"Node_id":128583,"weight":1.9143},
{"Node_id":128584,"weight":1.7567},
{"Node_id":128585,"weight":2.1862},
{"Node_id":128586,"weight":2.1906},
{"Node_id":128587,"weight":2.7357},
{"Node_id":128588,"weight":2.9465},
{"Node_id":128589,"weight":2.1249},
{"Node_id":128590,"weight":3.6432},
{"Node_id":128591,"weight":5.1441},
{"Node_id":128592,"weight":5.2734},
{"Node_id":128593,"weight":3.0978},
{"Node_id":128594,"weight":3.8132},
{"Node_id":128595,"weight":5.045},
{"Node_id":128596,"weight":2.401},
{"Node_id":128597,"weight":2.101},
{"Node_id":128598,"weight":1.515},
{"Node_id":128601,"weight":3.0644},
{"Node_id":128602,"weight":3.0366},
{"Node_id":128603,"weight":2.3039},
{"Node_id":128604,"weight":1.7849},
{"Node_id":128605,"weight":3.0184},
{"Node_id":128606,"weight":1.886},
{"Node_id":128607,"weight":2.0038},
{"Node_id":128608,"weight":2.025},
{"Node_id":128618,"weight":1.9206},
{"Node_id":128619,"weight":2.4329},
{"Node_id":128620,"weight":3.9658},
{"Node_id":128621,"weight":2.5579},
{"Node_id":128622,"weight":2.0192},
{"Node_id":128625,"weight":2.8135},
{"Node_id":128626,"weight":2.8381},
{"Node_id":128627,"weight":2.889},
{"Node_id":128628,"weight":2.0338},
{"Node_id":128629,"weight":3.0667},
{"Node_id":128630,"weight":1.9323},
{"Node_id":128631,"weight":1.7237},
{"Node_id":128632,"weight":1.7599},
{"Node_id":128633,"weight":2.3015},
{"Node_id":128634,"weight":1.4881},
{"Node_id":128635,"weight":1.3988},
{"Node_id":128636,"weight":2.9786},
{"Node_id":128637,"weight":3.3652},
{"Node_id":128638,"weight":2.6337},
{"Node_id":128639,"weight":1.5485},
{"Node_id":128640,"weight":2.5297},
{"Node_id":128641,"weight":1.5327},
{"Node_id":128642,"weight":1.7663},
{"Node_id":128643,"weight":1.9423},
{"Node_id":128644,"weight":1.4422},
{"Node_id":128645,"weight":1.5885},
{"Node_id":128646,"weight":1.5729},
{"Node_id":128647,"weight":1.5306},
{"Node_id":128648,"weight":2.7409},
{"Node_id":128677,"weight":1.6657},
{"Node_id":128678,"weight":1.4052},
{"Node_id":128679,"weight":1.6324},
{"Node_id":128680,"weight":2.8711},
{"Node_id":128681,"weight":5.0933},
{"Node_id":128682,"weight":1.5659},
{"Node_id":128683,"weight":1.4782},
{"Node_id":128684,"weight":2.6761},
{"Node_id":128685,"weight":2.4796},
{"Node_id":128686,"weight":2.6337},
{"Node_id":128687,"weight":5.4927},
{"Node_id":128690,"weight":2.0928},
{"Node_id":128699,"weight":1.4862},
{"Node_id":128700,"weight":1.4435},
{"Node_id":128701,"weight":4.8458},
{"Node_id":128702,"weight":2.1622},
{"Node_id":128703,"weight":1.8253},
{"Node_id":128704,"weight":2.1928},
{"Node_id":128705,"weight":1.587},
{"Node_id":128706,"weight":1.656},
{"Node_id":128707,"weight":2.4684},
{"Node_id":128708,"weight":3.511},
{"Node_id":128709,"weight":1.5368},
{"Node_id":128710,"weight":1.6027},
{"Node_id":128711,"weight":1.733},
{"Node_id":128712,"weight":1.8609},
{"Node_id":128715,"weight":3.6312},
{"Node_id":128716,"weight":2.3699},
{"Node_id":128717,"weight":2.6928},
{"Node_id":128718,"weight":3.3903},
{"Node_id":128719,"weight":2.2943},
{"Node_id":128722,"weight":1.9597},
{"Node_id":128723,"weight":2.1376},
{"Node_id":128724,"weight":2.6147},
{"Node_id":128725,"weight":2.0485},
{"Node_id":128726,"weight":1.8438},
{"Node_id":128727,"weight":2.97},
{"Node_id":128728,"weight":4.1513},
{"Node_id":128729,"weight":2.9031},
{"Node_id":128730,"weight":1.5197},
{"Node_id":128731,"weight":3.4356},
{"Node_id":128732,"weight":4.4538},
{"Node_id":128733,"weight":3.2507},
{"Node_id":128734,"weight":1.4775},
{"Node_id":128735,"weight":3.6595},
{"Node_id":128736,"weight":1.4769},
{"Node_id":128737,"weight":4.7832},
{"Node_id":128738,"weight":1.8354},
{"Node_id":128739,"weight":2.7857},
{"Node_id":128740,"weight":3.3468},
{"Node_id":128741,"weight":4.284},
{"Node_id":128742,"weight":1.8643},
{"Node_id":128743,"weight":2.1354},
{"Node_id":128744,"weight":1.8153},
{"Node_id":128747,"weight":2.5882},
{"Node_id":128748,"weight":2.1774},
{"Node_id":128749,"weight":4.0049},
{"Node_id":128750,"weight":2.9444},
{"Node_id":128751,"weight":2.6466},
{"Node_id":128752,"weight":2.1796},
{"Node_id":128753,"weight":3.3079},
{"Node_id":128754,"weight":3.562},
{"Node_id":128755,"weight":1.6164},
{"Node_id":128756,"weight":1.9915},
{"Node_id":128757,"weight":2.4994},
{"Node_id":128758,"weight":2.6022},
{"Node_id":128759,"weight":1.5603},
{"Node_id":128760,"weight":2.2716},
{"Node_id":128761,"weight":3.3287},
{"Node_id":128762,"weight":1.7543},
{"Node_id":128763,"weight":3.3468},
{"Node_id":128764,"weight":1.9098},
{"Node_id":128765,"weight":1.8078},
{"Node_id":128766,"weight":2.4519},
{"Node_id":128767,"weight":3.3138},
{"Node_id":128768,"weight":2.6434},
{"Node_id":128769,"weight":2.9939},
{"Node_id":128770,"weight":1.8379},
{"Node_id":128771,"weight":1.7711},
{"Node_id":128772,"weight":3.0072},
{"Node_id":128773,"weight":1.5485},
{"Node_id":128774,"weight":1.4585},
{"Node_id":128775,"weight":3.1222},
{"Node_id":128776,"weight":2.1752},
{"Node_id":128777,"weight":2.6321},
{"Node_id":128778,"weight":2.7183},
{"Node_id":128779,"weight":3.5694},
{"Node_id":128780,"weight":3.1026},
{"Node_id":128781,"weight":2.4315},
{"Node_id":128782,"weight":1.4868},
{"Node_id":128783,"weight":1.6785},
{"Node_id":128784,"weight":2.2576},
{"Node_id":128785,"weight":3.1625},
{"Node_id":128786,"weight":1.827},
{"Node_id":128787,"weight":2.3814},
{"Node_id":128788,"weight":2.6761},
{"Node_id":128789,"weight":1.7988},
{"Node_id":128790,"weight":5.9118},
{"Node_id":128791,"weight":2.4342},
{"Node_id":128792,"weight":1.4461},
{"Node_id":128793,"weight":3.4356},
{"Node_id":128809,"weight":1.4982},
{"Node_id":128810,"weight":2.3827},
{"Node_id":128811,"weight":2.1514},
{"Node_id":128812,"weight":1.421},
{"Node_id":128813,"weight":4.2546},
{"Node_id":128814,"weight":2.889},
{"Node_id":128815,"weight":2.6162},
{"Node_id":128818,"weight":4.508},
{"Node_id":128821,"weight":2.6401},
{"Node_id":128824,"weight":2.1197},
{"Node_id":128825,"weight":1.9161},
{"Node_id":128861,"weight":2.4643},
{"Node_id":128862,"weight":2.1145},
{"Node_id":128863,"weight":1.7105},
{"Node_id":128864,"weight":2.1239},
{"Node_id":128865,"weight":1.8834},
{"Node_id":128866,"weight":2.7115},
{"Node_id":128867,"weight":2.3597},
{"Node_id":128868,"weight":1.6383},
{"Node_id":128869,"weight":1.4624},
{"Node_id":128870,"weight":3.6392},
{"Node_id":128871,"weight":1.7338},
{"Node_id":128872,"weight":4.3776},
{"Node_id":128873,"weight":1.7089},
{"Node_id":128874,"weight":1.4789},
{"Node_id":128875,"weight":3.2591},
{"Node_id":128876,"weight":3.3871},
{"Node_id":128877,"weight":2.9277},
{"Node_id":128878,"weight":4.5653},
{"Node_id":128879,"weight":3.2178},
{"Node_id":128880,"weight":2.321},
{"Node_id":128881,"weight":2.2073},
{"Node_id":128882,"weight":1.5779},
{"Node_id":128883,"weight":3.8085},
{"Node_id":128884,"weight":1.6186},
{"Node_id":128885,"weight":6.8113},
{"Node_id":128886,"weight":1.6179},
{"Node_id":128887,"weight":1.7377},
{"Node_id":128888,"weight":2.4588},
{"Node_id":128889,"weight":1.6478},
{"Node_id":128890,"weight":1.5231},
{"Node_id":128891,"weight":2.342},
{"Node_id":128892,"weight":1.4644},
{"Node_id":128893,"weight":2.0595},
{"Node_id":128894,"weight":2.2681},
{"Node_id":128896,"weight":1.5109},
{"Node_id":128897,"weight":2.4519},
{"Node_id":128898,"weight":1.7105},
{"Node_id":128901,"weight":3.3871},
{"Node_id":128902,"weight":1.5807},
{"Node_id":128903,"weight":2.7586},
{"Node_id":128904,"weight":2.885},
{"Node_id":128905,"weight":4.5653},
{"Node_id":128906,"weight":3.3683},
{"Node_id":128907,"weight":2.7374},
{"Node_id":128910,"weight":2.0485},
{"Node_id":128911,"weight":1.8261},
{"Node_id":128912,"weight":2.9593},
{"Node_id":128913,"weight":2.0565},
{"Node_id":128914,"weight":2.5123},
{"Node_id":128915,"weight":1.4121},
{"Node_id":128916,"weight":2.2061},
{"Node_id":128917,"weight":1.7136},
{"Node_id":128918,"weight":2.2799},
{"Node_id":128919,"weight":1.7182},
{"Node_id":128922,"weight":2.0605},
{"Node_id":128923,"weight":3.6233},
{"Node_id":128926,"weight":2.6242},
{"Node_id":128927,"weight":1.5771},
{"Node_id":128928,"weight":1.5402},
{"Node_id":128929,"weight":3.2591},
{"Node_id":128930,"weight":1.6754},
{"Node_id":128931,"weight":1.5238},
{"Node_id":128932,"weight":2.0096},
{"Node_id":128933,"weight":2.8381},
{"Node_id":128934,"weight":2.1155},
{"Node_id":128935,"weight":1.5687},
{"Node_id":128936,"weight":1.4014},
{"Node_id":128937,"weight":1.7417},
{"Node_id":128938,"weight":2.3699},
{"Node_id":128941,"weight":1.6078},
{"Node_id":128942,"weight":1.7857},
{"Node_id":128943,"weight":3.562},
{"Node_id":128944,"weight":2.8633},
{"Node_id":128948,"weight":1.9259},
{"Node_id":128949,"weight":2.6662},
{"Node_id":128950,"weight":3.5326},
{"Node_id":128951,"weight":4.0163},
{"Node_id":128952,"weight":3.226},
{"Node_id":128953,"weight":1.7051},
{"Node_id":128954,"weight":2.9113},
{"Node_id":128955,"weight":1.8913},
{"Node_id":128958,"weight":1.6085},
{"Node_id":128959,"weight":1.5999},
{"Node_id":128960,"weight":3.0738},
{"Node_id":128961,"weight":1.5878},
{"Node_id":129053,"weight":3.0117},
{"Node_id":129054,"weight":2.2907},
{"Node_id":129058,"weight":2.0038},
{"Node_id":129059,"weight":3.5398},
{"Node_id":129060,"weight":1.8379},
{"Node_id":129061,"weight":1.3907},
{"Node_id":129062,"weight":3.0786},
{"Node_id":129063,"weight":4.0049},
{"Node_id":129064,"weight":3.4969},
{"Node_id":129065,"weight":1.7841},
{"Node_id":129066,"weight":2.4966},
{"Node_id":129067,"weight":4.9126},
{"Node_id":129068,"weight":3.562},
{"Node_id":129069,"weight":4.9548},
{"Node_id":129070,"weight":4.7592},
{"Node_id":129071,"weight":2.1873},
{"Node_id":129081,"weight":3.0184},
{"Node_id":129082,"weight":1.4572},
{"Node_id":129186,"weight":2.4994},
{"Node_id":129187,"weight":5.4448},
{"Node_id":129188,"weight":1.7988},
{"Node_id":129189,"weight":1.6412},
{"Node_id":129190,"weight":1.4802},
{"Node_id":129191,"weight":1.4683},
{"Node_id":129192,"weight":4.0634},
{"Node_id":129193,"weight":2.895},
{"Node_id":129194,"weight":3.3347},
{"Node_id":129195,"weight":1.6508},
{"Node_id":129196,"weight":3.3777},
{"Node_id":129197,"weight":2.9072},
{"Node_id":129198,"weight":1.4178},
{"Node_id":129199,"weight":2.4881},
{"Node_id":129200,"weight":2.3788},
{"Node_id":129201,"weight":2.9614},
{"Node_id":129202,"weight":1.6664},
{"Node_id":129203,"weight":1.7963},
{"Node_id":129204,"weight":1.9143},
{"Node_id":129205,"weight":1.6523},
{"Node_id":129206,"weight":1.6538},
{"Node_id":129207,"weight":1.9036},
{"Node_id":129208,"weight":1.7776},
{"Node_id":129209,"weight":3.3999},
{"Node_id":129210,"weight":2.3584},
{"Node_id":129211,"weight":2.1785},
{"Node_id":129212,"weight":2.5224},
{"Node_id":129213,"weight":2.4601},
{"Node_id":129214,"weight":1.7074},
{"Node_id":129215,"weight":1.8834},
{"Node_id":129216,"weight":1.8921},
{"Node_id":129217,"weight":1.39},
{"Node_id":129218,"weight":2.2106},
{"Node_id":129219,"weight":1.9241},
{"Node_id":129220,"weight":1.6627},
{"Node_id":129221,"weight":3.0667},
{"Node_id":129222,"weight":2.0605},
{"Node_id":129223,"weight":2.2895},
{"Node_id":129224,"weight":1.43},
{"Node_id":129225,"weight":2.4698},
{"Node_id":129226,"weight":2.7694},
{"Node_id":129227,"weight":1.6982},
{"Node_id":129228,"weight":2.4505},
{"Node_id":129229,"weight":2.8305},
{"Node_id":129230,"weight":1.7825},
{"Node_id":129283,"weight":1.702},
{"Node_id":129350,"weight":2.9133},
{"Node_id":129366,"weight":1.4546},
{"Node_id":129367,"weight":1.6186},
{"Node_id":129368,"weight":2.4754},
{"Node_id":129369,"weight":1.8756},
{"Node_id":129395,"weight":1.4217},
{"Node_id":129432,"weight":1.5701},
{"Node_id":129550,"weight":1.9532},
{"Node_id":129676,"weight":3.2071},
{"Node_id":129677,"weight":1.7988},
{"Node_id":129772,"weight":3.3529},
{"Node_id":129815,"weight":2.658},
{"Node_id":129830,"weight":2.5371},
{"Node_id":129831,"weight":5.9496},
{"Node_id":129858,"weight":1.5589},
{"Node_id":129859,"weight":2.7098},
{"Node_id":129975,"weight":1.7543},
{"Node_id":129976,"weight":1.9746},
{"Node_id":130049,"weight":1.4729},
{"Node_id":130071,"weight":2.4754},
{"Node_id":130072,"weight":2.4302},
{"Node_id":130112,"weight":1.7898},
{"Node_id":130113,"weight":1.7043},
{"Node_id":130114,"weight":1.6612},
{"Node_id":130115,"weight":1.8669},
{"Node_id":130116,"weight":1.6762},
{"Node_id":130117,"weight":2.2208},
{"Node_id":130118,"weight":3.0297},
{"Node_id":130119,"weight":2.4262},
{"Node_id":130120,"weight":2.4155},
{"Node_id":130121,"weight":3.2017},
{"Node_id":130122,"weight":2.4866},
{"Node_id":130123,"weight":2.9939},
{"Node_id":130124,"weight":4.4538},
{"Node_id":130125,"weight":2.1796},
{"Node_id":130126,"weight":1.8523},
{"Node_id":130127,"weight":2.0038},
{"Node_id":130128,"weight":1.9934},
{"Node_id":130129,"weight":1.5652},
{"Node_id":130130,"weight":1.6792},
{"Node_id":130131,"weight":1.561},
{"Node_id":130132,"weight":1.5892},
{"Node_id":130133,"weight":1.6006},
{"Node_id":130134,"weight":1.7377},
{"Node_id":130135,"weight":2.3321},
{"Node_id":130136,"weight":2.0202},
{"Node_id":130137,"weight":4.284},
{"Node_id":130138,"weight":3.4969},
{"Node_id":130139,"weight":1.5736},
{"Node_id":130140,"weight":1.7857},
{"Node_id":130141,"weight":2.3271},
{"Node_id":130142,"weight":1.873},
{"Node_id":130143,"weight":2.0685},
{"Node_id":130144,"weight":1.8506},
{"Node_id":130145,"weight":2.5609},
{"Node_id":130146,"weight":1.6034},
{"Node_id":130147,"weight":2.0358},
{"Node_id":130148,"weight":3.3808},
{"Node_id":130149,"weight":2.2599},
{"Node_id":130150,"weight":3.6801},
{"Node_id":130151,"weight":5.1441},
{"Node_id":130152,"weight":4.0396},
{"Node_id":130153,"weight":2.1611},
{"Node_id":130154,"weight":4.7832},
{"Node_id":130155,"weight":3.4258},
{"Node_id":130156,"weight":2.6662},
{"Node_id":130157,"weight":2.4208},
{"Node_id":130158,"weight":1.5687},
{"Node_id":130159,"weight":2.8191},
{"Node_id":130160,"weight":1.4935},
{"Node_id":130161,"weight":1.7362},
{"Node_id":130164,"weight":6.1637},
{"Node_id":130165,"weight":1.9359},
{"Node_id":130166,"weight":3.3287},
{"Node_id":130167,"weight":3.0458},
{"Node_id":130168,"weight":2.1165},
{"Node_id":130169,"weight":1.5022},
{"Node_id":130170,"weight":2.5066},
{"Node_id":130173,"weight":1.4281},
{"Node_id":130174,"weight":2.4089},
{"Node_id":130175,"weight":1.7615},
{"Node_id":130176,"weight":1.4995},
{"Node_id":130177,"weight":1.9597},
{"Node_id":130178,"weight":2.955},
{"Node_id":130181,"weight":2.4235},
{"Node_id":130182,"weight":1.6634},
{"Node_id":130228,"weight":1.6883},
{"Node_id":130251,"weight":3.2676},
{"Node_id":130253,"weight":2.1062},
{"Node_id":130254,"weight":1.5949},
{"Node_id":130255,"weight":2.0705},
{"Node_id":130256,"weight":5.1441},
{"Node_id":130257,"weight":1.9018},
{"Node_id":130258,"weight":1.5582},
{"Node_id":130259,"weight":1.9477},
{"Node_id":130260,"weight":3.4095},
{"Node_id":130261,"weight":1.798},
{"Node_id":130262,"weight":3.8132},
{"Node_id":130263,"weight":5.1794},
{"Node_id":130264,"weight":8.1114},
{"Node_id":130265,"weight":3.5732},
{"Node_id":130266,"weight":6.5699},
{"Node_id":130267,"weight":1.8506},
{"Node_id":130268,"weight":3.2098},
{"Node_id":130269,"weight":2.1665},
{"Node_id":130272,"weight":2.0959},
{"Node_id":130273,"weight":3.1099},
{"Node_id":130274,"weight":2.2907},
{"Node_id":130275,"weight":5.2734},
{"Node_id":130276,"weight":3.8372},
{"Node_id":130277,"weight":1.6649},
{"Node_id":130278,"weight":2.5775},
{"Node_id":130279,"weight":3.0929},
{"Node_id":130280,"weight":1.7036},
{"Node_id":130281,"weight":2.5297},
{"Node_id":130282,"weight":1.917},
{"Node_id":130283,"weight":1.5416},
{"Node_id":130284,"weight":2.5913},
{"Node_id":130285,"weight":2.2006},
{"Node_id":130286,"weight":2.2073},
{"Node_id":130287,"weight":1.7346},
{"Node_id":130288,"weight":1.7252},
{"Node_id":130289,"weight":2.2871},
{"Node_id":130290,"weight":2.375},
{"Node_id":130291,"weight":1.9487},
{"Node_id":130292,"weight":2.5684},
{"Node_id":130293,"weight":2.4221},
{"Node_id":130294,"weight":1.6523},
{"Node_id":130295,"weight":2.1031},
{"Node_id":130296,"weight":1.7607},
{"Node_id":130297,"weight":1.4045},
{"Node_id":130298,"weight":2.3321},
{"Node_id":130299,"weight":3.5146},
{"Node_id":130300,"weight":3.7991},
{"Node_id":130301,"weight":2.5534},
{"Node_id":130302,"weight":2.2028},
{"Node_id":130303,"weight":1.9896},
{"Node_id":130304,"weight":1.8843},
{"Node_id":130305,"weight":2.8381},
{"Node_id":130306,"weight":1.5076},
{"Node_id":130307,"weight":2.184},
{"Node_id":130308,"weight":2.0416},
{"Node_id":130309,"weight":3.7579},
{"Node_id":130310,"weight":1.9296},
{"Node_id":130311,"weight":2.1093},
{"Node_id":130312,"weight":2.7876},
{"Node_id":130313,"weight":2.2657},
{"Node_id":130314,"weight":3.1651},
{"Node_id":130315,"weight":4.0163},
{"Node_id":130316,"weight":2.0192},
{"Node_id":130317,"weight":2.6678},
{"Node_id":130318,"weight":2.4768},
{"Node_id":130319,"weight":1.5245},
{"Node_id":130320,"weight":4.7954},
{"Node_id":130321,"weight":1.9896},
{"Node_id":130322,"weight":2.3075},
{"Node_id":130323,"weight":2.5023},
{"Node_id":130324,"weight":1.421},
{"Node_id":130325,"weight":1.7151},
{"Node_id":130326,"weight":1.5575},
{"Node_id":130327,"weight":1.9634},
{"Node_id":130348,"weight":2.5312},
{"Node_id":130370,"weight":3.1651},
{"Node_id":130386,"weight":2.0231},
{"Node_id":130401,"weight":2.6945},
{"Node_id":130402,"weight":3.6843},
{"Node_id":130403,"weight":2.6037},
{"Node_id":130418,"weight":3.6233},
{"Node_id":130419,"weight":2.5341},
{"Node_id":130420,"weight":2.6482},
{"Node_id":130421,"weight":2.2095},
{"Node_id":130422,"weight":2.2634},
{"Node_id":130423,"weight":1.653},
{"Node_id":130424,"weight":1.397},
{"Node_id":130425,"weight":2.5166},
{"Node_id":130426,"weight":1.9468},
{"Node_id":130427,"weight":2.0338},
{"Node_id":130428,"weight":1.7528},
{"Node_id":130429,"weight":1.53},
{"Node_id":130504,"weight":1.8128},
{"Node_id":130505,"weight":2.9808},
{"Node_id":130506,"weight":4.2402},
{"Node_id":130507,"weight":1.935},
{"Node_id":130508,"weight":1.6792},
{"Node_id":130509,"weight":3.2591},
{"Node_id":130510,"weight":1.6538},
{"Node_id":130511,"weight":2.1568},
{"Node_id":130512,"weight":3.1781},
{"Node_id":130513,"weight":2.881},
{"Node_id":130514,"weight":1.4848},
{"Node_id":130515,"weight":1.5793},
{"Node_id":130516,"weight":3.1833},
{"Node_id":130517,"weight":2.7857},
{"Node_id":130518,"weight":1.659},
{"Node_id":130519,"weight":1.6754},
{"Node_id":130520,"weight":1.7575},
{"Node_id":130521,"weight":2.2955},
{"Node_id":130522,"weight":2.0202},
{"Node_id":130523,"weight":2.7235},
{"Node_id":130524,"weight":2.1796},
{"Node_id":130525,"weight":2.7339},
{"Node_id":130526,"weight":3.3967},
{"Node_id":130527,"weight":2.4208},
{"Node_id":130528,"weight":1.5652},
{"Node_id":130529,"weight":2.6945},
{"Node_id":130530,"weight":4.1064},
{"Node_id":130534,"weight":1.5259},
{"Node_id":130535,"weight":2.1312},
{"Node_id":130536,"weight":1.5002},
{"Node_id":130537,"weight":6.3182},
{"Node_id":130538,"weight":2.0745},
{"Node_id":130539,"weight":1.4822},
{"Node_id":130540,"weight":1.4848},
{"Node_id":130541,"weight":2.0436},
{"Node_id":130542,"weight":1.9905},
{"Node_id":130543,"weight":2.4852},
{"Node_id":130544,"weight":1.8643},
{"Node_id":130545,"weight":3.1651},
{"Node_id":130546,"weight":3.7357},
{"Node_id":130547,"weight":1.3932},
{"Node_id":130548,"weight":1.4975},
{"Node_id":130549,"weight":1.8037},
{"Node_id":130550,"weight":1.5963},
{"Node_id":130551,"weight":2.5224},
{"Node_id":130552,"weight":3.842},
{"Node_id":130553,"weight":2.1622},
{"Node_id":130554,"weight":1.8515},
{"Node_id":130555,"weight":5.8401},
{"Node_id":130556,"weight":1.6906},
{"Node_id":130557,"weight":1.7736},
{"Node_id":130558,"weight":1.9296},
{"Node_id":130559,"weight":2.7857},
{"Node_id":130560,"weight":2.3546},
{"Node_id":130561,"weight":3.776},
{"Node_id":130562,"weight":4.0694},
{"Node_id":130563,"weight":2.4671},
{"Node_id":130564,"weight":2.173},
{"Node_id":130565,"weight":1.752},
{"Node_id":130566,"weight":2.0038},
{"Node_id":130567,"weight":1.4371},
{"Node_id":130568,"weight":2.7081},
{"Node_id":130569,"weight":1.4835},
{"Node_id":130570,"weight":1.9962},
{"Node_id":130571,"weight":2.727},
{"Node_id":130572,"weight":2.2517},
{"Node_id":130573,"weight":2.3648},
{"Node_id":130574,"weight":3.596},
{"Node_id":130575,"weight":2.6257},
{"Node_id":130576,"weight":2.4275},
{"Node_id":130577,"weight":1.9277},
{"Node_id":130578,"weight":2.3866},
{"Node_id":130579,"weight":5.3992},
{"Node_id":130580,"weight":1.4624},
{"Node_id":130581,"weight":1.5485},
{"Node_id":130582,"weight":2.3395},
{"Node_id":130583,"weight":1.8895},
{"Node_id":130584,"weight":2.4588},
{"Node_id":130585,"weight":2.2799},
{"Node_id":130586,"weight":2.8652},
{"Node_id":130587,"weight":1.5062},
{"Node_id":130588,"weight":1.4881},
{"Node_id":130589,"weight":1.5842},
{"Node_id":130590,"weight":1.4921},
{"Node_id":130591,"weight":1.8078},
{"Node_id":130592,"weight":1.776},
{"Node_id":130593,"weight":3.305},
{"Node_id":130594,"weight":2.5959},
{"Node_id":130595,"weight":1.6974},
{"Node_id":130596,"weight":2.2196},
{"Node_id":130597,"weight":1.4848},
{"Node_id":130598,"weight":2.881},
{"Node_id":130599,"weight":1.7401},
{"Node_id":130600,"weight":2.3234},
{"Node_id":130601,"weight":1.6208},
{"Node_id":130602,"weight":2.6563},
{"Node_id":130603,"weight":1.6486},
{"Node_id":130604,"weight":1.9332},
{"Node_id":130605,"weight":1.8523},
{"Node_id":130606,"weight":2.8229},
{"Node_id":130607,"weight":2.5579},
{"Node_id":130629,"weight":2.0907},
{"Node_id":130630,"weight":6.0725},
{"Node_id":130631,"weight":2.8574},
{"Node_id":130632,"weight":1.4178},
{"Node_id":130633,"weight":1.5992},
{"Node_id":130634,"weight":2.1719},
{"Node_id":130635,"weight":1.5035},
{"Node_id":130636,"weight":1.3882},
{"Node_id":130637,"weight":2.2576},
{"Node_id":130638,"weight":3.3652},
{"Node_id":130639,"weight":2.5254},
{"Node_id":130640,"weight":1.7105},
{"Node_id":130641,"weight":4.8458},
{"Node_id":130642,"weight":2.2552},
{"Node_id":130643,"weight":1.3988},
{"Node_id":130644,"weight":1.4172},
{"Node_id":130645,"weight":1.6523},
{"Node_id":130646,"weight":1.7963},
{"Node_id":130647,"weight":4.1002},
{"Node_id":130648,"weight":2.5066},
{"Node_id":130649,"weight":2.5385},
{"Node_id":130650,"weight":2.877},
{"Node_id":130651,"weight":1.9523},
{"Node_id":130652,"weight":2.5714},
{"Node_id":130653,"weight":1.4565},
{"Node_id":130654,"weight":1.744},
{"Node_id":130655,"weight":1.6732},
{"Node_id":130656,"weight":1.798},
{"Node_id":130657,"weight":1.9305},
{"Node_id":130658,"weight":1.4229},
{"Node_id":130659,"weight":1.543},
{"Node_id":130660,"weight":4.1711},
{"Node_id":130661,"weight":2.6711},
{"Node_id":130662,"weight":2.205},
{"Node_id":130663,"weight":3.1347},
{"Node_id":130664,"weight":1.4815},
{"Node_id":130665,"weight":1.752},
{"Node_id":130666,"weight":3.0252},
{"Node_id":130667,"weight":1.6368},
{"Node_id":130668,"weight":2.9593},
{"Node_id":130669,"weight":3.1964},
{"Node_id":130670,"weight":2.0565},
{"Node_id":130671,"weight":1.9296},
{"Node_id":130672,"weight":1.8136},
{"Node_id":130673,"weight":2.2242},
{"Node_id":130674,"weight":2.3571},
{"Node_id":130675,"weight":3.8038},
{"Node_id":130676,"weight":2.0938},
{"Node_id":130677,"weight":2.0745},
{"Node_id":130678,"weight":2.5123},
{"Node_id":130679,"weight":1.5786},
{"Node_id":130680,"weight":1.726},
{"Node_id":130681,"weight":1.4663},
{"Node_id":130682,"weight":2.6563},
{"Node_id":130683,"weight":1.4147},
{"Node_id":130684,"weight":2.9011},
{"Node_id":130685,"weight":5.2347},
{"Node_id":130686,"weight":3.4095},
{"Node_id":130687,"weight":3.4225},
{"Node_id":130688,"weight":1.8557},
{"Node_id":130689,"weight":2.6498},
{"Node_id":130690,"weight":2.1134},
{"Node_id":130691,"weight":2.366},
{"Node_id":130692,"weight":1.9395},
{"Node_id":130693,"weight":3.1859},
{"Node_id":130694,"weight":2.2907},
{"Node_id":130695,"weight":1.8337},
{"Node_id":130696,"weight":1.5652},
{"Node_id":130697,"weight":2.543},
{"Node_id":130698,"weight":5.8061},
{"Node_id":130699,"weight":3.6969},
{"Node_id":130700,"weight":2.1774},
{"Node_id":130701,"weight":1.4795},
{"Node_id":130702,"weight":1.3944},
{"Node_id":130703,"weight":2.3222},
{"Node_id":130704,"weight":1.8012},
{"Node_id":130705,"weight":5.2933},
{"Node_id":130708,"weight":1.5652},
{"Node_id":130709,"weight":2.5944},
{"Node_id":130710,"weight":2.0856},
{"Node_id":130711,"weight":1.5029},
{"Node_id":130712,"weight":2.8751},
{"Node_id":130713,"weight":1.5361},
{"Node_id":130714,"weight":3.2342},
{"Node_id":130715,"weight":1.9432},
{"Node_id":130716,"weight":1.639},
{"Node_id":130717,"weight":2.0436},
{"Node_id":130720,"weight":5.7105},
{"Node_id":130757,"weight":1.8834},
{"Node_id":130758,"weight":1.6657},
{"Node_id":130759,"weight":2.0918},
{"Node_id":130760,"weight":4.8588},
{"Node_id":130761,"weight":2.9257},
{"Node_id":130762,"weight":3.4323},
{"Node_id":130772,"weight":1.8756},
{"Node_id":130828,"weight":4.1982},
{"Node_id":130829,"weight":3.6392},
{"Node_id":130830,"weight":1.9727},
{"Node_id":130831,"weight":5.7414},
{"Node_id":130832,"weight":3.0929},
{"Node_id":130833,"weight":2.3609},
{"Node_id":130834,"weight":1.7113},
{"Node_id":130835,"weight":1.4268},
{"Node_id":130838,"weight":2.9896},
{"Node_id":130839,"weight":2.0938},
{"Node_id":130840,"weight":3.6718},
{"Node_id":130841,"weight":2.1124},
{"Node_id":130842,"weight":2.5519},
{"Node_id":130843,"weight":2.3445},
{"Node_id":130844,"weight":1.5527},
{"Node_id":130845,"weight":1.752},
{"Node_id":130846,"weight":2.7658},
{"Node_id":130847,"weight":1.9241},
{"Node_id":130848,"weight":1.8506},
{"Node_id":130849,"weight":2.4951},
{"Node_id":130850,"weight":3.3168},
{"Node_id":130851,"weight":1.9368},
{"Node_id":130852,"weight":2.2599},
{"Node_id":130853,"weight":1.8532},
{"Node_id":130854,"weight":2.2379},
{"Node_id":130855,"weight":1.8379},
{"Node_id":130856,"weight":3.6718},
{"Node_id":130857,"weight":1.6317},
{"Node_id":130858,"weight":3.7624},
{"Node_id":130859,"weight":1.5617},
{"Node_id":130860,"weight":1.8566},
{"Node_id":130861,"weight":1.8575},
{"Node_id":130862,"weight":1.6013},
{"Node_id":130866,"weight":2.508},
{"Node_id":130867,"weight":1.4198},
{"Node_id":130868,"weight":2.4478},
{"Node_id":130869,"weight":1.4474},
{"Node_id":130870,"weight":3.0229},
{"Node_id":130871,"weight":2.0377},
{"Node_id":130872,"weight":1.5218},
{"Node_id":131105,"weight":4.833},
{"Node_id":131106,"weight":1.5485},
{"Node_id":131107,"weight":2.3063},
{"Node_id":131108,"weight":1.8957},
{"Node_id":131111,"weight":4.1914},
{"Node_id":131112,"weight":4.3534},
{"Node_id":131113,"weight":1.6302},
{"Node_id":131114,"weight":1.8738},
{"Node_id":131115,"weight":1.5245},
{"Node_id":131116,"weight":5.0294},
{"Node_id":131117,"weight":1.5807},
{"Node_id":131118,"weight":3.8716},
{"Node_id":131119,"weight":2.2907},
{"Node_id":131120,"weight":2.6612},
{"Node_id":131121,"weight":2.2061},
{"Node_id":131122,"weight":1.5218},
{"Node_id":131123,"weight":2.2017},
{"Node_id":131124,"weight":5.3771},
{"Node_id":131125,"weight":2.3918},
{"Node_id":131126,"weight":1.5327},
{"Node_id":131127,"weight":1.5527},
{"Node_id":131128,"weight":2.2448},
{"Node_id":131272,"weight":5.2347},
{"Node_id":131273,"weight":1.9606},
{"Node_id":131274,"weight":1.7719},
{"Node_id":131275,"weight":1.4474},
{"Node_id":131276,"weight":2.4768},
{"Node_id":131287,"weight":1.7417},
{"Node_id":131288,"weight":2.9808},
{"Node_id":131291,"weight":1.4128},
{"Node_id":131292,"weight":1.5992},
{"Node_id":131293,"weight":1.6762},
{"Node_id":131294,"weight":2.0212},
{"Node_id":131295,"weight":3.0389},
{"Node_id":131296,"weight":3.3377},
{"Node_id":131341,"weight":2.6337},
{"Node_id":131342,"weight":1.7448},
{"Node_id":131343,"weight":1.6331},
{"Node_id":131344,"weight":2.0397},
{"Node_id":131345,"weight":1.7464},
{"Node_id":131346,"weight":1.9802},
{"Node_id":131347,"weight":2.027},
{"Node_id":131348,"weight":1.5828},
{"Node_id":131349,"weight":3.0504},
{"Node_id":131350,"weight":1.4281},
{"Node_id":131351,"weight":2.1557},
{"Node_id":131352,"weight":1.7881},
{"Node_id":131361,"weight":2.645},
{"Node_id":131362,"weight":1.575},
{"Node_id":131408,"weight":4.212},
{"Node_id":131409,"weight":3.5326},
{"Node_id":131410,"weight":3.248},
{"Node_id":131411,"weight":1.4526},
{"Node_id":131451,"weight":2.9917},
{"Node_id":131452,"weight":1.5779},
{"Node_id":131453,"weight":2.1503},
{"Node_id":131454,"weight":1.465},
{"Node_id":131455,"weight":1.9811},
{"Node_id":131456,"weight":1.4526},
{"Node_id":131457,"weight":1.5771},
{"Node_id":131458,"weight":1.8062},
{"Node_id":131459,"weight":2.0125},
{"Node_id":131460,"weight":5.7414},
{"Node_id":131461,"weight":4.1318},
{"Node_id":131462,"weight":2.5371},
{"Node_id":131463,"weight":2.1323},
{"Node_id":131464,"weight":1.4223},
{"Node_id":131465,"weight":4.3858},
{"Node_id":131466,"weight":4.4364},
{"Node_id":131467,"weight":1.4064},
{"Node_id":131468,"weight":1.4533},
{"Node_id":131469,"weight":1.513},
{"Node_id":131470,"weight":1.7036},
{"Node_id":131471,"weight":2.1218},
{"Node_id":131472,"weight":4.4451},
{"Node_id":131473,"weight":1.6538},
{"Node_id":131474,"weight":2.2185},
{"Node_id":131475,"weight":1.7535},
{"Node_id":131476,"weight":2.102},
{"Node_id":131477,"weight":1.397},
{"Node_id":131478,"weight":2.0685},
{"Node_id":131479,"weight":1.8851},
{"Node_id":131480,"weight":1.8379},
{"Node_id":131481,"weight":5.6515},
{"Node_id":131482,"weight":1.8992},
{"Node_id":131483,"weight":1.7939},
{"Node_id":131484,"weight":2.0125},
{"Node_id":131485,"weight":2.5594},
{"Node_id":131486,"weight":1.7244},
{"Node_id":131487,"weight":3.6969},
{"Node_id":131488,"weight":3.1703},
{"Node_id":131489,"weight":1.5184},
{"Node_id":131490,"weight":1.3869},
{"Node_id":131491,"weight":2.1829},
{"Node_id":131492,"weight":2.2196},
{"Node_id":131493,"weight":1.9597},
{"Node_id":131494,"weight":2.8477},
{"Node_id":131495,"weight":1.6694},
{"Node_id":131496,"weight":3.577},
{"Node_id":131497,"weight":2.889},
{"Node_id":131498,"weight":2.885},
{"Node_id":131499,"weight":1.5259},
{"Node_id":131500,"weight":3.8567},
{"Node_id":131501,"weight":3.3079},
{"Node_id":131502,"weight":1.8354},
{"Node_id":131503,"weight":1.7736},
{"Node_id":131504,"weight":3.714},
{"Node_id":131505,"weight":1.8371},
{"Node_id":131506,"weight":2.9808},
{"Node_id":131507,"weight":2.9614},
{"Node_id":131508,"weight":3.4934},
{"Node_id":131509,"weight":1.3882},
{"Node_id":131510,"weight":1.7623},
{"Node_id":131511,"weight":2.3711},
{"Node_id":131512,"weight":1.4313},
{"Node_id":131513,"weight":1.5527},
{"Node_id":131514,"weight":2.2599},
{"Node_id":131515,"weight":2.0029},
{"Node_id":131516,"weight":2.6596},
{"Node_id":131517,"weight":1.9359},
{"Node_id":131518,"weight":2.9381},
{"Node_id":131519,"weight":2.9174},
{"Node_id":131520,"weight":1.6171},
{"Node_id":131521,"weight":1.8103},
{"Node_id":131522,"weight":1.5334},
{"Node_id":131523,"weight":2.887},
{"Node_id":131524,"weight":1.8186},
{"Node_id":131525,"weight":1.9542},
{"Node_id":131536,"weight":1.6785},
{"Node_id":131537,"weight":3.0006},
{"Node_id":131538,"weight":2.1785},
{"Node_id":131539,"weight":3.0786},
{"Node_id":131540,"weight":3.8275},
{"Node_id":131541,"weight":1.7881},
{"Node_id":131542,"weight":3.055},
{"Node_id":131543,"weight":1.9662},
{"Node_id":131544,"weight":2.4671},
{"Node_id":131545,"weight":3.2905},
{"Node_id":131546,"weight":1.901},
{"Node_id":131547,"weight":1.9802},
{"Node_id":131548,"weight":1.9802},
{"Node_id":131549,"weight":7.8236},
{"Node_id":131553,"weight":1.6913},
{"Node_id":131554,"weight":2.645},
{"Node_id":131555,"weight":4.0163},
{"Node_id":131556,"weight":1.4915},
{"Node_id":131557,"weight":1.5347},
{"Node_id":131558,"weight":2.6531},
{"Node_id":131559,"weight":2.2611},
{"Node_id":131638,"weight":4.3454},
{"Node_id":131639,"weight":2.8248},
{"Node_id":131642,"weight":2.4994},
{"Node_id":131643,"weight":1.748},
{"Node_id":131644,"weight":1.4855},
{"Node_id":131645,"weight":2.764},
{"Node_id":131646,"weight":1.8721},
{"Node_id":131647,"weight":2.4492},
{"Node_id":131648,"weight":1.8904},
{"Node_id":131649,"weight":1.9783},
{"Node_id":131650,"weight":1.6508},
{"Node_id":131651,"weight":2.1302},
{"Node_id":131652,"weight":2.4356},
{"Node_id":131653,"weight":2.0897},
{"Node_id":131654,"weight":3.1322},
{"Node_id":131655,"weight":1.956},
{"Node_id":131656,"weight":4.5362},
{"Node_id":131657,"weight":2.8574},
{"Node_id":131660,"weight":4.6053},
{"Node_id":131661,"weight":2.7839},
{"Node_id":131662,"weight":1.5177},
{"Node_id":131663,"weight":1.414},
{"Node_id":131664,"weight":1.7496},
{"Node_id":131665,"weight":2.0318},
{"Node_id":131666,"weight":3.2424},
{"Node_id":131667,"weight":1.8756},
{"Node_id":131731,"weight":2.5371},
{"Node_id":131732,"weight":1.414},
{"Node_id":131733,"weight":2.4643},
{"Node_id":131762,"weight":1.8128},
{"Node_id":131763,"weight":1.4461},
{"Node_id":131764,"weight":2.0446},
{"Node_id":131765,"weight":2.5821},
{"Node_id":131766,"weight":3.4761},
{"Node_id":131767,"weight":1.5062},
{"Node_id":131768,"weight":2.0989},
{"Node_id":131769,"weight":2.3788},
{"Node_id":131770,"weight":1.5485},
{"Node_id":131771,"weight":4.4108},
{"Node_id":131774,"weight":1.4384},
{"Node_id":131775,"weight":2.7551},
{"Node_id":131776,"weight":1.7409},
{"Node_id":131777,"weight":2.1333},
{"Node_id":131778,"weight":1.9634},
{"Node_id":131779,"weight":1.8111},
{"Node_id":131780,"weight":2.7604},
{"Node_id":131781,"weight":1.5779},
{"Node_id":131782,"weight":4.1383},
{"Node_id":131783,"weight":1.4565},
{"Node_id":131784,"weight":3.6233},
{"Node_id":131785,"weight":1.7599},
{"Node_id":131786,"weight":2.5806},
{"Node_id":131787,"weight":1.4096},
{"Node_id":131788,"weight":3.9072},
{"Node_id":131789,"weight":1.8211},
{"Node_id":131790,"weight":2.5312},
{"Node_id":131791,"weight":1.8037},
{"Node_id":131792,"weight":2.9657},
{"Node_id":131793,"weight":2.6514},
{"Node_id":131794,"weight":1.4229},
{"Node_id":131795,"weight":2.7132},
{"Node_id":131796,"weight":1.8404},
{"Node_id":131797,"weight":1.9332},
{"Node_id":131798,"weight":2.5867},
{"Node_id":131799,"weight":1.6694},
{"Node_id":131800,"weight":4.119},
{"Node_id":131801,"weight":2.4937},
{"Node_id":131802,"weight":3.9992},
{"Node_id":131803,"weight":1.9268},
{"Node_id":131804,"weight":1.4351},
{"Node_id":131805,"weight":1.5361},
{"Node_id":131806,"weight":1.6501},
{"Node_id":131807,"weight":1.9001},
{"Node_id":131833,"weight":1.5396},
{"Node_id":131834,"weight":1.4409},
{"Node_id":131835,"weight":6.0299},
{"Node_id":131836,"weight":1.8037},
{"Node_id":131837,"weight":2.1939},
{"Node_id":131838,"weight":1.5143},
{"Node_id":131839,"weight":1.8203},
{"Node_id":131840,"weight":1.5055},
{"Node_id":131841,"weight":1.8575},
{"Node_id":131842,"weight":2.2402},
{"Node_id":131843,"weight":4.8588},
{"Node_id":131844,"weight":1.4274},
{"Node_id":131845,"weight":2.0948},
{"Node_id":131846,"weight":2.1503},
{"Node_id":131847,"weight":2.1051},
{"Node_id":131848,"weight":1.726},
{"Node_id":131849,"weight":1.9395},
{"Node_id":131850,"weight":1.3982},
{"Node_id":131851,"weight":3.248},
{"Node_id":131852,"weight":1.5687},
{"Node_id":131853,"weight":2.3395},
{"Node_id":131854,"weight":1.6128},
{"Node_id":131855,"weight":1.3919},
{"Node_id":131856,"weight":1.5568},
{"Node_id":131857,"weight":1.6361},
{"Node_id":131858,"weight":2.6928},
{"Node_id":131859,"weight":2.891},
{"Node_id":131860,"weight":2.6844},
{"Node_id":131861,"weight":7.1301},
{"Node_id":131862,"weight":1.9597},
{"Node_id":131868,"weight":1.893},
{"Node_id":131869,"weight":3.9176},
{"Node_id":131870,"weight":2.3198},
{"Node_id":131871,"weight":2.6678},
{"Node_id":131872,"weight":2.0948},
{"Node_id":131873,"weight":1.8592},
{"Node_id":131874,"weight":4.7357},
{"Node_id":131875,"weight":2.3309},
{"Node_id":131876,"weight":1.4185},
{"Node_id":131877,"weight":1.7615},
{"Node_id":131878,"weight":1.4644},
{"Node_id":131879,"weight":3.1729},
{"Node_id":131880,"weight":2.6794},
{"Node_id":131881,"weight":2.97},
{"Node_id":131882,"weight":1.4611},
{"Node_id":131888,"weight":2.2344},
{"Node_id":131889,"weight":2.6777},
{"Node_id":131890,"weight":1.7043},
{"Node_id":131891,"weight":2.0877},
{"Node_id":131892,"weight":1.822},
{"Node_id":131893,"weight":3.1755},
{"Node_id":131894,"weight":1.6244},
{"Node_id":131895,"weight":1.5389},
{"Node_id":131896,"weight":2.0907},
{"Node_id":131897,"weight":1.843},
{"Node_id":131898,"weight":3.5732},
{"Node_id":131899,"weight":1.7971},
{"Node_id":131900,"weight":2.9962},
{"Node_id":131901,"weight":2.3198},
{"Node_id":131902,"weight":2.4275},
{"Node_id":131903,"weight":1.4835},
{"Node_id":131904,"weight":1.6501},
{"Node_id":131905,"weight":1.832},
{"Node_id":131906,"weight":1.39},
{"Node_id":131907,"weight":2.3358},
{"Node_id":131908,"weight":1.9662},
{"Node_id":131909,"weight":1.6815},
{"Node_id":131910,"weight":1.9802},
{"Node_id":131911,"weight":3.5253},
{"Node_id":131912,"weight":2.7986},
{"Node_id":131913,"weight":2.6744},
{"Node_id":131914,"weight":2.5224},
{"Node_id":131924,"weight":3.8372},
{"Node_id":131925,"weight":2.5975},
{"Node_id":131926,"weight":2.3546},
{"Node_id":131929,"weight":1.6471},
{"Node_id":131930,"weight":2.2529},
{"Node_id":131931,"weight":4.2546},
{"Node_id":131932,"weight":3.3777},
{"Node_id":131933,"weight":2.6289},
{"Node_id":131934,"weight":1.7719},
{"Node_id":131935,"weight":2.8324},
{"Node_id":131936,"weight":1.8843},
{"Node_id":131937,"weight":2.0877},
{"Node_id":131938,"weight":2.5929},
{"Node_id":131939,"weight":1.6777},
{"Node_id":131940,"weight":4.2915},
{"Node_id":131941,"weight":1.4409},
{"Node_id":131942,"weight":1.4644},
{"Node_id":131943,"weight":3.3591},
{"Node_id":131944,"weight":2.1884},
{"Node_id":131945,"weight":2.9298},
{"Node_id":131946,"weight":3.4761},
{"Node_id":131947,"weight":4.4988},
{"Node_id":131948,"weight":3.7669},
{"Node_id":132025,"weight":2.7676},
{"Node_id":132026,"weight":1.8878},
{"Node_id":132027,"weight":3.7313},
{"Node_id":132028,"weight":2.2599},
{"Node_id":132029,"weight":4.0514},
{"Node_id":132030,"weight":2.9195},
{"Node_id":132031,"weight":1.7728},
{"Node_id":132032,"weight":1.3976},
{"Node_id":132033,"weight":1.7504},
{"Node_id":132034,"weight":1.6853},
{"Node_id":132035,"weight":1.9868},
{"Node_id":132036,"weight":2.1589},
{"Node_id":132037,"weight":2.3149},
{"Node_id":132038,"weight":2.3879},
{"Node_id":132039,"weight":4.8458},
{"Node_id":132040,"weight":1.4915},
{"Node_id":132041,"weight":2.239},
{"Node_id":132042,"weight":2.1643},
{"Node_id":132043,"weight":2.5489},
{"Node_id":132044,"weight":1.6649},
{"Node_id":132045,"weight":1.6702},
{"Node_id":132046,"weight":3.5657},
{"Node_id":132047,"weight":1.9783},
{"Node_id":132048,"weight":1.7939},
{"Node_id":132049,"weight":5.3771},
{"Node_id":132050,"weight":2.0456},
{"Node_id":132051,"weight":3.4969},
{"Node_id":132052,"weight":2.0456},
{"Node_id":132064,"weight":2.0948},
{"Node_id":132065,"weight":2.0525},
{"Node_id":132066,"weight":5.0609},
{"Node_id":132067,"weight":4.3066},
{"Node_id":132068,"weight":3.1099},
{"Node_id":132069,"weight":2.6131},
{"Node_id":132070,"weight":1.8245},
{"Node_id":132071,"weight":1.8245},
{"Node_id":132072,"weight":1.4455},
{"Node_id":132099,"weight":2.145},
{"Node_id":132100,"weight":3.055},
{"Node_id":132170,"weight":2.3088},
{"Node_id":132171,"weight":1.5252},
{"Node_id":132172,"weight":1.9487},
{"Node_id":132173,"weight":1.513},
{"Node_id":132174,"weight":1.6597},
{"Node_id":132175,"weight":2.2402},
{"Node_id":132176,"weight":3.2342},
{"Node_id":132177,"weight":2.2787},
{"Node_id":132178,"weight":2.173},
{"Node_id":132179,"weight":4.3297},
{"Node_id":132180,"weight":2.7586},
{"Node_id":132181,"weight":1.8295},
{"Node_id":132182,"weight":2.6596},
{"Node_id":132183,"weight":2.3508},
{"Node_id":132184,"weight":5.2734},
{"Node_id":132185,"weight":3.9072},
{"Node_id":132186,"weight":5.7732},
{"Node_id":132187,"weight":1.3951},
{"Node_id":132213,"weight":3.2205},
{"Node_id":132214,"weight":1.5779},
{"Node_id":132215,"weight":3.9495},
{"Node_id":132216,"weight":2.0918},
{"Node_id":132217,"weight":1.7833},
{"Node_id":132218,"weight":1.4795},
{"Node_id":132219,"weight":1.3907},
{"Node_id":132220,"weight":1.5694},
{"Node_id":132221,"weight":1.6762},
{"Node_id":132222,"weight":2.8267},
{"Node_id":132223,"weight":2.1785},
{"Node_id":132224,"weight":1.6171},
{"Node_id":132225,"weight":1.3882},
{"Node_id":132226,"weight":4.7242},
{"Node_id":132227,"weight":2.5415},
{"Node_id":132228,"weight":2.0397},
{"Node_id":132229,"weight":1.58},
{"Node_id":132230,"weight":1.5437},
{"Node_id":132231,"weight":1.8295},
{"Node_id":132232,"weight":2.4698},
{"Node_id":132233,"weight":1.9305},
{"Node_id":132234,"weight":3.8132},
{"Node_id":132235,"weight":1.9036},
{"Node_id":132236,"weight":1.8054},
{"Node_id":132237,"weight":1.6244},
{"Node_id":132238,"weight":1.5506},
{"Node_id":132239,"weight":1.8851},
{"Node_id":132240,"weight":1.6471},
{"Node_id":132241,"weight":3.1912},
{"Node_id":132242,"weight":1.5687},
{"Node_id":132243,"weight":1.4598},
{"Node_id":132244,"weight":2.2344},
{"Node_id":132245,"weight":2.0048},
{"Node_id":132246,"weight":2.5094},
{"Node_id":132247,"weight":2.1796},
{"Node_id":132264,"weight":6.1171},
{"Node_id":132265,"weight":1.7623},
{"Node_id":132266,"weight":1.4481},
{"Node_id":132269,"weight":4.7592},
{"Node_id":132270,"weight":2.2129},
{"Node_id":132354,"weight":3.1651},
{"Node_id":132355,"weight":2.3284},
{"Node_id":132421,"weight":3.7313},
{"Node_id":132458,"weight":1.3932},
{"Node_id":132512,"weight":1.822},
{"Node_id":132513,"weight":1.7464},
{"Node_id":132540,"weight":1.3913},
{"Node_id":132562,"weight":1.5779},
{"Node_id":132627,"weight":2.8458},
{"Node_id":132780,"weight":1.6936},
{"Node_id":132891,"weight":1.8379},
{"Node_id":132892,"weight":1.9802},
{"Node_id":132918,"weight":1.3894},
{"Node_id":132919,"weight":1.9746},
{"Node_id":132931,"weight":1.8834},
{"Node_id":132966,"weight":2.5268},
{"Node_id":132967,"weight":1.469},
{"Node_id":132968,"weight":2.8229},
{"Node_id":132969,"weight":3.3197},
{"Node_id":132970,"weight":3.5289},
{"Node_id":132971,"weight":1.6013},
{"Node_id":132972,"weight":1.5204},
{"Node_id":132973,"weight":3.5807},
{"Node_id":132974,"weight":2.0605},
{"Node_id":132975,"weight":1.7036},
{"Node_id":132976,"weight":1.7206},
{"Node_id":132977,"weight":2.1302},
{"Node_id":132978,"weight":1.7881},
{"Node_id":132979,"weight":1.7159},
{"Node_id":132980,"weight":4.3297},
{"Node_id":132981,"weight":1.6493},
{"Node_id":132982,"weight":1.7206},
{"Node_id":132985,"weight":1.5624},
{"Node_id":132986,"weight":1.6013},
{"Node_id":132987,"weight":4.6363},
{"Node_id":132994,"weight":2.7029},
{"Node_id":132995,"weight":3.504},
{"Node_id":132996,"weight":1.6553},
{"Node_id":132997,"weight":1.5715},
{"Node_id":132998,"weight":1.9423},
{"Node_id":132999,"weight":1.4481},
{"Node_id":133000,"weight":1.4494},
{"Node_id":133001,"weight":1.5575},
{"Node_id":133002,"weight":5.045},
{"Node_id":133003,"weight":2.1687},
{"Node_id":133004,"weight":1.9915},
{"Node_id":133005,"weight":2.7132},
{"Node_id":133006,"weight":1.9296},
{"Node_id":133007,"weight":2.1072},
{"Node_id":133008,"weight":3.842},
{"Node_id":133009,"weight":1.9259},
{"Node_id":133010,"weight":2.2344},
{"Node_id":133011,"weight":1.5757},
{"Node_id":133012,"weight":2.9852},
{"Node_id":133013,"weight":2.102},
{"Node_id":133014,"weight":1.9423},
{"Node_id":133015,"weight":1.8557},
{"Node_id":133016,"weight":2.2517},
{"Node_id":133017,"weight":2.6911},
{"Node_id":133018,"weight":4.1513},
{"Node_id":133019,"weight":2.9786},
{"Node_id":133020,"weight":5.5957},
{"Node_id":133021,"weight":1.8362},
{"Node_id":133022,"weight":2.7201},
{"Node_id":133023,"weight":2.1796},
{"Node_id":133024,"weight":1.8904},
{"Node_id":133025,"weight":3.2992},
{"Node_id":133026,"weight":1.9764},
{"Node_id":133027,"weight":1.7963},
{"Node_id":133028,"weight":2.1},
{"Node_id":133029,"weight":2.3321},
{"Node_id":133030,"weight":2.3584},
{"Node_id":133031,"weight":3.0574},
{"Node_id":133032,"weight":2.3866},
{"Node_id":133033,"weight":1.5245},
{"Node_id":133034,"weight":1.8387},
{"Node_id":133035,"weight":3.4095},
{"Node_id":133036,"weight":1.9943},
{"Node_id":133115,"weight":2.0416},
{"Node_id":133116,"weight":2.127},
{"Node_id":133117,"weight":2.6811},
{"Node_id":133118,"weight":1.8695},
{"Node_id":133119,"weight":2.0309},
{"Node_id":133120,"weight":2.1124},
{"Node_id":133121,"weight":4.5653},
{"Node_id":133122,"weight":2.3996},
{"Node_id":133123,"weight":1.4881},
{"Node_id":133124,"weight":2.7287},
{"Node_id":133125,"weight":3.0905},
{"Node_id":133126,"weight":2.0887},
{"Node_id":133127,"weight":1.4513},
{"Node_id":133163,"weight":3.4624},
{"Node_id":133164,"weight":1.4147},
{"Node_id":133165,"weight":1.552},
{"Node_id":133166,"weight":3.0139},
{"Node_id":133167,"weight":4.1064},
{"Node_id":133168,"weight":3.6595},
{"Node_id":133169,"weight":1.7276},
{"Node_id":133200,"weight":2.4533},
{"Node_id":133201,"weight":2.4221},
{"Node_id":133202,"weight":2.9011},
{"Node_id":133203,"weight":2.274},
{"Node_id":133204,"weight":2.8691},
{"Node_id":133205,"weight":1.397},
{"Node_id":133206,"weight":1.8992},
{"Node_id":133207,"weight":1.5157},
{"Node_id":133208,"weight":2.8496},
{"Node_id":133209,"weight":1.8295},
{"Node_id":133210,"weight":1.6273},
{"Node_id":133255,"weight":1.3982},
{"Node_id":133276,"weight":1.699},
{"Node_id":133277,"weight":2.1176},
{"Node_id":133284,"weight":2.7462},
{"Node_id":133285,"weight":2.1796},
{"Node_id":133286,"weight":2.1218},
{"Node_id":133287,"weight":1.532},
{"Node_id":133288,"weight":2.8496},
{"Node_id":133289,"weight":3.8038},
{"Node_id":133290,"weight":1.9241},
{"Node_id":133291,"weight":3.5004},
{"Node_id":133292,"weight":2.3635},
{"Node_id":133293,"weight":1.4513},
{"Node_id":133294,"weight":1.5218},
{"Node_id":133295,"weight":1.6951},
{"Node_id":133296,"weight":1.9089},
{"Node_id":133299,"weight":2.1557},
{"Node_id":133300,"weight":3.0857},
{"Node_id":133301,"weight":2.5852},
{"Node_id":133302,"weight":4.7242},
{"Node_id":133303,"weight":1.956},
{"Node_id":133304,"weight":2.8535},
{"Node_id":133305,"weight":2.1972},
{"Node_id":133306,"weight":2.3609},
{"Node_id":133307,"weight":3.1347},
{"Node_id":133308,"weight":1.9981},
{"Node_id":133309,"weight":4.9264},
{"Node_id":133310,"weight":2.2979},
{"Node_id":133311,"weight":3.5217},
{"Node_id":133312,"weight":2.4909},
{"Node_id":133313,"weight":1.5191},
{"Node_id":133314,"weight":2.1302},
{"Node_id":133315,"weight":1.6967},
{"Node_id":133316,"weight":2.61},
{"Node_id":133317,"weight":2.1493},
{"Node_id":133318,"weight":2.2895},
{"Node_id":133319,"weight":3.1075},
{"Node_id":133320,"weight":1.5444},
{"Node_id":133321,"weight":1.5177},
{"Node_id":133322,"weight":1.4683},
{"Node_id":133325,"weight":1.587},
{"Node_id":133326,"weight":2.5714},
{"Node_id":133327,"weight":1.5527},
{"Node_id":133328,"weight":2.7894},
{"Node_id":133329,"weight":1.4147},
{"Node_id":133330,"weight":1.6739},
{"Node_id":133331,"weight":1.7906},
{"Node_id":133332,"weight":6.264},
{"Node_id":133333,"weight":2.4075},
{"Node_id":133338,"weight":6.2126},
{"Node_id":133339,"weight":3.0072},
{"Node_id":133340,"weight":3.8275},
{"Node_id":133341,"weight":3.5362},
{"Node_id":133342,"weight":1.9287},
{"Node_id":133343,"weight":2.5836},
{"Node_id":133344,"weight":2.0202},
{"Node_id":133345,"weight":1.9305},
{"Node_id":133346,"weight":1.4749},
{"Node_id":133347,"weight":2.2967},
{"Node_id":133348,"weight":2.9195},
{"Node_id":133440,"weight":2.3271},
{"Node_id":133441,"weight":1.7535},
{"Node_id":133451,"weight":3.0343},
{"Node_id":133455,"weight":2.2835},
{"Node_id":133456,"weight":6.9068},
{"Node_id":133457,"weight":1.8678},
{"Node_id":133461,"weight":2.7218},
{"Node_id":133462,"weight":1.8404},
{"Node_id":133463,"weight":1.3944},
{"Node_id":133464,"weight":2.2587},
{"Node_id":133465,"weight":1.7074},
{"Node_id":133466,"weight":3.776},
{"Node_id":133467,"weight":4.6363},
{"Node_id":133468,"weight":3.9936},
{"Node_id":133469,"weight":2.231},
{"Node_id":133470,"weight":1.7028},
{"Node_id":133471,"weight":1.9386},
{"Node_id":133472,"weight":1.7144},
{"Node_id":133473,"weight":1.6442},
{"Node_id":133478,"weight":1.4191},
{"Node_id":133479,"weight":1.6229},
{"Node_id":133480,"weight":1.7417},
{"Node_id":133481,"weight":3.6636},
{"Node_id":133482,"weight":1.6853},
{"Node_id":133483,"weight":2.2402},
{"Node_id":133484,"weight":5.4217},
{"Node_id":133506,"weight":2.3234},
{"Node_id":133525,"weight":5.3555},
{"Node_id":133526,"weight":2.441},
{"Node_id":133527,"weight":1.5506},
{"Node_id":133528,"weight":2.9874},
{"Node_id":133538,"weight":1.7971},
{"Node_id":133539,"weight":1.6442},
{"Node_id":133540,"weight":1.3869},
{"Node_id":133544,"weight":2.2253},
{"Node_id":133545,"weight":3.2619},
{"Node_id":133546,"weight":3.0252},
{"Node_id":133562,"weight":1.886},
{"Node_id":133563,"weight":2.0887},
{"Node_id":133570,"weight":1.6545},
{"Node_id":133571,"weight":1.9905},
{"Node_id":133572,"weight":2.1312},
{"Node_id":133585,"weight":1.6013},
{"Node_id":133586,"weight":2.2705},
{"Node_id":133587,"weight":2.3259},
{"Node_id":133588,"weight":1.5015},
{"Node_id":133589,"weight":1.6339},
{"Node_id":133590,"weight":4.4716},
{"Node_id":133591,"weight":2.0897},
{"Node_id":133592,"weight":2.1665},
{"Node_id":133593,"weight":2.5836},
{"Node_id":133594,"weight":1.9578},
{"Node_id":133595,"weight":3.7991},
{"Node_id":133596,"weight":2.3559},
{"Node_id":133597,"weight":2.3996},
{"Node_id":133598,"weight":1.4982},
{"Node_id":133599,"weight":1.6605},
{"Node_id":133600,"weight":1.9802},
{"Node_id":133601,"weight":2.2129},
{"Node_id":133602,"weight":2.9215},
{"Node_id":133603,"weight":2.5944},
{"Node_id":133606,"weight":2.9614},
{"Node_id":133607,"weight":2.1072},
{"Node_id":133611,"weight":1.8021},
{"Node_id":133675,"weight":2.9133},
{"Node_id":133676,"weight":1.5076},
{"Node_id":133677,"weight":2.3622},
{"Node_id":133678,"weight":2.9423},
{"Node_id":133679,"weight":2.9874},
{"Node_id":133680,"weight":2.0826},
{"Node_id":133681,"weight":1.726},
{"Node_id":133682,"weight":1.7433},
{"Node_id":133683,"weight":2.223},
{"Node_id":133684,"weight":2.7081},
{"Node_id":133685,"weight":2.936},
{"Node_id":133689,"weight":1.9905},
{"Node_id":133690,"weight":1.9018},
{"Node_id":133691,"weight":4.1711},
{"Node_id":133692,"weight":1.4683},
{"Node_id":133693,"weight":2.0695},
{"Node_id":133715,"weight":3.8085},
{"Node_id":133716,"weight":1.3894},
{"Node_id":133717,"weight":4.6053},
{"Node_id":133718,"weight":4.4896},
{"Node_id":133719,"weight":3.4591},
{"Node_id":133720,"weight":2.2859},
{"Node_id":133721,"weight":1.5076},
{"Node_id":133722,"weight":1.6085},
{"Node_id":133723,"weight":1.4134},
{"Node_id":133724,"weight":2.0555},
{"Node_id":133728,"weight":1.9615},
{"Node_id":133729,"weight":2.1397},
{"Node_id":133730,"weight":2.885},
{"Node_id":133731,"weight":2.3673},
{"Node_id":133732,"weight":1.9359},
{"Node_id":133735,"weight":1.812},
{"Node_id":133736,"weight":2.3471},
{"Node_id":133737,"weight":2.1525},
{"Node_id":133738,"weight":2.2979},
{"Node_id":133739,"weight":4.9264},
{"Node_id":133740,"weight":3.4591},
{"Node_id":133741,"weight":3.4865},
{"Node_id":133742,"weight":2.2716},
{"Node_id":133743,"weight":1.5878},
{"Node_id":133744,"weight":4.9126},
{"Node_id":133745,"weight":1.3951},
{"Node_id":133746,"weight":2.2599},
{"Node_id":133747,"weight":2.1983},
{"Node_id":133748,"weight":1.6694},
{"Node_id":133749,"weight":2.0836},
{"Node_id":133750,"weight":1.8532},
{"Node_id":133751,"weight":2.5564},
{"Node_id":133752,"weight":2.4089},
{"Node_id":133753,"weight":2.1514},
{"Node_id":133756,"weight":1.4565},
{"Node_id":133758,"weight":3.1247},
{"Node_id":133760,"weight":2.4221},
{"Node_id":133761,"weight":1.7639},
{"Node_id":133762,"weight":2.6962},
{"Node_id":133772,"weight":3.8666},
{"Node_id":133773,"weight":1.5471},
{"Node_id":133774,"weight":1.6898},
{"Node_id":133775,"weight":1.3951},
{"Node_id":133776,"weight":1.6449},
{"Node_id":133777,"weight":2.0705},
{"Node_id":133778,"weight":1.8575},
{"Node_id":133779,"weight":3.2178},
{"Node_id":133780,"weight":2.6337},
{"Node_id":133781,"weight":2.5489},
{"Node_id":133782,"weight":2.0635},
{"Node_id":133783,"weight":2.6194},
{"Node_id":133784,"weight":1.656},
{"Node_id":133785,"weight":2.1939},
{"Node_id":133786,"weight":1.5694},
{"Node_id":133787,"weight":1.7631},
{"Node_id":133788,"weight":1.4255},
{"Node_id":133789,"weight":3.9441},
{"Node_id":133790,"weight":1.4268},
{"Node_id":133791,"weight":1.4403},
{"Node_id":133792,"weight":2.7081},
{"Node_id":133793,"weight":1.6383},
{"Node_id":133794,"weight":1.4808},
{"Node_id":133795,"weight":1.7496},
{"Node_id":133798,"weight":2.7115},
{"Node_id":133801,"weight":2.0655},
{"Node_id":133802,"weight":1.6694},
{"Node_id":133803,"weight":1.5771},
{"Node_id":133804,"weight":1.86},
{"Node_id":133805,"weight":5.7732},
{"Node_id":133806,"weight":4.2402},
{"Node_id":133807,"weight":2.5594},
{"Node_id":133844,"weight":2.2196},
{"Node_id":133845,"weight":2.6178},
{"Node_id":133846,"weight":4.5951},
{"Node_id":133847,"weight":3.7898},
{"Node_id":133848,"weight":2.9678},
{"Node_id":133884,"weight":3.4934},
{"Node_id":133885,"weight":1.7315},
{"Node_id":133886,"weight":1.8103},
{"Node_id":133887,"weight":2.6695},
{"Node_id":133888,"weight":1.5673},
{"Node_id":133889,"weight":3.5732},
{"Node_id":133890,"weight":2.0338},
{"Node_id":133891,"weight":2.8652},
{"Node_id":133892,"weight":2.3395},
{"Node_id":133893,"weight":2.4574},
{"Node_id":133894,"weight":3.1099},
{"Node_id":133895,"weight":2.5944},
{"Node_id":133896,"weight":2.1557},
{"Node_id":133897,"weight":3.449},
{"Node_id":133898,"weight":3.7991},
{"Node_id":133899,"weight":1.8712},
{"Node_id":133900,"weight":5.3992},
{"Node_id":133901,"weight":1.8913},
{"Node_id":133904,"weight":2.0231},
{"Node_id":133905,"weight":1.9359},
{"Node_id":133906,"weight":1.4306},
{"Node_id":133907,"weight":3.3438},
{"Node_id":133908,"weight":3.1807},
{"Node_id":133909,"weight":1.467},
{"Node_id":133910,"weight":3.0095},
{"Node_id":133913,"weight":2.5224},
{"Node_id":133914,"weight":2.0645},
{"Node_id":133915,"weight":1.5513},
{"Node_id":133916,"weight":2.5745},
{"Node_id":133917,"weight":1.4756},
{"Node_id":133946,"weight":2.4451},
{"Node_id":133947,"weight":2.239},
{"Node_id":133948,"weight":2.879},
{"Node_id":133949,"weight":1.879},
{"Node_id":133950,"weight":3.8469},
{"Node_id":133951,"weight":1.9662},
{"Node_id":133952,"weight":1.5849},
{"Node_id":133955,"weight":2.401},
{"Node_id":133965,"weight":1.7159},
{"Node_id":133966,"weight":1.5062},
{"Node_id":133967,"weight":2.3609},
{"Node_id":133968,"weight":1.7752},
{"Node_id":133969,"weight":2.0115},
{"Node_id":133970,"weight":1.8087},
{"Node_id":133971,"weight":1.4396},
{"Node_id":133972,"weight":2.1862},
{"Node_id":133973,"weight":2.0846},
{"Node_id":133974,"weight":3.1148},
{"Node_id":133975,"weight":1.5252},
{"Node_id":133976,"weight":4.2546},
{"Node_id":133977,"weight":4.0514},
{"Node_id":133978,"weight":2.6482},
{"Node_id":133979,"weight":1.983},
{"Node_id":133980,"weight":1.712},
{"Node_id":133981,"weight":6.6441},
{"Node_id":134060,"weight":3.7898},
{"Node_id":134061,"weight":1.9736},
{"Node_id":134064,"weight":1.4941},
{"Node_id":134065,"weight":3.504},
{"Node_id":134066,"weight":1.5715},
{"Node_id":134067,"weight":3.3652},
{"Node_id":134068,"weight":2.6645},
{"Node_id":134069,"weight":4.0634},
{"Node_id":134070,"weight":3.2178},
{"Node_id":134071,"weight":2.3003},
{"Node_id":134072,"weight":2.6695},
{"Node_id":134073,"weight":4.3614},
{"Node_id":134074,"weight":6.1171},
{"Node_id":134075,"weight":2.3699},
{"Node_id":134076,"weight":3.7806},
{"Node_id":134077,"weight":2.2219},
{"Node_id":134078,"weight":3.6352},
{"Node_id":134079,"weight":1.6171},
{"Node_id":134080,"weight":3.9713},
{"Node_id":134081,"weight":1.983},
{"Node_id":134082,"weight":2.4866},
{"Node_id":134083,"weight":1.5603},
{"Node_id":134084,"weight":5.6232},
{"Node_id":134085,"weight":3.5075},
{"Node_id":134088,"weight":2.5283},
{"Node_id":134089,"weight":1.4435},
{"Node_id":134090,"weight":1.9708},
{"Node_id":134091,"weight":1.7385},
{"Node_id":134092,"weight":2.1546},
{"Node_id":134098,"weight":2.7081},
{"Node_id":134099,"weight":2.0545},
{"Node_id":134100,"weight":3.3591},
{"Node_id":134101,"weight":2.0318},
{"Node_id":134102,"weight":3.7624},
{"Node_id":134103,"weight":2.0918},
{"Node_id":134104,"weight":3.4624},
{"Node_id":134105,"weight":2.6353},
{"Node_id":134106,"weight":2.0755},
{"Node_id":134107,"weight":2.6353},
{"Node_id":134108,"weight":1.4795},
{"Node_id":134109,"weight":1.7599},
{"Node_id":134110,"weight":1.4306},
{"Node_id":134111,"weight":1.78},
{"Node_id":134112,"weight":2.0221},
{"Node_id":134113,"weight":1.4332},
{"Node_id":134114,"weight":2.8248},
{"Node_id":134115,"weight":3.2452},
{"Node_id":134119,"weight":2.0595},
{"Node_id":134120,"weight":3.1912},
{"Node_id":134123,"weight":1.6288},
{"Node_id":134124,"weight":1.5743},
{"Node_id":134125,"weight":3.9713},
{"Node_id":134156,"weight":1.5828},
{"Node_id":134157,"weight":2.0309},
{"Node_id":134158,"weight":1.4663},
{"Node_id":134159,"weight":1.7082},
{"Node_id":134160,"weight":1.4928},
{"Node_id":134163,"weight":2.9113},
{"Node_id":134164,"weight":1.5231},
{"Node_id":134165,"weight":2.8116},
{"Node_id":134166,"weight":1.5062},
{"Node_id":134167,"weight":2.7166},
{"Node_id":134168,"weight":2.3458},
{"Node_id":134169,"weight":2.5181},
{"Node_id":134170,"weight":2.7857},
{"Node_id":134171,"weight":1.6739},
{"Node_id":134172,"weight":2.2646},
{"Node_id":134173,"weight":4.9548},
{"Node_id":134174,"weight":3.4456},
{"Node_id":134175,"weight":1.7028},
{"Node_id":134176,"weight":2.0348},
{"Node_id":134177,"weight":2.5066},
{"Node_id":134178,"weight":1.68},
{"Node_id":134179,"weight":1.9802},
{"Node_id":134180,"weight":4.2331},
{"Node_id":134181,"weight":2.2106},
{"Node_id":134182,"weight":2.3699},
{"Node_id":134183,"weight":4.2619},
{"Node_id":134184,"weight":2.2017},
{"Node_id":134185,"weight":2.441},
{"Node_id":134186,"weight":1.602},
{"Node_id":134187,"weight":2.1939},
{"Node_id":134194,"weight":2.0625},
{"Node_id":134195,"weight":2.4712},
{"Node_id":134196,"weight":2.4698},
{"Node_id":134197,"weight":2.645},
{"Node_id":134198,"weight":2.0348},
{"Node_id":134202,"weight":1.6739},
{"Node_id":134203,"weight":2.0735},
{"Node_id":134204,"weight":1.5506},
{"Node_id":134205,"weight":3.0343},
{"Node_id":134206,"weight":2.5474},
{"Node_id":134207,"weight":1.5701},
{"Node_id":134208,"weight":2.0358},
{"Node_id":134209,"weight":3.9441},
{"Node_id":134210,"weight":2.5385},
{"Node_id":134211,"weight":1.866},
{"Node_id":134212,"weight":1.8506},
{"Node_id":134213,"weight":2.877},
{"Node_id":134214,"weight":1.5204},
{"Node_id":134293,"weight":1.7776},
{"Node_id":134294,"weight":2.8613},
{"Node_id":134295,"weight":1.5934},
{"Node_id":134320,"weight":2.6563},
{"Node_id":134321,"weight":1.8261},
{"Node_id":134400,"weight":1.8286},
{"Node_id":134401,"weight":2.1407},
{"Node_id":134402,"weight":2.4115},
{"Node_id":134403,"weight":2.5297},
{"Node_id":134404,"weight":1.7639},
{"Node_id":134436,"weight":1.3982},
{"Node_id":134437,"weight":2.5699},
{"Node_id":134438,"weight":1.7005},
{"Node_id":134495,"weight":3.005},
{"Node_id":134496,"weight":1.5035},
{"Node_id":134541,"weight":6.3182},
{"Node_id":134542,"weight":1.7512},
{"Node_id":134543,"weight":5.5957},
{"Node_id":134544,"weight":1.4749},
{"Node_id":134545,"weight":4.1846},
{"Node_id":134546,"weight":2.9571},
{"Node_id":134547,"weight":1.4507},
{"Node_id":134548,"weight":4.4988},
{"Node_id":134549,"weight":2.0715},
{"Node_id":134550,"weight":1.7528},
{"Node_id":134551,"weight":1.6747},
{"Node_id":134552,"weight":1.6295},
{"Node_id":134553,"weight":3.3871},
{"Node_id":134554,"weight":1.9551},
{"Node_id":134555,"weight":2.6006},
{"Node_id":134558,"weight":1.6936},
{"Node_id":134559,"weight":2.1103},
{"Node_id":134560,"weight":2.1376},
{"Node_id":134561,"weight":1.6405},
{"Node_id":134562,"weight":2.4671},
{"Node_id":134563,"weight":1.5423},
{"Node_id":134564,"weight":1.4624},
{"Node_id":134565,"weight":6.3182},
{"Node_id":134591,"weight":2.2529},
{"Node_id":134616,"weight":3.6352},
{"Node_id":134631,"weight":4.3297},
{"Node_id":134632,"weight":2.0585},
{"Node_id":134635,"weight":2.1643},
{"Node_id":134636,"weight":3.6115},
{"Node_id":134637,"weight":1.854},
{"Node_id":134638,"weight":2.7515},
{"Node_id":134639,"weight":1.8738},
{"Node_id":134640,"weight":2.0846},
{"Node_id":134643,"weight":2.1983},
{"Node_id":134644,"weight":1.5666},
{"Node_id":134645,"weight":3.9658},
{"Node_id":134646,"weight":1.886},
{"Node_id":134647,"weight":1.7955},
{"Node_id":134648,"weight":2.3173},
{"Node_id":134649,"weight":1.9441},
{"Node_id":134650,"weight":1.5279},
{"Node_id":134651,"weight":2.2017},
{"Node_id":134652,"weight":1.5204},
{"Node_id":134653,"weight":2.6596},
{"Node_id":134654,"weight":2.9939},
{"Node_id":134655,"weight":1.5764},
{"Node_id":134656,"weight":1.5123},
{"Node_id":134657,"weight":2.5729},
{"Node_id":134658,"weight":2.1578},
{"Node_id":134659,"weight":2.1407},
{"Node_id":134660,"weight":1.6353},
{"Node_id":134661,"weight":2.3892},
{"Node_id":134662,"weight":2.3039},
{"Node_id":134663,"weight":2.7046},
{"Node_id":134664,"weight":1.6164},
{"Node_id":134665,"weight":1.8295},
{"Node_id":134666,"weight":3.6273},
{"Node_id":134667,"weight":2.9195},
{"Node_id":134672,"weight":1.8566},
{"Node_id":134673,"weight":2.2483},
{"Node_id":134674,"weight":2.2174},
{"Node_id":134675,"weight":2.3533},
{"Node_id":134676,"weight":3.0028},
{"Node_id":134677,"weight":1.5471},
{"Node_id":134678,"weight":3.2017},
{"Node_id":134679,"weight":2.366},
{"Node_id":134680,"weight":2.9195},
{"Node_id":134681,"weight":2.6466},
{"Node_id":134682,"weight":3.416},
{"Node_id":134683,"weight":1.4236},
{"Node_id":134684,"weight":4.0455},
{"Node_id":134685,"weight":2.1687},
{"Node_id":134688,"weight":1.4968},
{"Node_id":134689,"weight":1.5631},
{"Node_id":134690,"weight":2.6482},
{"Node_id":134691,"weight":2.2811},
{"Node_id":134692,"weight":3.5884},
{"Node_id":134693,"weight":1.9746},
{"Node_id":134694,"weight":3.449},
{"Node_id":134695,"weight":1.9332},
{"Node_id":134696,"weight":2.223},
{"Node_id":134697,"weight":2.7931},
{"Node_id":134703,"weight":3.1651},
{"Node_id":134704,"weight":1.4928},
{"Node_id":134708,"weight":3.1124},
{"Node_id":134709,"weight":3.1002},
{"Node_id":134710,"weight":2.2028},
{"Node_id":134711,"weight":3.9124},
{"Node_id":134712,"weight":3.8372},
{"Node_id":134713,"weight":2.7694},
{"Node_id":134714,"weight":4.0574},
{"Node_id":134715,"weight":7.418},
{"Node_id":134718,"weight":2.4288},
{"Node_id":134719,"weight":4.0514},
{"Node_id":134720,"weight":1.5293},
{"Node_id":134721,"weight":1.5396},
{"Node_id":134724,"weight":1.7939},
{"Node_id":134725,"weight":2.4329},
{"Node_id":134740,"weight":1.4598},
{"Node_id":134741,"weight":2.4155},
{"Node_id":134744,"weight":8.1114},
{"Node_id":134745,"weight":1.6434},
{"Node_id":134748,"weight":2.0067},
{"Node_id":134749,"weight":2.0019},
{"Node_id":134750,"weight":3.6432},
{"Node_id":134751,"weight":2.1884},
{"Node_id":134752,"weight":2.2174},
{"Node_id":134753,"weight":2.0836},
{"Node_id":134754,"weight":2.0289},
{"Node_id":134755,"weight":2.6777},
{"Node_id":134756,"weight":2.9465},
{"Node_id":134777,"weight":1.7028},
{"Node_id":134778,"weight":1.7013},
{"Node_id":134779,"weight":2.4356},
{"Node_id":134780,"weight":1.6747},
{"Node_id":134781,"weight":1.4736},
{"Node_id":134782,"weight":2.1145},
{"Node_id":134783,"weight":1.5029},
{"Node_id":134784,"weight":1.5409},
{"Node_id":134785,"weight":1.8669},
{"Node_id":134786,"weight":3.8227},
{"Node_id":134787,"weight":1.7409},
{"Node_id":134788,"weight":2.6037},
{"Node_id":134789,"weight":2.7912},
{"Node_id":134790,"weight":1.9468},
{"Node_id":134791,"weight":4.9989},
{"Node_id":134792,"weight":1.4855},
{"Node_id":134793,"weight":1.843},
{"Node_id":134794,"weight":1.8773},
{"Node_id":134795,"weight":2.8633},
{"Node_id":134796,"weight":6.3182},
{"Node_id":134797,"weight":2.2196},
{"Node_id":134798,"weight":3.1002},
{"Node_id":134799,"weight":1.5306},
{"Node_id":134800,"weight":3.3591},
{"Node_id":134801,"weight":1.5347},
{"Node_id":134802,"weight":1.4468},
{"Node_id":134803,"weight":1.6649},
{"Node_id":134804,"weight":1.7599},
{"Node_id":134805,"weight":2.2425},
{"Node_id":134806,"weight":2.0615},
{"Node_id":134807,"weight":1.3875},
{"Node_id":134808,"weight":2.321},
{"Node_id":134809,"weight":4.4538},
{"Node_id":134810,"weight":1.4789},
{"Node_id":134811,"weight":1.4572},
{"Node_id":134812,"weight":2.6678},
{"Node_id":134813,"weight":6.5008},
{"Node_id":134814,"weight":5.4685},
{"Node_id":134815,"weight":1.7575},
{"Node_id":134816,"weight":1.9662},
{"Node_id":134817,"weight":1.532},
{"Node_id":134818,"weight":1.5002},
{"Node_id":134819,"weight":1.4578},
{"Node_id":134820,"weight":4.3858},
{"Node_id":134823,"weight":3.2876},
{"Node_id":134824,"weight":3.6885},
{"Node_id":134825,"weight":2.0058},
{"Node_id":134826,"weight":2.0397},
{"Node_id":134827,"weight":1.6523},
{"Node_id":134828,"weight":6.4362},
{"Node_id":134829,"weight":1.86},
{"Node_id":134830,"weight":1.6959},
{"Node_id":134831,"weight":2.1643},
{"Node_id":134832,"weight":1.5736},
{"Node_id":134950,"weight":1.6822},
{"Node_id":134951,"weight":1.9395},
{"Node_id":134952,"weight":1.5245},
{"Node_id":134953,"weight":3.6554},
{"Node_id":134954,"weight":3.3714},
{"Node_id":134957,"weight":1.4585},
{"Node_id":135012,"weight":1.6982},
{"Node_id":135013,"weight":2.1093},
{"Node_id":135014,"weight":2.2669},
{"Node_id":135015,"weight":2.521},
{"Node_id":135016,"weight":1.9839},
{"Node_id":135017,"weight":2.4248},
{"Node_id":135018,"weight":1.752},
{"Node_id":135019,"weight":2.576},
{"Node_id":135075,"weight":2.4383},
{"Node_id":135076,"weight":1.9934},
{"Node_id":135077,"weight":1.8913},
{"Node_id":135078,"weight":4.4108},
{"Node_id":135079,"weight":1.9597},
{"Node_id":135080,"weight":1.659},
{"Node_id":135087,"weight":1.9223},
{"Node_id":135088,"weight":2.0173},
{"Node_id":135089,"weight":3.9604},
{"Node_id":135197,"weight":2.7986},
{"Node_id":135198,"weight":2.579},
{"Node_id":135199,"weight":2.205},
{"Node_id":135200,"weight":3.504},
{"Node_id":135201,"weight":1.4624},
{"Node_id":135207,"weight":3.6554},
{"Node_id":135208,"weight":5.8753},
{"Node_id":135209,"weight":2.7046},
{"Node_id":135210,"weight":1.4422},
{"Node_id":135211,"weight":3.4899},
{"Node_id":135212,"weight":2.6995},
{"Node_id":135213,"weight":3.0833},
{"Node_id":135214,"weight":1.6501},
{"Node_id":135215,"weight":2.5609},
{"Node_id":135216,"weight":2.4049},
{"Node_id":135217,"weight":2.2276},
{"Node_id":135218,"weight":3.248},
{"Node_id":135219,"weight":2.1376},
{"Node_id":135220,"weight":1.5694},
{"Node_id":135221,"weight":1.901},
{"Node_id":135222,"weight":1.9792},
{"Node_id":135223,"weight":1.9487},
{"Node_id":135224,"weight":3.1026},
{"Node_id":135225,"weight":1.4172},
{"Node_id":135232,"weight":3.1807},
{"Node_id":135233,"weight":3.0762},
{"Node_id":135234,"weight":4.1383},
{"Node_id":135235,"weight":1.683},
{"Node_id":135236,"weight":2.4615},
{"Node_id":135237,"weight":1.719},
{"Node_id":135238,"weight":2.214},
{"Node_id":135239,"weight":1.7639},
{"Node_id":135240,"weight":1.4709},
{"Node_id":135241,"weight":2.0725},
{"Node_id":135242,"weight":1.517},
{"Node_id":135243,"weight":1.6747},
{"Node_id":135249,"weight":2.027},
{"Node_id":135250,"weight":3.714},
{"Node_id":135251,"weight":2.3112},
{"Node_id":135252,"weight":1.6605},
{"Node_id":135253,"weight":1.9886},
{"Node_id":135254,"weight":4.7832},
{"Node_id":135255,"weight":1.9377},
{"Node_id":135256,"weight":1.8128},
{"Node_id":135266,"weight":1.4115},
{"Node_id":135267,"weight":3.1938},
{"Node_id":135268,"weight":2.5415},
{"Node_id":135269,"weight":1.5548},
{"Node_id":135270,"weight":1.5807},
{"Node_id":135271,"weight":2.2356},
{"Node_id":135272,"weight":2.3136},
{"Node_id":135273,"weight":1.7607},
{"Node_id":135274,"weight":3.4356},
{"Node_id":135275,"weight":2.6728},
{"Node_id":135276,"weight":1.628},
{"Node_id":135277,"weight":1.5225},
{"Node_id":135299,"weight":3.4865},
{"Node_id":135300,"weight":4.226},
{"Node_id":135337,"weight":1.6875},
{"Node_id":135338,"weight":4.6793},
{"Node_id":135339,"weight":1.6792},
{"Node_id":135340,"weight":2.0775},
{"Node_id":135341,"weight":2.6777},
{"Node_id":135342,"weight":3.2619},
{"Node_id":135343,"weight":1.6288},
{"Node_id":135344,"weight":4.8458},
{"Node_id":135345,"weight":1.822},
{"Node_id":135346,"weight":2.6482},
{"Node_id":135347,"weight":4.9264},
{"Node_id":135348,"weight":1.4115},
{"Node_id":135349,"weight":5.11},
{"Node_id":135350,"weight":3.3777},
{"Node_id":135351,"weight":2.2413},
{"Node_id":135352,"weight":2.5195},
{"Node_id":135353,"weight":3.3347},
{"Node_id":135354,"weight":2.1557},
{"Node_id":135355,"weight":1.4921},
{"Node_id":135356,"weight":3.1447},
{"Node_id":135357,"weight":1.6657},
{"Node_id":135358,"weight":3.9604},
{"Node_id":135359,"weight":2.5254},
{"Node_id":135360,"weight":5.2159},
{"Node_id":135361,"weight":2.1546},
{"Node_id":135362,"weight":2.3124},
{"Node_id":135363,"weight":1.5143},
{"Node_id":135364,"weight":3.6718},
{"Node_id":135365,"weight":2.576},
{"Node_id":135366,"weight":2.3879},
{"Node_id":135367,"weight":3.3903},
{"Node_id":135370,"weight":2.2752},
{"Node_id":135371,"weight":2.342},
{"Node_id":135372,"weight":3.3529},
{"Node_id":135373,"weight":1.5423},
{"Node_id":135374,"weight":2.9593},
{"Node_id":135375,"weight":1.6754},
{"Node_id":135376,"weight":3.3621},
{"Node_id":135377,"weight":1.8396},
{"Node_id":135432,"weight":2.2775},
{"Node_id":135433,"weight":2.2859},
{"Node_id":135434,"weight":2.4574},
{"Node_id":135435,"weight":3.0006},
{"Node_id":135436,"weight":2.3149},
{"Node_id":135437,"weight":2.5181},
{"Node_id":135438,"weight":1.5327},
{"Node_id":135439,"weight":1.5143},
{"Node_id":135440,"weight":2.5729}]