[{"Node_id":6289,"weight":1.9214},
{"Node_id":6293,"weight":2.184},
{"Node_id":6294,"weight":3.483},
{"Node_id":6295,"weight":2.2799},
{"Node_id":6296,"weight":2.0505},
{"Node_id":6297,"weight":1.9802},
{"Node_id":6298,"weight":2.5051},
{"Node_id":6302,"weight":2.4994},
{"Node_id":6303,"weight":2.7218},
{"Node_id":6304,"weight":3.6636},
{"Node_id":6305,"weight":1.6493},
{"Node_id":6306,"weight":4.0396},
{"Node_id":6307,"weight":2.0367},
{"Node_id":6308,"weight":1.4319},
{"Node_id":6309,"weight":3.8918},
{"Node_id":6310,"weight":2.3699},
{"Node_id":6311,"weight":1.8825},
{"Node_id":6312,"weight":1.9924},
{"Node_id":6313,"weight":2.5459},
{"Node_id":6314,"weight":2.6645},
{"Node_id":6315,"weight":2.321},
{"Node_id":6316,"weight":1.6936},
{"Node_id":6317,"weight":4.1254},
{"Node_id":6320,"weight":2.1397},
{"Node_id":6321,"weight":2.4195},
{"Node_id":6322,"weight":1.4064},
{"Node_id":6323,"weight":1.8203},
{"Node_id":6324,"weight":4.1846},
{"Node_id":6331,"weight":2.7912},
{"Node_id":6336,"weight":2.9298},
{"Node_id":6337,"weight":3.7945},
{"Node_id":6341,"weight":1.5736},
{"Node_id":6342,"weight":1.9597},
{"Node_id":6343,"weight":1.9569},
{"Node_id":6344,"weight":1.4474},
{"Node_id":6345,"weight":1.9468},
{"Node_id":6346,"weight":2.0241},
{"Node_id":6367,"weight":1.4371},
{"Node_id":6368,"weight":2.4866},
{"Node_id":6369,"weight":1.7922},
{"Node_id":6370,"weight":1.5259},
{"Node_id":6371,"weight":3.2124},
{"Node_id":6372,"weight":2.5123},
{"Node_id":6373,"weight":1.832},
{"Node_id":6374,"weight":4.7357},
{"Node_id":6375,"weight":1.744},
{"Node_id":6376,"weight":1.748},
{"Node_id":6379,"weight":1.8643},
{"Node_id":6380,"weight":3.4127},
{"Node_id":6381,"weight":1.7036},
{"Node_id":6382,"weight":2.5852},
{"Node_id":6384,"weight":2.0846},
{"Node_id":6385,"weight":3.9713},
{"Node_id":6386,"weight":3.2963},
{"Node_id":6387,"weight":2.0212},
{"Node_id":6388,"weight":1.3976},
{"Node_id":6389,"weight":1.5513},
{"Node_id":6390,"weight":1.8203},
{"Node_id":6391,"weight":1.5492},
{"Node_id":6392,"weight":2.0456},
{"Node_id":6393,"weight":1.7036},
{"Node_id":6394,"weight":2.0595},
{"Node_id":6395,"weight":4.7954},
{"Node_id":6398,"weight":1.8421},
{"Node_id":6399,"weight":1.4624},
{"Node_id":6400,"weight":3.429},
{"Node_id":6401,"weight":2.764},
{"Node_id":6402,"weight":2.001},
{"Node_id":6403,"weight":1.6353},
{"Node_id":6404,"weight":1.4539},
{"Node_id":6405,"weight":4.219},
{"Node_id":6406,"weight":3.0667},
{"Node_id":6421,"weight":1.5638},
{"Node_id":6424,"weight":1.7583},
{"Node_id":6425,"weight":2.4102},
{"Node_id":6430,"weight":7.6004},
{"Node_id":6431,"weight":1.6034},
{"Node_id":6434,"weight":1.8421},
{"Node_id":6435,"weight":1.9532},
{"Node_id":6436,"weight":2.1928},
{"Node_id":6437,"weight":1.6493},
{"Node_id":6438,"weight":1.9395},
{"Node_id":6439,"weight":2.3983},
{"Node_id":6440,"weight":2.2634},
{"Node_id":6441,"weight":2.2253},
{"Node_id":6443,"weight":2.4369},
{"Node_id":6444,"weight":2.3271},
{"Node_id":6445,"weight":3.1026},
{"Node_id":6446,"weight":1.5764},
{"Node_id":6447,"weight":1.7097},
{"Node_id":6448,"weight":2.7115},
{"Node_id":6453,"weight":1.4261},
{"Node_id":6454,"weight":4.2766},
{"Node_id":6455,"weight":6.0725},
{"Node_id":6456,"weight":3.2397},
{"Node_id":6457,"weight":2.3763},
{"Node_id":6458,"weight":5.2159},
{"Node_id":6459,"weight":2.6006},
{"Node_id":6460,"weight":2.7857},
{"Node_id":6461,"weight":3.3714},
{"Node_id":6462,"weight":1.5666},
{"Node_id":6463,"weight":2.6612},
{"Node_id":6464,"weight":1.886},
{"Node_id":6465,"weight":1.866},
{"Node_id":6466,"weight":1.5327},
{"Node_id":6467,"weight":2.1218},
{"Node_id":6468,"weight":1.5123},
{"Node_id":6469,"weight":3.596},
{"Node_id":6470,"weight":1.7013},
{"Node_id":6472,"weight":2.887},
{"Node_id":6473,"weight":2.2287},
{"Node_id":6595,"weight":1.6875},
{"Node_id":6596,"weight":3.3227},
{"Node_id":6597,"weight":3.2733},
{"Node_id":7112,"weight":2.0887},
{"Node_id":7346,"weight":5.077},
{"Node_id":7347,"weight":1.4178},
{"Node_id":7348,"weight":4.1064},
{"Node_id":7349,"weight":2.0695},
{"Node_id":7351,"weight":2.2196},
{"Node_id":7353,"weight":2.0907},
{"Node_id":7354,"weight":2.9635},
{"Node_id":7355,"weight":3.9549},
{"Node_id":7356,"weight":1.4474},
{"Node_id":7357,"weight":1.7051},
{"Node_id":7358,"weight":2.3996},
{"Node_id":7359,"weight":1.7433},
{"Node_id":7360,"weight":2.1807},
{"Node_id":7361,"weight":2.3866},
{"Node_id":7362,"weight":1.3919},
{"Node_id":7363,"weight":2.0928},
{"Node_id":7368,"weight":2.0938},
{"Node_id":7369,"weight":1.9615},
{"Node_id":7370,"weight":2.0299},
{"Node_id":7371,"weight":2.3433},
{"Node_id":7373,"weight":2.5504},
{"Node_id":7375,"weight":2.5519},
{"Node_id":7376,"weight":1.8523},
{"Node_id":7377,"weight":2.3648},
{"Node_id":7381,"weight":1.4481},
{"Node_id":7382,"weight":1.4384},
{"Node_id":7383,"weight":5.2933},
{"Node_id":7384,"weight":1.4313},
{"Node_id":7385,"weight":3.3287},
{"Node_id":7386,"weight":1.9305},
{"Node_id":7387,"weight":4.8078},
{"Node_id":7388,"weight":2.5195},
{"Node_id":7389,"weight":1.3882},
{"Node_id":7390,"weight":3.2151},
{"Node_id":7391,"weight":2.3271},
{"Node_id":7393,"weight":4.6469},
{"Node_id":7394,"weight":2.2943},
{"Node_id":7395,"weight":3.4523},
{"Node_id":7396,"weight":1.4617},
{"Node_id":7398,"weight":3.0978},
{"Node_id":7399,"weight":1.6142},
{"Node_id":7400,"weight":1.3869},
{"Node_id":7401,"weight":3.0006},
{"Node_id":7402,"weight":2.8691},
{"Node_id":7403,"weight":1.7276},
{"Node_id":7404,"weight":1.3982},
{"Node_id":7406,"weight":2.0918},
{"Node_id":7411,"weight":2.7604},
{"Node_id":7412,"weight":1.7647},
{"Node_id":7413,"weight":3.4225},
{"Node_id":7414,"weight":3.1651},
{"Node_id":7415,"weight":2.6482},
{"Node_id":7416,"weight":1.6434},
{"Node_id":7417,"weight":2.6662},
{"Node_id":7419,"weight":1.8704},
{"Node_id":7420,"weight":1.4455},
{"Node_id":7421,"weight":1.452},
{"Node_id":7422,"weight":3.6677},
{"Node_id":7423,"weight":5.045},
{"Node_id":7424,"weight":2.401},
{"Node_id":7425,"weight":2.101},
{"Node_id":7426,"weight":1.515},
{"Node_id":7429,"weight":3.0644},
{"Node_id":7430,"weight":3.0366},
{"Node_id":7431,"weight":2.3039},
{"Node_id":7433,"weight":3.0184},
{"Node_id":7435,"weight":2.0038},
{"Node_id":7436,"weight":2.025},
{"Node_id":7448,"weight":3.9658},
{"Node_id":7449,"weight":2.5579},
{"Node_id":7450,"weight":2.0192},
{"Node_id":7453,"weight":2.8135},
{"Node_id":7454,"weight":2.8381},
{"Node_id":7455,"weight":2.889},
{"Node_id":7456,"weight":2.0338},
{"Node_id":7458,"weight":1.9323},
{"Node_id":7459,"weight":1.7237},
{"Node_id":7460,"weight":1.7599},
{"Node_id":7461,"weight":2.3015},
{"Node_id":7462,"weight":1.4881},
{"Node_id":7463,"weight":1.3988},
{"Node_id":7464,"weight":2.9786},
{"Node_id":7465,"weight":3.3652},
{"Node_id":7466,"weight":2.6337},
{"Node_id":7467,"weight":1.5485},
{"Node_id":7468,"weight":2.5297},
{"Node_id":7469,"weight":1.5327},
{"Node_id":7470,"weight":1.7663},
{"Node_id":7471,"weight":1.9423},
{"Node_id":7472,"weight":1.4422},
{"Node_id":7473,"weight":1.5885},
{"Node_id":7474,"weight":1.5729},
{"Node_id":7475,"weight":1.5306},
{"Node_id":7476,"weight":2.7409},
{"Node_id":7506,"weight":1.4052},
{"Node_id":7507,"weight":1.6324},
{"Node_id":7508,"weight":2.8711},
{"Node_id":7509,"weight":5.0933},
{"Node_id":7510,"weight":1.5659},
{"Node_id":7511,"weight":1.4782},
{"Node_id":7513,"weight":2.4796},
{"Node_id":7514,"weight":2.6337},
{"Node_id":7515,"weight":5.4927},
{"Node_id":7518,"weight":2.0928},
{"Node_id":7527,"weight":1.4862},
{"Node_id":7528,"weight":1.4435},
{"Node_id":7529,"weight":4.8458},
{"Node_id":7530,"weight":2.1622},
{"Node_id":7531,"weight":1.8253},
{"Node_id":7532,"weight":2.1928},
{"Node_id":7533,"weight":1.587},
{"Node_id":7534,"weight":1.656},
{"Node_id":7535,"weight":2.4684},
{"Node_id":7536,"weight":3.511},
{"Node_id":7537,"weight":1.5368},
{"Node_id":7538,"weight":1.6027},
{"Node_id":7540,"weight":1.8609},
{"Node_id":7545,"weight":2.6928},
{"Node_id":7546,"weight":3.3903},
{"Node_id":7547,"weight":2.2943},
{"Node_id":7551,"weight":2.1376},
{"Node_id":7552,"weight":2.6147},
{"Node_id":7553,"weight":2.0485},
{"Node_id":7555,"weight":2.97},
{"Node_id":7556,"weight":4.1513},
{"Node_id":7557,"weight":2.9031},
{"Node_id":7558,"weight":1.5197},
{"Node_id":7559,"weight":3.4356},
{"Node_id":7560,"weight":4.4538},
{"Node_id":7561,"weight":3.2507},
{"Node_id":7562,"weight":1.4775},
{"Node_id":7563,"weight":3.6595},
{"Node_id":7564,"weight":1.4769},
{"Node_id":7565,"weight":4.7832},
{"Node_id":7566,"weight":1.8354},
{"Node_id":7567,"weight":2.7857},
{"Node_id":7569,"weight":4.284},
{"Node_id":7570,"weight":1.8643},
{"Node_id":7571,"weight":2.1354},
{"Node_id":7572,"weight":1.8153},
{"Node_id":7575,"weight":2.5882},
{"Node_id":7576,"weight":2.1774},
{"Node_id":7577,"weight":4.0049},
{"Node_id":7578,"weight":2.9444},
{"Node_id":7579,"weight":2.6466},
{"Node_id":7580,"weight":2.1796},
{"Node_id":7581,"weight":3.3079},
{"Node_id":7582,"weight":3.562},
{"Node_id":7583,"weight":1.6164},
{"Node_id":7585,"weight":2.4994},
{"Node_id":7586,"weight":2.6022},
{"Node_id":7587,"weight":1.5603},
{"Node_id":7588,"weight":2.2716},
{"Node_id":7589,"weight":3.3287},
{"Node_id":7590,"weight":1.7543},
{"Node_id":7591,"weight":3.3468},
{"Node_id":7592,"weight":1.9098},
{"Node_id":7593,"weight":1.8078},
{"Node_id":7594,"weight":2.4519},
{"Node_id":7595,"weight":3.3138},
{"Node_id":7596,"weight":2.6434},
{"Node_id":7598,"weight":1.8379},
{"Node_id":7599,"weight":1.7711},
{"Node_id":7600,"weight":3.0072},
{"Node_id":7601,"weight":1.5485},
{"Node_id":7602,"weight":1.4585},
{"Node_id":7603,"weight":3.1222},
{"Node_id":7604,"weight":2.1752},
{"Node_id":7605,"weight":2.6321},
{"Node_id":7606,"weight":2.7183},
{"Node_id":7608,"weight":3.1026},
{"Node_id":7610,"weight":1.4868},
{"Node_id":7611,"weight":1.6785},
{"Node_id":7612,"weight":2.2576},
{"Node_id":7613,"weight":3.1625},
{"Node_id":7614,"weight":1.827},
{"Node_id":7615,"weight":2.3814},
{"Node_id":7616,"weight":2.6761},
{"Node_id":7617,"weight":1.7988},
{"Node_id":7619,"weight":2.4342},
{"Node_id":7620,"weight":1.4461},
{"Node_id":7621,"weight":3.4356},
{"Node_id":7638,"weight":2.3827},
{"Node_id":7639,"weight":2.1514},
{"Node_id":7640,"weight":1.421},
{"Node_id":7641,"weight":4.2546},
{"Node_id":7642,"weight":2.889},
{"Node_id":7643,"weight":2.6162},
{"Node_id":7646,"weight":4.508},
{"Node_id":7649,"weight":2.6401},
{"Node_id":7652,"weight":2.1197},
{"Node_id":7653,"weight":1.9161},
{"Node_id":7691,"weight":1.7105},
{"Node_id":7692,"weight":2.1239},
{"Node_id":7694,"weight":2.7115},
{"Node_id":7695,"weight":2.3597},
{"Node_id":7696,"weight":1.6383},
{"Node_id":7697,"weight":1.4624},
{"Node_id":7698,"weight":3.6392},
{"Node_id":7699,"weight":1.7338},
{"Node_id":7700,"weight":4.3776},
{"Node_id":7701,"weight":1.7089},
{"Node_id":7702,"weight":1.4789},
{"Node_id":7703,"weight":3.2591},
{"Node_id":7704,"weight":3.3871},
{"Node_id":7705,"weight":2.9277},
{"Node_id":7706,"weight":4.5653},
{"Node_id":7707,"weight":3.2178},
{"Node_id":7709,"weight":2.2073},
{"Node_id":7710,"weight":1.5779},
{"Node_id":7711,"weight":3.8085},
{"Node_id":7712,"weight":1.6186},
{"Node_id":7713,"weight":6.8113},
{"Node_id":7714,"weight":1.6179},
{"Node_id":7715,"weight":1.7377},
{"Node_id":7716,"weight":2.4588},
{"Node_id":7717,"weight":1.6478},
{"Node_id":7718,"weight":1.5231},
{"Node_id":7719,"weight":2.342},
{"Node_id":7720,"weight":1.4644},
{"Node_id":7721,"weight":2.0595},
{"Node_id":7722,"weight":2.2681},
{"Node_id":7729,"weight":3.3871},
{"Node_id":7730,"weight":1.5807},
{"Node_id":7731,"weight":2.7586},
{"Node_id":7732,"weight":2.885},
{"Node_id":7733,"weight":4.5653},
{"Node_id":7734,"weight":3.3683},
{"Node_id":7735,"weight":2.7374},
{"Node_id":7738,"weight":2.0485},
{"Node_id":7739,"weight":1.8261},
{"Node_id":7740,"weight":2.9593},
{"Node_id":7741,"weight":2.0565},
{"Node_id":7742,"weight":2.5123},
{"Node_id":7743,"weight":1.4121},
{"Node_id":7744,"weight":2.2061},
{"Node_id":7745,"weight":1.7136},
{"Node_id":7747,"weight":1.7182},
{"Node_id":7750,"weight":2.0605},
{"Node_id":7751,"weight":3.6233},
{"Node_id":7754,"weight":2.6242},
{"Node_id":7755,"weight":1.5771},
{"Node_id":7756,"weight":1.5402},
{"Node_id":7757,"weight":3.2591},
{"Node_id":7758,"weight":1.6754},
{"Node_id":7759,"weight":1.5238},
{"Node_id":7760,"weight":2.0096},
{"Node_id":7761,"weight":2.8381},
{"Node_id":7762,"weight":2.1155},
{"Node_id":7763,"weight":1.5687},
{"Node_id":7764,"weight":1.4014},
{"Node_id":7765,"weight":1.7417},
{"Node_id":7766,"weight":2.3699},
{"Node_id":7769,"weight":1.6078},
{"Node_id":7771,"weight":3.562},
{"Node_id":7772,"weight":2.8633},
{"Node_id":7778,"weight":3.5326},
{"Node_id":7779,"weight":4.0163},
{"Node_id":7780,"weight":3.226},
{"Node_id":7781,"weight":1.7051},
{"Node_id":7782,"weight":2.9113},
{"Node_id":7783,"weight":1.8913},
{"Node_id":7786,"weight":1.6085},
{"Node_id":7787,"weight":1.5999},
{"Node_id":7788,"weight":3.0738},
{"Node_id":7789,"weight":1.5878},
{"Node_id":7882,"weight":2.2907},
{"Node_id":7887,"weight":3.5398},
{"Node_id":7888,"weight":1.8379},
{"Node_id":7889,"weight":1.3907},
{"Node_id":7891,"weight":4.0049},
{"Node_id":7892,"weight":3.4969},
{"Node_id":7893,"weight":1.7841},
{"Node_id":7894,"weight":2.4966},
{"Node_id":7895,"weight":4.9126},
{"Node_id":7896,"weight":3.562},
{"Node_id":7897,"weight":4.9548},
{"Node_id":7898,"weight":4.7592},
{"Node_id":7899,"weight":2.1873},
{"Node_id":8014,"weight":2.4994},
{"Node_id":8015,"weight":5.4448},
{"Node_id":8016,"weight":1.7988},
{"Node_id":8017,"weight":1.6412},
{"Node_id":8018,"weight":1.4802},
{"Node_id":8019,"weight":1.4683},
{"Node_id":8020,"weight":4.0634},
{"Node_id":8021,"weight":2.895},
{"Node_id":8022,"weight":3.3347},
{"Node_id":8023,"weight":1.6508},
{"Node_id":8024,"weight":3.3777},
{"Node_id":8025,"weight":2.9072},
{"Node_id":8026,"weight":1.4178},
{"Node_id":8027,"weight":2.4881},
{"Node_id":8028,"weight":2.3788},
{"Node_id":8029,"weight":2.9614},
{"Node_id":8030,"weight":1.6664},
{"Node_id":8031,"weight":1.7963},
{"Node_id":8032,"weight":1.9143},
{"Node_id":8033,"weight":1.6523},
{"Node_id":8034,"weight":1.6538},
{"Node_id":8035,"weight":1.9036},
{"Node_id":8037,"weight":3.3999},
{"Node_id":8038,"weight":2.3584},
{"Node_id":8039,"weight":2.1785},
{"Node_id":8040,"weight":2.5224},
{"Node_id":8041,"weight":2.4601},
{"Node_id":8042,"weight":1.7074},
{"Node_id":8043,"weight":1.8834},
{"Node_id":8044,"weight":1.8921},
{"Node_id":8045,"weight":1.39},
{"Node_id":8046,"weight":2.2106},
{"Node_id":8047,"weight":1.9241},
{"Node_id":8048,"weight":1.6627},
{"Node_id":8049,"weight":3.0667},
{"Node_id":8050,"weight":2.0605},
{"Node_id":8051,"weight":2.2895},
{"Node_id":8052,"weight":1.43},
{"Node_id":8057,"weight":2.8305},
{"Node_id":8058,"weight":1.7825},
{"Node_id":8195,"weight":1.6186},
{"Node_id":8196,"weight":2.4754},
{"Node_id":8197,"weight":1.8756},
{"Node_id":8378,"weight":1.9532},
{"Node_id":8504,"weight":3.2071},
{"Node_id":8505,"weight":1.7988},
{"Node_id":8600,"weight":3.3529},
{"Node_id":8643,"weight":2.658},
{"Node_id":8658,"weight":2.5371},
{"Node_id":8659,"weight":5.9496},
{"Node_id":8686,"weight":1.5589},
{"Node_id":8687,"weight":2.7098},
{"Node_id":8803,"weight":1.7543},
{"Node_id":8804,"weight":1.9746},
{"Node_id":8877,"weight":1.4729},
{"Node_id":8899,"weight":2.4754},
{"Node_id":8900,"weight":2.4302},
{"Node_id":8940,"weight":1.7898},
{"Node_id":8941,"weight":1.7043},
{"Node_id":8942,"weight":1.6612},
{"Node_id":8943,"weight":1.8669},
{"Node_id":8944,"weight":1.6762},
{"Node_id":8945,"weight":2.2208},
{"Node_id":8946,"weight":3.0297},
{"Node_id":8947,"weight":2.4262},
{"Node_id":8948,"weight":2.4155},
{"Node_id":8949,"weight":3.2017},
{"Node_id":8950,"weight":2.4866},
{"Node_id":8951,"weight":2.9939},
{"Node_id":8952,"weight":4.4538},
{"Node_id":8953,"weight":2.1796},
{"Node_id":8954,"weight":1.8523},
{"Node_id":8955,"weight":2.0038},
{"Node_id":8956,"weight":1.9934},
{"Node_id":8957,"weight":1.5652},
{"Node_id":8958,"weight":1.6792},
{"Node_id":8959,"weight":1.561},
{"Node_id":8960,"weight":1.5892},
{"Node_id":8961,"weight":1.6006},
{"Node_id":8962,"weight":1.7377},
{"Node_id":8963,"weight":2.3321},
{"Node_id":8964,"weight":2.0202},
{"Node_id":8965,"weight":4.284},
{"Node_id":8966,"weight":3.4969},
{"Node_id":8967,"weight":1.5736},
{"Node_id":8968,"weight":1.7857},
{"Node_id":8969,"weight":2.3271},
{"Node_id":8970,"weight":1.873},
{"Node_id":8971,"weight":2.0685},
{"Node_id":8972,"weight":1.8506},
{"Node_id":8973,"weight":2.5609},
{"Node_id":8974,"weight":1.6034},
{"Node_id":8975,"weight":2.0358},
{"Node_id":8976,"weight":3.3808},
{"Node_id":8977,"weight":2.2599},
{"Node_id":8978,"weight":3.6801},
{"Node_id":8979,"weight":5.1441},
{"Node_id":8980,"weight":4.0396},
{"Node_id":8981,"weight":2.1611},
{"Node_id":8982,"weight":4.7832},
{"Node_id":8983,"weight":3.4258},
{"Node_id":8984,"weight":2.6662},
{"Node_id":8985,"weight":2.4208},
{"Node_id":8986,"weight":1.5687},
{"Node_id":8987,"weight":2.8191},
{"Node_id":8988,"weight":1.4935},
{"Node_id":8989,"weight":1.7362},
{"Node_id":8992,"weight":6.1637},
{"Node_id":8993,"weight":1.9359},
{"Node_id":8994,"weight":3.3287},
{"Node_id":8995,"weight":3.0458},
{"Node_id":8996,"weight":2.1165},
{"Node_id":8997,"weight":1.5022},
{"Node_id":8998,"weight":2.5066},
{"Node_id":9001,"weight":1.4281},
{"Node_id":9002,"weight":2.4089},
{"Node_id":9003,"weight":1.7615},
{"Node_id":9004,"weight":1.4995},
{"Node_id":9005,"weight":1.9597},
{"Node_id":9006,"weight":2.955},
{"Node_id":9009,"weight":2.4235},
{"Node_id":9010,"weight":1.6634},
{"Node_id":9056,"weight":1.6883},
{"Node_id":9079,"weight":3.2676},
{"Node_id":9081,"weight":2.1062},
{"Node_id":9082,"weight":1.5949},
{"Node_id":9083,"weight":2.0705},
{"Node_id":9084,"weight":5.1441},
{"Node_id":9085,"weight":1.9018},
{"Node_id":9086,"weight":1.5582},
{"Node_id":9087,"weight":1.9477},
{"Node_id":9088,"weight":3.4095},
{"Node_id":9089,"weight":1.798},
{"Node_id":9090,"weight":3.8132},
{"Node_id":9091,"weight":5.1794},
{"Node_id":9092,"weight":8.1114},
{"Node_id":9093,"weight":3.5732},
{"Node_id":9094,"weight":6.5699},
{"Node_id":9095,"weight":1.8506},
{"Node_id":9096,"weight":3.2098},
{"Node_id":9097,"weight":2.1665},
{"Node_id":9100,"weight":2.0959},
{"Node_id":9101,"weight":3.1099},
{"Node_id":9102,"weight":2.2907},
{"Node_id":9103,"weight":5.2734},
{"Node_id":9104,"weight":3.8372},
{"Node_id":9105,"weight":1.6649},
{"Node_id":9106,"weight":2.5775},
{"Node_id":9107,"weight":3.0929},
{"Node_id":9108,"weight":1.7036},
{"Node_id":9109,"weight":2.5297},
{"Node_id":9110,"weight":1.917},
{"Node_id":9111,"weight":1.5416},
{"Node_id":9112,"weight":2.5913},
{"Node_id":9113,"weight":2.2006},
{"Node_id":9114,"weight":2.2073},
{"Node_id":9115,"weight":1.7346},
{"Node_id":9116,"weight":1.7252},
{"Node_id":9117,"weight":2.2871},
{"Node_id":9118,"weight":2.375},
{"Node_id":9119,"weight":1.9487},
{"Node_id":9120,"weight":2.5684},
{"Node_id":9121,"weight":2.4221},
{"Node_id":9122,"weight":1.6523},
{"Node_id":9123,"weight":2.1031},
{"Node_id":9124,"weight":1.7607},
{"Node_id":9125,"weight":1.4045},
{"Node_id":9126,"weight":2.3321},
{"Node_id":9127,"weight":3.5146},
{"Node_id":9128,"weight":3.7991},
{"Node_id":9129,"weight":2.5534},
{"Node_id":9130,"weight":2.2028},
{"Node_id":9131,"weight":1.9896},
{"Node_id":9132,"weight":1.8843},
{"Node_id":9133,"weight":2.8381},
{"Node_id":9134,"weight":1.5076},
{"Node_id":9135,"weight":2.184},
{"Node_id":9136,"weight":2.0416},
{"Node_id":9137,"weight":3.7579},
{"Node_id":9138,"weight":1.9296},
{"Node_id":9139,"weight":2.1093},
{"Node_id":9140,"weight":2.7876},
{"Node_id":9141,"weight":2.2657},
{"Node_id":9142,"weight":3.1651},
{"Node_id":9143,"weight":4.0163},
{"Node_id":9144,"weight":2.0192},
{"Node_id":9145,"weight":2.6678},
{"Node_id":9146,"weight":2.4768},
{"Node_id":9147,"weight":1.5245},
{"Node_id":9148,"weight":4.7954},
{"Node_id":9149,"weight":1.9896},
{"Node_id":9150,"weight":2.3075},
{"Node_id":9151,"weight":2.5023},
{"Node_id":9152,"weight":1.421},
{"Node_id":9153,"weight":1.7151},
{"Node_id":9154,"weight":1.5575},
{"Node_id":9155,"weight":1.9634},
{"Node_id":9176,"weight":2.5312},
{"Node_id":9198,"weight":3.1651},
{"Node_id":9214,"weight":2.0231},
{"Node_id":9229,"weight":2.6945},
{"Node_id":9230,"weight":3.6843},
{"Node_id":9231,"weight":2.6037},
{"Node_id":9246,"weight":3.6233},
{"Node_id":9247,"weight":2.5341},
{"Node_id":9248,"weight":2.6482},
{"Node_id":9249,"weight":2.2095},
{"Node_id":9250,"weight":2.2634},
{"Node_id":9251,"weight":1.653},
{"Node_id":9252,"weight":1.397},
{"Node_id":9253,"weight":2.5166},
{"Node_id":9254,"weight":1.9468},
{"Node_id":9255,"weight":2.0338},
{"Node_id":9256,"weight":1.7528},
{"Node_id":9257,"weight":1.53},
{"Node_id":9332,"weight":1.8128},
{"Node_id":9333,"weight":2.9808},
{"Node_id":9334,"weight":4.2402},
{"Node_id":9335,"weight":1.935},
{"Node_id":9336,"weight":1.6792},
{"Node_id":9337,"weight":3.2591},
{"Node_id":9338,"weight":1.6538},
{"Node_id":9339,"weight":2.1568},
{"Node_id":9340,"weight":3.1781},
{"Node_id":9341,"weight":2.881},
{"Node_id":9342,"weight":1.4848},
{"Node_id":9343,"weight":1.5793},
{"Node_id":9344,"weight":3.1833},
{"Node_id":9345,"weight":2.7857},
{"Node_id":9346,"weight":1.659},
{"Node_id":9347,"weight":1.6754},
{"Node_id":9348,"weight":1.7575},
{"Node_id":9349,"weight":2.2955},
{"Node_id":9350,"weight":2.0202},
{"Node_id":9351,"weight":2.7235},
{"Node_id":9352,"weight":2.1796},
{"Node_id":9353,"weight":2.7339},
{"Node_id":9354,"weight":3.3967},
{"Node_id":9355,"weight":2.4208},
{"Node_id":9356,"weight":1.5652},
{"Node_id":9357,"weight":2.6945},
{"Node_id":9358,"weight":4.1064},
{"Node_id":9362,"weight":1.5259},
{"Node_id":9363,"weight":2.1312},
{"Node_id":9364,"weight":1.5002},
{"Node_id":9365,"weight":6.3182},
{"Node_id":9366,"weight":2.0745},
{"Node_id":9367,"weight":1.4822},
{"Node_id":9368,"weight":1.4848},
{"Node_id":9369,"weight":2.0436},
{"Node_id":9370,"weight":1.9905},
{"Node_id":9371,"weight":2.4852},
{"Node_id":9372,"weight":1.8643},
{"Node_id":9373,"weight":3.1651},
{"Node_id":9374,"weight":3.7357},
{"Node_id":9375,"weight":1.3932},
{"Node_id":9376,"weight":1.4975},
{"Node_id":9377,"weight":1.8037},
{"Node_id":9378,"weight":1.5963},
{"Node_id":9379,"weight":2.5224},
{"Node_id":9380,"weight":3.842},
{"Node_id":9381,"weight":2.1622},
{"Node_id":9382,"weight":1.8515},
{"Node_id":9383,"weight":5.8401},
{"Node_id":9384,"weight":1.6906},
{"Node_id":9385,"weight":1.7736},
{"Node_id":9386,"weight":1.9296},
{"Node_id":9387,"weight":2.7857},
{"Node_id":9388,"weight":2.3546},
{"Node_id":9389,"weight":3.776},
{"Node_id":9390,"weight":4.0694},
{"Node_id":9391,"weight":2.4671},
{"Node_id":9392,"weight":2.173},
{"Node_id":9393,"weight":1.752},
{"Node_id":9394,"weight":2.0038},
{"Node_id":9395,"weight":1.4371},
{"Node_id":9396,"weight":2.7081},
{"Node_id":9397,"weight":1.4835},
{"Node_id":9398,"weight":1.9962},
{"Node_id":9399,"weight":2.727},
{"Node_id":9400,"weight":2.2517},
{"Node_id":9401,"weight":2.3648},
{"Node_id":9402,"weight":3.596},
{"Node_id":9403,"weight":2.6257},
{"Node_id":9404,"weight":2.4275},
{"Node_id":9405,"weight":1.9277},
{"Node_id":9406,"weight":2.3866},
{"Node_id":9407,"weight":5.3992},
{"Node_id":9408,"weight":1.4624},
{"Node_id":9409,"weight":1.5485},
{"Node_id":9410,"weight":2.3395},
{"Node_id":9411,"weight":1.8895},
{"Node_id":9412,"weight":2.4588},
{"Node_id":9413,"weight":2.2799},
{"Node_id":9414,"weight":2.8652},
{"Node_id":9415,"weight":1.5062},
{"Node_id":9416,"weight":1.4881},
{"Node_id":9417,"weight":1.5842},
{"Node_id":9418,"weight":1.4921},
{"Node_id":9419,"weight":1.8078},
{"Node_id":9420,"weight":1.776},
{"Node_id":9421,"weight":3.305},
{"Node_id":9422,"weight":2.5959},
{"Node_id":9423,"weight":1.6974},
{"Node_id":9424,"weight":2.2196},
{"Node_id":9425,"weight":1.4848},
{"Node_id":9426,"weight":2.881},
{"Node_id":9427,"weight":1.7401},
{"Node_id":9428,"weight":2.3234},
{"Node_id":9429,"weight":1.6208},
{"Node_id":9430,"weight":2.6563},
{"Node_id":9431,"weight":1.6486},
{"Node_id":9432,"weight":1.9332},
{"Node_id":9433,"weight":1.8523},
{"Node_id":9434,"weight":2.8229},
{"Node_id":9435,"weight":2.5579},
{"Node_id":9457,"weight":2.0907},
{"Node_id":9458,"weight":6.0725},
{"Node_id":9459,"weight":2.8574},
{"Node_id":9460,"weight":1.4178},
{"Node_id":9461,"weight":1.5992},
{"Node_id":9462,"weight":2.1719},
{"Node_id":9463,"weight":1.5035},
{"Node_id":9464,"weight":1.3882},
{"Node_id":9465,"weight":2.2576},
{"Node_id":9466,"weight":3.3652},
{"Node_id":9467,"weight":2.5254},
{"Node_id":9468,"weight":1.7105},
{"Node_id":9469,"weight":4.8458},
{"Node_id":9470,"weight":2.2552},
{"Node_id":9471,"weight":1.3988},
{"Node_id":9472,"weight":1.4172},
{"Node_id":9473,"weight":1.6523},
{"Node_id":9474,"weight":1.7963},
{"Node_id":9475,"weight":4.1002},
{"Node_id":9476,"weight":2.5066},
{"Node_id":9477,"weight":2.5385},
{"Node_id":9478,"weight":2.877},
{"Node_id":9479,"weight":1.9523},
{"Node_id":9480,"weight":2.5714},
{"Node_id":9481,"weight":1.4565},
{"Node_id":9482,"weight":1.744},
{"Node_id":9483,"weight":1.6732},
{"Node_id":9484,"weight":1.798},
{"Node_id":9485,"weight":1.9305},
{"Node_id":9486,"weight":1.4229},
{"Node_id":9487,"weight":1.543},
{"Node_id":9488,"weight":4.1711},
{"Node_id":9489,"weight":2.6711},
{"Node_id":9490,"weight":2.205},
{"Node_id":9491,"weight":3.1347},
{"Node_id":9492,"weight":1.4815},
{"Node_id":9493,"weight":1.752},
{"Node_id":9494,"weight":3.0252},
{"Node_id":9495,"weight":1.6368},
{"Node_id":9496,"weight":2.9593},
{"Node_id":9497,"weight":3.1964},
{"Node_id":9498,"weight":2.0565},
{"Node_id":9499,"weight":1.9296},
{"Node_id":9500,"weight":1.8136},
{"Node_id":9501,"weight":2.2242},
{"Node_id":9502,"weight":2.3571},
{"Node_id":9503,"weight":3.8038},
{"Node_id":9504,"weight":2.0938},
{"Node_id":9505,"weight":2.0745},
{"Node_id":9506,"weight":2.5123},
{"Node_id":9507,"weight":1.5786},
{"Node_id":9508,"weight":1.726},
{"Node_id":9509,"weight":1.4663},
{"Node_id":9510,"weight":2.6563},
{"Node_id":9511,"weight":1.4147},
{"Node_id":9512,"weight":2.9011},
{"Node_id":9513,"weight":5.2347},
{"Node_id":9514,"weight":3.4095},
{"Node_id":9515,"weight":3.4225},
{"Node_id":9516,"weight":1.8557},
{"Node_id":9517,"weight":2.6498},
{"Node_id":9518,"weight":2.1134},
{"Node_id":9519,"weight":2.366},
{"Node_id":9520,"weight":1.9395},
{"Node_id":9521,"weight":3.1859},
{"Node_id":9522,"weight":2.2907},
{"Node_id":9523,"weight":1.8337},
{"Node_id":9524,"weight":1.5652},
{"Node_id":9525,"weight":2.543},
{"Node_id":9526,"weight":5.8061},
{"Node_id":9527,"weight":3.6969},
{"Node_id":9528,"weight":2.1774},
{"Node_id":9529,"weight":1.4795},
{"Node_id":9530,"weight":1.3944},
{"Node_id":9531,"weight":2.3222},
{"Node_id":9532,"weight":1.8012},
{"Node_id":9533,"weight":5.2933},
{"Node_id":9536,"weight":1.5652},
{"Node_id":9537,"weight":2.5944},
{"Node_id":9538,"weight":2.0856},
{"Node_id":9539,"weight":1.5029},
{"Node_id":9540,"weight":2.8751},
{"Node_id":9541,"weight":1.5361},
{"Node_id":9542,"weight":3.2342},
{"Node_id":9543,"weight":1.9432},
{"Node_id":9544,"weight":1.639},
{"Node_id":9545,"weight":2.0436},
{"Node_id":9548,"weight":5.7105},
{"Node_id":9585,"weight":1.8834},
{"Node_id":9586,"weight":1.6657},
{"Node_id":9587,"weight":2.0918},
{"Node_id":9588,"weight":4.8588},
{"Node_id":9589,"weight":2.9257},
{"Node_id":9590,"weight":3.4323},
{"Node_id":9600,"weight":1.8756},
{"Node_id":9656,"weight":4.1982},
{"Node_id":9657,"weight":3.6392},
{"Node_id":9658,"weight":1.9727},
{"Node_id":9659,"weight":5.7414},
{"Node_id":9660,"weight":3.0929},
{"Node_id":9661,"weight":2.3609},
{"Node_id":9662,"weight":1.7113},
{"Node_id":9663,"weight":1.4268},
{"Node_id":9666,"weight":2.9896},
{"Node_id":9667,"weight":2.0938},
{"Node_id":9668,"weight":3.6718},
{"Node_id":9669,"weight":2.1124},
{"Node_id":9670,"weight":2.5519},
{"Node_id":9671,"weight":2.3445},
{"Node_id":9672,"weight":1.5527},
{"Node_id":9673,"weight":1.752},
{"Node_id":9674,"weight":2.7658},
{"Node_id":9675,"weight":1.9241},
{"Node_id":9676,"weight":1.8506},
{"Node_id":9677,"weight":2.4951},
{"Node_id":9678,"weight":3.3168},
{"Node_id":9679,"weight":1.9368},
{"Node_id":9680,"weight":2.2599},
{"Node_id":9681,"weight":1.8532},
{"Node_id":9682,"weight":2.2379},
{"Node_id":9683,"weight":1.8379},
{"Node_id":9684,"weight":3.6718},
{"Node_id":9685,"weight":1.6317},
{"Node_id":9686,"weight":3.7624},
{"Node_id":9687,"weight":1.5617},
{"Node_id":9688,"weight":1.8566},
{"Node_id":9689,"weight":1.8575},
{"Node_id":9690,"weight":1.6013},
{"Node_id":9694,"weight":2.508},
{"Node_id":9695,"weight":1.4198},
{"Node_id":9696,"weight":2.4478},
{"Node_id":9697,"weight":1.4474},
{"Node_id":9698,"weight":3.0229},
{"Node_id":9699,"weight":2.0377},
{"Node_id":9700,"weight":1.5218},
{"Node_id":9933,"weight":4.833},
{"Node_id":9934,"weight":1.5485},
{"Node_id":9935,"weight":2.3063},
{"Node_id":9936,"weight":1.8957},
{"Node_id":9939,"weight":4.1914},
{"Node_id":9940,"weight":4.3534},
{"Node_id":9941,"weight":1.6302},
{"Node_id":9942,"weight":1.8738},
{"Node_id":9943,"weight":1.5245},
{"Node_id":9944,"weight":5.0294},
{"Node_id":9945,"weight":1.5807},
{"Node_id":9946,"weight":3.8716},
{"Node_id":9947,"weight":2.2907},
{"Node_id":9948,"weight":2.6612},
{"Node_id":9949,"weight":2.2061},
{"Node_id":9950,"weight":1.5218},
{"Node_id":9951,"weight":2.2017},
{"Node_id":9952,"weight":5.3771},
{"Node_id":9953,"weight":2.3918},
{"Node_id":9954,"weight":1.5327},
{"Node_id":9955,"weight":1.5527},
{"Node_id":9956,"weight":2.2448},
{"Node_id":10100,"weight":5.2347},
{"Node_id":10101,"weight":1.9606},
{"Node_id":10102,"weight":1.7719},
{"Node_id":10103,"weight":1.4474},
{"Node_id":10104,"weight":2.4768},
{"Node_id":10115,"weight":1.7417},
{"Node_id":10116,"weight":2.9808},
{"Node_id":10119,"weight":1.4128},
{"Node_id":10120,"weight":1.5992},
{"Node_id":10121,"weight":1.6762},
{"Node_id":10122,"weight":2.0212},
{"Node_id":10123,"weight":3.0389},
{"Node_id":10124,"weight":3.3377},
{"Node_id":10169,"weight":2.6337},
{"Node_id":10170,"weight":1.7448},
{"Node_id":10171,"weight":1.6331},
{"Node_id":10172,"weight":2.0397},
{"Node_id":10173,"weight":1.7464},
{"Node_id":10174,"weight":1.9802},
{"Node_id":10175,"weight":2.027},
{"Node_id":10176,"weight":1.5828},
{"Node_id":10177,"weight":3.0504},
{"Node_id":10178,"weight":1.4281},
{"Node_id":10179,"weight":2.1557},
{"Node_id":10180,"weight":1.7881},
{"Node_id":10189,"weight":2.645},
{"Node_id":10190,"weight":1.575},
{"Node_id":10236,"weight":4.212},
{"Node_id":10237,"weight":3.5326},
{"Node_id":10238,"weight":3.248},
{"Node_id":10239,"weight":1.4526},
{"Node_id":10279,"weight":2.9917},
{"Node_id":10280,"weight":1.5779},
{"Node_id":10281,"weight":2.1503},
{"Node_id":10282,"weight":1.465},
{"Node_id":10283,"weight":1.9811},
{"Node_id":10284,"weight":1.4526},
{"Node_id":10285,"weight":1.5771},
{"Node_id":10286,"weight":1.8062},
{"Node_id":10287,"weight":2.0125},
{"Node_id":10288,"weight":5.7414},
{"Node_id":10289,"weight":4.1318},
{"Node_id":10290,"weight":2.5371},
{"Node_id":10291,"weight":2.1323},
{"Node_id":10292,"weight":1.4223},
{"Node_id":10293,"weight":4.3858},
{"Node_id":10294,"weight":4.4364},
{"Node_id":10295,"weight":1.4064},
{"Node_id":10296,"weight":1.4533},
{"Node_id":10297,"weight":1.513},
{"Node_id":10298,"weight":1.7036},
{"Node_id":10299,"weight":2.1218},
{"Node_id":10300,"weight":4.4451},
{"Node_id":10301,"weight":1.6538},
{"Node_id":10302,"weight":2.2185},
{"Node_id":10303,"weight":1.7535},
{"Node_id":10304,"weight":2.102},
{"Node_id":10305,"weight":1.397},
{"Node_id":10306,"weight":2.0685},
{"Node_id":10307,"weight":1.8851},
{"Node_id":10308,"weight":1.8379},
{"Node_id":10309,"weight":5.6515},
{"Node_id":10310,"weight":1.8992},
{"Node_id":10311,"weight":1.7939},
{"Node_id":10312,"weight":2.0125},
{"Node_id":10313,"weight":2.5594},
{"Node_id":10314,"weight":1.7244},
{"Node_id":10315,"weight":3.6969},
{"Node_id":10316,"weight":3.1703},
{"Node_id":10317,"weight":1.5184},
{"Node_id":10318,"weight":1.3869},
{"Node_id":10319,"weight":2.1829},
{"Node_id":10320,"weight":2.2196},
{"Node_id":10321,"weight":1.9597},
{"Node_id":10322,"weight":2.8477},
{"Node_id":10323,"weight":1.6694},
{"Node_id":10324,"weight":3.577},
{"Node_id":10325,"weight":2.889},
{"Node_id":10326,"weight":2.885},
{"Node_id":10327,"weight":1.5259},
{"Node_id":10328,"weight":3.8567},
{"Node_id":10329,"weight":3.3079},
{"Node_id":10330,"weight":1.8354},
{"Node_id":10331,"weight":1.7736},
{"Node_id":10332,"weight":3.714},
{"Node_id":10333,"weight":1.8371},
{"Node_id":10334,"weight":2.9808},
{"Node_id":10335,"weight":2.9614},
{"Node_id":10336,"weight":3.4934},
{"Node_id":10337,"weight":1.3882},
{"Node_id":10338,"weight":1.7623},
{"Node_id":10339,"weight":2.3711},
{"Node_id":10340,"weight":1.4313},
{"Node_id":10341,"weight":1.5527},
{"Node_id":10342,"weight":2.2599},
{"Node_id":10343,"weight":2.0029},
{"Node_id":10344,"weight":2.6596},
{"Node_id":10345,"weight":1.9359},
{"Node_id":10346,"weight":2.9381},
{"Node_id":10347,"weight":2.9174},
{"Node_id":10348,"weight":1.6171},
{"Node_id":10349,"weight":1.8103},
{"Node_id":10350,"weight":1.5334},
{"Node_id":10351,"weight":2.887},
{"Node_id":10352,"weight":1.8186},
{"Node_id":10353,"weight":1.9542},
{"Node_id":10364,"weight":1.6785},
{"Node_id":10365,"weight":3.0006},
{"Node_id":10366,"weight":2.1785},
{"Node_id":10367,"weight":3.0786},
{"Node_id":10368,"weight":3.8275},
{"Node_id":10369,"weight":1.7881},
{"Node_id":10370,"weight":3.055},
{"Node_id":10371,"weight":1.9662},
{"Node_id":10372,"weight":2.4671},
{"Node_id":10373,"weight":3.2905},
{"Node_id":10374,"weight":1.901},
{"Node_id":10375,"weight":1.9802},
{"Node_id":10376,"weight":1.9802},
{"Node_id":10377,"weight":7.8236},
{"Node_id":10381,"weight":1.6913},
{"Node_id":10382,"weight":2.645},
{"Node_id":10383,"weight":4.0163},
{"Node_id":10384,"weight":1.4915},
{"Node_id":10385,"weight":1.5347},
{"Node_id":10386,"weight":2.6531},
{"Node_id":10387,"weight":2.2611},
{"Node_id":10466,"weight":4.3454},
{"Node_id":10467,"weight":2.8248},
{"Node_id":10470,"weight":2.4994},
{"Node_id":10471,"weight":1.748},
{"Node_id":10472,"weight":1.4855},
{"Node_id":10473,"weight":2.764},
{"Node_id":10474,"weight":1.8721},
{"Node_id":10475,"weight":2.4492},
{"Node_id":10476,"weight":1.8904},
{"Node_id":10477,"weight":1.9783},
{"Node_id":10478,"weight":1.6508},
{"Node_id":10479,"weight":2.1302},
{"Node_id":10480,"weight":2.4356},
{"Node_id":10481,"weight":2.0897},
{"Node_id":10482,"weight":3.1322},
{"Node_id":10483,"weight":1.956},
{"Node_id":10484,"weight":4.5362},
{"Node_id":10485,"weight":2.8574},
{"Node_id":10488,"weight":4.6053},
{"Node_id":10489,"weight":2.7839},
{"Node_id":10490,"weight":1.5177},
{"Node_id":10491,"weight":1.414},
{"Node_id":10492,"weight":1.7496},
{"Node_id":10493,"weight":2.0318},
{"Node_id":10494,"weight":3.2424},
{"Node_id":10495,"weight":1.8756},
{"Node_id":10559,"weight":2.5371},
{"Node_id":10560,"weight":1.414},
{"Node_id":10561,"weight":2.4643},
{"Node_id":10590,"weight":1.8128},
{"Node_id":10591,"weight":1.4461},
{"Node_id":10592,"weight":2.0446},
{"Node_id":10593,"weight":2.5821},
{"Node_id":10594,"weight":3.4761},
{"Node_id":10595,"weight":1.5062},
{"Node_id":10596,"weight":2.0989},
{"Node_id":10597,"weight":2.3788},
{"Node_id":10598,"weight":1.5485},
{"Node_id":10599,"weight":4.4108},
{"Node_id":10602,"weight":1.4384},
{"Node_id":10603,"weight":2.7551},
{"Node_id":10604,"weight":1.7409},
{"Node_id":10605,"weight":2.1333},
{"Node_id":10606,"weight":1.9634},
{"Node_id":10607,"weight":1.8111},
{"Node_id":10608,"weight":2.7604},
{"Node_id":10609,"weight":1.5779},
{"Node_id":10610,"weight":4.1383},
{"Node_id":10611,"weight":1.4565},
{"Node_id":10612,"weight":3.6233},
{"Node_id":10613,"weight":1.7599},
{"Node_id":10614,"weight":2.5806},
{"Node_id":10615,"weight":1.4096},
{"Node_id":10616,"weight":3.9072},
{"Node_id":10617,"weight":1.8211},
{"Node_id":10618,"weight":2.5312},
{"Node_id":10619,"weight":1.8037},
{"Node_id":10620,"weight":2.9657},
{"Node_id":10621,"weight":2.6514},
{"Node_id":10622,"weight":1.4229},
{"Node_id":10623,"weight":2.7132},
{"Node_id":10624,"weight":1.8404},
{"Node_id":10625,"weight":1.9332},
{"Node_id":10626,"weight":2.5867},
{"Node_id":10627,"weight":1.6694},
{"Node_id":10628,"weight":4.119},
{"Node_id":10629,"weight":2.4937},
{"Node_id":10630,"weight":3.9992},
{"Node_id":10631,"weight":1.9268},
{"Node_id":10632,"weight":1.4351},
{"Node_id":10633,"weight":1.5361},
{"Node_id":10634,"weight":1.6501},
{"Node_id":10635,"weight":1.9001},
{"Node_id":10650,"weight":0.1294},
{"Node_id":10651,"weight":1.2721},
{"Node_id":10652,"weight":3.2676},
{"Node_id":10653,"weight":0.036},
{"Node_id":10654,"weight":2.8691},
{"Node_id":10659,"weight":2.7046},
{"Node_id":10660,"weight":0.5266},
{"Node_id":10661,"weight":0.49},
{"Node_id":10662,"weight":1.62},
{"Node_id":10663,"weight":2.1763},
{"Node_id":10664,"weight":0.6955},
{"Node_id":10665,"weight":2.5166},
{"Node_id":10666,"weight":5.4448},
{"Node_id":10667,"weight":1.9072},
{"Node_id":10668,"weight":0.6239},
{"Node_id":10669,"weight":0.9529},
{"Node_id":10670,"weight":1.0716},
{"Node_id":10671,"weight":0.944},
{"Node_id":10672,"weight":1.9569},
{"Node_id":10673,"weight":1.6822},
{"Node_id":10674,"weight":0.8274},
{"Node_id":10679,"weight":1.2856},
{"Node_id":10680,"weight":2.0755},
{"Node_id":10681,"weight":0.1519},
{"Node_id":10693,"weight":0.388},
{"Node_id":10694,"weight":1.2448},
{"Node_id":10698,"weight":0.7598},
{"Node_id":10700,"weight":2.498},
{"Node_id":10701,"weight":1.827},
{"Node_id":10724,"weight":4.0878},
{"Node_id":10725,"weight":1.8245},
{"Node_id":10726,"weight":2.173},
{"Node_id":10727,"weight":2.1741},
{"Node_id":10728,"weight":0.6803},
{"Node_id":10729,"weight":3.2876},
{"Node_id":10730,"weight":0.7755},
{"Node_id":10731,"weight":3.7011},
{"Node_id":10732,"weight":0.7829},
{"Node_id":10736,"weight":1.4435},
{"Node_id":10737,"weight":4.8588},
{"Node_id":10739,"weight":2.5459},
{"Node_id":10740,"weight":0.2258},
{"Node_id":10741,"weight":1.7089},
{"Node_id":10742,"weight":2.9153},
{"Node_id":10743,"weight":0.2302},
{"Node_id":10744,"weight":3.429},
{"Node_id":10747,"weight":0.3437},
{"Node_id":10748,"weight":0.2294},
{"Node_id":10751,"weight":0.9579},
{"Node_id":10754,"weight":0.3602},
{"Node_id":10755,"weight":3.6233},
{"Node_id":10756,"weight":1.6128},
{"Node_id":10757,"weight":2.1763},
{"Node_id":10758,"weight":4.8988},
{"Node_id":10759,"weight":1.7535},
{"Node_id":10760,"weight":0.6678},
{"Node_id":10761,"weight":1.0465},
{"Node_id":10762,"weight":0.8231},
{"Node_id":10781,"weight":1.4191},
{"Node_id":10782,"weight":1.1859},
{"Node_id":10787,"weight":1.6258},
{"Node_id":10788,"weight":0.3174},
{"Node_id":10791,"weight":0.9203},
{"Node_id":10792,"weight":0.9346},
{"Node_id":10793,"weight":2.5195},
{"Node_id":10794,"weight":1.0997},
{"Node_id":10795,"weight":1.08},
{"Node_id":10796,"weight":0.3293},
{"Node_id":10797,"weight":0.2055},
{"Node_id":10800,"weight":1.1698},
{"Node_id":10801,"weight":0.3756},
{"Node_id":10802,"weight":1.969},
{"Node_id":10803,"weight":0.5849},
{"Node_id":10804,"weight":0.216},
{"Node_id":10805,"weight":0.0532},
{"Node_id":10810,"weight":3.818},
{"Node_id":10811,"weight":0.2408},
{"Node_id":10812,"weight":3.7401},
{"Node_id":10813,"weight":0.9982},
{"Node_id":10814,"weight":0.4608},
{"Node_id":10815,"weight":0.2884},
{"Node_id":10816,"weight":1.5437},
{"Node_id":10817,"weight":1.1914},
{"Node_id":10818,"weight":0.7332},
{"Node_id":10819,"weight":0.9714},
{"Node_id":10820,"weight":0.9115},
{"Node_id":10821,"weight":0.4768},
{"Node_id":10822,"weight":0.2745},
{"Node_id":10823,"weight":0.9095},
{"Node_id":10824,"weight":0.1141},
{"Node_id":10825,"weight":0.1491},
{"Node_id":10826,"weight":0.4879},
{"Node_id":10829,"weight":0.1322},
{"Node_id":10830,"weight":0.5155},
{"Node_id":10951,"weight":0.6879},
{"Node_id":10952,"weight":1.8379},
{"Node_id":10953,"weight":1.2396},
{"Node_id":11727,"weight":0.9041},
{"Node_id":11728,"weight":1.3462},
{"Node_id":11729,"weight":0.4297},
{"Node_id":11731,"weight":1.8904},
{"Node_id":11733,"weight":0.7745},
{"Node_id":11734,"weight":1.2145},
{"Node_id":11735,"weight":0.9494},
{"Node_id":11736,"weight":1.39},
{"Node_id":11737,"weight":2.9896},
{"Node_id":11738,"weight":0.2282},
{"Node_id":11739,"weight":4.3694},
{"Node_id":11740,"weight":1.8878},
{"Node_id":11741,"weight":1.033},
{"Node_id":11742,"weight":2.1333},
{"Node_id":11743,"weight":0.6682},
{"Node_id":11744,"weight":0.2896},
{"Node_id":11749,"weight":0.7773},
{"Node_id":11750,"weight":1.8203},
{"Node_id":11751,"weight":3.5326},
{"Node_id":11752,"weight":1.3081},
{"Node_id":11756,"weight":0.4084},
{"Node_id":11757,"weight":0.1378},
{"Node_id":11758,"weight":1.2202},
{"Node_id":11759,"weight":2.4356},
{"Node_id":11763,"weight":1.2727},
{"Node_id":11764,"weight":0.9997},
{"Node_id":11765,"weight":0.8217},
{"Node_id":11766,"weight":1.139},
{"Node_id":11767,"weight":1.6837},
{"Node_id":11768,"weight":0.2152},
{"Node_id":11769,"weight":2.3039},
{"Node_id":11770,"weight":1.2791},
{"Node_id":11771,"weight":0.1197},
{"Node_id":11772,"weight":0.1987},
{"Node_id":11775,"weight":5.4927},
{"Node_id":11776,"weight":2.7586},
{"Node_id":11777,"weight":0.1463},
{"Node_id":11780,"weight":3.429},
{"Node_id":11781,"weight":1.1521},
{"Node_id":11782,"weight":2.3075},
{"Node_id":11783,"weight":2.6547},
{"Node_id":11784,"weight":3.0809},
{"Node_id":11785,"weight":1.4102},
{"Node_id":11788,"weight":0.7727},
{"Node_id":11793,"weight":2.7409},
{"Node_id":11794,"weight":2.4329},
{"Node_id":11795,"weight":3.6677},
{"Node_id":11796,"weight":1.7535},
{"Node_id":11797,"weight":0.9198},
{"Node_id":11798,"weight":0.6843},
{"Node_id":11799,"weight":1.3376},
{"Node_id":11802,"weight":0.4726},
{"Node_id":11803,"weight":1.2208},
{"Node_id":11804,"weight":1.901},
{"Node_id":11809,"weight":0.4604},
{"Node_id":11810,"weight":0.7713},
{"Node_id":11811,"weight":0.3789},
{"Node_id":11812,"weight":0.9494},
{"Node_id":11813,"weight":1.2236},
{"Node_id":11814,"weight":2.5836},
{"Node_id":11817,"weight":1.5561},
{"Node_id":11820,"weight":0.3417},
{"Node_id":11821,"weight":0.7662},
{"Node_id":11822,"weight":0.4938},
{"Node_id":11823,"weight":1.8236},
{"Node_id":11861,"weight":1.9615},
{"Node_id":11862,"weight":1.0906},
{"Node_id":11863,"weight":0.4583},
{"Node_id":11864,"weight":0.8731},
{"Node_id":11865,"weight":0.6745},
{"Node_id":11868,"weight":1.1703},
{"Node_id":11871,"weight":0.7487},
{"Node_id":11874,"weight":1.3004},
{"Node_id":11875,"weight":5.5957},
{"Node_id":11876,"weight":0.2039},
{"Node_id":11877,"weight":0.054},
{"Node_id":11878,"weight":0.4515},
{"Node_id":11879,"weight":1.7504},
{"Node_id":11880,"weight":1.6501},
{"Node_id":11881,"weight":1.268},
{"Node_id":11882,"weight":0.8487},
{"Node_id":11883,"weight":0.5147},
{"Node_id":11884,"weight":0.5555},
{"Node_id":11885,"weight":0.795},
{"Node_id":11886,"weight":0.9479},
{"Node_id":11889,"weight":2.6162},
{"Node_id":11890,"weight":2.4909},
{"Node_id":11891,"weight":1.5265},
{"Node_id":11892,"weight":0.3677},
{"Node_id":11893,"weight":0.725},
{"Node_id":11894,"weight":1.5008},
{"Node_id":11895,"weight":0.5177},
{"Node_id":11917,"weight":1.0299},
{"Node_id":11918,"weight":2.508},
{"Node_id":11921,"weight":1.014},
{"Node_id":11922,"weight":2.1418},
{"Node_id":11923,"weight":3.818},
{"Node_id":11924,"weight":3.2619},
{"Node_id":11925,"weight":0.8179},
{"Node_id":11926,"weight":0.7286},
{"Node_id":11934,"weight":0.4692},
{"Node_id":11935,"weight":1.8103},
{"Node_id":11936,"weight":3.7669},
{"Node_id":11937,"weight":2.7287},
{"Node_id":11942,"weight":2.1676},
{"Node_id":11943,"weight":0.4811},
{"Node_id":11944,"weight":1.5645},
{"Node_id":11945,"weight":2.1535},
{"Node_id":11946,"weight":1.5652},
{"Node_id":11948,"weight":0.0624},
{"Node_id":12184,"weight":1.6114},
{"Node_id":12185,"weight":2.0125},
{"Node_id":12257,"weight":0.5941},
{"Node_id":12258,"weight":3.1247},
{"Node_id":12259,"weight":4.1448},
{"Node_id":12260,"weight":1.7744},
{"Node_id":12261,"weight":1.1803},
{"Node_id":12262,"weight":1.7307},
{"Node_id":12265,"weight":0.4912},
{"Node_id":12266,"weight":1.9027},
{"Node_id":12267,"weight":1.0222},
{"Node_id":12268,"weight":0.5117},
{"Node_id":12269,"weight":1.7792},
{"Node_id":12270,"weight":1.8704},
{"Node_id":12271,"weight":0.131},
{"Node_id":12272,"weight":0.4591},
{"Node_id":12273,"weight":0.8789},
{"Node_id":12274,"weight":0.4604},
{"Node_id":12275,"weight":0.8886},
{"Node_id":12278,"weight":1.3261},
{"Node_id":12279,"weight":4.0396},
{"Node_id":12283,"weight":4.833},
{"Node_id":12284,"weight":0.7291},
{"Node_id":12289,"weight":1.6013},
{"Node_id":12296,"weight":3.4624},
{"Node_id":12297,"weight":3.4095},
{"Node_id":12304,"weight":7.418},
{"Node_id":12305,"weight":1.5389},
{"Node_id":12306,"weight":1.9089},
{"Node_id":12307,"weight":1.1792},
{"Node_id":12308,"weight":0.1342},
{"Node_id":12309,"weight":0.4084},
{"Node_id":12310,"weight":3.727},
{"Node_id":12311,"weight":0.322},
{"Node_id":12312,"weight":3.577},
{"Node_id":12317,"weight":2.2646},
{"Node_id":12318,"weight":0.6517},
{"Node_id":12319,"weight":0.1451},
{"Node_id":12320,"weight":2.9896},
{"Node_id":12321,"weight":2.0816},
{"Node_id":12322,"weight":0.3232},
{"Node_id":12325,"weight":0.3146},
{"Node_id":12326,"weight":0.6177},
{"Node_id":12327,"weight":0.911},
{"Node_id":12331,"weight":2.3309},
{"Node_id":12332,"weight":1.0658},
{"Node_id":12343,"weight":0.9435},
{"Node_id":12344,"weight":0.2615},
{"Node_id":12345,"weight":1.8939},
{"Node_id":12346,"weight":1.7159},
{"Node_id":12349,"weight":1.0616},
{"Node_id":12350,"weight":3.0458},
{"Node_id":12351,"weight":2.1632},
{"Node_id":12352,"weight":0.1595},
{"Node_id":12353,"weight":1.0711},
{"Node_id":12355,"weight":0.1511},
{"Node_id":12356,"weight":0.1648},
{"Node_id":12357,"weight":0.9901},
{"Node_id":12358,"weight":1.2282},
{"Node_id":12359,"weight":0.3586},
{"Node_id":12360,"weight":1.8029},
{"Node_id":12361,"weight":1.0284},
{"Node_id":12362,"weight":2.1578},
{"Node_id":12363,"weight":1.5942},
{"Node_id":12364,"weight":0.5989},
{"Node_id":12365,"weight":0.9169},
{"Node_id":12366,"weight":1.5136},
{"Node_id":12367,"weight":1.2049},
{"Node_id":12368,"weight":0.5741},
{"Node_id":12369,"weight":2.1041},
{"Node_id":12370,"weight":1.5423},
{"Node_id":12371,"weight":1.7276},
{"Node_id":12372,"weight":0.4176},
{"Node_id":12402,"weight":0.6646},
{"Node_id":12403,"weight":2.1719},
{"Node_id":12404,"weight":1.0038},
{"Node_id":12405,"weight":2.2943},
{"Node_id":12406,"weight":0.403},
{"Node_id":12409,"weight":0.9139},
{"Node_id":12414,"weight":6.2126},
{"Node_id":12423,"weight":3.055},
{"Node_id":12424,"weight":0.4038},
{"Node_id":12425,"weight":1.4172},
{"Node_id":12426,"weight":1.295},
{"Node_id":12427,"weight":0.2007},
{"Node_id":12428,"weight":2.7339},
{"Node_id":12429,"weight":0.8161},
{"Node_id":12430,"weight":0.3826},
{"Node_id":12431,"weight":0.6504},
{"Node_id":12432,"weight":0.854},
{"Node_id":12433,"weight":1.4236},
{"Node_id":12434,"weight":0.4629},
{"Node_id":12441,"weight":1.0423},
{"Node_id":12451,"weight":1.0774},
{"Node_id":12452,"weight":1.4908},
{"Node_id":12453,"weight":1.4631},
{"Node_id":12454,"weight":2.0775},
{"Node_id":12455,"weight":1.789},
{"Node_id":12456,"weight":1.1072},
{"Node_id":12457,"weight":2.3309},
{"Node_id":12458,"weight":0.9159},
{"Node_id":12459,"weight":0.8132},
{"Node_id":12460,"weight":1.1903},
{"Node_id":12461,"weight":1.6383},
{"Node_id":12462,"weight":0.8001},
{"Node_id":12465,"weight":1.8834},
{"Node_id":12466,"weight":1.2809},
{"Node_id":12467,"weight":2.0029},
{"Node_id":12468,"weight":1.9736},
{"Node_id":12472,"weight":0.9105},
{"Node_id":12473,"weight":1.8489},
{"Node_id":12474,"weight":3.1075},
{"Node_id":12475,"weight":0.9464},
{"Node_id":12476,"weight":0.0748},
{"Node_id":12477,"weight":0.2603},
{"Node_id":12478,"weight":1.2529},
{"Node_id":12480,"weight":0.3805},
{"Node_id":12481,"weight":4.5174},
{"Node_id":12482,"weight":0.0748},
{"Node_id":12483,"weight":1.2145},
{"Node_id":12484,"weight":3.0881},
{"Node_id":12485,"weight":0.3569},
{"Node_id":12486,"weight":0.4184},
{"Node_id":12489,"weight":1.4064},
{"Node_id":12490,"weight":3.2314},
{"Node_id":12491,"weight":0.4205},
{"Node_id":12492,"weight":1.172},
{"Node_id":12496,"weight":2.7857},
{"Node_id":12497,"weight":0.5473},
{"Node_id":12500,"weight":0.2088},
{"Node_id":12502,"weight":2.401},
{"Node_id":12504,"weight":0.6081},
{"Node_id":12505,"weight":2.1665},
{"Node_id":12509,"weight":0.7213},
{"Node_id":12510,"weight":2.2208},
{"Node_id":12511,"weight":5.6515},
{"Node_id":12512,"weight":5.2539},
{"Node_id":12514,"weight":1.631},
{"Node_id":12515,"weight":3.842},
{"Node_id":12516,"weight":4.8203},
{"Node_id":12517,"weight":0.6098},
{"Node_id":12535,"weight":0.9455},
{"Node_id":12536,"weight":0.038},
{"Node_id":12537,"weight":2.126},
{"Node_id":12538,"weight":1.4802},
{"Node_id":12539,"weight":0.4629},
{"Node_id":12542,"weight":1.5471},
{"Node_id":12548,"weight":2.2163},
{"Node_id":12549,"weight":0.9977},
{"Node_id":12589,"weight":0.6718},
{"Node_id":12590,"weight":1.2832},
{"Node_id":12591,"weight":0.2177},
{"Node_id":12592,"weight":1.2962},
{"Node_id":12593,"weight":3.4323},
{"Node_id":12594,"weight":0.7556},
{"Node_id":12595,"weight":0.3068},
{"Node_id":12596,"weight":0.5326},
{"Node_id":12597,"weight":0.1523},
{"Node_id":12598,"weight":2.7339},
{"Node_id":12599,"weight":2.5239},
{"Node_id":12600,"weight":0.7773},
{"Node_id":12601,"weight":0.5262},
{"Node_id":12602,"weight":1.7105},
{"Node_id":12604,"weight":1.3334},
{"Node_id":12605,"weight":1.2815},
{"Node_id":12606,"weight":2.5297},
{"Node_id":12607,"weight":3.3138},
{"Node_id":12608,"weight":0.064},
{"Node_id":12609,"weight":0.6548},
{"Node_id":12610,"weight":0.6857},
{"Node_id":12611,"weight":0.8043},
{"Node_id":12612,"weight":0.1302},
{"Node_id":12613,"weight":0.0492},
{"Node_id":12614,"weight":1.0289},
{"Node_id":12615,"weight":2.0515},
{"Node_id":12616,"weight":0.3011},
{"Node_id":12617,"weight":0.268},
{"Node_id":12618,"weight":0.4811},
{"Node_id":12624,"weight":1.6523},
{"Node_id":12625,"weight":0.5159},
{"Node_id":12626,"weight":0.3917},
{"Node_id":12627,"weight":1.6642},
{"Node_id":12628,"weight":4.1513},
{"Node_id":12629,"weight":0.4819},
{"Node_id":12630,"weight":1.0732},
{"Node_id":12633,"weight":0.8554},
{"Node_id":12634,"weight":0.5138},
{"Node_id":12635,"weight":1.4358},
{"Node_id":12636,"weight":0.5066},
{"Node_id":12637,"weight":0.6081},
{"Node_id":12638,"weight":0.8383},
{"Node_id":12639,"weight":0.29},
{"Node_id":12640,"weight":7.418},
{"Node_id":12646,"weight":0.5875},
{"Node_id":12649,"weight":1.1434},
{"Node_id":12650,"weight":2.8154},
{"Node_id":12651,"weight":0.7657},
{"Node_id":12652,"weight":2.1503},
{"Node_id":12653,"weight":1.2174},
{"Node_id":12654,"weight":0.8683},
{"Node_id":12655,"weight":0.1386},
{"Node_id":12656,"weight":1.9597},
{"Node_id":12657,"weight":3.2178},
{"Node_id":12658,"weight":1.1271},
{"Node_id":12659,"weight":0.4301},
{"Node_id":12660,"weight":1.3153},
{"Node_id":12665,"weight":2.3788},
{"Node_id":12666,"weight":0.3483},
{"Node_id":12667,"weight":1.0099},
{"Node_id":12677,"weight":4.6903},
{"Node_id":12678,"weight":0.3772},
{"Node_id":12681,"weight":1.1147},
{"Node_id":12682,"weight":0.2908},
{"Node_id":12683,"weight":2.8496},
{"Node_id":12684,"weight":2.2494},
{"Node_id":12777,"weight":2.508},
{"Node_id":12782,"weight":0.1841},
{"Node_id":12783,"weight":0.8449},
{"Node_id":12785,"weight":0.4507},
{"Node_id":12786,"weight":2.1461},
{"Node_id":12787,"weight":0.2363},
{"Node_id":12788,"weight":0.02},
{"Node_id":12789,"weight":1.8128},
{"Node_id":12790,"weight":0.4075},
{"Node_id":12791,"weight":0.3314},
{"Node_id":12794,"weight":3.0162},
{"Node_id":12912,"weight":1.7575},
{"Node_id":12913,"weight":1.7159},
{"Node_id":12914,"weight":0.2128},
{"Node_id":12915,"weight":3.3903},
{"Node_id":12916,"weight":1.1488},
{"Node_id":12917,"weight":1.8626},
{"Node_id":12918,"weight":2.1397},
{"Node_id":12919,"weight":1.607},
{"Node_id":12920,"weight":0.6177},
{"Node_id":12921,"weight":0.4255},
{"Node_id":12922,"weight":0.7446},
{"Node_id":12923,"weight":0.2692},
{"Node_id":12924,"weight":3.0207},
{"Node_id":12925,"weight":0.4532},
{"Node_id":12926,"weight":2.0806},
{"Node_id":12927,"weight":0.5758},
{"Node_id":12928,"weight":1.7591},
{"Node_id":12929,"weight":0.8359},
{"Node_id":12930,"weight":0.1523},
{"Node_id":12931,"weight":3.5884},
{"Node_id":12932,"weight":3.6885},
{"Node_id":12935,"weight":0.5061},
{"Node_id":12936,"weight":0.9609},
{"Node_id":12937,"weight":0.3905},
{"Node_id":12938,"weight":1.7051},
{"Node_id":12939,"weight":3.3407},
{"Node_id":12940,"weight":0.6562},
{"Node_id":12941,"weight":0.4595},
{"Node_id":12942,"weight":2.7803},
{"Node_id":12943,"weight":0.2221},
{"Node_id":12944,"weight":1.2651},
{"Node_id":12945,"weight":3.0072},
{"Node_id":12946,"weight":4.7474},
{"Node_id":12947,"weight":0.4351},
{"Node_id":12948,"weight":1.793},
{"Node_id":12949,"weight":1.6078},
{"Node_id":12950,"weight":1.5715},
{"Node_id":12955,"weight":1.0084},
{"Node_id":12956,"weight":3.3621},
{"Node_id":13097,"weight":6.6441},
{"Node_id":13098,"weight":1.5103},
{"Node_id":13099,"weight":1.9188},
{"Node_id":19843,"weight":2.9722},
{"Node_id":19844,"weight":1.6405},
{"Node_id":19847,"weight":3.511},
{"Node_id":19848,"weight":1.6627},
{"Node_id":19849,"weight":3.1173},
{"Node_id":19850,"weight":2.2752},
{"Node_id":19851,"weight":1.6049},
{"Node_id":19852,"weight":1.6612},
{"Node_id":19853,"weight":2.9786},
{"Node_id":19854,"weight":1.9496},
{"Node_id":19855,"weight":1.7151},
{"Node_id":19858,"weight":1.8037},
{"Node_id":19859,"weight":1.7448},
{"Node_id":19860,"weight":1.9197},
{"Node_id":19861,"weight":2.6369},
{"Node_id":19899,"weight":2.1397},
{"Node_id":19900,"weight":1.4822},
{"Node_id":19901,"weight":3.7852},
{"Node_id":19902,"weight":1.9487},
{"Node_id":19903,"weight":2.1218},
{"Node_id":19904,"weight":2.2242},
{"Node_id":19906,"weight":5.9496},
{"Node_id":19909,"weight":2.9298},
{"Node_id":19912,"weight":4.1711},
{"Node_id":19913,"weight":2.4142},
{"Node_id":19914,"weight":2.4838},
{"Node_id":19915,"weight":2.4629},
{"Node_id":19916,"weight":3.2676},
{"Node_id":19917,"weight":4.6259},
{"Node_id":19918,"weight":4.5555},
{"Node_id":19919,"weight":1.7865},
{"Node_id":19920,"weight":1.4862},
{"Node_id":19921,"weight":1.8921},
{"Node_id":19922,"weight":1.5055},
{"Node_id":19923,"weight":1.4261},
{"Node_id":19924,"weight":1.7551},
{"Node_id":19926,"weight":5.2539},
{"Node_id":19927,"weight":1.4815},
{"Node_id":19928,"weight":1.4287},
{"Node_id":19929,"weight":1.5451},
{"Node_id":19930,"weight":1.6229},
{"Node_id":19931,"weight":4.2051},
{"Node_id":19932,"weight":2.579},
{"Node_id":19933,"weight":1.5885},
{"Node_id":19934,"weight":2.883},
{"Node_id":19938,"weight":2.5654},
{"Node_id":19952,"weight":2.2494},
{"Node_id":19953,"weight":2.5669},
{"Node_id":19955,"weight":2.8439},
{"Node_id":19956,"weight":2.3371},
{"Node_id":19957,"weight":1.3913},
{"Node_id":19958,"weight":4.3066},
{"Node_id":19959,"weight":2.7712},
{"Node_id":19960,"weight":5.077},
{"Node_id":19961,"weight":1.9386},
{"Node_id":19967,"weight":1.4955},
{"Node_id":19968,"weight":1.4364},
{"Node_id":19969,"weight":1.7639},
{"Node_id":19970,"weight":4.872},
{"Node_id":19975,"weight":1.4855},
{"Node_id":19976,"weight":3.0297},
{"Node_id":19977,"weight":1.421},
{"Node_id":19978,"weight":1.9487},
{"Node_id":19979,"weight":2.6434},
{"Node_id":19980,"weight":1.6777},
{"Node_id":19984,"weight":2.4168},
{"Node_id":20217,"weight":5.4217},
{"Node_id":20218,"weight":5.5429},
{"Node_id":20222,"weight":3.3377},
{"Node_id":20281,"weight":5.045},
{"Node_id":20282,"weight":3.8766},
{"Node_id":20283,"weight":1.719},
{"Node_id":20284,"weight":1.7354},
{"Node_id":20285,"weight":2.4768},
{"Node_id":20286,"weight":1.7198},
{"Node_id":20289,"weight":3.6076},
{"Node_id":20290,"weight":3.4523},
{"Node_id":20291,"weight":3.6273},
{"Node_id":20292,"weight":3.7401},
{"Node_id":20293,"weight":2.0338},
{"Node_id":20294,"weight":1.6906},
{"Node_id":20295,"weight":3.6718},
{"Node_id":20296,"weight":2.1418},
{"Node_id":20297,"weight":1.6419},
{"Node_id":20298,"weight":1.8549},
{"Node_id":20299,"weight":2.0212},
{"Node_id":20300,"weight":3.3808},
{"Node_id":20301,"weight":3.8469},
{"Node_id":20302,"weight":3.305},
{"Node_id":20303,"weight":1.4742},
{"Node_id":20306,"weight":1.5464},
{"Node_id":20307,"weight":2.0575},
{"Node_id":20308,"weight":1.7922},
{"Node_id":20313,"weight":5.4927},
{"Node_id":20316,"weight":3.7446},
{"Node_id":20319,"weight":3.5075},
{"Node_id":20320,"weight":1.7472},
{"Node_id":20321,"weight":1.4001},
{"Node_id":20322,"weight":3.6885},
{"Node_id":20323,"weight":2.5519},
{"Node_id":20325,"weight":3.8372},
{"Node_id":20326,"weight":2.0615},
{"Node_id":20327,"weight":2.0785},
{"Node_id":20328,"weight":2.1654},
{"Node_id":20329,"weight":1.6114},
{"Node_id":20330,"weight":1.812},
{"Node_id":20331,"weight":1.9143},
{"Node_id":20332,"weight":1.7567},
{"Node_id":20333,"weight":2.1862},
{"Node_id":20334,"weight":2.1906},
{"Node_id":20335,"weight":2.7357},
{"Node_id":20336,"weight":2.9465},
{"Node_id":20337,"weight":2.1249},
{"Node_id":20338,"weight":3.6432},
{"Node_id":20339,"weight":5.1441},
{"Node_id":20340,"weight":5.2734},
{"Node_id":20341,"weight":3.0978},
{"Node_id":20342,"weight":3.8132}]