[{"Node_id":0,"weight":0.7598},
{"Node_id":2,"weight":2.498},
{"Node_id":3,"weight":1.827},
{"Node_id":26,"weight":4.0878},
{"Node_id":27,"weight":1.8245},
{"Node_id":28,"weight":2.173},
{"Node_id":29,"weight":2.1741},
{"Node_id":30,"weight":0.6803},
{"Node_id":31,"weight":3.2876},
{"Node_id":32,"weight":0.7755},
{"Node_id":33,"weight":3.7011},
{"Node_id":34,"weight":0.7829},
{"Node_id":38,"weight":1.4435},
{"Node_id":39,"weight":4.8588},
{"Node_id":41,"weight":2.5459},
{"Node_id":42,"weight":0.2258},
{"Node_id":43,"weight":1.7089},
{"Node_id":44,"weight":2.9153},
{"Node_id":45,"weight":0.2302},
{"Node_id":46,"weight":3.429},
{"Node_id":49,"weight":0.3437},
{"Node_id":50,"weight":0.2294},
{"Node_id":53,"weight":0.9579},
{"Node_id":56,"weight":0.3602},
{"Node_id":57,"weight":3.6233},
{"Node_id":58,"weight":1.6128},
{"Node_id":59,"weight":2.1763},
{"Node_id":60,"weight":4.8988},
{"Node_id":61,"weight":1.7535},
{"Node_id":62,"weight":0.6678},
{"Node_id":63,"weight":1.0465},
{"Node_id":64,"weight":0.8231},
{"Node_id":83,"weight":1.4191},
{"Node_id":84,"weight":1.1859},
{"Node_id":89,"weight":1.6258},
{"Node_id":90,"weight":0.3174},
{"Node_id":93,"weight":0.9203},
{"Node_id":94,"weight":0.9346},
{"Node_id":95,"weight":2.5195},
{"Node_id":96,"weight":1.0997},
{"Node_id":97,"weight":1.08},
{"Node_id":98,"weight":0.3293},
{"Node_id":99,"weight":0.2055},
{"Node_id":102,"weight":1.1698},
{"Node_id":103,"weight":0.3756},
{"Node_id":104,"weight":1.969},
{"Node_id":105,"weight":0.5849},
{"Node_id":106,"weight":0.216},
{"Node_id":107,"weight":0.0532},
{"Node_id":112,"weight":3.818},
{"Node_id":113,"weight":0.2408},
{"Node_id":114,"weight":3.7401},
{"Node_id":115,"weight":0.9982},
{"Node_id":116,"weight":0.4608},
{"Node_id":117,"weight":0.2884},
{"Node_id":118,"weight":1.5437},
{"Node_id":119,"weight":1.1914},
{"Node_id":120,"weight":0.7332},
{"Node_id":121,"weight":0.9714},
{"Node_id":122,"weight":0.9115},
{"Node_id":123,"weight":0.4768},
{"Node_id":124,"weight":0.2745},
{"Node_id":125,"weight":0.9095},
{"Node_id":126,"weight":0.1141},
{"Node_id":127,"weight":0.1491},
{"Node_id":128,"weight":0.4879},
{"Node_id":131,"weight":0.1322},
{"Node_id":132,"weight":0.5155},
{"Node_id":253,"weight":0.6879},
{"Node_id":254,"weight":1.8379},
{"Node_id":255,"weight":1.2396},
{"Node_id":1029,"weight":0.9041},
{"Node_id":1030,"weight":1.3462},
{"Node_id":1031,"weight":0.4297},
{"Node_id":1033,"weight":1.8904},
{"Node_id":1035,"weight":0.7745},
{"Node_id":1036,"weight":1.2145},
{"Node_id":1037,"weight":0.9494},
{"Node_id":1038,"weight":1.39},
{"Node_id":1039,"weight":2.9896},
{"Node_id":1040,"weight":0.2282},
{"Node_id":1041,"weight":4.3694},
{"Node_id":1042,"weight":1.8878},
{"Node_id":1043,"weight":1.033},
{"Node_id":1044,"weight":2.1333},
{"Node_id":1045,"weight":0.6682},
{"Node_id":1046,"weight":0.2896},
{"Node_id":1051,"weight":0.7773},
{"Node_id":1052,"weight":1.8203},
{"Node_id":1053,"weight":3.5326},
{"Node_id":1054,"weight":1.3081},
{"Node_id":1058,"weight":0.4084},
{"Node_id":1059,"weight":0.1378},
{"Node_id":1060,"weight":1.2202},
{"Node_id":1061,"weight":2.4356},
{"Node_id":1065,"weight":1.2727},
{"Node_id":1066,"weight":0.9997},
{"Node_id":1067,"weight":0.8217},
{"Node_id":1068,"weight":1.139},
{"Node_id":1069,"weight":1.6837},
{"Node_id":1070,"weight":0.2152},
{"Node_id":1071,"weight":2.3039},
{"Node_id":1072,"weight":1.2791},
{"Node_id":1073,"weight":0.1197},
{"Node_id":1074,"weight":0.1987},
{"Node_id":1077,"weight":5.4927},
{"Node_id":1078,"weight":2.7586},
{"Node_id":1079,"weight":0.1463},
{"Node_id":1082,"weight":3.429},
{"Node_id":1083,"weight":1.1521},
{"Node_id":1084,"weight":2.3075},
{"Node_id":1085,"weight":2.6547},
{"Node_id":1086,"weight":3.0809},
{"Node_id":1087,"weight":1.4102},
{"Node_id":1090,"weight":0.7727},
{"Node_id":1095,"weight":2.7409},
{"Node_id":1096,"weight":2.4329},
{"Node_id":1097,"weight":3.6677},
{"Node_id":1098,"weight":1.7535},
{"Node_id":1099,"weight":0.9198},
{"Node_id":1100,"weight":0.6843},
{"Node_id":1101,"weight":1.3376},
{"Node_id":1104,"weight":0.4726},
{"Node_id":1105,"weight":1.2208},
{"Node_id":1106,"weight":1.901},
{"Node_id":1111,"weight":0.4604},
{"Node_id":1112,"weight":0.7713},
{"Node_id":1113,"weight":0.3789},
{"Node_id":1114,"weight":0.9494},
{"Node_id":1115,"weight":1.2236},
{"Node_id":1116,"weight":2.5836},
{"Node_id":1119,"weight":1.5561},
{"Node_id":1122,"weight":0.3417},
{"Node_id":1123,"weight":0.7662},
{"Node_id":1124,"weight":0.4938},
{"Node_id":1125,"weight":1.8236},
{"Node_id":1163,"weight":1.9615},
{"Node_id":1164,"weight":1.0906},
{"Node_id":1165,"weight":0.4583},
{"Node_id":1166,"weight":0.8731},
{"Node_id":1167,"weight":0.6745},
{"Node_id":1170,"weight":1.1703},
{"Node_id":1173,"weight":0.7487},
{"Node_id":1176,"weight":1.3004},
{"Node_id":1177,"weight":5.5957},
{"Node_id":1178,"weight":0.2039},
{"Node_id":1179,"weight":0.054},
{"Node_id":1180,"weight":0.4515},
{"Node_id":1181,"weight":1.7504},
{"Node_id":1182,"weight":1.6501},
{"Node_id":1183,"weight":1.268},
{"Node_id":1184,"weight":0.8487},
{"Node_id":1185,"weight":0.5147},
{"Node_id":1186,"weight":0.5555},
{"Node_id":1187,"weight":0.795},
{"Node_id":1188,"weight":0.9479},
{"Node_id":1191,"weight":2.6162},
{"Node_id":1192,"weight":2.4909},
{"Node_id":1193,"weight":1.5265},
{"Node_id":1194,"weight":0.3677},
{"Node_id":1195,"weight":0.725},
{"Node_id":1196,"weight":1.5008},
{"Node_id":1197,"weight":0.5177},
{"Node_id":1219,"weight":1.0299},
{"Node_id":1220,"weight":2.508},
{"Node_id":1223,"weight":1.014},
{"Node_id":1224,"weight":2.1418},
{"Node_id":1225,"weight":3.818},
{"Node_id":1226,"weight":3.2619},
{"Node_id":1227,"weight":0.8179},
{"Node_id":1228,"weight":0.7286},
{"Node_id":1236,"weight":0.4692},
{"Node_id":1237,"weight":1.8103},
{"Node_id":1238,"weight":3.7669},
{"Node_id":1239,"weight":2.7287},
{"Node_id":1244,"weight":2.1676},
{"Node_id":1245,"weight":0.4811},
{"Node_id":1246,"weight":1.5645},
{"Node_id":1247,"weight":2.1535},
{"Node_id":1248,"weight":1.5652},
{"Node_id":1250,"weight":0.0624},
{"Node_id":1486,"weight":1.6114},
{"Node_id":1487,"weight":2.0125},
{"Node_id":1559,"weight":0.5941},
{"Node_id":1560,"weight":3.1247},
{"Node_id":1561,"weight":4.1448},
{"Node_id":1562,"weight":1.7744},
{"Node_id":1563,"weight":1.1803},
{"Node_id":1564,"weight":1.7307},
{"Node_id":1567,"weight":0.4912},
{"Node_id":1568,"weight":1.9027},
{"Node_id":1569,"weight":1.0222},
{"Node_id":1570,"weight":0.5117},
{"Node_id":1571,"weight":1.7792},
{"Node_id":1572,"weight":1.8704},
{"Node_id":1573,"weight":0.131},
{"Node_id":1574,"weight":0.4591},
{"Node_id":1575,"weight":0.8789},
{"Node_id":1576,"weight":0.4604},
{"Node_id":1577,"weight":0.8886},
{"Node_id":1580,"weight":1.3261},
{"Node_id":1581,"weight":4.0396},
{"Node_id":1585,"weight":4.833},
{"Node_id":1586,"weight":0.7291},
{"Node_id":1591,"weight":1.6013},
{"Node_id":1598,"weight":3.4624},
{"Node_id":1599,"weight":3.4095},
{"Node_id":1606,"weight":7.418},
{"Node_id":1607,"weight":1.5389},
{"Node_id":1608,"weight":1.9089},
{"Node_id":1609,"weight":1.1792},
{"Node_id":1610,"weight":0.1342},
{"Node_id":1611,"weight":0.4084},
{"Node_id":1612,"weight":3.727},
{"Node_id":1613,"weight":0.322},
{"Node_id":1614,"weight":3.577},
{"Node_id":1619,"weight":2.2646},
{"Node_id":1620,"weight":0.6517},
{"Node_id":1621,"weight":0.1451},
{"Node_id":1622,"weight":2.9896},
{"Node_id":1623,"weight":2.0816},
{"Node_id":1624,"weight":0.3232},
{"Node_id":1627,"weight":0.3146},
{"Node_id":1628,"weight":0.6177},
{"Node_id":1629,"weight":0.911},
{"Node_id":1633,"weight":2.3309},
{"Node_id":1634,"weight":1.0658},
{"Node_id":1645,"weight":0.9435},
{"Node_id":1646,"weight":0.2615},
{"Node_id":1647,"weight":1.8939},
{"Node_id":1648,"weight":1.7159},
{"Node_id":1651,"weight":1.0616},
{"Node_id":1652,"weight":3.0458},
{"Node_id":1653,"weight":2.1632},
{"Node_id":1654,"weight":0.1595},
{"Node_id":1655,"weight":1.0711},
{"Node_id":1657,"weight":0.1511},
{"Node_id":1658,"weight":0.1648},
{"Node_id":1659,"weight":0.9901},
{"Node_id":1660,"weight":1.2282},
{"Node_id":1661,"weight":0.3586},
{"Node_id":1662,"weight":1.8029},
{"Node_id":1663,"weight":1.0284},
{"Node_id":1664,"weight":2.1578},
{"Node_id":1665,"weight":1.5942},
{"Node_id":1666,"weight":0.5989},
{"Node_id":1667,"weight":0.9169},
{"Node_id":1668,"weight":1.5136},
{"Node_id":1669,"weight":1.2049},
{"Node_id":1670,"weight":0.5741},
{"Node_id":1671,"weight":2.1041},
{"Node_id":1672,"weight":1.5423},
{"Node_id":1673,"weight":1.7276},
{"Node_id":1674,"weight":0.4176},
{"Node_id":1704,"weight":0.6646},
{"Node_id":1705,"weight":2.1719},
{"Node_id":1706,"weight":1.0038},
{"Node_id":1707,"weight":2.2943},
{"Node_id":1708,"weight":0.403},
{"Node_id":1711,"weight":0.9139},
{"Node_id":1716,"weight":6.2126},
{"Node_id":1725,"weight":3.055},
{"Node_id":1726,"weight":0.4038},
{"Node_id":1727,"weight":1.4172},
{"Node_id":1728,"weight":1.295},
{"Node_id":1729,"weight":0.2007},
{"Node_id":1730,"weight":2.7339},
{"Node_id":1731,"weight":0.8161},
{"Node_id":1732,"weight":0.3826},
{"Node_id":1733,"weight":0.6504},
{"Node_id":1734,"weight":0.854},
{"Node_id":1735,"weight":1.4236},
{"Node_id":1736,"weight":0.4629},
{"Node_id":1743,"weight":1.0423},
{"Node_id":1753,"weight":1.0774},
{"Node_id":1754,"weight":1.4908},
{"Node_id":1755,"weight":1.4631},
{"Node_id":1756,"weight":2.0775},
{"Node_id":1757,"weight":1.789},
{"Node_id":1758,"weight":1.1072},
{"Node_id":1759,"weight":2.3309},
{"Node_id":1760,"weight":0.9159},
{"Node_id":1761,"weight":0.8132},
{"Node_id":1762,"weight":1.1903},
{"Node_id":1763,"weight":1.6383},
{"Node_id":1764,"weight":0.8001},
{"Node_id":1767,"weight":1.8834},
{"Node_id":1768,"weight":1.2809},
{"Node_id":1769,"weight":2.0029},
{"Node_id":1770,"weight":1.9736},
{"Node_id":1774,"weight":0.9105},
{"Node_id":1775,"weight":1.8489},
{"Node_id":1776,"weight":3.1075},
{"Node_id":1777,"weight":0.9464},
{"Node_id":1778,"weight":0.0748},
{"Node_id":1779,"weight":0.2603},
{"Node_id":1780,"weight":1.2529},
{"Node_id":1782,"weight":0.3805},
{"Node_id":1783,"weight":4.5174},
{"Node_id":1784,"weight":0.0748},
{"Node_id":1785,"weight":1.2145},
{"Node_id":1786,"weight":3.0881},
{"Node_id":1787,"weight":0.3569},
{"Node_id":1788,"weight":0.4184},
{"Node_id":1791,"weight":1.4064},
{"Node_id":1792,"weight":3.2314},
{"Node_id":1793,"weight":0.4205},
{"Node_id":1794,"weight":1.172},
{"Node_id":1798,"weight":2.7857},
{"Node_id":1799,"weight":0.5473},
{"Node_id":1802,"weight":0.2088},
{"Node_id":1804,"weight":2.401},
{"Node_id":1806,"weight":0.6081},
{"Node_id":1807,"weight":2.1665},
{"Node_id":1811,"weight":0.7213},
{"Node_id":1812,"weight":2.2208},
{"Node_id":1813,"weight":5.6515},
{"Node_id":1814,"weight":5.2539},
{"Node_id":1816,"weight":1.631},
{"Node_id":1817,"weight":3.842},
{"Node_id":1818,"weight":4.8203},
{"Node_id":1819,"weight":0.6098},
{"Node_id":1837,"weight":0.9455},
{"Node_id":1838,"weight":0.038},
{"Node_id":1839,"weight":2.126},
{"Node_id":1840,"weight":1.4802},
{"Node_id":1841,"weight":0.4629},
{"Node_id":1844,"weight":1.5471},
{"Node_id":1850,"weight":2.2163},
{"Node_id":1851,"weight":0.9977},
{"Node_id":1891,"weight":0.6718},
{"Node_id":1892,"weight":1.2832},
{"Node_id":1893,"weight":0.2177},
{"Node_id":1894,"weight":1.2962},
{"Node_id":1895,"weight":3.4323},
{"Node_id":1896,"weight":0.7556},
{"Node_id":1897,"weight":0.3068},
{"Node_id":1898,"weight":0.5326},
{"Node_id":1899,"weight":0.1523},
{"Node_id":1900,"weight":2.7339},
{"Node_id":1901,"weight":2.5239},
{"Node_id":1902,"weight":0.7773},
{"Node_id":1903,"weight":0.5262},
{"Node_id":1904,"weight":1.7105},
{"Node_id":1906,"weight":1.3334},
{"Node_id":1907,"weight":1.2815},
{"Node_id":1908,"weight":2.5297},
{"Node_id":1909,"weight":3.3138},
{"Node_id":1910,"weight":0.064},
{"Node_id":1911,"weight":0.6548},
{"Node_id":1912,"weight":0.6857},
{"Node_id":1913,"weight":0.8043},
{"Node_id":1914,"weight":0.1302},
{"Node_id":1915,"weight":0.0492},
{"Node_id":1916,"weight":1.0289},
{"Node_id":1917,"weight":2.0515},
{"Node_id":1918,"weight":0.3011},
{"Node_id":1919,"weight":0.268},
{"Node_id":1920,"weight":0.4811},
{"Node_id":1926,"weight":1.6523},
{"Node_id":1927,"weight":0.5159},
{"Node_id":1928,"weight":0.3917},
{"Node_id":1929,"weight":1.6642},
{"Node_id":1930,"weight":4.1513},
{"Node_id":1931,"weight":0.4819},
{"Node_id":1932,"weight":1.0732},
{"Node_id":1935,"weight":0.8554},
{"Node_id":1936,"weight":0.5138},
{"Node_id":1937,"weight":1.4358},
{"Node_id":1938,"weight":0.5066},
{"Node_id":1939,"weight":0.6081},
{"Node_id":1940,"weight":0.8383},
{"Node_id":1941,"weight":0.29},
{"Node_id":1942,"weight":7.418},
{"Node_id":1948,"weight":0.5875},
{"Node_id":1951,"weight":1.1434},
{"Node_id":1952,"weight":2.8154},
{"Node_id":1953,"weight":0.7657},
{"Node_id":1954,"weight":2.1503},
{"Node_id":1955,"weight":1.2174},
{"Node_id":1956,"weight":0.8683},
{"Node_id":1957,"weight":0.1386},
{"Node_id":1958,"weight":1.9597},
{"Node_id":1959,"weight":3.2178},
{"Node_id":1960,"weight":1.1271},
{"Node_id":1961,"weight":0.4301},
{"Node_id":1962,"weight":1.3153},
{"Node_id":1967,"weight":2.3788},
{"Node_id":1968,"weight":0.3483},
{"Node_id":1969,"weight":1.0099},
{"Node_id":1979,"weight":4.6903},
{"Node_id":1980,"weight":0.3772},
{"Node_id":1983,"weight":1.1147},
{"Node_id":1984,"weight":0.2908},
{"Node_id":1985,"weight":2.8496},
{"Node_id":1986,"weight":2.2494},
{"Node_id":2079,"weight":2.508},
{"Node_id":2084,"weight":0.1841},
{"Node_id":2085,"weight":0.8449},
{"Node_id":2087,"weight":0.4507},
{"Node_id":2088,"weight":2.1461},
{"Node_id":2089,"weight":0.2363},
{"Node_id":2090,"weight":0.02},
{"Node_id":2091,"weight":1.8128},
{"Node_id":2092,"weight":0.4075},
{"Node_id":2093,"weight":0.3314},
{"Node_id":2096,"weight":3.0162},
{"Node_id":2214,"weight":1.7575},
{"Node_id":2215,"weight":1.7159},
{"Node_id":2216,"weight":0.2128},
{"Node_id":2217,"weight":3.3903},
{"Node_id":2218,"weight":1.1488},
{"Node_id":2219,"weight":1.8626},
{"Node_id":2220,"weight":2.1397},
{"Node_id":2221,"weight":1.607},
{"Node_id":2222,"weight":0.6177},
{"Node_id":2223,"weight":0.4255},
{"Node_id":2224,"weight":0.7446},
{"Node_id":2225,"weight":0.2692},
{"Node_id":2226,"weight":3.0207},
{"Node_id":2227,"weight":0.4532},
{"Node_id":2228,"weight":2.0806},
{"Node_id":2229,"weight":0.5758},
{"Node_id":2230,"weight":1.7591},
{"Node_id":2231,"weight":0.8359},
{"Node_id":2232,"weight":0.1523},
{"Node_id":2233,"weight":3.5884},
{"Node_id":2234,"weight":3.6885},
{"Node_id":2237,"weight":0.5061},
{"Node_id":2238,"weight":0.9609},
{"Node_id":2239,"weight":0.3905},
{"Node_id":2240,"weight":1.7051},
{"Node_id":2241,"weight":3.3407},
{"Node_id":2242,"weight":0.6562},
{"Node_id":2243,"weight":0.4595},
{"Node_id":2244,"weight":2.7803},
{"Node_id":2245,"weight":0.2221},
{"Node_id":2246,"weight":1.2651},
{"Node_id":2247,"weight":3.0072},
{"Node_id":2248,"weight":4.7474},
{"Node_id":2249,"weight":0.4351},
{"Node_id":2250,"weight":1.793},
{"Node_id":2251,"weight":1.6078},
{"Node_id":2252,"weight":1.5715},
{"Node_id":2257,"weight":1.0084},
{"Node_id":2258,"weight":3.3621},
{"Node_id":2399,"weight":6.6441},
{"Node_id":2400,"weight":1.5103},
{"Node_id":2401,"weight":1.9188},
{"Node_id":7061,"weight":1.9214},
{"Node_id":7065,"weight":2.184},
{"Node_id":7066,"weight":3.483},
{"Node_id":7067,"weight":2.2799},
{"Node_id":7068,"weight":2.0505},
{"Node_id":7069,"weight":1.9802},
{"Node_id":7070,"weight":2.5051},
{"Node_id":7074,"weight":2.4994},
{"Node_id":7075,"weight":2.7218},
{"Node_id":7076,"weight":3.6636},
{"Node_id":7077,"weight":1.6493},
{"Node_id":7078,"weight":4.0396},
{"Node_id":7079,"weight":2.0367},
{"Node_id":7080,"weight":1.4319},
{"Node_id":7081,"weight":3.8918},
{"Node_id":7082,"weight":2.3699},
{"Node_id":7083,"weight":1.8825},
{"Node_id":7084,"weight":1.9924},
{"Node_id":7085,"weight":2.5459},
{"Node_id":7086,"weight":2.6645},
{"Node_id":7087,"weight":2.321},
{"Node_id":7088,"weight":1.6936},
{"Node_id":7089,"weight":4.1254},
{"Node_id":7092,"weight":2.1397},
{"Node_id":7093,"weight":2.4195},
{"Node_id":7094,"weight":1.4064},
{"Node_id":7095,"weight":1.8203},
{"Node_id":7096,"weight":4.1846},
{"Node_id":7103,"weight":2.7912},
{"Node_id":7108,"weight":2.9298},
{"Node_id":7109,"weight":3.7945},
{"Node_id":7113,"weight":1.5736},
{"Node_id":7114,"weight":1.9597},
{"Node_id":7115,"weight":1.9569},
{"Node_id":7116,"weight":1.4474},
{"Node_id":7117,"weight":1.9468},
{"Node_id":7118,"weight":2.0241},
{"Node_id":7139,"weight":1.4371},
{"Node_id":7140,"weight":2.4866},
{"Node_id":7141,"weight":1.7922},
{"Node_id":7142,"weight":1.5259},
{"Node_id":7143,"weight":3.2124},
{"Node_id":7144,"weight":2.5123},
{"Node_id":7145,"weight":1.832},
{"Node_id":7146,"weight":4.7357},
{"Node_id":7147,"weight":1.744},
{"Node_id":7148,"weight":1.748},
{"Node_id":7151,"weight":1.8643},
{"Node_id":7152,"weight":3.4127},
{"Node_id":7153,"weight":1.7036},
{"Node_id":7154,"weight":2.5852},
{"Node_id":7156,"weight":2.0846},
{"Node_id":7157,"weight":3.9713},
{"Node_id":7158,"weight":3.2963},
{"Node_id":7159,"weight":2.0212},
{"Node_id":7160,"weight":1.3976},
{"Node_id":7161,"weight":1.5513},
{"Node_id":7162,"weight":1.8203},
{"Node_id":7163,"weight":1.5492},
{"Node_id":7164,"weight":2.0456},
{"Node_id":7165,"weight":1.7036},
{"Node_id":7166,"weight":2.0595},
{"Node_id":7167,"weight":4.7954},
{"Node_id":7170,"weight":1.8421},
{"Node_id":7171,"weight":1.4624},
{"Node_id":7172,"weight":3.429},
{"Node_id":7173,"weight":2.764},
{"Node_id":7174,"weight":2.001},
{"Node_id":7175,"weight":1.6353},
{"Node_id":7176,"weight":1.4539},
{"Node_id":7177,"weight":4.219},
{"Node_id":7178,"weight":3.0667},
{"Node_id":7193,"weight":1.5638},
{"Node_id":7196,"weight":1.7583},
{"Node_id":7197,"weight":2.4102},
{"Node_id":7202,"weight":7.6004},
{"Node_id":7203,"weight":1.6034},
{"Node_id":7206,"weight":1.8421},
{"Node_id":7207,"weight":1.9532},
{"Node_id":7208,"weight":2.1928},
{"Node_id":7209,"weight":1.6493},
{"Node_id":7210,"weight":1.9395},
{"Node_id":7211,"weight":2.3983},
{"Node_id":7212,"weight":2.2634},
{"Node_id":7213,"weight":2.2253},
{"Node_id":7215,"weight":2.4369},
{"Node_id":7216,"weight":2.3271},
{"Node_id":7217,"weight":3.1026},
{"Node_id":7218,"weight":1.5764},
{"Node_id":7219,"weight":1.7097},
{"Node_id":7220,"weight":2.7115},
{"Node_id":7225,"weight":1.4261},
{"Node_id":7226,"weight":4.2766},
{"Node_id":7227,"weight":6.0725},
{"Node_id":7228,"weight":3.2397},
{"Node_id":7229,"weight":2.3763},
{"Node_id":7230,"weight":5.2159},
{"Node_id":7231,"weight":2.6006},
{"Node_id":7232,"weight":2.7857},
{"Node_id":7233,"weight":3.3714},
{"Node_id":7234,"weight":1.5666},
{"Node_id":7235,"weight":2.6612},
{"Node_id":7236,"weight":1.886},
{"Node_id":7237,"weight":1.866},
{"Node_id":7238,"weight":1.5327},
{"Node_id":7239,"weight":2.1218},
{"Node_id":7240,"weight":1.5123},
{"Node_id":7241,"weight":3.596},
{"Node_id":7242,"weight":1.7013},
{"Node_id":7244,"weight":2.887},
{"Node_id":7245,"weight":2.2287},
{"Node_id":7367,"weight":1.6875},
{"Node_id":7368,"weight":3.3227},
{"Node_id":7369,"weight":3.2733},
{"Node_id":7884,"weight":2.0887},
{"Node_id":8118,"weight":5.077},
{"Node_id":8119,"weight":1.4178},
{"Node_id":8120,"weight":4.1064},
{"Node_id":8121,"weight":2.0695},
{"Node_id":8123,"weight":2.2196},
{"Node_id":8125,"weight":2.0907},
{"Node_id":8126,"weight":2.9635},
{"Node_id":8127,"weight":3.9549},
{"Node_id":8128,"weight":1.4474},
{"Node_id":8129,"weight":1.7051},
{"Node_id":8130,"weight":2.3996},
{"Node_id":8131,"weight":1.7433},
{"Node_id":8132,"weight":2.1807},
{"Node_id":8133,"weight":2.3866},
{"Node_id":8134,"weight":1.3919},
{"Node_id":8135,"weight":2.0928},
{"Node_id":8140,"weight":2.0938},
{"Node_id":8141,"weight":1.9615},
{"Node_id":8142,"weight":2.0299},
{"Node_id":8143,"weight":2.3433},
{"Node_id":8145,"weight":2.5504},
{"Node_id":8147,"weight":2.5519},
{"Node_id":8148,"weight":1.8523},
{"Node_id":8149,"weight":2.3648},
{"Node_id":8153,"weight":1.4481},
{"Node_id":8154,"weight":1.4384},
{"Node_id":8155,"weight":5.2933},
{"Node_id":8156,"weight":1.4313},
{"Node_id":8157,"weight":3.3287},
{"Node_id":8158,"weight":1.9305},
{"Node_id":8159,"weight":4.8078},
{"Node_id":8160,"weight":2.5195},
{"Node_id":8161,"weight":1.3882},
{"Node_id":8162,"weight":3.2151},
{"Node_id":8163,"weight":2.3271},
{"Node_id":8165,"weight":4.6469},
{"Node_id":8166,"weight":2.2943},
{"Node_id":8167,"weight":3.4523},
{"Node_id":8168,"weight":1.4617},
{"Node_id":8170,"weight":3.0978},
{"Node_id":8171,"weight":1.6142},
{"Node_id":8172,"weight":1.3869},
{"Node_id":8173,"weight":3.0006},
{"Node_id":8174,"weight":2.8691},
{"Node_id":8175,"weight":1.7276},
{"Node_id":8176,"weight":1.3982},
{"Node_id":8178,"weight":2.0918},
{"Node_id":8183,"weight":2.7604},
{"Node_id":8184,"weight":1.7647},
{"Node_id":8185,"weight":3.4225},
{"Node_id":8186,"weight":3.1651},
{"Node_id":8187,"weight":2.6482},
{"Node_id":8188,"weight":1.6434},
{"Node_id":8189,"weight":2.6662},
{"Node_id":8191,"weight":1.8704},
{"Node_id":8192,"weight":1.4455},
{"Node_id":8193,"weight":1.452},
{"Node_id":8194,"weight":3.6677},
{"Node_id":8195,"weight":2.9722},
{"Node_id":8196,"weight":1.6405},
{"Node_id":8199,"weight":3.511},
{"Node_id":8200,"weight":1.6627},
{"Node_id":8201,"weight":3.1173},
{"Node_id":8202,"weight":2.2752},
{"Node_id":8203,"weight":1.6049},
{"Node_id":8204,"weight":1.6612},
{"Node_id":8205,"weight":2.9786},
{"Node_id":8206,"weight":1.9496},
{"Node_id":8207,"weight":1.7151},
{"Node_id":8210,"weight":1.8037},
{"Node_id":8211,"weight":1.7448},
{"Node_id":8212,"weight":1.9197},
{"Node_id":8213,"weight":2.6369},
{"Node_id":8251,"weight":2.1397},
{"Node_id":8252,"weight":1.4822},
{"Node_id":8253,"weight":3.7852},
{"Node_id":8254,"weight":1.9487},
{"Node_id":8255,"weight":2.1218},
{"Node_id":8256,"weight":2.2242},
{"Node_id":8258,"weight":5.9496},
{"Node_id":8261,"weight":2.9298},
{"Node_id":8264,"weight":4.1711},
{"Node_id":8265,"weight":2.4142},
{"Node_id":8266,"weight":2.4838},
{"Node_id":8267,"weight":2.4629},
{"Node_id":8268,"weight":3.2676},
{"Node_id":8269,"weight":4.6259},
{"Node_id":8270,"weight":4.5555},
{"Node_id":8271,"weight":1.7865},
{"Node_id":8272,"weight":1.4862},
{"Node_id":8273,"weight":1.8921},
{"Node_id":8274,"weight":1.5055},
{"Node_id":8275,"weight":1.4261},
{"Node_id":8276,"weight":1.7551},
{"Node_id":8278,"weight":5.2539},
{"Node_id":8279,"weight":1.4815},
{"Node_id":8280,"weight":1.4287},
{"Node_id":8281,"weight":1.5451},
{"Node_id":8282,"weight":1.6229},
{"Node_id":8283,"weight":4.2051},
{"Node_id":8284,"weight":2.579},
{"Node_id":8285,"weight":1.5885},
{"Node_id":8286,"weight":2.883},
{"Node_id":8290,"weight":2.5654},
{"Node_id":8304,"weight":2.2494},
{"Node_id":8305,"weight":2.5669},
{"Node_id":8307,"weight":2.8439},
{"Node_id":8308,"weight":2.3371},
{"Node_id":8309,"weight":1.3913},
{"Node_id":8310,"weight":4.3066},
{"Node_id":8311,"weight":2.7712},
{"Node_id":8312,"weight":5.077},
{"Node_id":8313,"weight":1.9386},
{"Node_id":8319,"weight":1.4955},
{"Node_id":8320,"weight":1.4364},
{"Node_id":8321,"weight":1.7639},
{"Node_id":8322,"weight":4.872},
{"Node_id":8327,"weight":1.4855},
{"Node_id":8328,"weight":3.0297},
{"Node_id":8329,"weight":1.421},
{"Node_id":8330,"weight":1.9487},
{"Node_id":8331,"weight":2.6434},
{"Node_id":8332,"weight":1.6777},
{"Node_id":8336,"weight":2.4168},
{"Node_id":8569,"weight":5.4217},
{"Node_id":8570,"weight":5.5429},
{"Node_id":8574,"weight":3.3377},
{"Node_id":8633,"weight":5.045},
{"Node_id":8634,"weight":3.8766},
{"Node_id":8635,"weight":1.719},
{"Node_id":8636,"weight":1.7354},
{"Node_id":8637,"weight":2.4768},
{"Node_id":8638,"weight":1.7198},
{"Node_id":8641,"weight":3.6076},
{"Node_id":8642,"weight":3.4523},
{"Node_id":8643,"weight":3.6273},
{"Node_id":8644,"weight":3.7401},
{"Node_id":8645,"weight":2.0338},
{"Node_id":8646,"weight":1.6906},
{"Node_id":8647,"weight":3.6718},
{"Node_id":8648,"weight":2.1418},
{"Node_id":8649,"weight":1.6419},
{"Node_id":8650,"weight":1.8549},
{"Node_id":8651,"weight":2.0212},
{"Node_id":8652,"weight":3.3808},
{"Node_id":8653,"weight":3.8469},
{"Node_id":8654,"weight":3.305},
{"Node_id":8655,"weight":1.4742},
{"Node_id":8658,"weight":1.5464},
{"Node_id":8659,"weight":2.0575},
{"Node_id":8660,"weight":1.7922},
{"Node_id":8665,"weight":5.4927},
{"Node_id":8668,"weight":3.7446},
{"Node_id":8671,"weight":3.5075},
{"Node_id":8672,"weight":1.7472},
{"Node_id":8673,"weight":1.4001},
{"Node_id":8674,"weight":3.6885},
{"Node_id":8675,"weight":2.5519},
{"Node_id":8677,"weight":3.8372},
{"Node_id":8678,"weight":2.0615},
{"Node_id":8679,"weight":2.0785},
{"Node_id":8680,"weight":2.1654},
{"Node_id":8681,"weight":1.6114},
{"Node_id":8682,"weight":1.812},
{"Node_id":8683,"weight":1.9143},
{"Node_id":8684,"weight":1.7567},
{"Node_id":8685,"weight":2.1862},
{"Node_id":8686,"weight":2.1906},
{"Node_id":8687,"weight":2.7357},
{"Node_id":8688,"weight":2.9465},
{"Node_id":8689,"weight":2.1249},
{"Node_id":8690,"weight":3.6432},
{"Node_id":8691,"weight":5.1441},
{"Node_id":8692,"weight":5.2734},
{"Node_id":8693,"weight":3.0978},
{"Node_id":8694,"weight":3.8132},
{"Node_id":8695,"weight":5.045},
{"Node_id":8696,"weight":2.401},
{"Node_id":8697,"weight":2.101},
{"Node_id":8698,"weight":1.515},
{"Node_id":8701,"weight":3.0644},
{"Node_id":8702,"weight":3.0366},
{"Node_id":8703,"weight":2.3039},
{"Node_id":8705,"weight":3.0184},
{"Node_id":8707,"weight":2.0038},
{"Node_id":8708,"weight":2.025},
{"Node_id":8720,"weight":3.9658},
{"Node_id":8721,"weight":2.5579},
{"Node_id":8722,"weight":2.0192},
{"Node_id":8725,"weight":2.8135},
{"Node_id":8726,"weight":2.8381},
{"Node_id":8727,"weight":2.889},
{"Node_id":8728,"weight":2.0338},
{"Node_id":8730,"weight":1.9323},
{"Node_id":8731,"weight":1.7237},
{"Node_id":8732,"weight":1.7599},
{"Node_id":8733,"weight":2.3015},
{"Node_id":8734,"weight":1.4881},
{"Node_id":8735,"weight":1.3988},
{"Node_id":8736,"weight":2.9786},
{"Node_id":8737,"weight":3.3652},
{"Node_id":8738,"weight":2.6337},
{"Node_id":8739,"weight":1.5485},
{"Node_id":8740,"weight":2.5297},
{"Node_id":8741,"weight":1.5327},
{"Node_id":8742,"weight":1.7663},
{"Node_id":8743,"weight":1.9423},
{"Node_id":8744,"weight":1.4422},
{"Node_id":8745,"weight":1.5885},
{"Node_id":8746,"weight":1.5729},
{"Node_id":8747,"weight":1.5306},
{"Node_id":8748,"weight":2.7409},
{"Node_id":8778,"weight":1.4052},
{"Node_id":8779,"weight":1.6324},
{"Node_id":8780,"weight":2.8711},
{"Node_id":8781,"weight":5.0933},
{"Node_id":8782,"weight":1.5659},
{"Node_id":8783,"weight":1.4782},
{"Node_id":8785,"weight":2.4796},
{"Node_id":8786,"weight":2.6337},
{"Node_id":8787,"weight":5.4927},
{"Node_id":8790,"weight":2.0928},
{"Node_id":8799,"weight":1.4862},
{"Node_id":8800,"weight":1.4435},
{"Node_id":8801,"weight":4.8458},
{"Node_id":8802,"weight":2.1622},
{"Node_id":8803,"weight":1.8253},
{"Node_id":8804,"weight":2.1928},
{"Node_id":8805,"weight":1.587},
{"Node_id":8806,"weight":1.656},
{"Node_id":8807,"weight":2.4684},
{"Node_id":8808,"weight":3.511},
{"Node_id":8809,"weight":1.5368},
{"Node_id":8810,"weight":1.6027},
{"Node_id":8812,"weight":1.8609},
{"Node_id":8817,"weight":2.6928},
{"Node_id":8818,"weight":3.3903},
{"Node_id":8819,"weight":2.2943},
{"Node_id":8823,"weight":2.1376},
{"Node_id":8824,"weight":2.6147},
{"Node_id":8825,"weight":2.0485},
{"Node_id":8827,"weight":2.97},
{"Node_id":8828,"weight":4.1513},
{"Node_id":8829,"weight":2.9031},
{"Node_id":8830,"weight":1.5197},
{"Node_id":8831,"weight":3.4356},
{"Node_id":8832,"weight":4.4538},
{"Node_id":8833,"weight":3.2507},
{"Node_id":8834,"weight":1.4775},
{"Node_id":8835,"weight":3.6595},
{"Node_id":8836,"weight":1.4769},
{"Node_id":8837,"weight":4.7832},
{"Node_id":8838,"weight":1.8354},
{"Node_id":8839,"weight":2.7857},
{"Node_id":8841,"weight":4.284},
{"Node_id":8842,"weight":1.8643},
{"Node_id":8843,"weight":2.1354},
{"Node_id":8844,"weight":1.8153},
{"Node_id":8847,"weight":2.5882},
{"Node_id":8848,"weight":2.1774},
{"Node_id":8849,"weight":4.0049},
{"Node_id":8850,"weight":2.9444},
{"Node_id":8851,"weight":2.6466},
{"Node_id":8852,"weight":2.1796},
{"Node_id":8853,"weight":3.3079},
{"Node_id":8854,"weight":3.562},
{"Node_id":8855,"weight":1.6164},
{"Node_id":8857,"weight":2.4994},
{"Node_id":8858,"weight":2.6022},
{"Node_id":8859,"weight":1.5603},
{"Node_id":8860,"weight":2.2716},
{"Node_id":8861,"weight":3.3287},
{"Node_id":8862,"weight":1.7543},
{"Node_id":8863,"weight":3.3468},
{"Node_id":8864,"weight":1.9098},
{"Node_id":8865,"weight":1.8078},
{"Node_id":8866,"weight":2.4519},
{"Node_id":8867,"weight":3.3138},
{"Node_id":8868,"weight":2.6434},
{"Node_id":8870,"weight":1.8379},
{"Node_id":8871,"weight":1.7711},
{"Node_id":8872,"weight":3.0072},
{"Node_id":8873,"weight":1.5485},
{"Node_id":8874,"weight":1.4585},
{"Node_id":8875,"weight":3.1222},
{"Node_id":8876,"weight":2.1752},
{"Node_id":8877,"weight":2.6321},
{"Node_id":8878,"weight":2.7183},
{"Node_id":8880,"weight":3.1026},
{"Node_id":8882,"weight":1.4868},
{"Node_id":8883,"weight":1.6785},
{"Node_id":8884,"weight":2.2576},
{"Node_id":8885,"weight":3.1625},
{"Node_id":8886,"weight":1.827},
{"Node_id":8887,"weight":2.3814},
{"Node_id":8888,"weight":2.6761},
{"Node_id":8889,"weight":1.7988},
{"Node_id":8891,"weight":2.4342},
{"Node_id":8892,"weight":1.4461},
{"Node_id":8893,"weight":3.4356},
{"Node_id":8910,"weight":2.3827},
{"Node_id":8911,"weight":2.1514},
{"Node_id":8912,"weight":1.421},
{"Node_id":8913,"weight":4.2546},
{"Node_id":8914,"weight":2.889},
{"Node_id":8915,"weight":2.6162},
{"Node_id":8918,"weight":4.508},
{"Node_id":8921,"weight":2.6401},
{"Node_id":8924,"weight":2.1197},
{"Node_id":8925,"weight":1.9161},
{"Node_id":8963,"weight":1.7105},
{"Node_id":8964,"weight":2.1239},
{"Node_id":8966,"weight":2.7115},
{"Node_id":8967,"weight":2.3597},
{"Node_id":8968,"weight":1.6383},
{"Node_id":8969,"weight":1.4624},
{"Node_id":8970,"weight":3.6392},
{"Node_id":8971,"weight":1.7338},
{"Node_id":8972,"weight":4.3776},
{"Node_id":8973,"weight":1.7089},
{"Node_id":8974,"weight":1.4789},
{"Node_id":8975,"weight":3.2591},
{"Node_id":8976,"weight":3.3871},
{"Node_id":8977,"weight":2.9277},
{"Node_id":8978,"weight":4.5653},
{"Node_id":8979,"weight":3.2178},
{"Node_id":8981,"weight":2.2073},
{"Node_id":8982,"weight":1.5779},
{"Node_id":8983,"weight":3.8085},
{"Node_id":8984,"weight":1.6186},
{"Node_id":8985,"weight":6.8113},
{"Node_id":8986,"weight":1.6179},
{"Node_id":8987,"weight":1.7377},
{"Node_id":8988,"weight":2.4588},
{"Node_id":8989,"weight":1.6478},
{"Node_id":8990,"weight":1.5231},
{"Node_id":8991,"weight":2.342},
{"Node_id":8992,"weight":1.4644},
{"Node_id":8993,"weight":2.0595},
{"Node_id":8994,"weight":2.2681},
{"Node_id":9001,"weight":3.3871},
{"Node_id":9002,"weight":1.5807},
{"Node_id":9003,"weight":2.7586},
{"Node_id":9004,"weight":2.885},
{"Node_id":9005,"weight":4.5653},
{"Node_id":9006,"weight":3.3683},
{"Node_id":9007,"weight":2.7374},
{"Node_id":9010,"weight":2.0485},
{"Node_id":9011,"weight":1.8261},
{"Node_id":9012,"weight":2.9593},
{"Node_id":9013,"weight":2.0565},
{"Node_id":9014,"weight":2.5123},
{"Node_id":9015,"weight":1.4121},
{"Node_id":9016,"weight":2.2061},
{"Node_id":9017,"weight":1.7136},
{"Node_id":9019,"weight":1.7182},
{"Node_id":9022,"weight":2.0605},
{"Node_id":9023,"weight":3.6233},
{"Node_id":9026,"weight":2.6242},
{"Node_id":9027,"weight":1.5771},
{"Node_id":9028,"weight":1.5402},
{"Node_id":9029,"weight":3.2591},
{"Node_id":9030,"weight":1.6754},
{"Node_id":9031,"weight":1.5238},
{"Node_id":9032,"weight":2.0096},
{"Node_id":9033,"weight":2.8381},
{"Node_id":9034,"weight":2.1155},
{"Node_id":9035,"weight":1.5687},
{"Node_id":9036,"weight":1.4014},
{"Node_id":9037,"weight":1.7417},
{"Node_id":9038,"weight":2.3699},
{"Node_id":9041,"weight":1.6078},
{"Node_id":9043,"weight":3.562},
{"Node_id":9044,"weight":2.8633},
{"Node_id":9050,"weight":3.5326},
{"Node_id":9051,"weight":4.0163},
{"Node_id":9052,"weight":3.226},
{"Node_id":9053,"weight":1.7051},
{"Node_id":9054,"weight":2.9113},
{"Node_id":9055,"weight":1.8913},
{"Node_id":9058,"weight":1.6085},
{"Node_id":9059,"weight":1.5999},
{"Node_id":9060,"weight":3.0738},
{"Node_id":9061,"weight":1.5878},
{"Node_id":9154,"weight":2.2907},
{"Node_id":9159,"weight":3.5398},
{"Node_id":9160,"weight":1.8379},
{"Node_id":9161,"weight":1.3907},
{"Node_id":9163,"weight":4.0049},
{"Node_id":9164,"weight":3.4969},
{"Node_id":9165,"weight":1.7841},
{"Node_id":9166,"weight":2.4966},
{"Node_id":9167,"weight":4.9126},
{"Node_id":9168,"weight":3.562},
{"Node_id":9169,"weight":4.9548},
{"Node_id":9170,"weight":4.7592},
{"Node_id":9171,"weight":2.1873},
{"Node_id":9286,"weight":2.4994},
{"Node_id":9287,"weight":5.4448},
{"Node_id":9288,"weight":1.7988},
{"Node_id":9289,"weight":1.6412},
{"Node_id":9290,"weight":1.4802},
{"Node_id":9291,"weight":1.4683},
{"Node_id":9292,"weight":4.0634},
{"Node_id":9293,"weight":2.895},
{"Node_id":9294,"weight":3.3347},
{"Node_id":9295,"weight":1.6508},
{"Node_id":9296,"weight":3.3777},
{"Node_id":9297,"weight":2.9072},
{"Node_id":9298,"weight":1.4178},
{"Node_id":9299,"weight":2.4881},
{"Node_id":9300,"weight":2.3788},
{"Node_id":9301,"weight":2.9614},
{"Node_id":9302,"weight":1.6664},
{"Node_id":9303,"weight":1.7963},
{"Node_id":9304,"weight":1.9143},
{"Node_id":9305,"weight":1.6523},
{"Node_id":9306,"weight":1.6538},
{"Node_id":9307,"weight":1.9036},
{"Node_id":9309,"weight":3.3999},
{"Node_id":9310,"weight":2.3584},
{"Node_id":9311,"weight":2.1785},
{"Node_id":9312,"weight":2.5224},
{"Node_id":9313,"weight":2.4601},
{"Node_id":9314,"weight":1.7074},
{"Node_id":9315,"weight":1.8834},
{"Node_id":9316,"weight":1.8921},
{"Node_id":9317,"weight":1.39},
{"Node_id":9318,"weight":2.2106},
{"Node_id":9319,"weight":1.9241},
{"Node_id":9320,"weight":1.6627},
{"Node_id":9321,"weight":3.0667},
{"Node_id":9322,"weight":2.0605},
{"Node_id":9323,"weight":2.2895},
{"Node_id":9324,"weight":1.43},
{"Node_id":9329,"weight":2.8305},
{"Node_id":9330,"weight":1.7825},
{"Node_id":9467,"weight":1.6186},
{"Node_id":9468,"weight":2.4754},
{"Node_id":9469,"weight":1.8756},
{"Node_id":9650,"weight":1.9532},
{"Node_id":9776,"weight":3.2071},
{"Node_id":9777,"weight":1.7988},
{"Node_id":9872,"weight":3.3529},
{"Node_id":9915,"weight":2.658},
{"Node_id":9930,"weight":2.5371},
{"Node_id":9931,"weight":5.9496},
{"Node_id":9958,"weight":1.5589},
{"Node_id":9959,"weight":2.7098},
{"Node_id":10075,"weight":1.7543},
{"Node_id":10076,"weight":1.9746},
{"Node_id":10149,"weight":1.4729},
{"Node_id":10171,"weight":2.4754},
{"Node_id":10172,"weight":2.4302},
{"Node_id":10212,"weight":1.7898},
{"Node_id":10213,"weight":1.7043},
{"Node_id":10214,"weight":1.6612},
{"Node_id":10215,"weight":1.8669},
{"Node_id":10216,"weight":1.6762},
{"Node_id":10217,"weight":2.2208},
{"Node_id":10218,"weight":3.0297},
{"Node_id":10219,"weight":2.4262},
{"Node_id":10220,"weight":2.4155},
{"Node_id":10221,"weight":3.2017},
{"Node_id":10222,"weight":2.4866},
{"Node_id":10223,"weight":2.9939},
{"Node_id":10224,"weight":4.4538},
{"Node_id":10225,"weight":2.1796},
{"Node_id":10226,"weight":1.8523},
{"Node_id":10227,"weight":2.0038},
{"Node_id":10228,"weight":1.9934},
{"Node_id":10229,"weight":1.5652},
{"Node_id":10230,"weight":1.6792},
{"Node_id":10231,"weight":1.561},
{"Node_id":10232,"weight":1.5892},
{"Node_id":10233,"weight":1.6006},
{"Node_id":10234,"weight":1.7377},
{"Node_id":10235,"weight":2.3321},
{"Node_id":10236,"weight":2.0202},
{"Node_id":10237,"weight":4.284},
{"Node_id":10238,"weight":3.4969},
{"Node_id":10239,"weight":1.5736},
{"Node_id":10240,"weight":1.7857},
{"Node_id":10241,"weight":2.3271},
{"Node_id":10242,"weight":1.873},
{"Node_id":10243,"weight":2.0685},
{"Node_id":10244,"weight":1.8506},
{"Node_id":10245,"weight":2.5609},
{"Node_id":10246,"weight":1.6034},
{"Node_id":10247,"weight":2.0358},
{"Node_id":10248,"weight":3.3808},
{"Node_id":10249,"weight":2.2599},
{"Node_id":10250,"weight":3.6801},
{"Node_id":10251,"weight":5.1441},
{"Node_id":10252,"weight":4.0396},
{"Node_id":10253,"weight":2.1611},
{"Node_id":10254,"weight":4.7832},
{"Node_id":10255,"weight":3.4258},
{"Node_id":10256,"weight":2.6662},
{"Node_id":10257,"weight":2.4208},
{"Node_id":10258,"weight":1.5687},
{"Node_id":10259,"weight":2.8191},
{"Node_id":10260,"weight":1.4935},
{"Node_id":10261,"weight":1.7362},
{"Node_id":10264,"weight":6.1637},
{"Node_id":10265,"weight":1.9359},
{"Node_id":10266,"weight":3.3287},
{"Node_id":10267,"weight":3.0458},
{"Node_id":10268,"weight":2.1165},
{"Node_id":10269,"weight":1.5022},
{"Node_id":10270,"weight":2.5066},
{"Node_id":10273,"weight":1.4281},
{"Node_id":10274,"weight":2.4089},
{"Node_id":10275,"weight":1.7615},
{"Node_id":10276,"weight":1.4995},
{"Node_id":10277,"weight":1.9597},
{"Node_id":10278,"weight":2.955},
{"Node_id":10281,"weight":2.4235},
{"Node_id":10282,"weight":1.6634},
{"Node_id":10328,"weight":1.6883},
{"Node_id":10351,"weight":3.2676},
{"Node_id":10353,"weight":2.1062},
{"Node_id":10354,"weight":1.5949},
{"Node_id":10355,"weight":2.0705},
{"Node_id":10356,"weight":5.1441},
{"Node_id":10357,"weight":1.9018},
{"Node_id":10358,"weight":1.5582},
{"Node_id":10359,"weight":1.9477},
{"Node_id":10360,"weight":3.4095},
{"Node_id":10361,"weight":1.798},
{"Node_id":10362,"weight":3.8132},
{"Node_id":10363,"weight":5.1794},
{"Node_id":10364,"weight":8.1114},
{"Node_id":10365,"weight":3.5732},
{"Node_id":10366,"weight":6.5699},
{"Node_id":10367,"weight":1.8506},
{"Node_id":10368,"weight":3.2098},
{"Node_id":10369,"weight":2.1665},
{"Node_id":10372,"weight":2.0959},
{"Node_id":10373,"weight":3.1099},
{"Node_id":10374,"weight":2.2907},
{"Node_id":10375,"weight":5.2734},
{"Node_id":10376,"weight":3.8372},
{"Node_id":10377,"weight":1.6649},
{"Node_id":10378,"weight":2.5775},
{"Node_id":10379,"weight":3.0929},
{"Node_id":10380,"weight":1.7036},
{"Node_id":10381,"weight":2.5297},
{"Node_id":10382,"weight":1.917},
{"Node_id":10383,"weight":1.5416},
{"Node_id":10384,"weight":2.5913},
{"Node_id":10385,"weight":2.2006},
{"Node_id":10386,"weight":2.2073},
{"Node_id":10387,"weight":1.7346},
{"Node_id":10388,"weight":1.7252},
{"Node_id":10389,"weight":2.2871},
{"Node_id":10390,"weight":2.375},
{"Node_id":10391,"weight":1.9487},
{"Node_id":10392,"weight":2.5684},
{"Node_id":10393,"weight":2.4221},
{"Node_id":10394,"weight":1.6523},
{"Node_id":10395,"weight":2.1031},
{"Node_id":10396,"weight":1.7607},
{"Node_id":10397,"weight":1.4045},
{"Node_id":10398,"weight":2.3321},
{"Node_id":10399,"weight":3.5146},
{"Node_id":10400,"weight":3.7991},
{"Node_id":10401,"weight":2.5534},
{"Node_id":10402,"weight":2.2028},
{"Node_id":10403,"weight":1.9896},
{"Node_id":10404,"weight":1.8843},
{"Node_id":10405,"weight":2.8381},
{"Node_id":10406,"weight":1.5076},
{"Node_id":10407,"weight":2.184},
{"Node_id":10408,"weight":2.0416},
{"Node_id":10409,"weight":3.7579},
{"Node_id":10410,"weight":1.9296},
{"Node_id":10411,"weight":2.1093},
{"Node_id":10412,"weight":2.7876},
{"Node_id":10413,"weight":2.2657},
{"Node_id":10414,"weight":3.1651},
{"Node_id":10415,"weight":4.0163},
{"Node_id":10416,"weight":2.0192},
{"Node_id":10417,"weight":2.6678},
{"Node_id":10418,"weight":2.4768},
{"Node_id":10419,"weight":1.5245},
{"Node_id":10420,"weight":4.7954},
{"Node_id":10421,"weight":1.9896},
{"Node_id":10422,"weight":2.3075},
{"Node_id":10423,"weight":2.5023},
{"Node_id":10424,"weight":1.421},
{"Node_id":10425,"weight":1.7151},
{"Node_id":10426,"weight":1.5575},
{"Node_id":10427,"weight":1.9634},
{"Node_id":10448,"weight":2.5312},
{"Node_id":10470,"weight":3.1651},
{"Node_id":10486,"weight":2.0231},
{"Node_id":10501,"weight":2.6945},
{"Node_id":10502,"weight":3.6843},
{"Node_id":10503,"weight":2.6037},
{"Node_id":10518,"weight":3.6233},
{"Node_id":10519,"weight":2.5341},
{"Node_id":10520,"weight":2.6482},
{"Node_id":10521,"weight":2.2095},
{"Node_id":10522,"weight":2.2634},
{"Node_id":10523,"weight":1.653},
{"Node_id":10524,"weight":1.397},
{"Node_id":10525,"weight":2.5166},
{"Node_id":10526,"weight":1.9468},
{"Node_id":10527,"weight":2.0338},
{"Node_id":10528,"weight":1.7528},
{"Node_id":10529,"weight":1.53},
{"Node_id":10604,"weight":1.8128},
{"Node_id":10605,"weight":2.9808},
{"Node_id":10606,"weight":4.2402},
{"Node_id":10607,"weight":1.935},
{"Node_id":10608,"weight":1.6792},
{"Node_id":10609,"weight":3.2591},
{"Node_id":10610,"weight":1.6538},
{"Node_id":10611,"weight":2.1568},
{"Node_id":10612,"weight":3.1781},
{"Node_id":10613,"weight":2.881},
{"Node_id":10614,"weight":1.4848},
{"Node_id":10615,"weight":1.5793},
{"Node_id":10616,"weight":3.1833},
{"Node_id":10617,"weight":2.7857},
{"Node_id":10618,"weight":1.659},
{"Node_id":10619,"weight":1.6754},
{"Node_id":10620,"weight":1.7575},
{"Node_id":10621,"weight":2.2955},
{"Node_id":10622,"weight":2.0202},
{"Node_id":10623,"weight":2.7235},
{"Node_id":10624,"weight":2.1796},
{"Node_id":10625,"weight":2.7339},
{"Node_id":10626,"weight":3.3967},
{"Node_id":10627,"weight":2.4208},
{"Node_id":10628,"weight":1.5652},
{"Node_id":10629,"weight":2.6945},
{"Node_id":10630,"weight":4.1064},
{"Node_id":10634,"weight":1.5259},
{"Node_id":10635,"weight":2.1312},
{"Node_id":10636,"weight":1.5002},
{"Node_id":10637,"weight":6.3182},
{"Node_id":10638,"weight":2.0745},
{"Node_id":10639,"weight":1.4822},
{"Node_id":10640,"weight":1.4848},
{"Node_id":10641,"weight":2.0436},
{"Node_id":10642,"weight":1.9905},
{"Node_id":10643,"weight":2.4852},
{"Node_id":10644,"weight":1.8643},
{"Node_id":10645,"weight":3.1651},
{"Node_id":10646,"weight":3.7357},
{"Node_id":10647,"weight":1.3932},
{"Node_id":10648,"weight":1.4975},
{"Node_id":10649,"weight":1.8037},
{"Node_id":10650,"weight":1.5963},
{"Node_id":10651,"weight":2.5224},
{"Node_id":10652,"weight":3.842},
{"Node_id":10653,"weight":2.1622},
{"Node_id":10654,"weight":1.8515},
{"Node_id":10655,"weight":5.8401},
{"Node_id":10656,"weight":1.6906},
{"Node_id":10657,"weight":1.7736},
{"Node_id":10658,"weight":1.9296},
{"Node_id":10659,"weight":2.7857},
{"Node_id":10660,"weight":2.3546},
{"Node_id":10661,"weight":3.776},
{"Node_id":10662,"weight":4.0694},
{"Node_id":10663,"weight":2.4671},
{"Node_id":10664,"weight":2.173},
{"Node_id":10665,"weight":1.752},
{"Node_id":10666,"weight":2.0038},
{"Node_id":10667,"weight":1.4371},
{"Node_id":10668,"weight":2.7081},
{"Node_id":10669,"weight":1.4835},
{"Node_id":10670,"weight":1.9962},
{"Node_id":10671,"weight":2.727},
{"Node_id":10672,"weight":2.2517},
{"Node_id":10673,"weight":2.3648},
{"Node_id":10674,"weight":3.596},
{"Node_id":10675,"weight":2.6257},
{"Node_id":10676,"weight":2.4275},
{"Node_id":10677,"weight":1.9277},
{"Node_id":10678,"weight":2.3866},
{"Node_id":10679,"weight":5.3992},
{"Node_id":10680,"weight":1.4624},
{"Node_id":10681,"weight":1.5485},
{"Node_id":10682,"weight":2.3395},
{"Node_id":10683,"weight":1.8895},
{"Node_id":10684,"weight":2.4588},
{"Node_id":10685,"weight":2.2799},
{"Node_id":10686,"weight":2.8652},
{"Node_id":10687,"weight":1.5062},
{"Node_id":10688,"weight":1.4881},
{"Node_id":10689,"weight":1.5842},
{"Node_id":10690,"weight":1.4921},
{"Node_id":10691,"weight":1.8078},
{"Node_id":10692,"weight":1.776},
{"Node_id":10693,"weight":3.305},
{"Node_id":10694,"weight":2.5959},
{"Node_id":10695,"weight":1.6974},
{"Node_id":10696,"weight":2.2196},
{"Node_id":10697,"weight":1.4848},
{"Node_id":10698,"weight":2.881},
{"Node_id":10699,"weight":1.7401},
{"Node_id":10700,"weight":2.3234},
{"Node_id":10701,"weight":1.6208},
{"Node_id":10702,"weight":2.6563},
{"Node_id":10703,"weight":1.6486},
{"Node_id":10704,"weight":1.9332},
{"Node_id":10705,"weight":1.8523},
{"Node_id":10706,"weight":2.8229},
{"Node_id":10707,"weight":2.5579},
{"Node_id":10729,"weight":2.0907},
{"Node_id":10730,"weight":6.0725},
{"Node_id":10731,"weight":2.8574},
{"Node_id":10732,"weight":1.4178},
{"Node_id":10733,"weight":1.5992},
{"Node_id":10734,"weight":2.1719},
{"Node_id":10735,"weight":1.5035},
{"Node_id":10736,"weight":1.3882},
{"Node_id":10737,"weight":2.2576},
{"Node_id":10738,"weight":3.3652},
{"Node_id":10739,"weight":2.5254},
{"Node_id":10740,"weight":1.7105},
{"Node_id":10741,"weight":4.8458},
{"Node_id":10742,"weight":2.2552},
{"Node_id":10743,"weight":1.3988},
{"Node_id":10744,"weight":1.4172},
{"Node_id":10745,"weight":1.6523},
{"Node_id":10746,"weight":1.7963},
{"Node_id":10747,"weight":4.1002},
{"Node_id":10748,"weight":2.5066},
{"Node_id":10749,"weight":2.5385},
{"Node_id":10750,"weight":2.877},
{"Node_id":10751,"weight":1.9523},
{"Node_id":10752,"weight":2.5714},
{"Node_id":10753,"weight":1.4565},
{"Node_id":10754,"weight":1.744},
{"Node_id":10755,"weight":1.6732},
{"Node_id":10756,"weight":1.798},
{"Node_id":10757,"weight":1.9305},
{"Node_id":10758,"weight":1.4229},
{"Node_id":10759,"weight":1.543},
{"Node_id":10760,"weight":4.1711},
{"Node_id":10761,"weight":2.6711},
{"Node_id":10762,"weight":2.205},
{"Node_id":10763,"weight":3.1347},
{"Node_id":10764,"weight":1.4815},
{"Node_id":10765,"weight":1.752},
{"Node_id":10766,"weight":3.0252},
{"Node_id":10767,"weight":1.6368},
{"Node_id":10768,"weight":2.9593},
{"Node_id":10769,"weight":3.1964},
{"Node_id":10770,"weight":2.0565},
{"Node_id":10771,"weight":1.9296},
{"Node_id":10772,"weight":1.8136},
{"Node_id":10773,"weight":2.2242},
{"Node_id":10774,"weight":2.3571},
{"Node_id":10775,"weight":3.8038},
{"Node_id":10776,"weight":2.0938},
{"Node_id":10777,"weight":2.0745},
{"Node_id":10778,"weight":2.5123},
{"Node_id":10779,"weight":1.5786},
{"Node_id":10780,"weight":1.726},
{"Node_id":10781,"weight":1.4663},
{"Node_id":10782,"weight":2.6563},
{"Node_id":10783,"weight":1.4147},
{"Node_id":10784,"weight":2.9011},
{"Node_id":10785,"weight":5.2347},
{"Node_id":10786,"weight":3.4095},
{"Node_id":10787,"weight":3.4225},
{"Node_id":10788,"weight":1.8557},
{"Node_id":10789,"weight":2.6498},
{"Node_id":10790,"weight":2.1134},
{"Node_id":10791,"weight":2.366},
{"Node_id":10792,"weight":1.9395},
{"Node_id":10793,"weight":3.1859},
{"Node_id":10794,"weight":2.2907},
{"Node_id":10795,"weight":1.8337},
{"Node_id":10796,"weight":1.5652},
{"Node_id":10797,"weight":2.543},
{"Node_id":10798,"weight":5.8061},
{"Node_id":10799,"weight":3.6969},
{"Node_id":10800,"weight":2.1774},
{"Node_id":10801,"weight":1.4795},
{"Node_id":10802,"weight":1.3944},
{"Node_id":10803,"weight":2.3222},
{"Node_id":10804,"weight":1.8012},
{"Node_id":10805,"weight":5.2933},
{"Node_id":10808,"weight":1.5652},
{"Node_id":10809,"weight":2.5944},
{"Node_id":10810,"weight":2.0856},
{"Node_id":10811,"weight":1.5029},
{"Node_id":10812,"weight":2.8751},
{"Node_id":10813,"weight":1.5361},
{"Node_id":10814,"weight":3.2342},
{"Node_id":10815,"weight":1.9432},
{"Node_id":10816,"weight":1.639},
{"Node_id":10817,"weight":2.0436},
{"Node_id":10820,"weight":5.7105},
{"Node_id":10857,"weight":1.8834},
{"Node_id":10858,"weight":1.6657},
{"Node_id":10859,"weight":2.0918},
{"Node_id":10860,"weight":4.8588},
{"Node_id":10861,"weight":2.9257},
{"Node_id":10862,"weight":3.4323},
{"Node_id":10872,"weight":1.8756},
{"Node_id":10928,"weight":4.1982},
{"Node_id":10929,"weight":3.6392},
{"Node_id":10930,"weight":1.9727},
{"Node_id":10931,"weight":5.7414},
{"Node_id":10932,"weight":3.0929},
{"Node_id":10933,"weight":2.3609},
{"Node_id":10934,"weight":1.7113},
{"Node_id":10935,"weight":1.4268},
{"Node_id":10938,"weight":2.9896},
{"Node_id":10939,"weight":2.0938},
{"Node_id":10940,"weight":3.6718},
{"Node_id":10941,"weight":2.1124},
{"Node_id":10942,"weight":2.5519},
{"Node_id":10943,"weight":2.3445},
{"Node_id":10944,"weight":1.5527},
{"Node_id":10945,"weight":1.752},
{"Node_id":10946,"weight":2.7658},
{"Node_id":10947,"weight":1.9241},
{"Node_id":10948,"weight":1.8506},
{"Node_id":10949,"weight":2.4951},
{"Node_id":10950,"weight":3.3168},
{"Node_id":10951,"weight":1.9368},
{"Node_id":10952,"weight":2.2599},
{"Node_id":10953,"weight":1.8532},
{"Node_id":10954,"weight":2.2379},
{"Node_id":10955,"weight":1.8379},
{"Node_id":10956,"weight":3.6718},
{"Node_id":10957,"weight":1.6317},
{"Node_id":10958,"weight":3.7624},
{"Node_id":10959,"weight":1.5617},
{"Node_id":10960,"weight":1.8566},
{"Node_id":10961,"weight":1.8575},
{"Node_id":10962,"weight":1.6013},
{"Node_id":10966,"weight":2.508},
{"Node_id":10967,"weight":1.4198},
{"Node_id":10968,"weight":2.4478},
{"Node_id":10969,"weight":1.4474},
{"Node_id":10970,"weight":3.0229},
{"Node_id":10971,"weight":2.0377},
{"Node_id":10972,"weight":1.5218},
{"Node_id":11205,"weight":4.833},
{"Node_id":11206,"weight":1.5485},
{"Node_id":11207,"weight":2.3063},
{"Node_id":11208,"weight":1.8957},
{"Node_id":11211,"weight":4.1914},
{"Node_id":11212,"weight":4.3534},
{"Node_id":11213,"weight":1.6302},
{"Node_id":11214,"weight":1.8738},
{"Node_id":11215,"weight":1.5245},
{"Node_id":11216,"weight":5.0294},
{"Node_id":11217,"weight":1.5807},
{"Node_id":11218,"weight":3.8716},
{"Node_id":11219,"weight":2.2907},
{"Node_id":11220,"weight":2.6612},
{"Node_id":11221,"weight":2.2061},
{"Node_id":11222,"weight":1.5218},
{"Node_id":11223,"weight":2.2017},
{"Node_id":11224,"weight":5.3771},
{"Node_id":11225,"weight":2.3918},
{"Node_id":11226,"weight":1.5327},
{"Node_id":11227,"weight":1.5527},
{"Node_id":11228,"weight":2.2448},
{"Node_id":11372,"weight":5.2347},
{"Node_id":11373,"weight":1.9606},
{"Node_id":11374,"weight":1.7719},
{"Node_id":11375,"weight":1.4474},
{"Node_id":11376,"weight":2.4768},
{"Node_id":11387,"weight":1.7417},
{"Node_id":11388,"weight":2.9808},
{"Node_id":11391,"weight":1.4128},
{"Node_id":11392,"weight":1.5992},
{"Node_id":11393,"weight":1.6762},
{"Node_id":11394,"weight":2.0212},
{"Node_id":11395,"weight":3.0389},
{"Node_id":11396,"weight":3.3377},
{"Node_id":11441,"weight":2.6337},
{"Node_id":11442,"weight":1.7448},
{"Node_id":11443,"weight":1.6331},
{"Node_id":11444,"weight":2.0397},
{"Node_id":11445,"weight":1.7464},
{"Node_id":11446,"weight":1.9802},
{"Node_id":11447,"weight":2.027},
{"Node_id":11448,"weight":1.5828},
{"Node_id":11449,"weight":3.0504},
{"Node_id":11450,"weight":1.4281},
{"Node_id":11451,"weight":2.1557},
{"Node_id":11452,"weight":1.7881},
{"Node_id":11461,"weight":2.645},
{"Node_id":11462,"weight":1.575},
{"Node_id":11508,"weight":4.212},
{"Node_id":11509,"weight":3.5326},
{"Node_id":11510,"weight":3.248},
{"Node_id":11511,"weight":1.4526},
{"Node_id":11551,"weight":2.9917},
{"Node_id":11552,"weight":1.5779},
{"Node_id":11553,"weight":2.1503},
{"Node_id":11554,"weight":1.465},
{"Node_id":11555,"weight":1.9811},
{"Node_id":11556,"weight":1.4526},
{"Node_id":11557,"weight":1.5771},
{"Node_id":11558,"weight":1.8062},
{"Node_id":11559,"weight":2.0125},
{"Node_id":11560,"weight":5.7414},
{"Node_id":11561,"weight":4.1318},
{"Node_id":11562,"weight":2.5371},
{"Node_id":11563,"weight":2.1323},
{"Node_id":11564,"weight":1.4223},
{"Node_id":11565,"weight":4.3858},
{"Node_id":11566,"weight":4.4364},
{"Node_id":11567,"weight":1.4064},
{"Node_id":11568,"weight":1.4533},
{"Node_id":11569,"weight":1.513},
{"Node_id":11570,"weight":1.7036},
{"Node_id":11571,"weight":2.1218},
{"Node_id":11572,"weight":4.4451},
{"Node_id":11573,"weight":1.6538},
{"Node_id":11574,"weight":2.2185},
{"Node_id":11575,"weight":1.7535},
{"Node_id":11576,"weight":2.102},
{"Node_id":11577,"weight":1.397},
{"Node_id":11578,"weight":2.0685},
{"Node_id":11579,"weight":1.8851},
{"Node_id":11580,"weight":1.8379},
{"Node_id":11581,"weight":5.6515},
{"Node_id":11582,"weight":1.8992},
{"Node_id":11583,"weight":1.7939},
{"Node_id":11584,"weight":2.0125},
{"Node_id":11585,"weight":2.5594},
{"Node_id":11586,"weight":1.7244},
{"Node_id":11587,"weight":3.6969},
{"Node_id":11588,"weight":3.1703},
{"Node_id":11589,"weight":1.5184},
{"Node_id":11590,"weight":1.3869},
{"Node_id":11591,"weight":2.1829},
{"Node_id":11592,"weight":2.2196},
{"Node_id":11593,"weight":1.9597},
{"Node_id":11594,"weight":2.8477},
{"Node_id":11595,"weight":1.6694},
{"Node_id":11596,"weight":3.577},
{"Node_id":11597,"weight":2.889},
{"Node_id":11598,"weight":2.885},
{"Node_id":11599,"weight":1.5259},
{"Node_id":11600,"weight":3.8567},
{"Node_id":11601,"weight":3.3079},
{"Node_id":11602,"weight":1.8354},
{"Node_id":11603,"weight":1.7736},
{"Node_id":11604,"weight":3.714},
{"Node_id":11605,"weight":1.8371},
{"Node_id":11606,"weight":2.9808},
{"Node_id":11607,"weight":2.9614},
{"Node_id":11608,"weight":3.4934},
{"Node_id":11609,"weight":1.3882},
{"Node_id":11610,"weight":1.7623},
{"Node_id":11611,"weight":2.3711},
{"Node_id":11612,"weight":1.4313},
{"Node_id":11613,"weight":1.5527},
{"Node_id":11614,"weight":2.2599},
{"Node_id":11615,"weight":2.0029},
{"Node_id":11616,"weight":2.6596},
{"Node_id":11617,"weight":1.9359},
{"Node_id":11618,"weight":2.9381},
{"Node_id":11619,"weight":2.9174},
{"Node_id":11620,"weight":1.6171},
{"Node_id":11621,"weight":1.8103},
{"Node_id":11622,"weight":1.5334},
{"Node_id":11623,"weight":2.887},
{"Node_id":11624,"weight":1.8186},
{"Node_id":11625,"weight":1.9542},
{"Node_id":11636,"weight":1.6785},
{"Node_id":11637,"weight":3.0006},
{"Node_id":11638,"weight":2.1785},
{"Node_id":11639,"weight":3.0786},
{"Node_id":11640,"weight":3.8275},
{"Node_id":11641,"weight":1.7881},
{"Node_id":11642,"weight":3.055},
{"Node_id":11643,"weight":1.9662},
{"Node_id":11644,"weight":2.4671},
{"Node_id":11645,"weight":3.2905},
{"Node_id":11646,"weight":1.901},
{"Node_id":11647,"weight":1.9802},
{"Node_id":11648,"weight":1.9802},
{"Node_id":11649,"weight":7.8236},
{"Node_id":11653,"weight":1.6913},
{"Node_id":11654,"weight":2.645},
{"Node_id":11655,"weight":4.0163},
{"Node_id":11656,"weight":1.4915},
{"Node_id":11657,"weight":1.5347},
{"Node_id":11658,"weight":2.6531},
{"Node_id":11659,"weight":2.2611},
{"Node_id":11738,"weight":4.3454},
{"Node_id":11739,"weight":2.8248},
{"Node_id":11742,"weight":2.4994},
{"Node_id":11743,"weight":1.748},
{"Node_id":11744,"weight":1.4855},
{"Node_id":11745,"weight":2.764},
{"Node_id":11746,"weight":1.8721},
{"Node_id":11747,"weight":2.4492},
{"Node_id":11748,"weight":1.8904},
{"Node_id":11749,"weight":1.9783},
{"Node_id":11750,"weight":1.6508},
{"Node_id":11751,"weight":2.1302},
{"Node_id":11752,"weight":2.4356},
{"Node_id":11753,"weight":2.0897},
{"Node_id":11754,"weight":3.1322},
{"Node_id":11755,"weight":1.956},
{"Node_id":11756,"weight":4.5362},
{"Node_id":11757,"weight":2.8574},
{"Node_id":11760,"weight":4.6053},
{"Node_id":11761,"weight":2.7839},
{"Node_id":11762,"weight":1.5177},
{"Node_id":11763,"weight":1.414},
{"Node_id":11764,"weight":1.7496},
{"Node_id":11765,"weight":2.0318},
{"Node_id":11766,"weight":3.2424},
{"Node_id":11767,"weight":1.8756},
{"Node_id":11831,"weight":2.5371},
{"Node_id":11832,"weight":1.414},
{"Node_id":11833,"weight":2.4643},
{"Node_id":11862,"weight":1.8128},
{"Node_id":11863,"weight":1.4461},
{"Node_id":11864,"weight":2.0446},
{"Node_id":11865,"weight":2.5821},
{"Node_id":11866,"weight":3.4761},
{"Node_id":11867,"weight":1.5062},
{"Node_id":11868,"weight":2.0989},
{"Node_id":11869,"weight":2.3788},
{"Node_id":11870,"weight":1.5485},
{"Node_id":11871,"weight":4.4108},
{"Node_id":11874,"weight":1.4384},
{"Node_id":11875,"weight":2.7551},
{"Node_id":11876,"weight":1.7409},
{"Node_id":11877,"weight":2.1333},
{"Node_id":11878,"weight":1.9634},
{"Node_id":11879,"weight":1.8111},
{"Node_id":11880,"weight":2.7604},
{"Node_id":11881,"weight":1.5779},
{"Node_id":11882,"weight":4.1383},
{"Node_id":11883,"weight":1.4565},
{"Node_id":11884,"weight":3.6233},
{"Node_id":11885,"weight":1.7599},
{"Node_id":11886,"weight":2.5806},
{"Node_id":11887,"weight":1.4096},
{"Node_id":11888,"weight":3.9072},
{"Node_id":11889,"weight":1.8211},
{"Node_id":11890,"weight":2.5312},
{"Node_id":11891,"weight":1.8037},
{"Node_id":11892,"weight":2.9657},
{"Node_id":11893,"weight":2.6514},
{"Node_id":11894,"weight":1.4229},
{"Node_id":11895,"weight":2.7132},
{"Node_id":11896,"weight":1.8404},
{"Node_id":11897,"weight":1.9332},
{"Node_id":11898,"weight":2.5867},
{"Node_id":11899,"weight":1.6694},
{"Node_id":11900,"weight":4.119},
{"Node_id":11901,"weight":2.4937},
{"Node_id":11902,"weight":3.9992},
{"Node_id":11903,"weight":1.9268},
{"Node_id":11904,"weight":1.4351},
{"Node_id":11905,"weight":1.5361},
{"Node_id":11906,"weight":1.6501},
{"Node_id":11907,"weight":1.9001},
{"Node_id":15348,"weight":0.1294},
{"Node_id":15349,"weight":1.2721},
{"Node_id":15350,"weight":3.2676},
{"Node_id":15351,"weight":0.036},
{"Node_id":15352,"weight":2.8691},
{"Node_id":15357,"weight":2.7046},
{"Node_id":15358,"weight":0.5266},
{"Node_id":15359,"weight":0.49},
{"Node_id":15360,"weight":1.62},
{"Node_id":15361,"weight":2.1763},
{"Node_id":15362,"weight":0.6955},
{"Node_id":15363,"weight":2.5166},
{"Node_id":15364,"weight":5.4448},
{"Node_id":15365,"weight":1.9072},
{"Node_id":15366,"weight":0.6239},
{"Node_id":15367,"weight":0.9529},
{"Node_id":15368,"weight":1.0716},
{"Node_id":15369,"weight":0.944},
{"Node_id":15370,"weight":1.9569},
{"Node_id":15371,"weight":1.6822},
{"Node_id":15372,"weight":0.8274},
{"Node_id":15377,"weight":1.2856},
{"Node_id":15378,"weight":2.0755},
{"Node_id":15379,"weight":0.1519},
{"Node_id":15391,"weight":0.388},
{"Node_id":15392,"weight":1.2448}]