[{"Node_id":829,"weight":0.7598},
{"Node_id":831,"weight":2.498},
{"Node_id":832,"weight":1.827},
{"Node_id":855,"weight":4.0878},
{"Node_id":856,"weight":1.8245},
{"Node_id":857,"weight":2.173},
{"Node_id":858,"weight":2.1741},
{"Node_id":859,"weight":0.6803},
{"Node_id":860,"weight":3.2876},
{"Node_id":861,"weight":0.7755},
{"Node_id":862,"weight":3.7011},
{"Node_id":863,"weight":0.7829},
{"Node_id":867,"weight":1.4435},
{"Node_id":868,"weight":4.8588},
{"Node_id":870,"weight":2.5459},
{"Node_id":871,"weight":0.2258},
{"Node_id":872,"weight":1.7089},
{"Node_id":873,"weight":2.9153},
{"Node_id":874,"weight":0.2302},
{"Node_id":875,"weight":3.429},
{"Node_id":878,"weight":0.3437},
{"Node_id":879,"weight":0.2294},
{"Node_id":882,"weight":0.9579},
{"Node_id":885,"weight":0.3602},
{"Node_id":886,"weight":3.6233},
{"Node_id":887,"weight":1.6128},
{"Node_id":888,"weight":2.1763},
{"Node_id":889,"weight":4.8988},
{"Node_id":890,"weight":1.7535},
{"Node_id":891,"weight":0.6678},
{"Node_id":892,"weight":1.0465},
{"Node_id":893,"weight":0.8231},
{"Node_id":912,"weight":1.4191},
{"Node_id":913,"weight":1.1859},
{"Node_id":918,"weight":1.6258},
{"Node_id":919,"weight":0.3174},
{"Node_id":922,"weight":0.9203},
{"Node_id":923,"weight":0.9346},
{"Node_id":924,"weight":2.5195},
{"Node_id":925,"weight":1.0997},
{"Node_id":926,"weight":1.08},
{"Node_id":927,"weight":0.3293},
{"Node_id":928,"weight":0.2055},
{"Node_id":931,"weight":1.1698},
{"Node_id":932,"weight":0.3756},
{"Node_id":933,"weight":1.969},
{"Node_id":934,"weight":0.5849},
{"Node_id":935,"weight":0.216},
{"Node_id":936,"weight":0.0532},
{"Node_id":941,"weight":3.818},
{"Node_id":942,"weight":0.2408},
{"Node_id":943,"weight":3.7401},
{"Node_id":944,"weight":0.9982},
{"Node_id":945,"weight":0.4608},
{"Node_id":946,"weight":0.2884},
{"Node_id":947,"weight":1.5437},
{"Node_id":948,"weight":1.1914},
{"Node_id":949,"weight":0.7332},
{"Node_id":950,"weight":0.9714},
{"Node_id":951,"weight":0.9115},
{"Node_id":952,"weight":0.4768},
{"Node_id":953,"weight":0.2745},
{"Node_id":954,"weight":0.9095},
{"Node_id":955,"weight":0.1141},
{"Node_id":956,"weight":0.1491},
{"Node_id":957,"weight":0.4879},
{"Node_id":960,"weight":0.1322},
{"Node_id":961,"weight":0.5155},
{"Node_id":1082,"weight":0.6879},
{"Node_id":1083,"weight":1.8379},
{"Node_id":1084,"weight":1.2396},
{"Node_id":1858,"weight":0.9041},
{"Node_id":1859,"weight":1.3462},
{"Node_id":1860,"weight":0.4297},
{"Node_id":1862,"weight":1.8904},
{"Node_id":1864,"weight":0.7745},
{"Node_id":1865,"weight":1.2145},
{"Node_id":1866,"weight":0.9494},
{"Node_id":1867,"weight":1.39},
{"Node_id":1868,"weight":2.9896},
{"Node_id":1869,"weight":0.2282},
{"Node_id":1870,"weight":4.3694},
{"Node_id":1871,"weight":1.8878},
{"Node_id":1872,"weight":1.033},
{"Node_id":1873,"weight":2.1333},
{"Node_id":1874,"weight":0.6682},
{"Node_id":1875,"weight":0.2896},
{"Node_id":1880,"weight":0.7773},
{"Node_id":1881,"weight":1.8203},
{"Node_id":1882,"weight":3.5326},
{"Node_id":1883,"weight":1.3081},
{"Node_id":1887,"weight":0.4084},
{"Node_id":1888,"weight":0.1378},
{"Node_id":1889,"weight":1.2202},
{"Node_id":1890,"weight":2.4356},
{"Node_id":1894,"weight":1.2727},
{"Node_id":1895,"weight":0.9997},
{"Node_id":1896,"weight":0.8217},
{"Node_id":1897,"weight":1.139},
{"Node_id":1898,"weight":1.6837},
{"Node_id":1899,"weight":0.2152},
{"Node_id":1900,"weight":2.3039},
{"Node_id":1901,"weight":1.2791},
{"Node_id":1902,"weight":0.1197},
{"Node_id":1903,"weight":0.1987},
{"Node_id":1906,"weight":5.4927},
{"Node_id":1907,"weight":2.7586},
{"Node_id":1908,"weight":0.1463},
{"Node_id":1911,"weight":3.429},
{"Node_id":1912,"weight":1.1521},
{"Node_id":1913,"weight":2.3075},
{"Node_id":1914,"weight":2.6547},
{"Node_id":1915,"weight":3.0809},
{"Node_id":1916,"weight":1.4102},
{"Node_id":1919,"weight":0.7727},
{"Node_id":1924,"weight":2.7409},
{"Node_id":1925,"weight":2.4329},
{"Node_id":1926,"weight":3.6677},
{"Node_id":1927,"weight":1.7535},
{"Node_id":1928,"weight":0.9198},
{"Node_id":1929,"weight":0.6843},
{"Node_id":1930,"weight":1.3376},
{"Node_id":1933,"weight":0.4726},
{"Node_id":1934,"weight":1.2208},
{"Node_id":1935,"weight":1.901},
{"Node_id":1940,"weight":0.4604},
{"Node_id":1941,"weight":0.7713},
{"Node_id":1942,"weight":0.3789},
{"Node_id":1943,"weight":0.9494},
{"Node_id":1944,"weight":1.2236},
{"Node_id":1945,"weight":2.5836},
{"Node_id":1948,"weight":1.5561},
{"Node_id":1951,"weight":0.3417},
{"Node_id":1952,"weight":0.7662},
{"Node_id":1953,"weight":0.4938},
{"Node_id":1954,"weight":1.8236},
{"Node_id":1992,"weight":1.9615},
{"Node_id":1993,"weight":1.0906},
{"Node_id":1994,"weight":0.4583},
{"Node_id":1995,"weight":0.8731},
{"Node_id":1996,"weight":0.6745},
{"Node_id":1999,"weight":1.1703},
{"Node_id":2002,"weight":0.7487},
{"Node_id":2005,"weight":1.3004},
{"Node_id":2006,"weight":5.5957},
{"Node_id":2007,"weight":0.2039},
{"Node_id":2008,"weight":0.054},
{"Node_id":2009,"weight":0.4515},
{"Node_id":2010,"weight":1.7504},
{"Node_id":2011,"weight":1.6501},
{"Node_id":2012,"weight":1.268},
{"Node_id":2013,"weight":0.8487},
{"Node_id":2014,"weight":0.5147},
{"Node_id":2015,"weight":0.5555},
{"Node_id":2016,"weight":0.795},
{"Node_id":2017,"weight":0.9479},
{"Node_id":2020,"weight":2.6162},
{"Node_id":2021,"weight":2.4909},
{"Node_id":2022,"weight":1.5265},
{"Node_id":2023,"weight":0.3677},
{"Node_id":2024,"weight":0.725},
{"Node_id":2025,"weight":1.5008},
{"Node_id":2026,"weight":0.5177},
{"Node_id":2048,"weight":1.0299},
{"Node_id":2049,"weight":2.508},
{"Node_id":2052,"weight":1.014},
{"Node_id":2053,"weight":2.1418},
{"Node_id":2054,"weight":3.818},
{"Node_id":2055,"weight":3.2619},
{"Node_id":2056,"weight":0.8179},
{"Node_id":2057,"weight":0.7286},
{"Node_id":2065,"weight":0.4692},
{"Node_id":2066,"weight":1.8103},
{"Node_id":2067,"weight":3.7669},
{"Node_id":2068,"weight":2.7287},
{"Node_id":2073,"weight":2.1676},
{"Node_id":2074,"weight":0.4811},
{"Node_id":2075,"weight":1.5645},
{"Node_id":2076,"weight":2.1535},
{"Node_id":2077,"weight":1.5652},
{"Node_id":2079,"weight":0.0624},
{"Node_id":2315,"weight":1.6114},
{"Node_id":2316,"weight":2.0125},
{"Node_id":2388,"weight":0.5941},
{"Node_id":2389,"weight":3.1247},
{"Node_id":2390,"weight":4.1448},
{"Node_id":2391,"weight":1.7744},
{"Node_id":2392,"weight":1.1803},
{"Node_id":2393,"weight":1.7307},
{"Node_id":2396,"weight":0.4912},
{"Node_id":2397,"weight":1.9027},
{"Node_id":2398,"weight":1.0222},
{"Node_id":2399,"weight":0.5117},
{"Node_id":2400,"weight":1.7792},
{"Node_id":2401,"weight":1.8704},
{"Node_id":2402,"weight":0.131},
{"Node_id":2403,"weight":0.4591},
{"Node_id":2404,"weight":0.8789},
{"Node_id":2405,"weight":0.4604},
{"Node_id":2406,"weight":0.8886},
{"Node_id":2409,"weight":1.3261},
{"Node_id":2410,"weight":4.0396},
{"Node_id":2414,"weight":4.833},
{"Node_id":2415,"weight":0.7291},
{"Node_id":2420,"weight":1.6013},
{"Node_id":2427,"weight":3.4624},
{"Node_id":2428,"weight":3.4095},
{"Node_id":2435,"weight":7.418},
{"Node_id":2436,"weight":1.5389},
{"Node_id":2437,"weight":1.9089},
{"Node_id":2438,"weight":1.1792},
{"Node_id":2439,"weight":0.1342},
{"Node_id":2440,"weight":0.4084},
{"Node_id":2441,"weight":3.727},
{"Node_id":2442,"weight":0.322},
{"Node_id":2443,"weight":3.577},
{"Node_id":2448,"weight":2.2646},
{"Node_id":2449,"weight":0.6517},
{"Node_id":2450,"weight":0.1451},
{"Node_id":2451,"weight":2.9896},
{"Node_id":2452,"weight":2.0816},
{"Node_id":2453,"weight":0.3232},
{"Node_id":2456,"weight":0.3146},
{"Node_id":2457,"weight":0.6177},
{"Node_id":2458,"weight":0.911},
{"Node_id":2462,"weight":2.3309},
{"Node_id":2463,"weight":1.0658},
{"Node_id":2474,"weight":0.9435},
{"Node_id":2475,"weight":0.2615},
{"Node_id":2476,"weight":1.8939},
{"Node_id":2477,"weight":1.7159},
{"Node_id":2480,"weight":1.0616},
{"Node_id":2481,"weight":3.0458},
{"Node_id":2482,"weight":2.1632},
{"Node_id":2483,"weight":0.1595},
{"Node_id":2484,"weight":1.0711},
{"Node_id":2486,"weight":0.1511},
{"Node_id":2487,"weight":0.1648},
{"Node_id":2488,"weight":0.9901},
{"Node_id":2489,"weight":1.2282},
{"Node_id":2490,"weight":0.3586},
{"Node_id":2491,"weight":1.8029},
{"Node_id":2492,"weight":1.0284},
{"Node_id":2493,"weight":2.1578},
{"Node_id":2494,"weight":1.5942},
{"Node_id":2495,"weight":0.5989},
{"Node_id":2496,"weight":0.9169},
{"Node_id":2497,"weight":1.5136},
{"Node_id":2498,"weight":1.2049},
{"Node_id":2499,"weight":0.5741},
{"Node_id":2500,"weight":2.1041},
{"Node_id":2501,"weight":1.5423},
{"Node_id":2502,"weight":1.7276},
{"Node_id":2503,"weight":0.4176},
{"Node_id":2533,"weight":0.6646},
{"Node_id":2534,"weight":2.1719},
{"Node_id":2535,"weight":1.0038},
{"Node_id":2536,"weight":2.2943},
{"Node_id":2537,"weight":0.403},
{"Node_id":2540,"weight":0.9139},
{"Node_id":2545,"weight":6.2126},
{"Node_id":2554,"weight":3.055},
{"Node_id":2555,"weight":0.4038},
{"Node_id":2556,"weight":1.4172},
{"Node_id":2557,"weight":1.295},
{"Node_id":2558,"weight":0.2007},
{"Node_id":2559,"weight":2.7339},
{"Node_id":2560,"weight":0.8161},
{"Node_id":2561,"weight":0.3826},
{"Node_id":2562,"weight":0.6504},
{"Node_id":2563,"weight":0.854},
{"Node_id":2564,"weight":1.4236},
{"Node_id":2565,"weight":0.4629},
{"Node_id":2572,"weight":1.0423},
{"Node_id":2582,"weight":1.0774},
{"Node_id":2583,"weight":1.4908},
{"Node_id":2584,"weight":1.4631},
{"Node_id":2585,"weight":2.0775},
{"Node_id":2586,"weight":1.789},
{"Node_id":2587,"weight":1.1072},
{"Node_id":2588,"weight":2.3309},
{"Node_id":2589,"weight":0.9159},
{"Node_id":2590,"weight":0.8132},
{"Node_id":2591,"weight":1.1903},
{"Node_id":2592,"weight":1.6383},
{"Node_id":2593,"weight":0.8001},
{"Node_id":2596,"weight":1.8834},
{"Node_id":2597,"weight":1.2809},
{"Node_id":2598,"weight":2.0029},
{"Node_id":2599,"weight":1.9736},
{"Node_id":2603,"weight":0.9105},
{"Node_id":2604,"weight":1.8489},
{"Node_id":2605,"weight":3.1075},
{"Node_id":2606,"weight":0.9464},
{"Node_id":2607,"weight":0.0748},
{"Node_id":2608,"weight":0.2603},
{"Node_id":2609,"weight":1.2529},
{"Node_id":2611,"weight":0.3805},
{"Node_id":2612,"weight":4.5174},
{"Node_id":2613,"weight":0.0748},
{"Node_id":2614,"weight":1.2145},
{"Node_id":2615,"weight":3.0881},
{"Node_id":2616,"weight":0.3569},
{"Node_id":2617,"weight":0.4184},
{"Node_id":2620,"weight":1.4064},
{"Node_id":2621,"weight":3.2314},
{"Node_id":2622,"weight":0.4205},
{"Node_id":2623,"weight":1.172},
{"Node_id":2627,"weight":2.7857},
{"Node_id":2628,"weight":0.5473},
{"Node_id":2631,"weight":0.2088},
{"Node_id":2633,"weight":2.401},
{"Node_id":2635,"weight":0.6081},
{"Node_id":2636,"weight":2.1665},
{"Node_id":2640,"weight":0.7213},
{"Node_id":2641,"weight":2.2208},
{"Node_id":2642,"weight":5.6515},
{"Node_id":2643,"weight":5.2539},
{"Node_id":2645,"weight":1.631},
{"Node_id":2646,"weight":3.842},
{"Node_id":2647,"weight":4.8203},
{"Node_id":2648,"weight":0.6098},
{"Node_id":2666,"weight":0.9455},
{"Node_id":2667,"weight":0.038},
{"Node_id":2668,"weight":2.126},
{"Node_id":2669,"weight":1.4802},
{"Node_id":2670,"weight":0.4629},
{"Node_id":2673,"weight":1.5471},
{"Node_id":2679,"weight":2.2163},
{"Node_id":2680,"weight":0.9977},
{"Node_id":2720,"weight":0.6718},
{"Node_id":2721,"weight":1.2832},
{"Node_id":2722,"weight":0.2177},
{"Node_id":2723,"weight":1.2962},
{"Node_id":2724,"weight":3.4323},
{"Node_id":2725,"weight":0.7556},
{"Node_id":2726,"weight":0.3068},
{"Node_id":2727,"weight":0.5326},
{"Node_id":2728,"weight":0.1523},
{"Node_id":2729,"weight":2.7339},
{"Node_id":2730,"weight":2.5239},
{"Node_id":2731,"weight":0.7773},
{"Node_id":2732,"weight":0.5262},
{"Node_id":2733,"weight":1.7105},
{"Node_id":2735,"weight":1.3334},
{"Node_id":2736,"weight":1.2815},
{"Node_id":2737,"weight":2.5297},
{"Node_id":2738,"weight":3.3138},
{"Node_id":2739,"weight":0.064},
{"Node_id":2740,"weight":0.6548},
{"Node_id":2741,"weight":0.6857},
{"Node_id":2742,"weight":0.8043},
{"Node_id":2743,"weight":0.1302},
{"Node_id":2744,"weight":0.0492},
{"Node_id":2745,"weight":1.0289},
{"Node_id":2746,"weight":2.0515},
{"Node_id":2747,"weight":0.3011},
{"Node_id":2748,"weight":0.268},
{"Node_id":2749,"weight":0.4811},
{"Node_id":2755,"weight":1.6523},
{"Node_id":2756,"weight":0.5159},
{"Node_id":2757,"weight":0.3917},
{"Node_id":2758,"weight":1.6642},
{"Node_id":2759,"weight":4.1513},
{"Node_id":2760,"weight":0.4819},
{"Node_id":2761,"weight":1.0732},
{"Node_id":2764,"weight":0.8554},
{"Node_id":2765,"weight":0.5138},
{"Node_id":2766,"weight":1.4358},
{"Node_id":2767,"weight":0.5066},
{"Node_id":2768,"weight":0.6081},
{"Node_id":2769,"weight":0.8383},
{"Node_id":2770,"weight":0.29},
{"Node_id":2771,"weight":7.418},
{"Node_id":2777,"weight":0.5875},
{"Node_id":2780,"weight":1.1434},
{"Node_id":2781,"weight":2.8154},
{"Node_id":2782,"weight":0.7657},
{"Node_id":2783,"weight":2.1503},
{"Node_id":2784,"weight":1.2174},
{"Node_id":2785,"weight":0.8683},
{"Node_id":2786,"weight":0.1386},
{"Node_id":2787,"weight":1.9597},
{"Node_id":2788,"weight":3.2178},
{"Node_id":2789,"weight":1.1271},
{"Node_id":2790,"weight":0.4301},
{"Node_id":2791,"weight":1.3153},
{"Node_id":2796,"weight":2.3788},
{"Node_id":2797,"weight":0.3483},
{"Node_id":2798,"weight":1.0099},
{"Node_id":2808,"weight":4.6903},
{"Node_id":2809,"weight":0.3772},
{"Node_id":2812,"weight":1.1147},
{"Node_id":2813,"weight":0.2908},
{"Node_id":2814,"weight":2.8496},
{"Node_id":2815,"weight":2.2494},
{"Node_id":2908,"weight":2.508},
{"Node_id":2913,"weight":0.1841},
{"Node_id":2914,"weight":0.8449},
{"Node_id":2916,"weight":0.4507},
{"Node_id":2917,"weight":2.1461},
{"Node_id":2918,"weight":0.2363},
{"Node_id":2919,"weight":0.02},
{"Node_id":2920,"weight":1.8128},
{"Node_id":2921,"weight":0.4075},
{"Node_id":2922,"weight":0.3314},
{"Node_id":2925,"weight":3.0162},
{"Node_id":3043,"weight":1.7575},
{"Node_id":3044,"weight":1.7159},
{"Node_id":3045,"weight":0.2128},
{"Node_id":3046,"weight":3.3903},
{"Node_id":3047,"weight":1.1488},
{"Node_id":3048,"weight":1.8626},
{"Node_id":3049,"weight":2.1397},
{"Node_id":3050,"weight":1.607},
{"Node_id":3051,"weight":0.6177},
{"Node_id":3052,"weight":0.4255},
{"Node_id":3053,"weight":0.7446},
{"Node_id":3054,"weight":0.2692},
{"Node_id":3055,"weight":3.0207},
{"Node_id":3056,"weight":0.4532},
{"Node_id":3057,"weight":2.0806},
{"Node_id":3058,"weight":0.5758},
{"Node_id":3059,"weight":1.7591},
{"Node_id":3060,"weight":0.8359},
{"Node_id":3061,"weight":0.1523},
{"Node_id":3062,"weight":3.5884},
{"Node_id":3063,"weight":3.6885},
{"Node_id":3066,"weight":0.5061},
{"Node_id":3067,"weight":0.9609},
{"Node_id":3068,"weight":0.3905},
{"Node_id":3069,"weight":1.7051},
{"Node_id":3070,"weight":3.3407},
{"Node_id":3071,"weight":0.6562},
{"Node_id":3072,"weight":0.4595},
{"Node_id":3073,"weight":2.7803},
{"Node_id":3074,"weight":0.2221},
{"Node_id":3075,"weight":1.2651},
{"Node_id":3076,"weight":3.0072},
{"Node_id":3077,"weight":4.7474},
{"Node_id":3078,"weight":0.4351},
{"Node_id":3079,"weight":1.793},
{"Node_id":3080,"weight":1.6078},
{"Node_id":3081,"weight":1.5715},
{"Node_id":3086,"weight":1.0084},
{"Node_id":3087,"weight":3.3621},
{"Node_id":3228,"weight":6.6441},
{"Node_id":3229,"weight":1.5103},
{"Node_id":3230,"weight":1.9188},
{"Node_id":9658,"weight":1.9214},
{"Node_id":9662,"weight":2.184},
{"Node_id":9663,"weight":3.483},
{"Node_id":9664,"weight":2.2799},
{"Node_id":9665,"weight":2.0505},
{"Node_id":9666,"weight":1.9802},
{"Node_id":9667,"weight":2.5051},
{"Node_id":9671,"weight":2.4994},
{"Node_id":9672,"weight":2.7218},
{"Node_id":9673,"weight":3.6636},
{"Node_id":9674,"weight":1.6493},
{"Node_id":9675,"weight":4.0396},
{"Node_id":9676,"weight":2.0367},
{"Node_id":9677,"weight":1.4319},
{"Node_id":9678,"weight":3.8918},
{"Node_id":9679,"weight":2.3699},
{"Node_id":9680,"weight":1.8825},
{"Node_id":9681,"weight":1.9924},
{"Node_id":9682,"weight":2.5459},
{"Node_id":9683,"weight":2.6645},
{"Node_id":9684,"weight":2.321},
{"Node_id":9685,"weight":1.6936},
{"Node_id":9686,"weight":4.1254},
{"Node_id":9689,"weight":2.1397},
{"Node_id":9690,"weight":2.4195},
{"Node_id":9691,"weight":1.4064},
{"Node_id":9692,"weight":1.8203},
{"Node_id":9693,"weight":4.1846},
{"Node_id":9700,"weight":2.7912},
{"Node_id":9705,"weight":2.9298},
{"Node_id":9706,"weight":3.7945},
{"Node_id":9710,"weight":1.5736},
{"Node_id":9711,"weight":1.9597},
{"Node_id":9712,"weight":1.9569},
{"Node_id":9713,"weight":1.4474},
{"Node_id":9714,"weight":1.9468},
{"Node_id":9715,"weight":2.0241},
{"Node_id":9736,"weight":1.4371},
{"Node_id":9737,"weight":2.4866},
{"Node_id":9738,"weight":1.7922},
{"Node_id":9739,"weight":1.5259},
{"Node_id":9740,"weight":3.2124},
{"Node_id":9741,"weight":2.5123},
{"Node_id":9742,"weight":1.832},
{"Node_id":9743,"weight":4.7357},
{"Node_id":9744,"weight":1.744},
{"Node_id":9745,"weight":1.748},
{"Node_id":9748,"weight":1.8643},
{"Node_id":9749,"weight":3.4127},
{"Node_id":9750,"weight":1.7036},
{"Node_id":9751,"weight":2.5852},
{"Node_id":9753,"weight":2.0846},
{"Node_id":9754,"weight":3.9713},
{"Node_id":9755,"weight":3.2963},
{"Node_id":9756,"weight":2.0212},
{"Node_id":9757,"weight":1.3976},
{"Node_id":9758,"weight":1.5513},
{"Node_id":9759,"weight":1.8203},
{"Node_id":9760,"weight":1.5492},
{"Node_id":9761,"weight":2.0456},
{"Node_id":9762,"weight":1.7036},
{"Node_id":9763,"weight":2.0595},
{"Node_id":9764,"weight":4.7954},
{"Node_id":9767,"weight":1.8421},
{"Node_id":9768,"weight":1.4624},
{"Node_id":9769,"weight":3.429},
{"Node_id":9770,"weight":2.764},
{"Node_id":9771,"weight":2.001},
{"Node_id":9772,"weight":1.6353},
{"Node_id":9773,"weight":1.4539},
{"Node_id":9774,"weight":4.219},
{"Node_id":9775,"weight":3.0667},
{"Node_id":9790,"weight":1.5638},
{"Node_id":9793,"weight":1.7583},
{"Node_id":9794,"weight":2.4102},
{"Node_id":9799,"weight":7.6004},
{"Node_id":9800,"weight":1.6034},
{"Node_id":9803,"weight":1.8421},
{"Node_id":9804,"weight":1.9532},
{"Node_id":9805,"weight":2.1928},
{"Node_id":9806,"weight":1.6493},
{"Node_id":9807,"weight":1.9395},
{"Node_id":9808,"weight":2.3983},
{"Node_id":9809,"weight":2.2634},
{"Node_id":9810,"weight":2.2253},
{"Node_id":9812,"weight":2.4369},
{"Node_id":9813,"weight":2.3271},
{"Node_id":9814,"weight":3.1026},
{"Node_id":9815,"weight":1.5764},
{"Node_id":9816,"weight":1.7097},
{"Node_id":9817,"weight":2.7115},
{"Node_id":9822,"weight":1.4261},
{"Node_id":9823,"weight":4.2766},
{"Node_id":9824,"weight":6.0725},
{"Node_id":9825,"weight":3.2397},
{"Node_id":9826,"weight":2.3763},
{"Node_id":9827,"weight":5.2159},
{"Node_id":9828,"weight":2.6006},
{"Node_id":9829,"weight":2.7857},
{"Node_id":9830,"weight":3.3714},
{"Node_id":9831,"weight":1.5666},
{"Node_id":9832,"weight":2.6612},
{"Node_id":9833,"weight":1.886},
{"Node_id":9834,"weight":1.866},
{"Node_id":9835,"weight":1.5327},
{"Node_id":9836,"weight":2.1218},
{"Node_id":9837,"weight":1.5123},
{"Node_id":9838,"weight":3.596},
{"Node_id":9839,"weight":1.7013},
{"Node_id":9841,"weight":2.887},
{"Node_id":9842,"weight":2.2287},
{"Node_id":9964,"weight":1.6875},
{"Node_id":9965,"weight":3.3227},
{"Node_id":9966,"weight":3.2733},
{"Node_id":10481,"weight":2.0887},
{"Node_id":10715,"weight":5.077},
{"Node_id":10716,"weight":1.4178},
{"Node_id":10717,"weight":4.1064},
{"Node_id":10718,"weight":2.0695},
{"Node_id":10720,"weight":2.2196},
{"Node_id":10722,"weight":2.0907},
{"Node_id":10723,"weight":2.9635},
{"Node_id":10724,"weight":3.9549},
{"Node_id":10725,"weight":1.4474},
{"Node_id":10726,"weight":1.7051},
{"Node_id":10727,"weight":2.3996},
{"Node_id":10728,"weight":1.7433},
{"Node_id":10729,"weight":2.1807},
{"Node_id":10730,"weight":2.3866},
{"Node_id":10731,"weight":1.3919},
{"Node_id":10732,"weight":2.0928},
{"Node_id":10737,"weight":2.0938},
{"Node_id":10738,"weight":1.9615},
{"Node_id":10739,"weight":2.0299},
{"Node_id":10740,"weight":2.3433},
{"Node_id":10742,"weight":2.5504},
{"Node_id":10744,"weight":2.5519},
{"Node_id":10745,"weight":1.8523},
{"Node_id":10746,"weight":2.3648},
{"Node_id":10750,"weight":1.4481},
{"Node_id":10751,"weight":1.4384},
{"Node_id":10752,"weight":5.2933},
{"Node_id":10753,"weight":1.4313},
{"Node_id":10754,"weight":3.3287},
{"Node_id":10755,"weight":1.9305},
{"Node_id":10756,"weight":4.8078},
{"Node_id":10757,"weight":2.5195},
{"Node_id":10758,"weight":1.3882},
{"Node_id":10759,"weight":3.2151},
{"Node_id":10760,"weight":2.3271},
{"Node_id":10762,"weight":4.6469},
{"Node_id":10763,"weight":2.2943},
{"Node_id":10764,"weight":3.4523},
{"Node_id":10765,"weight":1.4617},
{"Node_id":10767,"weight":3.0978},
{"Node_id":10768,"weight":1.6142},
{"Node_id":10769,"weight":1.3869},
{"Node_id":10770,"weight":3.0006},
{"Node_id":10771,"weight":2.8691},
{"Node_id":10772,"weight":1.7276},
{"Node_id":10773,"weight":1.3982},
{"Node_id":10775,"weight":2.0918},
{"Node_id":10780,"weight":2.7604},
{"Node_id":10781,"weight":1.7647},
{"Node_id":10782,"weight":3.4225},
{"Node_id":10783,"weight":3.1651},
{"Node_id":10784,"weight":2.6482},
{"Node_id":10785,"weight":1.6434},
{"Node_id":10786,"weight":2.6662},
{"Node_id":10788,"weight":1.8704},
{"Node_id":10789,"weight":1.4455},
{"Node_id":10790,"weight":1.452},
{"Node_id":10791,"weight":3.6677},
{"Node_id":10792,"weight":2.9722},
{"Node_id":10793,"weight":1.6405},
{"Node_id":10796,"weight":3.511},
{"Node_id":10797,"weight":1.6627},
{"Node_id":10798,"weight":3.1173},
{"Node_id":10799,"weight":2.2752},
{"Node_id":10800,"weight":1.6049},
{"Node_id":10801,"weight":1.6612},
{"Node_id":10802,"weight":2.9786},
{"Node_id":10803,"weight":1.9496},
{"Node_id":10804,"weight":1.7151},
{"Node_id":10807,"weight":1.8037},
{"Node_id":10808,"weight":1.7448},
{"Node_id":10809,"weight":1.9197},
{"Node_id":10810,"weight":2.6369},
{"Node_id":10848,"weight":2.1397},
{"Node_id":10849,"weight":1.4822},
{"Node_id":10850,"weight":3.7852},
{"Node_id":10851,"weight":1.9487},
{"Node_id":10852,"weight":2.1218},
{"Node_id":10853,"weight":2.2242},
{"Node_id":10855,"weight":5.9496},
{"Node_id":10858,"weight":2.9298},
{"Node_id":10861,"weight":4.1711},
{"Node_id":10862,"weight":2.4142},
{"Node_id":10863,"weight":2.4838},
{"Node_id":10864,"weight":2.4629},
{"Node_id":10865,"weight":3.2676},
{"Node_id":10866,"weight":4.6259},
{"Node_id":10867,"weight":4.5555},
{"Node_id":10868,"weight":1.7865},
{"Node_id":10869,"weight":1.4862},
{"Node_id":10870,"weight":1.8921},
{"Node_id":10871,"weight":1.5055},
{"Node_id":10872,"weight":1.4261},
{"Node_id":10873,"weight":1.7551},
{"Node_id":10875,"weight":5.2539},
{"Node_id":10876,"weight":1.4815},
{"Node_id":10877,"weight":1.4287},
{"Node_id":10878,"weight":1.5451},
{"Node_id":10879,"weight":1.6229},
{"Node_id":10880,"weight":4.2051},
{"Node_id":10881,"weight":2.579},
{"Node_id":10882,"weight":1.5885},
{"Node_id":10883,"weight":2.883},
{"Node_id":10887,"weight":2.5654},
{"Node_id":10901,"weight":2.2494},
{"Node_id":10902,"weight":2.5669},
{"Node_id":10904,"weight":2.8439},
{"Node_id":10905,"weight":2.3371},
{"Node_id":10906,"weight":1.3913},
{"Node_id":10907,"weight":4.3066},
{"Node_id":10908,"weight":2.7712},
{"Node_id":10909,"weight":5.077},
{"Node_id":10910,"weight":1.9386},
{"Node_id":10916,"weight":1.4955},
{"Node_id":10917,"weight":1.4364},
{"Node_id":10918,"weight":1.7639},
{"Node_id":10919,"weight":4.872},
{"Node_id":10924,"weight":1.4855},
{"Node_id":10925,"weight":3.0297},
{"Node_id":10926,"weight":1.421},
{"Node_id":10927,"weight":1.9487},
{"Node_id":10928,"weight":2.6434},
{"Node_id":10929,"weight":1.6777},
{"Node_id":10933,"weight":2.4168},
{"Node_id":11166,"weight":5.4217},
{"Node_id":11167,"weight":5.5429},
{"Node_id":11171,"weight":3.3377},
{"Node_id":11230,"weight":5.045},
{"Node_id":11231,"weight":3.8766},
{"Node_id":11232,"weight":1.719},
{"Node_id":11233,"weight":1.7354},
{"Node_id":11234,"weight":2.4768},
{"Node_id":11235,"weight":1.7198},
{"Node_id":11238,"weight":3.6076},
{"Node_id":11239,"weight":3.4523},
{"Node_id":11240,"weight":3.6273},
{"Node_id":11241,"weight":3.7401},
{"Node_id":11242,"weight":2.0338},
{"Node_id":11243,"weight":1.6906},
{"Node_id":11244,"weight":3.6718},
{"Node_id":11245,"weight":2.1418},
{"Node_id":11246,"weight":1.6419},
{"Node_id":11247,"weight":1.8549},
{"Node_id":11248,"weight":2.0212},
{"Node_id":11249,"weight":3.3808},
{"Node_id":11250,"weight":3.8469},
{"Node_id":11251,"weight":3.305},
{"Node_id":11252,"weight":1.4742},
{"Node_id":11255,"weight":1.5464},
{"Node_id":11256,"weight":2.0575},
{"Node_id":11257,"weight":1.7922},
{"Node_id":11262,"weight":5.4927},
{"Node_id":11265,"weight":3.7446},
{"Node_id":11268,"weight":3.5075},
{"Node_id":11269,"weight":1.7472},
{"Node_id":11270,"weight":1.4001},
{"Node_id":11271,"weight":3.6885},
{"Node_id":11272,"weight":2.5519},
{"Node_id":11274,"weight":3.8372},
{"Node_id":11275,"weight":2.0615},
{"Node_id":11276,"weight":2.0785},
{"Node_id":11277,"weight":2.1654},
{"Node_id":11278,"weight":1.6114},
{"Node_id":11279,"weight":1.812},
{"Node_id":11280,"weight":1.9143},
{"Node_id":11281,"weight":1.7567},
{"Node_id":11282,"weight":2.1862},
{"Node_id":11283,"weight":2.1906},
{"Node_id":11284,"weight":2.7357},
{"Node_id":11285,"weight":2.9465},
{"Node_id":11286,"weight":2.1249},
{"Node_id":11287,"weight":3.6432},
{"Node_id":11288,"weight":5.1441},
{"Node_id":11289,"weight":5.2734},
{"Node_id":11290,"weight":3.0978},
{"Node_id":11291,"weight":3.8132},
{"Node_id":11292,"weight":5.045},
{"Node_id":11293,"weight":2.401},
{"Node_id":11294,"weight":2.101},
{"Node_id":11295,"weight":1.515},
{"Node_id":11298,"weight":3.0644},
{"Node_id":11299,"weight":3.0366},
{"Node_id":11300,"weight":2.3039},
{"Node_id":11302,"weight":3.0184},
{"Node_id":11304,"weight":2.0038},
{"Node_id":11305,"weight":2.025},
{"Node_id":11317,"weight":3.9658},
{"Node_id":11318,"weight":2.5579},
{"Node_id":11319,"weight":2.0192},
{"Node_id":11322,"weight":2.8135},
{"Node_id":11323,"weight":2.8381},
{"Node_id":11324,"weight":2.889},
{"Node_id":11325,"weight":2.0338},
{"Node_id":11327,"weight":1.9323},
{"Node_id":11328,"weight":1.7237},
{"Node_id":11329,"weight":1.7599},
{"Node_id":11330,"weight":2.3015},
{"Node_id":11331,"weight":1.4881},
{"Node_id":11332,"weight":1.3988},
{"Node_id":11333,"weight":2.9786},
{"Node_id":11334,"weight":3.3652},
{"Node_id":11335,"weight":2.6337},
{"Node_id":11336,"weight":1.5485},
{"Node_id":11337,"weight":2.5297},
{"Node_id":11338,"weight":1.5327},
{"Node_id":11339,"weight":1.7663},
{"Node_id":11340,"weight":1.9423},
{"Node_id":11341,"weight":1.4422},
{"Node_id":11342,"weight":1.5885},
{"Node_id":11343,"weight":1.5729},
{"Node_id":11344,"weight":1.5306},
{"Node_id":11345,"weight":2.7409},
{"Node_id":11375,"weight":1.4052},
{"Node_id":11376,"weight":1.6324},
{"Node_id":11377,"weight":2.8711},
{"Node_id":11378,"weight":5.0933},
{"Node_id":11379,"weight":1.5659},
{"Node_id":11380,"weight":1.4782},
{"Node_id":11382,"weight":2.4796},
{"Node_id":11383,"weight":2.6337},
{"Node_id":11384,"weight":5.4927},
{"Node_id":11387,"weight":2.0928},
{"Node_id":11396,"weight":1.4862},
{"Node_id":11397,"weight":1.4435},
{"Node_id":11398,"weight":4.8458},
{"Node_id":11399,"weight":2.1622},
{"Node_id":11400,"weight":1.8253},
{"Node_id":11401,"weight":2.1928},
{"Node_id":11402,"weight":1.587},
{"Node_id":11403,"weight":1.656},
{"Node_id":11404,"weight":2.4684},
{"Node_id":11405,"weight":3.511},
{"Node_id":11406,"weight":1.5368},
{"Node_id":11407,"weight":1.6027},
{"Node_id":11409,"weight":1.8609},
{"Node_id":11414,"weight":2.6928},
{"Node_id":11415,"weight":3.3903},
{"Node_id":11416,"weight":2.2943},
{"Node_id":11420,"weight":2.1376},
{"Node_id":11421,"weight":2.6147},
{"Node_id":11422,"weight":2.0485},
{"Node_id":11424,"weight":2.97},
{"Node_id":11425,"weight":4.1513},
{"Node_id":11426,"weight":2.9031},
{"Node_id":11427,"weight":1.5197},
{"Node_id":11428,"weight":3.4356},
{"Node_id":11429,"weight":4.4538},
{"Node_id":11430,"weight":3.2507},
{"Node_id":11431,"weight":1.4775},
{"Node_id":11432,"weight":3.6595},
{"Node_id":11433,"weight":1.4769},
{"Node_id":11434,"weight":4.7832},
{"Node_id":11435,"weight":1.8354},
{"Node_id":11436,"weight":2.7857},
{"Node_id":11438,"weight":4.284},
{"Node_id":11439,"weight":1.8643},
{"Node_id":11440,"weight":2.1354},
{"Node_id":11441,"weight":1.8153},
{"Node_id":11444,"weight":2.5882},
{"Node_id":11445,"weight":2.1774},
{"Node_id":11446,"weight":4.0049},
{"Node_id":11447,"weight":2.9444},
{"Node_id":11448,"weight":2.6466},
{"Node_id":11449,"weight":2.1796},
{"Node_id":11450,"weight":3.3079},
{"Node_id":11451,"weight":3.562},
{"Node_id":11452,"weight":1.6164},
{"Node_id":11454,"weight":2.4994},
{"Node_id":11455,"weight":2.6022},
{"Node_id":11456,"weight":1.5603},
{"Node_id":11457,"weight":2.2716},
{"Node_id":11458,"weight":3.3287},
{"Node_id":11459,"weight":1.7543},
{"Node_id":11460,"weight":3.3468},
{"Node_id":11461,"weight":1.9098},
{"Node_id":11462,"weight":1.8078},
{"Node_id":11463,"weight":2.4519},
{"Node_id":11464,"weight":3.3138},
{"Node_id":11465,"weight":2.6434},
{"Node_id":11467,"weight":1.8379},
{"Node_id":11468,"weight":1.7711},
{"Node_id":11469,"weight":3.0072},
{"Node_id":11470,"weight":1.5485},
{"Node_id":11471,"weight":1.4585},
{"Node_id":11472,"weight":3.1222},
{"Node_id":11473,"weight":2.1752},
{"Node_id":11474,"weight":2.6321},
{"Node_id":11475,"weight":2.7183},
{"Node_id":11477,"weight":3.1026},
{"Node_id":11479,"weight":1.4868},
{"Node_id":11480,"weight":1.6785},
{"Node_id":11481,"weight":2.2576},
{"Node_id":11482,"weight":3.1625},
{"Node_id":11483,"weight":1.827},
{"Node_id":11484,"weight":2.3814},
{"Node_id":11485,"weight":2.6761},
{"Node_id":11486,"weight":1.7988},
{"Node_id":11488,"weight":2.4342},
{"Node_id":11489,"weight":1.4461},
{"Node_id":11490,"weight":3.4356},
{"Node_id":11507,"weight":2.3827},
{"Node_id":11508,"weight":2.1514},
{"Node_id":11509,"weight":1.421},
{"Node_id":11510,"weight":4.2546},
{"Node_id":11511,"weight":2.889},
{"Node_id":11512,"weight":2.6162},
{"Node_id":11515,"weight":4.508},
{"Node_id":11518,"weight":2.6401},
{"Node_id":11521,"weight":2.1197},
{"Node_id":11522,"weight":1.9161},
{"Node_id":11560,"weight":1.7105},
{"Node_id":11561,"weight":2.1239},
{"Node_id":11563,"weight":2.7115},
{"Node_id":11564,"weight":2.3597},
{"Node_id":11565,"weight":1.6383},
{"Node_id":11566,"weight":1.4624},
{"Node_id":11567,"weight":3.6392},
{"Node_id":11568,"weight":1.7338},
{"Node_id":11569,"weight":4.3776},
{"Node_id":11570,"weight":1.7089},
{"Node_id":11571,"weight":1.4789},
{"Node_id":11572,"weight":3.2591},
{"Node_id":11573,"weight":3.3871},
{"Node_id":11574,"weight":2.9277},
{"Node_id":11575,"weight":4.5653},
{"Node_id":11576,"weight":3.2178},
{"Node_id":11578,"weight":2.2073},
{"Node_id":11579,"weight":1.5779},
{"Node_id":11580,"weight":3.8085},
{"Node_id":11581,"weight":1.6186},
{"Node_id":11582,"weight":6.8113},
{"Node_id":11583,"weight":1.6179},
{"Node_id":11584,"weight":1.7377},
{"Node_id":11585,"weight":2.4588},
{"Node_id":11586,"weight":1.6478},
{"Node_id":11587,"weight":1.5231},
{"Node_id":11588,"weight":2.342},
{"Node_id":11589,"weight":1.4644},
{"Node_id":11590,"weight":2.0595},
{"Node_id":11591,"weight":2.2681},
{"Node_id":11598,"weight":3.3871},
{"Node_id":11599,"weight":1.5807},
{"Node_id":11600,"weight":2.7586},
{"Node_id":11601,"weight":2.885},
{"Node_id":11602,"weight":4.5653},
{"Node_id":11603,"weight":3.3683},
{"Node_id":11604,"weight":2.7374},
{"Node_id":11607,"weight":2.0485},
{"Node_id":11608,"weight":1.8261},
{"Node_id":11609,"weight":2.9593},
{"Node_id":11610,"weight":2.0565},
{"Node_id":11611,"weight":2.5123},
{"Node_id":11612,"weight":1.4121},
{"Node_id":11613,"weight":2.2061},
{"Node_id":11614,"weight":1.7136},
{"Node_id":11616,"weight":1.7182},
{"Node_id":11619,"weight":2.0605},
{"Node_id":11620,"weight":3.6233},
{"Node_id":11623,"weight":2.6242},
{"Node_id":11624,"weight":1.5771},
{"Node_id":11625,"weight":1.5402},
{"Node_id":11626,"weight":3.2591},
{"Node_id":11627,"weight":1.6754},
{"Node_id":11628,"weight":1.5238},
{"Node_id":11629,"weight":2.0096},
{"Node_id":11630,"weight":2.8381},
{"Node_id":11631,"weight":2.1155},
{"Node_id":11632,"weight":1.5687},
{"Node_id":11633,"weight":1.4014},
{"Node_id":11634,"weight":1.7417},
{"Node_id":11635,"weight":2.3699},
{"Node_id":11638,"weight":1.6078},
{"Node_id":11640,"weight":3.562},
{"Node_id":11641,"weight":2.8633},
{"Node_id":11647,"weight":3.5326},
{"Node_id":11648,"weight":4.0163},
{"Node_id":11649,"weight":3.226},
{"Node_id":11650,"weight":1.7051},
{"Node_id":11651,"weight":2.9113},
{"Node_id":11652,"weight":1.8913},
{"Node_id":11655,"weight":1.6085},
{"Node_id":11656,"weight":1.5999},
{"Node_id":11657,"weight":3.0738},
{"Node_id":11658,"weight":1.5878},
{"Node_id":11751,"weight":2.2907},
{"Node_id":11756,"weight":3.5398},
{"Node_id":11757,"weight":1.8379},
{"Node_id":11758,"weight":1.3907},
{"Node_id":11760,"weight":4.0049},
{"Node_id":11761,"weight":3.4969},
{"Node_id":11762,"weight":1.7841},
{"Node_id":11763,"weight":2.4966},
{"Node_id":11764,"weight":4.9126},
{"Node_id":11765,"weight":3.562},
{"Node_id":11766,"weight":4.9548},
{"Node_id":11767,"weight":4.7592},
{"Node_id":11768,"weight":2.1873},
{"Node_id":11883,"weight":2.4994},
{"Node_id":11884,"weight":5.4448},
{"Node_id":11885,"weight":1.7988},
{"Node_id":11886,"weight":1.6412},
{"Node_id":11887,"weight":1.4802},
{"Node_id":11888,"weight":1.4683},
{"Node_id":11889,"weight":4.0634},
{"Node_id":11890,"weight":2.895},
{"Node_id":11891,"weight":3.3347},
{"Node_id":11892,"weight":1.6508},
{"Node_id":11893,"weight":3.3777},
{"Node_id":11894,"weight":2.9072},
{"Node_id":11895,"weight":1.4178},
{"Node_id":11896,"weight":2.4881},
{"Node_id":11897,"weight":2.3788},
{"Node_id":11898,"weight":2.9614},
{"Node_id":11899,"weight":1.6664},
{"Node_id":11900,"weight":1.7963},
{"Node_id":11901,"weight":1.9143},
{"Node_id":11902,"weight":1.6523},
{"Node_id":11903,"weight":1.6538},
{"Node_id":11904,"weight":1.9036},
{"Node_id":11906,"weight":3.3999},
{"Node_id":11907,"weight":2.3584},
{"Node_id":11908,"weight":2.1785},
{"Node_id":11909,"weight":2.5224},
{"Node_id":11910,"weight":2.4601},
{"Node_id":11911,"weight":1.7074},
{"Node_id":11912,"weight":1.8834},
{"Node_id":11913,"weight":1.8921},
{"Node_id":11914,"weight":1.39},
{"Node_id":11915,"weight":2.2106},
{"Node_id":11916,"weight":1.9241},
{"Node_id":11917,"weight":1.6627},
{"Node_id":11918,"weight":3.0667},
{"Node_id":11919,"weight":2.0605},
{"Node_id":11920,"weight":2.2895},
{"Node_id":11921,"weight":1.43},
{"Node_id":11926,"weight":2.8305},
{"Node_id":11927,"weight":1.7825},
{"Node_id":12064,"weight":1.6186},
{"Node_id":12065,"weight":2.4754},
{"Node_id":12066,"weight":1.8756},
{"Node_id":12247,"weight":1.9532},
{"Node_id":12373,"weight":3.2071},
{"Node_id":12374,"weight":1.7988},
{"Node_id":12469,"weight":3.3529},
{"Node_id":12512,"weight":2.658},
{"Node_id":12527,"weight":2.5371},
{"Node_id":12528,"weight":5.9496},
{"Node_id":12555,"weight":1.5589},
{"Node_id":12556,"weight":2.7098},
{"Node_id":12672,"weight":1.7543},
{"Node_id":12673,"weight":1.9746},
{"Node_id":12746,"weight":1.4729},
{"Node_id":12768,"weight":2.4754},
{"Node_id":12769,"weight":2.4302},
{"Node_id":12809,"weight":1.7898},
{"Node_id":12810,"weight":1.7043},
{"Node_id":12811,"weight":1.6612},
{"Node_id":12812,"weight":1.8669},
{"Node_id":12813,"weight":1.6762},
{"Node_id":12814,"weight":2.2208},
{"Node_id":12815,"weight":3.0297},
{"Node_id":12816,"weight":2.4262},
{"Node_id":12817,"weight":2.4155},
{"Node_id":12818,"weight":3.2017},
{"Node_id":12819,"weight":2.4866},
{"Node_id":12820,"weight":2.9939},
{"Node_id":12821,"weight":4.4538},
{"Node_id":12822,"weight":2.1796},
{"Node_id":12823,"weight":1.8523},
{"Node_id":12824,"weight":2.0038},
{"Node_id":12825,"weight":1.9934},
{"Node_id":12826,"weight":1.5652},
{"Node_id":12827,"weight":1.6792},
{"Node_id":12828,"weight":1.561},
{"Node_id":12829,"weight":1.5892},
{"Node_id":12830,"weight":1.6006},
{"Node_id":12831,"weight":1.7377},
{"Node_id":12832,"weight":2.3321},
{"Node_id":12833,"weight":2.0202},
{"Node_id":12834,"weight":4.284},
{"Node_id":12835,"weight":3.4969},
{"Node_id":12836,"weight":1.5736},
{"Node_id":12837,"weight":1.7857},
{"Node_id":12838,"weight":2.3271},
{"Node_id":12839,"weight":1.873},
{"Node_id":12840,"weight":2.0685},
{"Node_id":12841,"weight":1.8506},
{"Node_id":12842,"weight":2.5609},
{"Node_id":12843,"weight":1.6034},
{"Node_id":12844,"weight":2.0358},
{"Node_id":12845,"weight":3.3808},
{"Node_id":12846,"weight":2.2599},
{"Node_id":12847,"weight":3.6801},
{"Node_id":12848,"weight":5.1441},
{"Node_id":12849,"weight":4.0396},
{"Node_id":12850,"weight":2.1611},
{"Node_id":12851,"weight":4.7832},
{"Node_id":12852,"weight":3.4258},
{"Node_id":12853,"weight":2.6662},
{"Node_id":12854,"weight":2.4208},
{"Node_id":12855,"weight":1.5687},
{"Node_id":12856,"weight":2.8191},
{"Node_id":12857,"weight":1.4935},
{"Node_id":12858,"weight":1.7362},
{"Node_id":12861,"weight":6.1637},
{"Node_id":12862,"weight":1.9359},
{"Node_id":12863,"weight":3.3287},
{"Node_id":12864,"weight":3.0458},
{"Node_id":12865,"weight":2.1165},
{"Node_id":12866,"weight":1.5022},
{"Node_id":12867,"weight":2.5066},
{"Node_id":12870,"weight":1.4281},
{"Node_id":12871,"weight":2.4089},
{"Node_id":12872,"weight":1.7615},
{"Node_id":12873,"weight":1.4995},
{"Node_id":12874,"weight":1.9597},
{"Node_id":12875,"weight":2.955},
{"Node_id":12878,"weight":2.4235},
{"Node_id":12879,"weight":1.6634},
{"Node_id":12925,"weight":1.6883},
{"Node_id":12948,"weight":3.2676},
{"Node_id":12950,"weight":2.1062},
{"Node_id":12951,"weight":1.5949},
{"Node_id":12952,"weight":2.0705},
{"Node_id":12953,"weight":5.1441},
{"Node_id":12954,"weight":1.9018},
{"Node_id":12955,"weight":1.5582},
{"Node_id":12956,"weight":1.9477},
{"Node_id":12957,"weight":3.4095},
{"Node_id":12958,"weight":1.798},
{"Node_id":12959,"weight":3.8132},
{"Node_id":12960,"weight":5.1794},
{"Node_id":12961,"weight":8.1114},
{"Node_id":12962,"weight":3.5732},
{"Node_id":12963,"weight":6.5699},
{"Node_id":12964,"weight":1.8506},
{"Node_id":12965,"weight":3.2098},
{"Node_id":12966,"weight":2.1665},
{"Node_id":12969,"weight":2.0959},
{"Node_id":12970,"weight":3.1099},
{"Node_id":12971,"weight":2.2907},
{"Node_id":12972,"weight":5.2734},
{"Node_id":12973,"weight":3.8372},
{"Node_id":12974,"weight":1.6649},
{"Node_id":12975,"weight":2.5775},
{"Node_id":12976,"weight":3.0929},
{"Node_id":12977,"weight":1.7036},
{"Node_id":12978,"weight":2.5297},
{"Node_id":12979,"weight":1.917},
{"Node_id":12980,"weight":1.5416},
{"Node_id":12981,"weight":2.5913},
{"Node_id":12982,"weight":2.2006},
{"Node_id":12983,"weight":2.2073},
{"Node_id":12984,"weight":1.7346},
{"Node_id":12985,"weight":1.7252},
{"Node_id":12986,"weight":2.2871},
{"Node_id":12987,"weight":2.375},
{"Node_id":12988,"weight":1.9487},
{"Node_id":12989,"weight":2.5684},
{"Node_id":12990,"weight":2.4221},
{"Node_id":12991,"weight":1.6523},
{"Node_id":12992,"weight":2.1031},
{"Node_id":12993,"weight":1.7607},
{"Node_id":12994,"weight":1.4045},
{"Node_id":12995,"weight":2.3321},
{"Node_id":12996,"weight":3.5146},
{"Node_id":12997,"weight":3.7991},
{"Node_id":12998,"weight":2.5534},
{"Node_id":12999,"weight":2.2028},
{"Node_id":13000,"weight":1.9896},
{"Node_id":13001,"weight":1.8843},
{"Node_id":13002,"weight":2.8381},
{"Node_id":13003,"weight":1.5076},
{"Node_id":13004,"weight":2.184},
{"Node_id":13005,"weight":2.0416},
{"Node_id":13006,"weight":3.7579},
{"Node_id":13007,"weight":1.9296},
{"Node_id":13008,"weight":2.1093},
{"Node_id":13009,"weight":2.7876},
{"Node_id":13010,"weight":2.2657},
{"Node_id":13011,"weight":3.1651},
{"Node_id":13012,"weight":4.0163},
{"Node_id":13013,"weight":2.0192},
{"Node_id":13014,"weight":2.6678},
{"Node_id":13015,"weight":2.4768},
{"Node_id":13016,"weight":1.5245},
{"Node_id":13017,"weight":4.7954},
{"Node_id":13018,"weight":1.9896},
{"Node_id":13019,"weight":2.3075},
{"Node_id":13020,"weight":2.5023},
{"Node_id":13021,"weight":1.421},
{"Node_id":13022,"weight":1.7151},
{"Node_id":13023,"weight":1.5575},
{"Node_id":13024,"weight":1.9634},
{"Node_id":13045,"weight":2.5312},
{"Node_id":13067,"weight":3.1651},
{"Node_id":13083,"weight":2.0231},
{"Node_id":13098,"weight":2.6945},
{"Node_id":13099,"weight":3.6843},
{"Node_id":13100,"weight":2.6037},
{"Node_id":13115,"weight":3.6233},
{"Node_id":13116,"weight":2.5341},
{"Node_id":13117,"weight":2.6482},
{"Node_id":13118,"weight":2.2095},
{"Node_id":13119,"weight":2.2634},
{"Node_id":13120,"weight":1.653},
{"Node_id":13121,"weight":1.397},
{"Node_id":13122,"weight":2.5166},
{"Node_id":13123,"weight":1.9468},
{"Node_id":13124,"weight":2.0338},
{"Node_id":13125,"weight":1.7528},
{"Node_id":13126,"weight":1.53},
{"Node_id":13201,"weight":1.8128},
{"Node_id":13202,"weight":2.9808},
{"Node_id":13203,"weight":4.2402},
{"Node_id":13204,"weight":1.935},
{"Node_id":13205,"weight":1.6792},
{"Node_id":13206,"weight":3.2591},
{"Node_id":13207,"weight":1.6538},
{"Node_id":13208,"weight":2.1568},
{"Node_id":13209,"weight":3.1781},
{"Node_id":13210,"weight":2.881},
{"Node_id":13211,"weight":1.4848},
{"Node_id":13212,"weight":1.5793},
{"Node_id":13213,"weight":3.1833},
{"Node_id":13214,"weight":2.7857},
{"Node_id":13215,"weight":1.659},
{"Node_id":13216,"weight":1.6754},
{"Node_id":13217,"weight":1.7575},
{"Node_id":13218,"weight":2.2955},
{"Node_id":13219,"weight":2.0202},
{"Node_id":13220,"weight":2.7235},
{"Node_id":13221,"weight":2.1796},
{"Node_id":13222,"weight":2.7339},
{"Node_id":13223,"weight":3.3967},
{"Node_id":13224,"weight":2.4208},
{"Node_id":13225,"weight":1.5652},
{"Node_id":13226,"weight":2.6945},
{"Node_id":13227,"weight":4.1064},
{"Node_id":13231,"weight":1.5259},
{"Node_id":13232,"weight":2.1312},
{"Node_id":13233,"weight":1.5002},
{"Node_id":13234,"weight":6.3182},
{"Node_id":13235,"weight":2.0745},
{"Node_id":13236,"weight":1.4822},
{"Node_id":13237,"weight":1.4848},
{"Node_id":13238,"weight":2.0436},
{"Node_id":13239,"weight":1.9905},
{"Node_id":13240,"weight":2.4852},
{"Node_id":13241,"weight":1.8643},
{"Node_id":13242,"weight":3.1651},
{"Node_id":13243,"weight":3.7357},
{"Node_id":13244,"weight":1.3932},
{"Node_id":13245,"weight":1.4975},
{"Node_id":13246,"weight":1.8037},
{"Node_id":13247,"weight":1.5963},
{"Node_id":13248,"weight":2.5224},
{"Node_id":13249,"weight":3.842},
{"Node_id":13250,"weight":2.1622},
{"Node_id":13251,"weight":1.8515},
{"Node_id":13252,"weight":5.8401},
{"Node_id":13253,"weight":1.6906},
{"Node_id":13254,"weight":1.7736},
{"Node_id":13255,"weight":1.9296},
{"Node_id":13256,"weight":2.7857},
{"Node_id":13257,"weight":2.3546},
{"Node_id":13258,"weight":3.776},
{"Node_id":13259,"weight":4.0694},
{"Node_id":13260,"weight":2.4671},
{"Node_id":13261,"weight":2.173},
{"Node_id":13262,"weight":1.752},
{"Node_id":13263,"weight":2.0038},
{"Node_id":13264,"weight":1.4371},
{"Node_id":13265,"weight":2.7081},
{"Node_id":13266,"weight":1.4835},
{"Node_id":13267,"weight":1.9962},
{"Node_id":13268,"weight":2.727},
{"Node_id":13269,"weight":2.2517},
{"Node_id":13270,"weight":2.3648},
{"Node_id":13271,"weight":3.596},
{"Node_id":13272,"weight":2.6257},
{"Node_id":13273,"weight":2.4275},
{"Node_id":13274,"weight":1.9277},
{"Node_id":13275,"weight":2.3866},
{"Node_id":13276,"weight":5.3992},
{"Node_id":13277,"weight":1.4624},
{"Node_id":13278,"weight":1.5485},
{"Node_id":13279,"weight":2.3395},
{"Node_id":13280,"weight":1.8895},
{"Node_id":13281,"weight":2.4588},
{"Node_id":13282,"weight":2.2799},
{"Node_id":13283,"weight":2.8652},
{"Node_id":13284,"weight":1.5062},
{"Node_id":13285,"weight":1.4881},
{"Node_id":13286,"weight":1.5842},
{"Node_id":13287,"weight":1.4921},
{"Node_id":13288,"weight":1.8078},
{"Node_id":13289,"weight":1.776},
{"Node_id":13290,"weight":3.305},
{"Node_id":13291,"weight":2.5959},
{"Node_id":13292,"weight":1.6974},
{"Node_id":13293,"weight":2.2196},
{"Node_id":13294,"weight":1.4848},
{"Node_id":13295,"weight":2.881},
{"Node_id":13296,"weight":1.7401},
{"Node_id":13297,"weight":2.3234},
{"Node_id":13298,"weight":1.6208},
{"Node_id":13299,"weight":2.6563},
{"Node_id":13300,"weight":1.6486},
{"Node_id":13301,"weight":1.9332},
{"Node_id":13302,"weight":1.8523},
{"Node_id":13303,"weight":2.8229},
{"Node_id":13304,"weight":2.5579},
{"Node_id":13326,"weight":2.0907},
{"Node_id":13327,"weight":6.0725},
{"Node_id":13328,"weight":2.8574},
{"Node_id":13329,"weight":1.4178},
{"Node_id":13330,"weight":1.5992},
{"Node_id":13331,"weight":2.1719},
{"Node_id":13332,"weight":1.5035},
{"Node_id":13333,"weight":1.3882},
{"Node_id":13334,"weight":2.2576},
{"Node_id":13335,"weight":3.3652},
{"Node_id":13336,"weight":2.5254},
{"Node_id":13337,"weight":1.7105},
{"Node_id":13338,"weight":4.8458},
{"Node_id":13339,"weight":2.2552},
{"Node_id":13340,"weight":1.3988},
{"Node_id":13341,"weight":1.4172},
{"Node_id":13342,"weight":1.6523},
{"Node_id":13343,"weight":1.7963},
{"Node_id":13344,"weight":4.1002},
{"Node_id":13345,"weight":2.5066},
{"Node_id":13346,"weight":2.5385},
{"Node_id":13347,"weight":2.877},
{"Node_id":13348,"weight":1.9523},
{"Node_id":13349,"weight":2.5714},
{"Node_id":13350,"weight":1.4565},
{"Node_id":13351,"weight":1.744},
{"Node_id":13352,"weight":1.6732},
{"Node_id":13353,"weight":1.798},
{"Node_id":13354,"weight":1.9305},
{"Node_id":13355,"weight":1.4229},
{"Node_id":13356,"weight":1.543},
{"Node_id":13357,"weight":4.1711},
{"Node_id":13358,"weight":2.6711},
{"Node_id":13359,"weight":2.205},
{"Node_id":13360,"weight":3.1347},
{"Node_id":13361,"weight":1.4815},
{"Node_id":13362,"weight":1.752},
{"Node_id":13363,"weight":3.0252},
{"Node_id":13364,"weight":1.6368},
{"Node_id":13365,"weight":2.9593},
{"Node_id":13366,"weight":3.1964},
{"Node_id":13367,"weight":2.0565},
{"Node_id":13368,"weight":1.9296},
{"Node_id":13369,"weight":1.8136},
{"Node_id":13370,"weight":2.2242},
{"Node_id":13371,"weight":2.3571},
{"Node_id":13372,"weight":3.8038},
{"Node_id":13373,"weight":2.0938},
{"Node_id":13374,"weight":2.0745},
{"Node_id":13375,"weight":2.5123},
{"Node_id":13376,"weight":1.5786},
{"Node_id":13377,"weight":1.726},
{"Node_id":13378,"weight":1.4663},
{"Node_id":13379,"weight":2.6563},
{"Node_id":13380,"weight":1.4147},
{"Node_id":13381,"weight":2.9011},
{"Node_id":13382,"weight":5.2347},
{"Node_id":13383,"weight":3.4095},
{"Node_id":13384,"weight":3.4225},
{"Node_id":13385,"weight":1.8557},
{"Node_id":13386,"weight":2.6498},
{"Node_id":13387,"weight":2.1134},
{"Node_id":13388,"weight":2.366},
{"Node_id":13389,"weight":1.9395},
{"Node_id":13390,"weight":3.1859},
{"Node_id":13391,"weight":2.2907},
{"Node_id":13392,"weight":1.8337},
{"Node_id":13393,"weight":1.5652},
{"Node_id":13394,"weight":2.543},
{"Node_id":13395,"weight":5.8061},
{"Node_id":13396,"weight":3.6969},
{"Node_id":13397,"weight":2.1774},
{"Node_id":13398,"weight":1.4795},
{"Node_id":13399,"weight":1.3944},
{"Node_id":13400,"weight":2.3222},
{"Node_id":13401,"weight":1.8012},
{"Node_id":13402,"weight":5.2933},
{"Node_id":13405,"weight":1.5652},
{"Node_id":13406,"weight":2.5944},
{"Node_id":13407,"weight":2.0856},
{"Node_id":13408,"weight":1.5029},
{"Node_id":13409,"weight":2.8751},
{"Node_id":13410,"weight":1.5361},
{"Node_id":13411,"weight":3.2342},
{"Node_id":13412,"weight":1.9432},
{"Node_id":13413,"weight":1.639},
{"Node_id":13414,"weight":2.0436},
{"Node_id":13417,"weight":5.7105},
{"Node_id":13454,"weight":1.8834},
{"Node_id":13455,"weight":1.6657},
{"Node_id":13456,"weight":2.0918},
{"Node_id":13457,"weight":4.8588},
{"Node_id":13458,"weight":2.9257},
{"Node_id":13459,"weight":3.4323},
{"Node_id":13469,"weight":1.8756},
{"Node_id":13525,"weight":4.1982},
{"Node_id":13526,"weight":3.6392},
{"Node_id":13527,"weight":1.9727},
{"Node_id":13528,"weight":5.7414},
{"Node_id":13529,"weight":3.0929},
{"Node_id":13530,"weight":2.3609},
{"Node_id":13531,"weight":1.7113},
{"Node_id":13532,"weight":1.4268},
{"Node_id":13535,"weight":2.9896},
{"Node_id":13536,"weight":2.0938},
{"Node_id":13537,"weight":3.6718},
{"Node_id":13538,"weight":2.1124},
{"Node_id":13539,"weight":2.5519},
{"Node_id":13540,"weight":2.3445},
{"Node_id":13541,"weight":1.5527},
{"Node_id":13542,"weight":1.752},
{"Node_id":13543,"weight":2.7658},
{"Node_id":13544,"weight":1.9241},
{"Node_id":13545,"weight":1.8506},
{"Node_id":13546,"weight":2.4951},
{"Node_id":13547,"weight":3.3168},
{"Node_id":13548,"weight":1.9368},
{"Node_id":13549,"weight":2.2599},
{"Node_id":13550,"weight":1.8532},
{"Node_id":13551,"weight":2.2379},
{"Node_id":13552,"weight":1.8379},
{"Node_id":13553,"weight":3.6718},
{"Node_id":13554,"weight":1.6317},
{"Node_id":13555,"weight":3.7624},
{"Node_id":13556,"weight":1.5617},
{"Node_id":13557,"weight":1.8566},
{"Node_id":13558,"weight":1.8575},
{"Node_id":13559,"weight":1.6013},
{"Node_id":13563,"weight":2.508},
{"Node_id":13564,"weight":1.4198},
{"Node_id":13565,"weight":2.4478},
{"Node_id":13566,"weight":1.4474},
{"Node_id":13567,"weight":3.0229},
{"Node_id":13568,"weight":2.0377},
{"Node_id":13569,"weight":1.5218},
{"Node_id":13802,"weight":4.833},
{"Node_id":13803,"weight":1.5485},
{"Node_id":13804,"weight":2.3063},
{"Node_id":13805,"weight":1.8957},
{"Node_id":13808,"weight":4.1914},
{"Node_id":13809,"weight":4.3534},
{"Node_id":13810,"weight":1.6302},
{"Node_id":13811,"weight":1.8738},
{"Node_id":13812,"weight":1.5245},
{"Node_id":13813,"weight":5.0294},
{"Node_id":13814,"weight":1.5807},
{"Node_id":13815,"weight":3.8716},
{"Node_id":13816,"weight":2.2907},
{"Node_id":13817,"weight":2.6612},
{"Node_id":13818,"weight":2.2061},
{"Node_id":13819,"weight":1.5218},
{"Node_id":13820,"weight":2.2017},
{"Node_id":13821,"weight":5.3771},
{"Node_id":13822,"weight":2.3918},
{"Node_id":13823,"weight":1.5327},
{"Node_id":13824,"weight":1.5527},
{"Node_id":13825,"weight":2.2448},
{"Node_id":13969,"weight":5.2347},
{"Node_id":13970,"weight":1.9606},
{"Node_id":13971,"weight":1.7719},
{"Node_id":13972,"weight":1.4474},
{"Node_id":13973,"weight":2.4768},
{"Node_id":13984,"weight":1.7417},
{"Node_id":13985,"weight":2.9808},
{"Node_id":13988,"weight":1.4128},
{"Node_id":13989,"weight":1.5992},
{"Node_id":13990,"weight":1.6762},
{"Node_id":13991,"weight":2.0212},
{"Node_id":13992,"weight":3.0389},
{"Node_id":13993,"weight":3.3377},
{"Node_id":14038,"weight":2.6337},
{"Node_id":14039,"weight":1.7448},
{"Node_id":14040,"weight":1.6331},
{"Node_id":14041,"weight":2.0397},
{"Node_id":14042,"weight":1.7464},
{"Node_id":14043,"weight":1.9802},
{"Node_id":14044,"weight":2.027},
{"Node_id":14045,"weight":1.5828},
{"Node_id":14046,"weight":3.0504},
{"Node_id":14047,"weight":1.4281},
{"Node_id":14048,"weight":2.1557},
{"Node_id":14049,"weight":1.7881},
{"Node_id":14058,"weight":2.645},
{"Node_id":14059,"weight":1.575},
{"Node_id":14105,"weight":4.212},
{"Node_id":14106,"weight":3.5326},
{"Node_id":14107,"weight":3.248},
{"Node_id":14108,"weight":1.4526},
{"Node_id":14148,"weight":2.9917},
{"Node_id":14149,"weight":1.5779},
{"Node_id":14150,"weight":2.1503},
{"Node_id":14151,"weight":1.465},
{"Node_id":14152,"weight":1.9811},
{"Node_id":14153,"weight":1.4526},
{"Node_id":14154,"weight":1.5771},
{"Node_id":14155,"weight":1.8062},
{"Node_id":14156,"weight":2.0125},
{"Node_id":14157,"weight":5.7414},
{"Node_id":14158,"weight":4.1318},
{"Node_id":14159,"weight":2.5371},
{"Node_id":14160,"weight":2.1323},
{"Node_id":14161,"weight":1.4223},
{"Node_id":14162,"weight":4.3858},
{"Node_id":14163,"weight":4.4364},
{"Node_id":14164,"weight":1.4064},
{"Node_id":14165,"weight":1.4533},
{"Node_id":14166,"weight":1.513},
{"Node_id":14167,"weight":1.7036},
{"Node_id":14168,"weight":2.1218},
{"Node_id":14169,"weight":4.4451},
{"Node_id":14170,"weight":1.6538},
{"Node_id":14171,"weight":2.2185},
{"Node_id":14172,"weight":1.7535},
{"Node_id":14173,"weight":2.102},
{"Node_id":14174,"weight":1.397},
{"Node_id":14175,"weight":2.0685},
{"Node_id":14176,"weight":1.8851},
{"Node_id":14177,"weight":1.8379},
{"Node_id":14178,"weight":5.6515},
{"Node_id":14179,"weight":1.8992},
{"Node_id":14180,"weight":1.7939},
{"Node_id":14181,"weight":2.0125},
{"Node_id":14182,"weight":2.5594},
{"Node_id":14183,"weight":1.7244},
{"Node_id":14184,"weight":3.6969},
{"Node_id":14185,"weight":3.1703},
{"Node_id":14186,"weight":1.5184},
{"Node_id":14187,"weight":1.3869},
{"Node_id":14188,"weight":2.1829},
{"Node_id":14189,"weight":2.2196},
{"Node_id":14190,"weight":1.9597},
{"Node_id":14191,"weight":2.8477},
{"Node_id":14192,"weight":1.6694},
{"Node_id":14193,"weight":3.577},
{"Node_id":14194,"weight":2.889},
{"Node_id":14195,"weight":2.885},
{"Node_id":14196,"weight":1.5259},
{"Node_id":14197,"weight":3.8567},
{"Node_id":14198,"weight":3.3079},
{"Node_id":14199,"weight":1.8354},
{"Node_id":14200,"weight":1.7736},
{"Node_id":14201,"weight":3.714},
{"Node_id":14202,"weight":1.8371},
{"Node_id":14203,"weight":2.9808},
{"Node_id":14204,"weight":2.9614},
{"Node_id":14205,"weight":3.4934},
{"Node_id":14206,"weight":1.3882},
{"Node_id":14207,"weight":1.7623},
{"Node_id":14208,"weight":2.3711},
{"Node_id":14209,"weight":1.4313},
{"Node_id":14210,"weight":1.5527},
{"Node_id":14211,"weight":2.2599},
{"Node_id":14212,"weight":2.0029},
{"Node_id":14213,"weight":2.6596},
{"Node_id":14214,"weight":1.9359},
{"Node_id":14215,"weight":2.9381},
{"Node_id":14216,"weight":2.9174},
{"Node_id":14217,"weight":1.6171},
{"Node_id":14218,"weight":1.8103},
{"Node_id":14219,"weight":1.5334},
{"Node_id":14220,"weight":2.887},
{"Node_id":14221,"weight":1.8186},
{"Node_id":14222,"weight":1.9542},
{"Node_id":14233,"weight":1.6785},
{"Node_id":14234,"weight":3.0006},
{"Node_id":14235,"weight":2.1785},
{"Node_id":14236,"weight":3.0786},
{"Node_id":14237,"weight":3.8275},
{"Node_id":14238,"weight":1.7881},
{"Node_id":14239,"weight":3.055},
{"Node_id":14240,"weight":1.9662},
{"Node_id":14241,"weight":2.4671},
{"Node_id":14242,"weight":3.2905},
{"Node_id":14243,"weight":1.901},
{"Node_id":14244,"weight":1.9802},
{"Node_id":14245,"weight":1.9802},
{"Node_id":14246,"weight":7.8236},
{"Node_id":14250,"weight":1.6913},
{"Node_id":14251,"weight":2.645},
{"Node_id":14252,"weight":4.0163},
{"Node_id":14253,"weight":1.4915},
{"Node_id":14254,"weight":1.5347},
{"Node_id":14255,"weight":2.6531},
{"Node_id":14256,"weight":2.2611},
{"Node_id":14335,"weight":4.3454},
{"Node_id":14336,"weight":2.8248},
{"Node_id":14339,"weight":2.4994},
{"Node_id":14340,"weight":1.748},
{"Node_id":14341,"weight":1.4855},
{"Node_id":14342,"weight":2.764},
{"Node_id":14343,"weight":1.8721},
{"Node_id":14344,"weight":2.4492},
{"Node_id":14345,"weight":1.8904},
{"Node_id":14346,"weight":1.9783},
{"Node_id":14347,"weight":1.6508},
{"Node_id":14348,"weight":2.1302},
{"Node_id":14349,"weight":2.4356},
{"Node_id":14350,"weight":2.0897},
{"Node_id":14351,"weight":3.1322},
{"Node_id":14352,"weight":1.956},
{"Node_id":14353,"weight":4.5362},
{"Node_id":14354,"weight":2.8574},
{"Node_id":14357,"weight":4.6053},
{"Node_id":14358,"weight":2.7839},
{"Node_id":14359,"weight":1.5177},
{"Node_id":14360,"weight":1.414},
{"Node_id":14361,"weight":1.7496},
{"Node_id":14362,"weight":2.0318},
{"Node_id":14363,"weight":3.2424},
{"Node_id":14364,"weight":1.8756},
{"Node_id":14428,"weight":2.5371},
{"Node_id":14429,"weight":1.414},
{"Node_id":14430,"weight":2.4643},
{"Node_id":14459,"weight":1.8128},
{"Node_id":14460,"weight":1.4461},
{"Node_id":14461,"weight":2.0446},
{"Node_id":14462,"weight":2.5821},
{"Node_id":14463,"weight":3.4761},
{"Node_id":14464,"weight":1.5062},
{"Node_id":14465,"weight":2.0989},
{"Node_id":14466,"weight":2.3788},
{"Node_id":14467,"weight":1.5485},
{"Node_id":14468,"weight":4.4108},
{"Node_id":14471,"weight":1.4384},
{"Node_id":14472,"weight":2.7551},
{"Node_id":14473,"weight":1.7409},
{"Node_id":14474,"weight":2.1333},
{"Node_id":14475,"weight":1.9634},
{"Node_id":14476,"weight":1.8111},
{"Node_id":14477,"weight":2.7604},
{"Node_id":14478,"weight":1.5779},
{"Node_id":14479,"weight":4.1383},
{"Node_id":14480,"weight":1.4565},
{"Node_id":14481,"weight":3.6233},
{"Node_id":14482,"weight":1.7599},
{"Node_id":14483,"weight":2.5806},
{"Node_id":14484,"weight":1.4096},
{"Node_id":14485,"weight":3.9072},
{"Node_id":14486,"weight":1.8211},
{"Node_id":14487,"weight":2.5312},
{"Node_id":14488,"weight":1.8037},
{"Node_id":14489,"weight":2.9657},
{"Node_id":14490,"weight":2.6514},
{"Node_id":14491,"weight":1.4229},
{"Node_id":14492,"weight":2.7132},
{"Node_id":14493,"weight":1.8404},
{"Node_id":14494,"weight":1.9332},
{"Node_id":14495,"weight":2.5867},
{"Node_id":14496,"weight":1.6694},
{"Node_id":14497,"weight":4.119},
{"Node_id":14498,"weight":2.4937},
{"Node_id":14499,"weight":3.9992},
{"Node_id":14500,"weight":1.9268},
{"Node_id":14501,"weight":1.4351},
{"Node_id":14502,"weight":1.5361},
{"Node_id":14503,"weight":1.6501},
{"Node_id":14504,"weight":1.9001},
{"Node_id":14519,"weight":0.1294},
{"Node_id":14520,"weight":1.2721},
{"Node_id":14521,"weight":3.2676},
{"Node_id":14522,"weight":0.036},
{"Node_id":14523,"weight":2.8691},
{"Node_id":14528,"weight":2.7046},
{"Node_id":14529,"weight":0.5266},
{"Node_id":14530,"weight":0.49},
{"Node_id":14531,"weight":1.62},
{"Node_id":14532,"weight":2.1763},
{"Node_id":14533,"weight":0.6955},
{"Node_id":14534,"weight":2.5166},
{"Node_id":14535,"weight":5.4448},
{"Node_id":14536,"weight":1.9072},
{"Node_id":14537,"weight":0.6239},
{"Node_id":14538,"weight":0.9529},
{"Node_id":14539,"weight":1.0716},
{"Node_id":14540,"weight":0.944},
{"Node_id":14541,"weight":1.9569},
{"Node_id":14542,"weight":1.6822},
{"Node_id":14543,"weight":0.8274},
{"Node_id":14548,"weight":1.2856},
{"Node_id":14549,"weight":2.0755},
{"Node_id":14550,"weight":0.1519},
{"Node_id":14562,"weight":0.388},
{"Node_id":14563,"weight":1.2448}]