[{"Node_id":2114,"weight":1.9214},
{"Node_id":2118,"weight":2.184},
{"Node_id":2119,"weight":3.483},
{"Node_id":2120,"weight":2.2799},
{"Node_id":2121,"weight":2.0505},
{"Node_id":2122,"weight":1.9802},
{"Node_id":2123,"weight":2.5051},
{"Node_id":2127,"weight":2.4994},
{"Node_id":2128,"weight":2.7218},
{"Node_id":2129,"weight":3.6636},
{"Node_id":2130,"weight":1.6493},
{"Node_id":2131,"weight":4.0396},
{"Node_id":2132,"weight":2.0367},
{"Node_id":2133,"weight":1.4319},
{"Node_id":2134,"weight":3.8918},
{"Node_id":2135,"weight":2.3699},
{"Node_id":2136,"weight":1.8825},
{"Node_id":2137,"weight":1.9924},
{"Node_id":2138,"weight":2.5459},
{"Node_id":2139,"weight":2.6645},
{"Node_id":2140,"weight":2.321},
{"Node_id":2141,"weight":1.6936},
{"Node_id":2142,"weight":4.1254},
{"Node_id":2145,"weight":2.1397},
{"Node_id":2146,"weight":2.4195},
{"Node_id":2147,"weight":1.4064},
{"Node_id":2148,"weight":1.8203},
{"Node_id":2149,"weight":4.1846},
{"Node_id":2156,"weight":2.7912},
{"Node_id":2161,"weight":2.9298},
{"Node_id":2162,"weight":3.7945},
{"Node_id":2166,"weight":1.5736},
{"Node_id":2167,"weight":1.9597},
{"Node_id":2168,"weight":1.9569},
{"Node_id":2169,"weight":1.4474},
{"Node_id":2170,"weight":1.9468},
{"Node_id":2171,"weight":2.0241},
{"Node_id":2192,"weight":1.4371},
{"Node_id":2193,"weight":2.4866},
{"Node_id":2194,"weight":1.7922},
{"Node_id":2195,"weight":1.5259},
{"Node_id":2196,"weight":3.2124},
{"Node_id":2197,"weight":2.5123},
{"Node_id":2198,"weight":1.832},
{"Node_id":2199,"weight":4.7357},
{"Node_id":2200,"weight":1.744},
{"Node_id":2201,"weight":1.748},
{"Node_id":2204,"weight":1.8643},
{"Node_id":2205,"weight":3.4127},
{"Node_id":2206,"weight":1.7036},
{"Node_id":2207,"weight":2.5852},
{"Node_id":2209,"weight":2.0846},
{"Node_id":2210,"weight":3.9713},
{"Node_id":2211,"weight":3.2963},
{"Node_id":2212,"weight":2.0212},
{"Node_id":2213,"weight":1.3976},
{"Node_id":2214,"weight":1.5513},
{"Node_id":2215,"weight":1.8203},
{"Node_id":2216,"weight":1.5492},
{"Node_id":2217,"weight":2.0456},
{"Node_id":2218,"weight":1.7036},
{"Node_id":2219,"weight":2.0595},
{"Node_id":2220,"weight":4.7954},
{"Node_id":2223,"weight":1.8421},
{"Node_id":2224,"weight":1.4624},
{"Node_id":2225,"weight":3.429},
{"Node_id":2226,"weight":2.764},
{"Node_id":2227,"weight":2.001},
{"Node_id":2228,"weight":1.6353},
{"Node_id":2229,"weight":1.4539},
{"Node_id":2230,"weight":4.219},
{"Node_id":2231,"weight":3.0667},
{"Node_id":2246,"weight":1.5638},
{"Node_id":2249,"weight":1.7583},
{"Node_id":2250,"weight":2.4102},
{"Node_id":2255,"weight":7.6004},
{"Node_id":2256,"weight":1.6034},
{"Node_id":2259,"weight":1.8421},
{"Node_id":2260,"weight":1.9532},
{"Node_id":2261,"weight":2.1928},
{"Node_id":2262,"weight":1.6493},
{"Node_id":2263,"weight":1.9395},
{"Node_id":2264,"weight":2.3983},
{"Node_id":2265,"weight":2.2634},
{"Node_id":2266,"weight":2.2253},
{"Node_id":2268,"weight":2.4369},
{"Node_id":2269,"weight":2.3271},
{"Node_id":2270,"weight":3.1026},
{"Node_id":2271,"weight":1.5764},
{"Node_id":2272,"weight":1.7097},
{"Node_id":2273,"weight":2.7115},
{"Node_id":2278,"weight":1.4261},
{"Node_id":2279,"weight":4.2766},
{"Node_id":2280,"weight":6.0725},
{"Node_id":2281,"weight":3.2397},
{"Node_id":2282,"weight":2.3763},
{"Node_id":2283,"weight":5.2159},
{"Node_id":2284,"weight":2.6006},
{"Node_id":2285,"weight":2.7857},
{"Node_id":2286,"weight":3.3714},
{"Node_id":2287,"weight":1.5666},
{"Node_id":2288,"weight":2.6612},
{"Node_id":2289,"weight":1.886},
{"Node_id":2290,"weight":1.866},
{"Node_id":2291,"weight":1.5327},
{"Node_id":2292,"weight":2.1218},
{"Node_id":2293,"weight":1.5123},
{"Node_id":2294,"weight":3.596},
{"Node_id":2295,"weight":1.7013},
{"Node_id":2297,"weight":2.887},
{"Node_id":2298,"weight":2.2287},
{"Node_id":2420,"weight":1.6875},
{"Node_id":2421,"weight":3.3227},
{"Node_id":2422,"weight":3.2733},
{"Node_id":2937,"weight":2.0887},
{"Node_id":3171,"weight":5.077},
{"Node_id":3172,"weight":1.4178},
{"Node_id":3173,"weight":4.1064},
{"Node_id":3174,"weight":2.0695},
{"Node_id":3176,"weight":2.2196},
{"Node_id":3178,"weight":2.0907},
{"Node_id":3179,"weight":2.9635},
{"Node_id":3180,"weight":3.9549},
{"Node_id":3181,"weight":1.4474},
{"Node_id":3182,"weight":1.7051},
{"Node_id":3183,"weight":2.3996},
{"Node_id":3184,"weight":1.7433},
{"Node_id":3185,"weight":2.1807},
{"Node_id":3186,"weight":2.3866},
{"Node_id":3187,"weight":1.3919},
{"Node_id":3188,"weight":2.0928},
{"Node_id":3193,"weight":2.0938},
{"Node_id":3194,"weight":1.9615},
{"Node_id":3195,"weight":2.0299},
{"Node_id":3196,"weight":2.3433},
{"Node_id":3198,"weight":2.5504},
{"Node_id":3200,"weight":2.5519},
{"Node_id":3201,"weight":1.8523},
{"Node_id":3202,"weight":2.3648},
{"Node_id":3206,"weight":1.4481},
{"Node_id":3207,"weight":1.4384},
{"Node_id":3208,"weight":5.2933},
{"Node_id":3209,"weight":1.4313},
{"Node_id":3210,"weight":3.3287},
{"Node_id":3211,"weight":1.9305},
{"Node_id":3212,"weight":4.8078},
{"Node_id":3213,"weight":2.5195},
{"Node_id":3214,"weight":1.3882},
{"Node_id":3215,"weight":3.2151},
{"Node_id":3216,"weight":2.3271},
{"Node_id":3218,"weight":4.6469},
{"Node_id":3219,"weight":2.2943},
{"Node_id":3220,"weight":3.4523},
{"Node_id":3221,"weight":1.4617},
{"Node_id":3223,"weight":3.0978},
{"Node_id":3224,"weight":1.6142},
{"Node_id":3225,"weight":1.3869},
{"Node_id":3226,"weight":3.0006},
{"Node_id":3227,"weight":2.8691},
{"Node_id":3228,"weight":1.7276},
{"Node_id":3229,"weight":1.3982},
{"Node_id":3231,"weight":2.0918},
{"Node_id":3236,"weight":2.7604},
{"Node_id":3237,"weight":1.7647},
{"Node_id":3238,"weight":3.4225},
{"Node_id":3239,"weight":3.1651},
{"Node_id":3240,"weight":2.6482},
{"Node_id":3241,"weight":1.6434},
{"Node_id":3242,"weight":2.6662},
{"Node_id":3244,"weight":1.8704},
{"Node_id":3245,"weight":1.4455},
{"Node_id":3246,"weight":1.452},
{"Node_id":3247,"weight":3.6677},
{"Node_id":3248,"weight":2.9722},
{"Node_id":3249,"weight":1.6405},
{"Node_id":3252,"weight":3.511},
{"Node_id":3253,"weight":1.6627},
{"Node_id":3254,"weight":3.1173},
{"Node_id":3255,"weight":2.2752},
{"Node_id":3256,"weight":1.6049},
{"Node_id":3257,"weight":1.6612},
{"Node_id":3258,"weight":2.9786},
{"Node_id":3259,"weight":1.9496},
{"Node_id":3260,"weight":1.7151},
{"Node_id":3263,"weight":1.8037},
{"Node_id":3264,"weight":1.7448},
{"Node_id":3265,"weight":1.9197},
{"Node_id":3266,"weight":2.6369},
{"Node_id":3304,"weight":2.1397},
{"Node_id":3305,"weight":1.4822},
{"Node_id":3306,"weight":3.7852},
{"Node_id":3307,"weight":1.9487},
{"Node_id":3308,"weight":2.1218},
{"Node_id":3309,"weight":2.2242},
{"Node_id":3311,"weight":5.9496},
{"Node_id":3314,"weight":2.9298},
{"Node_id":3317,"weight":4.1711},
{"Node_id":3318,"weight":2.4142},
{"Node_id":3319,"weight":2.4838},
{"Node_id":3320,"weight":2.4629},
{"Node_id":3321,"weight":3.2676},
{"Node_id":3322,"weight":4.6259},
{"Node_id":3323,"weight":4.5555},
{"Node_id":3324,"weight":1.7865},
{"Node_id":3325,"weight":1.4862},
{"Node_id":3326,"weight":1.8921},
{"Node_id":3327,"weight":1.5055},
{"Node_id":3328,"weight":1.4261},
{"Node_id":3329,"weight":1.7551},
{"Node_id":3331,"weight":5.2539},
{"Node_id":3332,"weight":1.4815},
{"Node_id":3333,"weight":1.4287},
{"Node_id":3334,"weight":1.5451},
{"Node_id":3335,"weight":1.6229},
{"Node_id":3336,"weight":4.2051},
{"Node_id":3337,"weight":2.579},
{"Node_id":3338,"weight":1.5885},
{"Node_id":3339,"weight":2.883},
{"Node_id":3342,"weight":3.4591},
{"Node_id":3343,"weight":2.5654},
{"Node_id":3346,"weight":7.8236},
{"Node_id":3356,"weight":1.5225},
{"Node_id":3357,"weight":2.2494},
{"Node_id":3358,"weight":2.5669},
{"Node_id":3359,"weight":3.2452},
{"Node_id":3360,"weight":2.8439},
{"Node_id":3361,"weight":2.3371},
{"Node_id":3362,"weight":1.3913},
{"Node_id":3363,"weight":4.3066},
{"Node_id":3364,"weight":2.7712},
{"Node_id":3365,"weight":5.077},
{"Node_id":3366,"weight":1.9386},
{"Node_id":3370,"weight":2.2425},
{"Node_id":3371,"weight":2.0144},
{"Node_id":3372,"weight":1.4955},
{"Node_id":3373,"weight":1.4364},
{"Node_id":3374,"weight":1.7639},
{"Node_id":3375,"weight":4.872},
{"Node_id":3379,"weight":2.2967},
{"Node_id":3380,"weight":1.4855},
{"Node_id":3381,"weight":3.0297},
{"Node_id":3382,"weight":1.421},
{"Node_id":3383,"weight":1.9487},
{"Node_id":3384,"weight":2.6434},
{"Node_id":3385,"weight":1.6777},
{"Node_id":3386,"weight":1.5008},
{"Node_id":3387,"weight":2.9765},
{"Node_id":3388,"weight":1.7082},
{"Node_id":3389,"weight":2.4168},
{"Node_id":3622,"weight":5.4217},
{"Node_id":3623,"weight":5.5429},
{"Node_id":3624,"weight":2.5534},
{"Node_id":3625,"weight":1.4223},
{"Node_id":3626,"weight":2.2728},
{"Node_id":3627,"weight":3.3377},
{"Node_id":3686,"weight":5.045},
{"Node_id":3687,"weight":3.8766},
{"Node_id":3688,"weight":1.719},
{"Node_id":3689,"weight":1.7354},
{"Node_id":3690,"weight":2.4768},
{"Node_id":3691,"weight":1.7198},
{"Node_id":3694,"weight":3.6076},
{"Node_id":3695,"weight":3.4523},
{"Node_id":3696,"weight":3.6273},
{"Node_id":3697,"weight":3.7401},
{"Node_id":3698,"weight":2.0338},
{"Node_id":3699,"weight":1.6906},
{"Node_id":3700,"weight":3.6718},
{"Node_id":3701,"weight":2.1418},
{"Node_id":3702,"weight":1.6419},
{"Node_id":3703,"weight":1.8549},
{"Node_id":3704,"weight":2.0212},
{"Node_id":3705,"weight":3.3808},
{"Node_id":3706,"weight":3.8469},
{"Node_id":3707,"weight":3.305},
{"Node_id":3708,"weight":1.4742},
{"Node_id":3711,"weight":1.5464},
{"Node_id":3712,"weight":2.0575},
{"Node_id":3713,"weight":1.7922},
{"Node_id":3716,"weight":4.1579},
{"Node_id":3717,"weight":1.615},
{"Node_id":3718,"weight":5.4927},
{"Node_id":3721,"weight":3.7446},
{"Node_id":3724,"weight":3.5075},
{"Node_id":3725,"weight":1.7472},
{"Node_id":3726,"weight":1.4001},
{"Node_id":3727,"weight":3.6885},
{"Node_id":3728,"weight":2.5519},
{"Node_id":3729,"weight":1.8145},
{"Node_id":3730,"weight":3.8372},
{"Node_id":3731,"weight":2.0615},
{"Node_id":3732,"weight":2.0785},
{"Node_id":3733,"weight":2.1654},
{"Node_id":3734,"weight":1.6114},
{"Node_id":3735,"weight":1.812},
{"Node_id":3736,"weight":1.9143},
{"Node_id":3737,"weight":1.7567},
{"Node_id":3738,"weight":2.1862},
{"Node_id":3739,"weight":2.1906},
{"Node_id":3740,"weight":2.7357},
{"Node_id":3741,"weight":2.9465},
{"Node_id":3742,"weight":2.1249},
{"Node_id":3743,"weight":3.6432},
{"Node_id":3744,"weight":5.1441},
{"Node_id":3745,"weight":5.2734},
{"Node_id":3746,"weight":3.0978},
{"Node_id":3747,"weight":3.8132},
{"Node_id":3748,"weight":5.045},
{"Node_id":3749,"weight":2.401},
{"Node_id":3750,"weight":2.101},
{"Node_id":3751,"weight":1.515},
{"Node_id":3754,"weight":3.0644},
{"Node_id":3755,"weight":3.0366},
{"Node_id":3756,"weight":2.3039},
{"Node_id":3757,"weight":1.7849},
{"Node_id":3758,"weight":3.0184},
{"Node_id":3759,"weight":1.886},
{"Node_id":3760,"weight":2.0038},
{"Node_id":3761,"weight":2.025},
{"Node_id":3771,"weight":1.9206},
{"Node_id":3772,"weight":2.4329},
{"Node_id":3773,"weight":3.9658},
{"Node_id":3774,"weight":2.5579},
{"Node_id":3775,"weight":2.0192},
{"Node_id":3778,"weight":2.8135},
{"Node_id":3779,"weight":2.8381},
{"Node_id":3780,"weight":2.889},
{"Node_id":3781,"weight":2.0338},
{"Node_id":3782,"weight":3.0667},
{"Node_id":3783,"weight":1.9323},
{"Node_id":3784,"weight":1.7237},
{"Node_id":3785,"weight":1.7599},
{"Node_id":3786,"weight":2.3015},
{"Node_id":3787,"weight":1.4881},
{"Node_id":3788,"weight":1.3988},
{"Node_id":3789,"weight":2.9786},
{"Node_id":3790,"weight":3.3652},
{"Node_id":3791,"weight":2.6337},
{"Node_id":3792,"weight":1.5485},
{"Node_id":3793,"weight":2.5297},
{"Node_id":3794,"weight":1.5327},
{"Node_id":3795,"weight":1.7663},
{"Node_id":3796,"weight":1.9423},
{"Node_id":3797,"weight":1.4422},
{"Node_id":3798,"weight":1.5885},
{"Node_id":3799,"weight":1.5729},
{"Node_id":3800,"weight":1.5306},
{"Node_id":3801,"weight":2.7409},
{"Node_id":3830,"weight":1.6657},
{"Node_id":3831,"weight":1.4052},
{"Node_id":3832,"weight":1.6324},
{"Node_id":3833,"weight":2.8711},
{"Node_id":3834,"weight":5.0933},
{"Node_id":3835,"weight":1.5659},
{"Node_id":3836,"weight":1.4782},
{"Node_id":3837,"weight":2.6761},
{"Node_id":3838,"weight":2.4796},
{"Node_id":3839,"weight":2.6337},
{"Node_id":3840,"weight":5.4927},
{"Node_id":3843,"weight":2.0928},
{"Node_id":3852,"weight":1.4862},
{"Node_id":3853,"weight":1.4435},
{"Node_id":3854,"weight":4.8458},
{"Node_id":3855,"weight":2.1622},
{"Node_id":3856,"weight":1.8253},
{"Node_id":3857,"weight":2.1928},
{"Node_id":3858,"weight":1.587},
{"Node_id":3859,"weight":1.656},
{"Node_id":3860,"weight":2.4684},
{"Node_id":3861,"weight":3.511},
{"Node_id":3862,"weight":1.5368},
{"Node_id":3863,"weight":1.6027},
{"Node_id":3864,"weight":1.733},
{"Node_id":3865,"weight":1.8609},
{"Node_id":3868,"weight":3.6312},
{"Node_id":3869,"weight":2.3699},
{"Node_id":3870,"weight":2.6928},
{"Node_id":3871,"weight":3.3903},
{"Node_id":3872,"weight":2.2943},
{"Node_id":3875,"weight":1.9597},
{"Node_id":3876,"weight":2.1376},
{"Node_id":3877,"weight":2.6147},
{"Node_id":3878,"weight":2.0485},
{"Node_id":3879,"weight":1.8438},
{"Node_id":3880,"weight":2.97},
{"Node_id":3881,"weight":4.1513},
{"Node_id":3882,"weight":2.9031},
{"Node_id":3883,"weight":1.5197},
{"Node_id":3884,"weight":3.4356},
{"Node_id":3885,"weight":4.4538},
{"Node_id":3886,"weight":3.2507},
{"Node_id":3887,"weight":1.4775},
{"Node_id":3888,"weight":3.6595},
{"Node_id":3889,"weight":1.4769},
{"Node_id":3890,"weight":4.7832},
{"Node_id":3891,"weight":1.8354},
{"Node_id":3892,"weight":2.7857},
{"Node_id":3893,"weight":3.3468},
{"Node_id":3894,"weight":4.284},
{"Node_id":3895,"weight":1.8643},
{"Node_id":3896,"weight":2.1354},
{"Node_id":3897,"weight":1.8153},
{"Node_id":3900,"weight":2.5882},
{"Node_id":3901,"weight":2.1774},
{"Node_id":3902,"weight":4.0049},
{"Node_id":3903,"weight":2.9444},
{"Node_id":3904,"weight":2.6466},
{"Node_id":3905,"weight":2.1796},
{"Node_id":3906,"weight":3.3079},
{"Node_id":3907,"weight":3.562},
{"Node_id":3908,"weight":1.6164},
{"Node_id":3909,"weight":1.9915},
{"Node_id":3910,"weight":2.4994},
{"Node_id":3911,"weight":2.6022},
{"Node_id":3912,"weight":1.5603},
{"Node_id":3913,"weight":2.2716},
{"Node_id":3914,"weight":3.3287},
{"Node_id":3915,"weight":1.7543},
{"Node_id":3916,"weight":3.3468},
{"Node_id":3917,"weight":1.9098},
{"Node_id":3918,"weight":1.8078},
{"Node_id":3919,"weight":2.4519},
{"Node_id":3920,"weight":3.3138},
{"Node_id":3921,"weight":2.6434},
{"Node_id":3922,"weight":2.9939},
{"Node_id":3923,"weight":1.8379},
{"Node_id":3924,"weight":1.7711},
{"Node_id":3925,"weight":3.0072},
{"Node_id":3926,"weight":1.5485},
{"Node_id":3927,"weight":1.4585},
{"Node_id":3928,"weight":3.1222},
{"Node_id":3929,"weight":2.1752},
{"Node_id":3930,"weight":2.6321},
{"Node_id":3931,"weight":2.7183},
{"Node_id":3932,"weight":3.5694},
{"Node_id":3933,"weight":3.1026},
{"Node_id":3934,"weight":2.4315},
{"Node_id":3935,"weight":1.4868},
{"Node_id":3936,"weight":1.6785},
{"Node_id":3937,"weight":2.2576},
{"Node_id":3938,"weight":3.1625},
{"Node_id":3939,"weight":1.827},
{"Node_id":3940,"weight":2.3814},
{"Node_id":3941,"weight":2.6761},
{"Node_id":3942,"weight":1.7988},
{"Node_id":3943,"weight":5.9118},
{"Node_id":3944,"weight":2.4342},
{"Node_id":3945,"weight":1.4461},
{"Node_id":3946,"weight":3.4356},
{"Node_id":3962,"weight":1.4982},
{"Node_id":3963,"weight":2.3827},
{"Node_id":3964,"weight":2.1514},
{"Node_id":3965,"weight":1.421},
{"Node_id":3966,"weight":4.2546},
{"Node_id":3967,"weight":2.889},
{"Node_id":3968,"weight":2.6162},
{"Node_id":3971,"weight":4.508},
{"Node_id":3974,"weight":2.6401},
{"Node_id":3977,"weight":2.1197},
{"Node_id":3978,"weight":1.9161},
{"Node_id":4014,"weight":2.4643},
{"Node_id":4015,"weight":2.1145},
{"Node_id":4016,"weight":1.7105},
{"Node_id":4017,"weight":2.1239},
{"Node_id":4018,"weight":1.8834},
{"Node_id":4019,"weight":2.7115},
{"Node_id":4020,"weight":2.3597},
{"Node_id":4021,"weight":1.6383},
{"Node_id":4022,"weight":1.4624},
{"Node_id":4023,"weight":3.6392},
{"Node_id":4024,"weight":1.7338},
{"Node_id":4025,"weight":4.3776},
{"Node_id":4026,"weight":1.7089},
{"Node_id":4027,"weight":1.4789},
{"Node_id":4028,"weight":3.2591},
{"Node_id":4029,"weight":3.3871},
{"Node_id":4030,"weight":2.9277},
{"Node_id":4031,"weight":4.5653},
{"Node_id":4032,"weight":3.2178},
{"Node_id":4033,"weight":2.321},
{"Node_id":4034,"weight":2.2073},
{"Node_id":4035,"weight":1.5779},
{"Node_id":4036,"weight":3.8085},
{"Node_id":4037,"weight":1.6186},
{"Node_id":4038,"weight":6.8113},
{"Node_id":4039,"weight":1.6179},
{"Node_id":4040,"weight":1.7377},
{"Node_id":4041,"weight":2.4588},
{"Node_id":4042,"weight":1.6478},
{"Node_id":4043,"weight":1.5231},
{"Node_id":4044,"weight":2.342},
{"Node_id":4045,"weight":1.4644},
{"Node_id":4046,"weight":2.0595},
{"Node_id":4047,"weight":2.2681},
{"Node_id":4049,"weight":1.5109},
{"Node_id":4050,"weight":2.4519},
{"Node_id":4051,"weight":1.7105},
{"Node_id":4054,"weight":3.3871},
{"Node_id":4055,"weight":1.5807},
{"Node_id":4056,"weight":2.7586},
{"Node_id":4057,"weight":2.885},
{"Node_id":4058,"weight":4.5653},
{"Node_id":4059,"weight":3.3683},
{"Node_id":4060,"weight":2.7374},
{"Node_id":4063,"weight":2.0485},
{"Node_id":4064,"weight":1.8261},
{"Node_id":4065,"weight":2.9593},
{"Node_id":4066,"weight":2.0565},
{"Node_id":4067,"weight":2.5123},
{"Node_id":4068,"weight":1.4121},
{"Node_id":4069,"weight":2.2061},
{"Node_id":4070,"weight":1.7136},
{"Node_id":4071,"weight":2.2799},
{"Node_id":4072,"weight":1.7182},
{"Node_id":4075,"weight":2.0605},
{"Node_id":4076,"weight":3.6233},
{"Node_id":4079,"weight":2.6242},
{"Node_id":4080,"weight":1.5771},
{"Node_id":4081,"weight":1.5402},
{"Node_id":4082,"weight":3.2591},
{"Node_id":4083,"weight":1.6754},
{"Node_id":4084,"weight":1.5238},
{"Node_id":4085,"weight":2.0096},
{"Node_id":4086,"weight":2.8381},
{"Node_id":4087,"weight":2.1155},
{"Node_id":4088,"weight":1.5687},
{"Node_id":4089,"weight":1.4014},
{"Node_id":4090,"weight":1.7417},
{"Node_id":4091,"weight":2.3699},
{"Node_id":4094,"weight":1.6078},
{"Node_id":4095,"weight":1.7857},
{"Node_id":4096,"weight":3.562},
{"Node_id":4097,"weight":2.8633},
{"Node_id":4101,"weight":1.9259},
{"Node_id":4102,"weight":2.6662},
{"Node_id":4103,"weight":3.5326},
{"Node_id":4104,"weight":4.0163},
{"Node_id":4105,"weight":3.226},
{"Node_id":4106,"weight":1.7051},
{"Node_id":4107,"weight":2.9113},
{"Node_id":4108,"weight":1.8913},
{"Node_id":4111,"weight":1.6085},
{"Node_id":4112,"weight":1.5999},
{"Node_id":4113,"weight":3.0738},
{"Node_id":4114,"weight":1.5878},
{"Node_id":4206,"weight":3.0117},
{"Node_id":4207,"weight":2.2907},
{"Node_id":4211,"weight":2.0038},
{"Node_id":4212,"weight":3.5398},
{"Node_id":4213,"weight":1.8379},
{"Node_id":4214,"weight":1.3907},
{"Node_id":4215,"weight":3.0786},
{"Node_id":4216,"weight":4.0049},
{"Node_id":4217,"weight":3.4969},
{"Node_id":4218,"weight":1.7841},
{"Node_id":4219,"weight":2.4966},
{"Node_id":4220,"weight":4.9126},
{"Node_id":4221,"weight":3.562},
{"Node_id":4222,"weight":4.9548},
{"Node_id":4223,"weight":4.7592},
{"Node_id":4224,"weight":2.1873},
{"Node_id":4234,"weight":3.0184},
{"Node_id":4235,"weight":1.4572},
{"Node_id":4339,"weight":2.4994},
{"Node_id":4340,"weight":5.4448},
{"Node_id":4341,"weight":1.7988},
{"Node_id":4342,"weight":1.6412},
{"Node_id":4343,"weight":1.4802},
{"Node_id":4344,"weight":1.4683},
{"Node_id":4345,"weight":4.0634},
{"Node_id":4346,"weight":2.895},
{"Node_id":4347,"weight":3.3347},
{"Node_id":4348,"weight":1.6508},
{"Node_id":4349,"weight":3.3777},
{"Node_id":4350,"weight":2.9072},
{"Node_id":4351,"weight":1.4178},
{"Node_id":4352,"weight":2.4881},
{"Node_id":4353,"weight":2.3788},
{"Node_id":4354,"weight":2.9614},
{"Node_id":4355,"weight":1.6664},
{"Node_id":4356,"weight":1.7963},
{"Node_id":4357,"weight":1.9143},
{"Node_id":4358,"weight":1.6523},
{"Node_id":4359,"weight":1.6538},
{"Node_id":4360,"weight":1.9036},
{"Node_id":4361,"weight":1.7776},
{"Node_id":4362,"weight":3.3999},
{"Node_id":4363,"weight":2.3584},
{"Node_id":4364,"weight":2.1785},
{"Node_id":4365,"weight":2.5224},
{"Node_id":4366,"weight":2.4601},
{"Node_id":4367,"weight":1.7074},
{"Node_id":4368,"weight":1.8834},
{"Node_id":4369,"weight":1.8921},
{"Node_id":4370,"weight":1.39},
{"Node_id":4371,"weight":2.2106},
{"Node_id":4372,"weight":1.9241},
{"Node_id":4373,"weight":1.6627},
{"Node_id":4374,"weight":3.0667},
{"Node_id":4375,"weight":2.0605},
{"Node_id":4376,"weight":2.2895},
{"Node_id":4377,"weight":1.43},
{"Node_id":4378,"weight":2.4698},
{"Node_id":4379,"weight":2.7694},
{"Node_id":4380,"weight":1.6982},
{"Node_id":4381,"weight":2.4505},
{"Node_id":4382,"weight":2.8305},
{"Node_id":4383,"weight":1.7825},
{"Node_id":4436,"weight":1.702},
{"Node_id":11926,"weight":2.9133},
{"Node_id":11942,"weight":1.4546},
{"Node_id":11943,"weight":1.6186},
{"Node_id":11944,"weight":2.4754},
{"Node_id":11945,"weight":1.8756},
{"Node_id":11971,"weight":1.4217},
{"Node_id":12008,"weight":1.5701},
{"Node_id":12126,"weight":1.9532},
{"Node_id":12252,"weight":3.2071},
{"Node_id":12253,"weight":1.7988},
{"Node_id":12348,"weight":3.3529},
{"Node_id":12391,"weight":2.658},
{"Node_id":12406,"weight":2.5371},
{"Node_id":12407,"weight":5.9496},
{"Node_id":12434,"weight":1.5589},
{"Node_id":12435,"weight":2.7098},
{"Node_id":12551,"weight":1.7543},
{"Node_id":12552,"weight":1.9746},
{"Node_id":12625,"weight":1.4729},
{"Node_id":12647,"weight":2.4754},
{"Node_id":12648,"weight":2.4302},
{"Node_id":12688,"weight":1.7898},
{"Node_id":12689,"weight":1.7043},
{"Node_id":12690,"weight":1.6612},
{"Node_id":12691,"weight":1.8669},
{"Node_id":12692,"weight":1.6762},
{"Node_id":12693,"weight":2.2208},
{"Node_id":12694,"weight":3.0297},
{"Node_id":12695,"weight":2.4262},
{"Node_id":12696,"weight":2.4155},
{"Node_id":12697,"weight":3.2017},
{"Node_id":12698,"weight":2.4866},
{"Node_id":12699,"weight":2.9939},
{"Node_id":12700,"weight":4.4538},
{"Node_id":12701,"weight":2.1796},
{"Node_id":12702,"weight":1.8523},
{"Node_id":12703,"weight":2.0038},
{"Node_id":12704,"weight":1.9934},
{"Node_id":12705,"weight":1.5652},
{"Node_id":12706,"weight":1.6792},
{"Node_id":12707,"weight":1.561},
{"Node_id":12708,"weight":1.5892},
{"Node_id":12709,"weight":1.6006},
{"Node_id":12710,"weight":1.7377},
{"Node_id":12711,"weight":2.3321},
{"Node_id":12712,"weight":2.0202},
{"Node_id":12713,"weight":4.284},
{"Node_id":12714,"weight":3.4969},
{"Node_id":12715,"weight":1.5736},
{"Node_id":12716,"weight":1.7857},
{"Node_id":12717,"weight":2.3271},
{"Node_id":12718,"weight":1.873},
{"Node_id":12719,"weight":2.0685},
{"Node_id":12720,"weight":1.8506},
{"Node_id":12721,"weight":2.5609},
{"Node_id":12722,"weight":1.6034},
{"Node_id":12723,"weight":2.0358},
{"Node_id":12724,"weight":3.3808},
{"Node_id":12725,"weight":2.2599},
{"Node_id":12726,"weight":3.6801},
{"Node_id":12727,"weight":5.1441},
{"Node_id":12728,"weight":4.0396},
{"Node_id":12729,"weight":2.1611},
{"Node_id":12730,"weight":4.7832},
{"Node_id":12731,"weight":3.4258},
{"Node_id":12732,"weight":2.6662},
{"Node_id":12733,"weight":2.4208},
{"Node_id":12734,"weight":1.5687},
{"Node_id":12735,"weight":2.8191},
{"Node_id":12736,"weight":1.4935},
{"Node_id":12737,"weight":1.7362},
{"Node_id":12740,"weight":6.1637},
{"Node_id":12741,"weight":1.9359},
{"Node_id":12742,"weight":3.3287},
{"Node_id":12743,"weight":3.0458},
{"Node_id":12744,"weight":2.1165},
{"Node_id":12745,"weight":1.5022},
{"Node_id":12746,"weight":2.5066},
{"Node_id":12749,"weight":1.4281},
{"Node_id":12750,"weight":2.4089},
{"Node_id":12751,"weight":1.7615},
{"Node_id":12752,"weight":1.4995},
{"Node_id":12753,"weight":1.9597},
{"Node_id":12754,"weight":2.955},
{"Node_id":12757,"weight":2.4235},
{"Node_id":12758,"weight":1.6634},
{"Node_id":12804,"weight":1.6883},
{"Node_id":12827,"weight":3.2676},
{"Node_id":12829,"weight":2.1062},
{"Node_id":12830,"weight":1.5949},
{"Node_id":12831,"weight":2.0705},
{"Node_id":12832,"weight":5.1441},
{"Node_id":12833,"weight":1.9018},
{"Node_id":12834,"weight":1.5582},
{"Node_id":12835,"weight":1.9477},
{"Node_id":12836,"weight":3.4095},
{"Node_id":12837,"weight":1.798},
{"Node_id":12838,"weight":3.8132},
{"Node_id":12839,"weight":5.1794},
{"Node_id":12840,"weight":8.1114},
{"Node_id":12841,"weight":3.5732},
{"Node_id":12842,"weight":6.5699},
{"Node_id":12843,"weight":1.8506},
{"Node_id":12844,"weight":3.2098},
{"Node_id":12845,"weight":2.1665},
{"Node_id":12848,"weight":2.0959},
{"Node_id":12849,"weight":3.1099},
{"Node_id":12850,"weight":2.2907},
{"Node_id":12851,"weight":5.2734},
{"Node_id":12852,"weight":3.8372},
{"Node_id":12853,"weight":1.6649},
{"Node_id":12854,"weight":2.5775},
{"Node_id":12855,"weight":3.0929},
{"Node_id":12856,"weight":1.7036},
{"Node_id":12857,"weight":2.5297},
{"Node_id":12858,"weight":1.917},
{"Node_id":12859,"weight":1.5416},
{"Node_id":12860,"weight":2.5913},
{"Node_id":12861,"weight":2.2006},
{"Node_id":12862,"weight":2.2073},
{"Node_id":12863,"weight":1.7346},
{"Node_id":12864,"weight":1.7252},
{"Node_id":12865,"weight":2.2871},
{"Node_id":12866,"weight":2.375},
{"Node_id":12867,"weight":1.9487},
{"Node_id":12868,"weight":2.5684},
{"Node_id":12869,"weight":2.4221},
{"Node_id":12870,"weight":1.6523},
{"Node_id":12871,"weight":2.1031},
{"Node_id":12872,"weight":1.7607},
{"Node_id":12873,"weight":1.4045},
{"Node_id":12874,"weight":2.3321},
{"Node_id":12875,"weight":3.5146},
{"Node_id":12876,"weight":3.7991},
{"Node_id":12877,"weight":2.5534},
{"Node_id":12878,"weight":2.2028},
{"Node_id":12879,"weight":1.9896},
{"Node_id":12880,"weight":1.8843},
{"Node_id":12881,"weight":2.8381},
{"Node_id":12882,"weight":1.5076},
{"Node_id":12883,"weight":2.184},
{"Node_id":12884,"weight":2.0416},
{"Node_id":12885,"weight":3.7579},
{"Node_id":12886,"weight":1.9296},
{"Node_id":12887,"weight":2.1093},
{"Node_id":12888,"weight":2.7876},
{"Node_id":12889,"weight":2.2657},
{"Node_id":12890,"weight":3.1651},
{"Node_id":12891,"weight":4.0163},
{"Node_id":12892,"weight":2.0192},
{"Node_id":12893,"weight":2.6678},
{"Node_id":12894,"weight":2.4768},
{"Node_id":12895,"weight":1.5245},
{"Node_id":12896,"weight":4.7954},
{"Node_id":12897,"weight":1.9896},
{"Node_id":12898,"weight":2.3075},
{"Node_id":12899,"weight":2.5023},
{"Node_id":12900,"weight":1.421},
{"Node_id":12901,"weight":1.7151},
{"Node_id":12902,"weight":1.5575},
{"Node_id":12903,"weight":1.9634},
{"Node_id":12924,"weight":2.5312},
{"Node_id":12946,"weight":3.1651},
{"Node_id":12962,"weight":2.0231},
{"Node_id":12977,"weight":2.6945},
{"Node_id":12978,"weight":3.6843},
{"Node_id":12979,"weight":2.6037},
{"Node_id":12994,"weight":3.6233},
{"Node_id":12995,"weight":2.5341},
{"Node_id":12996,"weight":2.6482},
{"Node_id":12997,"weight":2.2095},
{"Node_id":12998,"weight":2.2634},
{"Node_id":12999,"weight":1.653},
{"Node_id":13000,"weight":1.397},
{"Node_id":13001,"weight":2.5166},
{"Node_id":13002,"weight":1.9468},
{"Node_id":13003,"weight":2.0338},
{"Node_id":13004,"weight":1.7528},
{"Node_id":13005,"weight":1.53},
{"Node_id":13080,"weight":1.8128},
{"Node_id":13081,"weight":2.9808},
{"Node_id":13082,"weight":4.2402},
{"Node_id":13083,"weight":1.935},
{"Node_id":13084,"weight":1.6792},
{"Node_id":13085,"weight":3.2591},
{"Node_id":13086,"weight":1.6538},
{"Node_id":13087,"weight":2.1568},
{"Node_id":13088,"weight":3.1781},
{"Node_id":13089,"weight":2.881},
{"Node_id":13090,"weight":1.4848},
{"Node_id":13091,"weight":1.5793},
{"Node_id":13092,"weight":3.1833},
{"Node_id":13093,"weight":2.7857},
{"Node_id":13094,"weight":1.659},
{"Node_id":13095,"weight":1.6754},
{"Node_id":13096,"weight":1.7575},
{"Node_id":13097,"weight":2.2955},
{"Node_id":13098,"weight":2.0202},
{"Node_id":13099,"weight":2.7235},
{"Node_id":13100,"weight":2.1796},
{"Node_id":13101,"weight":2.7339},
{"Node_id":13102,"weight":3.3967},
{"Node_id":13103,"weight":2.4208},
{"Node_id":13104,"weight":1.5652},
{"Node_id":13105,"weight":2.6945},
{"Node_id":13106,"weight":4.1064},
{"Node_id":13110,"weight":1.5259},
{"Node_id":13111,"weight":2.1312},
{"Node_id":13112,"weight":1.5002},
{"Node_id":13113,"weight":6.3182},
{"Node_id":13114,"weight":2.0745},
{"Node_id":13115,"weight":1.4822},
{"Node_id":13116,"weight":1.4848},
{"Node_id":13117,"weight":2.0436},
{"Node_id":13118,"weight":1.9905},
{"Node_id":13119,"weight":2.4852},
{"Node_id":13120,"weight":1.8643},
{"Node_id":13121,"weight":3.1651},
{"Node_id":13122,"weight":3.7357},
{"Node_id":13123,"weight":1.3932},
{"Node_id":13124,"weight":1.4975},
{"Node_id":13125,"weight":1.8037},
{"Node_id":13126,"weight":1.5963},
{"Node_id":13127,"weight":2.5224},
{"Node_id":13128,"weight":3.842},
{"Node_id":13129,"weight":2.1622},
{"Node_id":13130,"weight":1.8515},
{"Node_id":13131,"weight":5.8401},
{"Node_id":13132,"weight":1.6906},
{"Node_id":13133,"weight":1.7736},
{"Node_id":13134,"weight":1.9296},
{"Node_id":13135,"weight":2.7857},
{"Node_id":13136,"weight":2.3546},
{"Node_id":13137,"weight":3.776},
{"Node_id":13138,"weight":4.0694},
{"Node_id":13139,"weight":2.4671},
{"Node_id":13140,"weight":2.173},
{"Node_id":13141,"weight":1.752},
{"Node_id":13142,"weight":2.0038},
{"Node_id":13143,"weight":1.4371},
{"Node_id":13144,"weight":2.7081},
{"Node_id":13145,"weight":1.4835},
{"Node_id":13146,"weight":1.9962},
{"Node_id":13147,"weight":2.727},
{"Node_id":13148,"weight":2.2517},
{"Node_id":13149,"weight":2.3648},
{"Node_id":13150,"weight":3.596},
{"Node_id":13151,"weight":2.6257},
{"Node_id":13152,"weight":2.4275},
{"Node_id":13153,"weight":1.9277},
{"Node_id":13154,"weight":2.3866},
{"Node_id":13155,"weight":5.3992},
{"Node_id":13156,"weight":1.4624},
{"Node_id":13157,"weight":1.5485},
{"Node_id":13158,"weight":2.3395},
{"Node_id":13159,"weight":1.8895},
{"Node_id":13160,"weight":2.4588},
{"Node_id":13161,"weight":2.2799},
{"Node_id":13162,"weight":2.8652},
{"Node_id":13163,"weight":1.5062},
{"Node_id":13164,"weight":1.4881},
{"Node_id":13165,"weight":1.5842},
{"Node_id":13166,"weight":1.4921},
{"Node_id":13167,"weight":1.8078},
{"Node_id":13168,"weight":1.776},
{"Node_id":13169,"weight":3.305},
{"Node_id":13170,"weight":2.5959},
{"Node_id":13171,"weight":1.6974},
{"Node_id":13172,"weight":2.2196},
{"Node_id":13173,"weight":1.4848},
{"Node_id":13174,"weight":2.881},
{"Node_id":13175,"weight":1.7401},
{"Node_id":13176,"weight":2.3234},
{"Node_id":13177,"weight":1.6208},
{"Node_id":13178,"weight":2.6563},
{"Node_id":13179,"weight":1.6486},
{"Node_id":13180,"weight":1.9332},
{"Node_id":13181,"weight":1.8523},
{"Node_id":13182,"weight":2.8229},
{"Node_id":13183,"weight":2.5579},
{"Node_id":13205,"weight":2.0907},
{"Node_id":13206,"weight":6.0725},
{"Node_id":13207,"weight":2.8574},
{"Node_id":13208,"weight":1.4178},
{"Node_id":13209,"weight":1.5992},
{"Node_id":13210,"weight":2.1719},
{"Node_id":13211,"weight":1.5035},
{"Node_id":13212,"weight":1.3882},
{"Node_id":13213,"weight":2.2576},
{"Node_id":13214,"weight":3.3652},
{"Node_id":13215,"weight":2.5254},
{"Node_id":13216,"weight":1.7105},
{"Node_id":13217,"weight":4.8458},
{"Node_id":13218,"weight":2.2552},
{"Node_id":13219,"weight":1.3988},
{"Node_id":13220,"weight":1.4172},
{"Node_id":13221,"weight":1.6523},
{"Node_id":13222,"weight":1.7963},
{"Node_id":13223,"weight":4.1002},
{"Node_id":13224,"weight":2.5066},
{"Node_id":13225,"weight":2.5385},
{"Node_id":13226,"weight":2.877},
{"Node_id":13227,"weight":1.9523},
{"Node_id":13228,"weight":2.5714},
{"Node_id":13229,"weight":1.4565},
{"Node_id":13230,"weight":1.744},
{"Node_id":13231,"weight":1.6732},
{"Node_id":13232,"weight":1.798},
{"Node_id":13233,"weight":1.9305},
{"Node_id":13234,"weight":1.4229},
{"Node_id":13235,"weight":1.543},
{"Node_id":13236,"weight":4.1711},
{"Node_id":13237,"weight":2.6711},
{"Node_id":13238,"weight":2.205},
{"Node_id":13239,"weight":3.1347},
{"Node_id":13240,"weight":1.4815},
{"Node_id":13241,"weight":1.752},
{"Node_id":13242,"weight":3.0252},
{"Node_id":13243,"weight":1.6368},
{"Node_id":13244,"weight":2.9593},
{"Node_id":13245,"weight":3.1964},
{"Node_id":13246,"weight":2.0565},
{"Node_id":13247,"weight":1.9296},
{"Node_id":13248,"weight":1.8136},
{"Node_id":13249,"weight":2.2242},
{"Node_id":13250,"weight":2.3571},
{"Node_id":13251,"weight":3.8038},
{"Node_id":13252,"weight":2.0938},
{"Node_id":13253,"weight":2.0745},
{"Node_id":13254,"weight":2.5123},
{"Node_id":13255,"weight":1.5786},
{"Node_id":13256,"weight":1.726},
{"Node_id":13257,"weight":1.4663},
{"Node_id":13258,"weight":2.6563},
{"Node_id":13259,"weight":1.4147},
{"Node_id":13260,"weight":2.9011},
{"Node_id":13261,"weight":5.2347},
{"Node_id":13262,"weight":3.4095},
{"Node_id":13263,"weight":3.4225},
{"Node_id":13264,"weight":1.8557},
{"Node_id":13265,"weight":2.6498},
{"Node_id":13266,"weight":2.1134},
{"Node_id":13267,"weight":2.366},
{"Node_id":13268,"weight":1.9395},
{"Node_id":13269,"weight":3.1859},
{"Node_id":13270,"weight":2.2907},
{"Node_id":13271,"weight":1.8337},
{"Node_id":13272,"weight":1.5652},
{"Node_id":13273,"weight":2.543},
{"Node_id":13274,"weight":5.8061},
{"Node_id":13275,"weight":3.6969},
{"Node_id":13276,"weight":2.1774},
{"Node_id":13277,"weight":1.4795},
{"Node_id":13278,"weight":1.3944},
{"Node_id":13279,"weight":2.3222},
{"Node_id":13280,"weight":1.8012},
{"Node_id":13281,"weight":5.2933},
{"Node_id":13284,"weight":1.5652},
{"Node_id":13285,"weight":2.5944},
{"Node_id":13286,"weight":2.0856},
{"Node_id":13287,"weight":1.5029},
{"Node_id":13288,"weight":2.8751},
{"Node_id":13289,"weight":1.5361},
{"Node_id":13290,"weight":3.2342},
{"Node_id":13291,"weight":1.9432},
{"Node_id":13292,"weight":1.639},
{"Node_id":13293,"weight":2.0436},
{"Node_id":13296,"weight":5.7105},
{"Node_id":13333,"weight":1.8834},
{"Node_id":13334,"weight":1.6657},
{"Node_id":13335,"weight":2.0918},
{"Node_id":13336,"weight":4.8588},
{"Node_id":13337,"weight":2.9257},
{"Node_id":13338,"weight":3.4323},
{"Node_id":13348,"weight":1.8756},
{"Node_id":13404,"weight":4.1982},
{"Node_id":13405,"weight":3.6392},
{"Node_id":13406,"weight":1.9727},
{"Node_id":13407,"weight":5.7414},
{"Node_id":13408,"weight":3.0929},
{"Node_id":13409,"weight":2.3609},
{"Node_id":13410,"weight":1.7113},
{"Node_id":13411,"weight":1.4268},
{"Node_id":13414,"weight":2.9896},
{"Node_id":13415,"weight":2.0938},
{"Node_id":13416,"weight":3.6718},
{"Node_id":13417,"weight":2.1124},
{"Node_id":13418,"weight":2.5519},
{"Node_id":13419,"weight":2.3445},
{"Node_id":13420,"weight":1.5527},
{"Node_id":13421,"weight":1.752},
{"Node_id":13422,"weight":2.7658},
{"Node_id":13423,"weight":1.9241},
{"Node_id":13424,"weight":1.8506},
{"Node_id":13425,"weight":2.4951},
{"Node_id":13426,"weight":3.3168},
{"Node_id":13427,"weight":1.9368},
{"Node_id":13428,"weight":2.2599},
{"Node_id":13429,"weight":1.8532},
{"Node_id":13430,"weight":2.2379},
{"Node_id":13431,"weight":1.8379},
{"Node_id":13432,"weight":3.6718},
{"Node_id":13433,"weight":1.6317},
{"Node_id":13434,"weight":3.7624},
{"Node_id":13435,"weight":1.5617},
{"Node_id":13436,"weight":1.8566},
{"Node_id":13437,"weight":1.8575},
{"Node_id":13438,"weight":1.6013},
{"Node_id":13442,"weight":2.508},
{"Node_id":13443,"weight":1.4198},
{"Node_id":13444,"weight":2.4478},
{"Node_id":13445,"weight":1.4474},
{"Node_id":13446,"weight":3.0229},
{"Node_id":13447,"weight":2.0377},
{"Node_id":13448,"weight":1.5218},
{"Node_id":13681,"weight":4.833},
{"Node_id":13682,"weight":1.5485},
{"Node_id":13683,"weight":2.3063},
{"Node_id":13684,"weight":1.8957},
{"Node_id":13687,"weight":4.1914},
{"Node_id":13688,"weight":4.3534},
{"Node_id":13689,"weight":1.6302},
{"Node_id":13690,"weight":1.8738},
{"Node_id":13691,"weight":1.5245},
{"Node_id":13692,"weight":5.0294},
{"Node_id":13693,"weight":1.5807},
{"Node_id":13694,"weight":3.8716},
{"Node_id":13695,"weight":2.2907},
{"Node_id":13696,"weight":2.6612},
{"Node_id":13697,"weight":2.2061},
{"Node_id":13698,"weight":1.5218},
{"Node_id":13699,"weight":2.2017},
{"Node_id":13700,"weight":5.3771},
{"Node_id":13701,"weight":2.3918},
{"Node_id":13702,"weight":1.5327},
{"Node_id":13703,"weight":1.5527},
{"Node_id":13704,"weight":2.2448},
{"Node_id":13848,"weight":5.2347},
{"Node_id":13849,"weight":1.9606},
{"Node_id":13850,"weight":1.7719},
{"Node_id":13851,"weight":1.4474},
{"Node_id":13852,"weight":2.4768},
{"Node_id":13863,"weight":1.7417},
{"Node_id":13864,"weight":2.9808},
{"Node_id":13867,"weight":1.4128},
{"Node_id":13868,"weight":1.5992},
{"Node_id":13869,"weight":1.6762},
{"Node_id":13870,"weight":2.0212},
{"Node_id":13871,"weight":3.0389},
{"Node_id":13872,"weight":3.3377},
{"Node_id":13917,"weight":2.6337},
{"Node_id":13918,"weight":1.7448},
{"Node_id":13919,"weight":1.6331},
{"Node_id":13920,"weight":2.0397},
{"Node_id":13921,"weight":1.7464},
{"Node_id":13922,"weight":1.9802},
{"Node_id":13923,"weight":2.027},
{"Node_id":13924,"weight":1.5828},
{"Node_id":13925,"weight":3.0504},
{"Node_id":13926,"weight":1.4281},
{"Node_id":13927,"weight":2.1557},
{"Node_id":13928,"weight":1.7881},
{"Node_id":13937,"weight":2.645},
{"Node_id":13938,"weight":1.575},
{"Node_id":13984,"weight":4.212},
{"Node_id":13985,"weight":3.5326},
{"Node_id":13986,"weight":3.248},
{"Node_id":13987,"weight":1.4526},
{"Node_id":14027,"weight":2.9917},
{"Node_id":14028,"weight":1.5779},
{"Node_id":14029,"weight":2.1503},
{"Node_id":14030,"weight":1.465},
{"Node_id":14031,"weight":1.9811},
{"Node_id":14032,"weight":1.4526},
{"Node_id":14033,"weight":1.5771},
{"Node_id":14034,"weight":1.8062},
{"Node_id":14035,"weight":2.0125},
{"Node_id":14036,"weight":5.7414},
{"Node_id":14037,"weight":4.1318},
{"Node_id":14038,"weight":2.5371},
{"Node_id":14039,"weight":2.1323},
{"Node_id":14040,"weight":1.4223},
{"Node_id":14041,"weight":4.3858},
{"Node_id":14042,"weight":4.4364},
{"Node_id":14043,"weight":1.4064},
{"Node_id":14044,"weight":1.4533},
{"Node_id":14045,"weight":1.513},
{"Node_id":14046,"weight":1.7036},
{"Node_id":14047,"weight":2.1218},
{"Node_id":14048,"weight":4.4451},
{"Node_id":14049,"weight":1.6538},
{"Node_id":14050,"weight":2.2185},
{"Node_id":14051,"weight":1.7535},
{"Node_id":14052,"weight":2.102},
{"Node_id":14053,"weight":1.397},
{"Node_id":14054,"weight":2.0685},
{"Node_id":14055,"weight":1.8851},
{"Node_id":14056,"weight":1.8379},
{"Node_id":14057,"weight":5.6515},
{"Node_id":14058,"weight":1.8992},
{"Node_id":14059,"weight":1.7939},
{"Node_id":14060,"weight":2.0125},
{"Node_id":14061,"weight":2.5594},
{"Node_id":14062,"weight":1.7244},
{"Node_id":14063,"weight":3.6969},
{"Node_id":14064,"weight":3.1703},
{"Node_id":14065,"weight":1.5184},
{"Node_id":14066,"weight":1.3869},
{"Node_id":14067,"weight":2.1829},
{"Node_id":14068,"weight":2.2196},
{"Node_id":14069,"weight":1.9597},
{"Node_id":14070,"weight":2.8477},
{"Node_id":14071,"weight":1.6694},
{"Node_id":14072,"weight":3.577},
{"Node_id":14073,"weight":2.889},
{"Node_id":14074,"weight":2.885},
{"Node_id":14075,"weight":1.5259},
{"Node_id":14076,"weight":3.8567},
{"Node_id":14077,"weight":3.3079},
{"Node_id":14078,"weight":1.8354},
{"Node_id":14079,"weight":1.7736},
{"Node_id":14080,"weight":3.714},
{"Node_id":14081,"weight":1.8371},
{"Node_id":14082,"weight":2.9808},
{"Node_id":14083,"weight":2.9614},
{"Node_id":14084,"weight":3.4934},
{"Node_id":14085,"weight":1.3882},
{"Node_id":14086,"weight":1.7623},
{"Node_id":14087,"weight":2.3711},
{"Node_id":14088,"weight":1.4313},
{"Node_id":14089,"weight":1.5527},
{"Node_id":14090,"weight":2.2599},
{"Node_id":14091,"weight":2.0029},
{"Node_id":14092,"weight":2.6596},
{"Node_id":14093,"weight":1.9359},
{"Node_id":14094,"weight":2.9381},
{"Node_id":14095,"weight":2.9174},
{"Node_id":14096,"weight":1.6171},
{"Node_id":14097,"weight":1.8103},
{"Node_id":14098,"weight":1.5334},
{"Node_id":14099,"weight":2.887},
{"Node_id":14100,"weight":1.8186},
{"Node_id":14101,"weight":1.9542},
{"Node_id":14112,"weight":1.6785},
{"Node_id":14113,"weight":3.0006},
{"Node_id":14114,"weight":2.1785},
{"Node_id":14115,"weight":3.0786},
{"Node_id":14116,"weight":3.8275},
{"Node_id":14117,"weight":1.7881},
{"Node_id":14118,"weight":3.055},
{"Node_id":14119,"weight":1.9662},
{"Node_id":14120,"weight":2.4671},
{"Node_id":14121,"weight":3.2905},
{"Node_id":14122,"weight":1.901},
{"Node_id":14123,"weight":1.9802},
{"Node_id":14124,"weight":1.9802},
{"Node_id":14125,"weight":7.8236},
{"Node_id":14129,"weight":1.6913},
{"Node_id":14130,"weight":2.645},
{"Node_id":14131,"weight":4.0163},
{"Node_id":14132,"weight":1.4915},
{"Node_id":14133,"weight":1.5347},
{"Node_id":14134,"weight":2.6531},
{"Node_id":14135,"weight":2.2611},
{"Node_id":14214,"weight":4.3454},
{"Node_id":14215,"weight":2.8248},
{"Node_id":14218,"weight":2.4994},
{"Node_id":14219,"weight":1.748},
{"Node_id":14220,"weight":1.4855},
{"Node_id":14221,"weight":2.764},
{"Node_id":14222,"weight":1.8721},
{"Node_id":14223,"weight":2.4492},
{"Node_id":14224,"weight":1.8904},
{"Node_id":14225,"weight":1.9783},
{"Node_id":14226,"weight":1.6508},
{"Node_id":14227,"weight":2.1302},
{"Node_id":14228,"weight":2.4356},
{"Node_id":14229,"weight":2.0897},
{"Node_id":14230,"weight":3.1322},
{"Node_id":14231,"weight":1.956},
{"Node_id":14232,"weight":4.5362},
{"Node_id":14233,"weight":2.8574},
{"Node_id":14236,"weight":4.6053},
{"Node_id":14237,"weight":2.7839},
{"Node_id":14238,"weight":1.5177},
{"Node_id":14239,"weight":1.414},
{"Node_id":14240,"weight":1.7496},
{"Node_id":14241,"weight":2.0318},
{"Node_id":14242,"weight":3.2424},
{"Node_id":14243,"weight":1.8756},
{"Node_id":14307,"weight":2.5371},
{"Node_id":14308,"weight":1.414},
{"Node_id":14309,"weight":2.4643},
{"Node_id":14338,"weight":1.8128},
{"Node_id":14339,"weight":1.4461},
{"Node_id":14340,"weight":2.0446},
{"Node_id":14341,"weight":2.5821},
{"Node_id":14342,"weight":3.4761},
{"Node_id":14343,"weight":1.5062},
{"Node_id":14344,"weight":2.0989},
{"Node_id":14345,"weight":2.3788},
{"Node_id":14346,"weight":1.5485},
{"Node_id":14347,"weight":4.4108},
{"Node_id":14350,"weight":1.4384},
{"Node_id":14351,"weight":2.7551},
{"Node_id":14352,"weight":1.7409},
{"Node_id":14353,"weight":2.1333},
{"Node_id":14354,"weight":1.9634},
{"Node_id":14355,"weight":1.8111},
{"Node_id":14356,"weight":2.7604},
{"Node_id":14357,"weight":1.5779},
{"Node_id":14358,"weight":4.1383},
{"Node_id":14359,"weight":1.4565},
{"Node_id":14360,"weight":3.6233},
{"Node_id":14361,"weight":1.7599},
{"Node_id":14362,"weight":2.5806},
{"Node_id":14363,"weight":1.4096},
{"Node_id":14364,"weight":3.9072},
{"Node_id":14365,"weight":1.8211},
{"Node_id":14366,"weight":2.5312},
{"Node_id":14367,"weight":1.8037},
{"Node_id":14368,"weight":2.9657},
{"Node_id":14369,"weight":2.6514},
{"Node_id":14370,"weight":1.4229},
{"Node_id":14371,"weight":2.7132},
{"Node_id":14372,"weight":1.8404},
{"Node_id":14373,"weight":1.9332},
{"Node_id":14374,"weight":2.5867},
{"Node_id":14375,"weight":1.6694},
{"Node_id":14376,"weight":4.119},
{"Node_id":14377,"weight":2.4937},
{"Node_id":14378,"weight":3.9992},
{"Node_id":14379,"weight":1.9268},
{"Node_id":14380,"weight":1.4351},
{"Node_id":14381,"weight":1.5361},
{"Node_id":14382,"weight":1.6501},
{"Node_id":14383,"weight":1.9001},
{"Node_id":14398,"weight":0.1294},
{"Node_id":14399,"weight":1.2721},
{"Node_id":14400,"weight":3.2676},
{"Node_id":14401,"weight":0.036},
{"Node_id":14402,"weight":2.8691},
{"Node_id":14407,"weight":2.7046},
{"Node_id":14408,"weight":0.5266},
{"Node_id":14409,"weight":0.49},
{"Node_id":14410,"weight":1.62},
{"Node_id":14411,"weight":2.1763},
{"Node_id":14412,"weight":0.6955},
{"Node_id":14413,"weight":2.5166},
{"Node_id":14414,"weight":5.4448},
{"Node_id":14415,"weight":1.9072},
{"Node_id":14416,"weight":0.6239},
{"Node_id":14417,"weight":0.9529},
{"Node_id":14418,"weight":1.0716},
{"Node_id":14419,"weight":0.944},
{"Node_id":14420,"weight":1.9569},
{"Node_id":14421,"weight":1.6822},
{"Node_id":14422,"weight":0.8274},
{"Node_id":14427,"weight":1.2856},
{"Node_id":14428,"weight":2.0755},
{"Node_id":14429,"weight":0.1519},
{"Node_id":14441,"weight":0.388},
{"Node_id":14442,"weight":1.2448},
{"Node_id":14446,"weight":0.7598},
{"Node_id":14448,"weight":2.498},
{"Node_id":14449,"weight":1.827},
{"Node_id":14472,"weight":4.0878},
{"Node_id":14473,"weight":1.8245},
{"Node_id":14474,"weight":2.173},
{"Node_id":14475,"weight":2.1741},
{"Node_id":14476,"weight":0.6803},
{"Node_id":14477,"weight":3.2876},
{"Node_id":14478,"weight":0.7755},
{"Node_id":14479,"weight":3.7011},
{"Node_id":14480,"weight":0.7829},
{"Node_id":14484,"weight":1.4435},
{"Node_id":14485,"weight":4.8588},
{"Node_id":14487,"weight":2.5459},
{"Node_id":14488,"weight":0.2258},
{"Node_id":14489,"weight":1.7089},
{"Node_id":14490,"weight":2.9153},
{"Node_id":14491,"weight":0.2302},
{"Node_id":14492,"weight":3.429},
{"Node_id":14495,"weight":0.3437},
{"Node_id":14496,"weight":0.2294},
{"Node_id":14499,"weight":0.9579},
{"Node_id":14502,"weight":0.3602},
{"Node_id":14503,"weight":3.6233},
{"Node_id":14504,"weight":1.6128},
{"Node_id":14505,"weight":2.1763},
{"Node_id":14506,"weight":4.8988},
{"Node_id":14507,"weight":1.7535},
{"Node_id":14508,"weight":0.6678},
{"Node_id":14509,"weight":1.0465},
{"Node_id":14510,"weight":0.8231},
{"Node_id":14529,"weight":1.4191},
{"Node_id":14530,"weight":1.1859},
{"Node_id":14535,"weight":1.6258},
{"Node_id":14536,"weight":0.3174},
{"Node_id":14539,"weight":0.9203},
{"Node_id":14540,"weight":0.9346},
{"Node_id":14541,"weight":2.5195},
{"Node_id":14542,"weight":1.0997},
{"Node_id":14543,"weight":1.08},
{"Node_id":14544,"weight":0.3293},
{"Node_id":14545,"weight":0.2055},
{"Node_id":14548,"weight":1.1698},
{"Node_id":14549,"weight":0.3756},
{"Node_id":14550,"weight":1.969},
{"Node_id":14551,"weight":0.5849},
{"Node_id":14552,"weight":0.216},
{"Node_id":14553,"weight":0.0532},
{"Node_id":14558,"weight":3.818},
{"Node_id":14559,"weight":0.2408},
{"Node_id":14560,"weight":3.7401},
{"Node_id":14561,"weight":0.9982},
{"Node_id":14562,"weight":0.4608},
{"Node_id":14563,"weight":0.2884},
{"Node_id":14564,"weight":1.5437},
{"Node_id":14565,"weight":1.1914},
{"Node_id":14566,"weight":0.7332},
{"Node_id":14567,"weight":0.9714},
{"Node_id":14568,"weight":0.9115},
{"Node_id":14569,"weight":0.4768},
{"Node_id":14570,"weight":0.2745},
{"Node_id":14571,"weight":0.9095},
{"Node_id":14572,"weight":0.1141},
{"Node_id":14573,"weight":0.1491},
{"Node_id":14574,"weight":0.4879},
{"Node_id":14577,"weight":0.1322},
{"Node_id":14578,"weight":0.5155},
{"Node_id":14699,"weight":0.6879},
{"Node_id":14700,"weight":1.8379},
{"Node_id":14701,"weight":1.2396},
{"Node_id":15975,"weight":0.9041},
{"Node_id":15976,"weight":1.3462},
{"Node_id":15977,"weight":0.4297},
{"Node_id":15979,"weight":1.8904},
{"Node_id":15981,"weight":0.7745},
{"Node_id":15982,"weight":1.2145},
{"Node_id":15983,"weight":0.9494},
{"Node_id":15984,"weight":1.39},
{"Node_id":15985,"weight":2.9896},
{"Node_id":15986,"weight":0.2282},
{"Node_id":15987,"weight":4.3694},
{"Node_id":15988,"weight":1.8878},
{"Node_id":15989,"weight":1.033},
{"Node_id":15990,"weight":2.1333},
{"Node_id":15991,"weight":0.6682},
{"Node_id":15992,"weight":0.2896},
{"Node_id":15997,"weight":0.7773},
{"Node_id":15998,"weight":1.8203},
{"Node_id":15999,"weight":3.5326},
{"Node_id":16000,"weight":1.3081},
{"Node_id":16004,"weight":0.4084},
{"Node_id":16005,"weight":0.1378},
{"Node_id":16006,"weight":1.2202},
{"Node_id":16007,"weight":2.4356},
{"Node_id":16011,"weight":1.2727},
{"Node_id":16012,"weight":0.9997},
{"Node_id":16013,"weight":0.8217},
{"Node_id":16014,"weight":1.139},
{"Node_id":16015,"weight":1.6837},
{"Node_id":16016,"weight":0.2152},
{"Node_id":16017,"weight":2.3039},
{"Node_id":16018,"weight":1.2791},
{"Node_id":16019,"weight":0.1197},
{"Node_id":16020,"weight":0.1987},
{"Node_id":16023,"weight":5.4927},
{"Node_id":16024,"weight":2.7586},
{"Node_id":16025,"weight":0.1463},
{"Node_id":16028,"weight":3.429},
{"Node_id":16029,"weight":1.1521},
{"Node_id":16030,"weight":2.3075},
{"Node_id":16031,"weight":2.6547},
{"Node_id":16032,"weight":3.0809},
{"Node_id":16033,"weight":1.4102},
{"Node_id":16036,"weight":0.7727},
{"Node_id":16041,"weight":2.7409},
{"Node_id":16042,"weight":2.4329},
{"Node_id":16043,"weight":3.6677},
{"Node_id":16044,"weight":1.7535},
{"Node_id":16045,"weight":0.9198},
{"Node_id":16046,"weight":0.6843},
{"Node_id":16047,"weight":1.3376},
{"Node_id":16050,"weight":0.4726},
{"Node_id":16051,"weight":1.2208},
{"Node_id":16052,"weight":1.901},
{"Node_id":16057,"weight":0.4604},
{"Node_id":16058,"weight":0.7713},
{"Node_id":16059,"weight":0.3789},
{"Node_id":16060,"weight":0.9494},
{"Node_id":16061,"weight":1.2236},
{"Node_id":16062,"weight":2.5836},
{"Node_id":16065,"weight":1.5561},
{"Node_id":16068,"weight":0.3417},
{"Node_id":16069,"weight":0.7662},
{"Node_id":16070,"weight":0.4938},
{"Node_id":16071,"weight":1.8236},
{"Node_id":16109,"weight":1.9615},
{"Node_id":16110,"weight":1.0906},
{"Node_id":16111,"weight":0.4583},
{"Node_id":16112,"weight":0.8731},
{"Node_id":16113,"weight":0.6745},
{"Node_id":16116,"weight":1.1703},
{"Node_id":16119,"weight":0.7487},
{"Node_id":16122,"weight":1.3004},
{"Node_id":16123,"weight":5.5957},
{"Node_id":16124,"weight":0.2039},
{"Node_id":16125,"weight":0.054},
{"Node_id":16126,"weight":0.4515},
{"Node_id":16127,"weight":1.7504},
{"Node_id":16128,"weight":1.6501},
{"Node_id":16129,"weight":1.268},
{"Node_id":16130,"weight":0.8487},
{"Node_id":16131,"weight":0.5147},
{"Node_id":16132,"weight":0.5555},
{"Node_id":16133,"weight":0.795},
{"Node_id":16134,"weight":0.9479},
{"Node_id":16137,"weight":2.6162},
{"Node_id":16138,"weight":2.4909},
{"Node_id":16139,"weight":1.5265},
{"Node_id":16140,"weight":0.3677},
{"Node_id":16141,"weight":0.725},
{"Node_id":16142,"weight":1.5008},
{"Node_id":16143,"weight":0.5177},
{"Node_id":16144,"weight":1.3046}]