[{"Node_id":6,"weight":2.9133},
{"Node_id":22,"weight":1.4546},
{"Node_id":23,"weight":1.6186},
{"Node_id":24,"weight":2.4754},
{"Node_id":25,"weight":1.8756},
{"Node_id":51,"weight":1.4217},
{"Node_id":88,"weight":1.5701},
{"Node_id":206,"weight":1.9532},
{"Node_id":332,"weight":3.2071},
{"Node_id":333,"weight":1.7988},
{"Node_id":428,"weight":3.3529},
{"Node_id":471,"weight":2.658},
{"Node_id":486,"weight":2.5371},
{"Node_id":487,"weight":5.9496},
{"Node_id":514,"weight":1.5589},
{"Node_id":515,"weight":2.7098},
{"Node_id":631,"weight":1.7543},
{"Node_id":632,"weight":1.9746},
{"Node_id":705,"weight":1.4729},
{"Node_id":727,"weight":2.4754},
{"Node_id":728,"weight":2.4302},
{"Node_id":768,"weight":1.7898},
{"Node_id":769,"weight":1.7043},
{"Node_id":770,"weight":1.6612},
{"Node_id":771,"weight":1.8669},
{"Node_id":772,"weight":1.6762},
{"Node_id":773,"weight":2.2208},
{"Node_id":774,"weight":3.0297},
{"Node_id":775,"weight":2.4262},
{"Node_id":776,"weight":2.4155},
{"Node_id":777,"weight":3.2017},
{"Node_id":778,"weight":2.4866},
{"Node_id":779,"weight":2.9939},
{"Node_id":780,"weight":4.4538},
{"Node_id":781,"weight":2.1796},
{"Node_id":782,"weight":1.8523},
{"Node_id":783,"weight":2.0038},
{"Node_id":784,"weight":1.9934},
{"Node_id":785,"weight":1.5652},
{"Node_id":786,"weight":1.6792},
{"Node_id":787,"weight":1.561},
{"Node_id":788,"weight":1.5892},
{"Node_id":789,"weight":1.6006},
{"Node_id":790,"weight":1.7377},
{"Node_id":791,"weight":2.3321},
{"Node_id":792,"weight":2.0202},
{"Node_id":793,"weight":4.284},
{"Node_id":794,"weight":3.4969},
{"Node_id":795,"weight":1.5736},
{"Node_id":796,"weight":1.7857},
{"Node_id":797,"weight":2.3271},
{"Node_id":798,"weight":1.873},
{"Node_id":799,"weight":2.0685},
{"Node_id":800,"weight":1.8506},
{"Node_id":801,"weight":2.5609},
{"Node_id":802,"weight":1.6034},
{"Node_id":803,"weight":2.0358},
{"Node_id":804,"weight":3.3808},
{"Node_id":805,"weight":2.2599},
{"Node_id":806,"weight":3.6801},
{"Node_id":807,"weight":5.1441},
{"Node_id":808,"weight":4.0396},
{"Node_id":809,"weight":2.1611},
{"Node_id":810,"weight":4.7832},
{"Node_id":811,"weight":3.4258},
{"Node_id":812,"weight":2.6662},
{"Node_id":813,"weight":2.4208},
{"Node_id":814,"weight":1.5687},
{"Node_id":815,"weight":2.8191},
{"Node_id":816,"weight":1.4935},
{"Node_id":817,"weight":1.7362},
{"Node_id":820,"weight":6.1637},
{"Node_id":821,"weight":1.9359},
{"Node_id":822,"weight":3.3287},
{"Node_id":823,"weight":3.0458},
{"Node_id":824,"weight":2.1165},
{"Node_id":825,"weight":1.5022},
{"Node_id":826,"weight":2.5066},
{"Node_id":829,"weight":1.4281},
{"Node_id":830,"weight":2.4089},
{"Node_id":831,"weight":1.7615},
{"Node_id":832,"weight":1.4995},
{"Node_id":833,"weight":1.9597},
{"Node_id":834,"weight":2.955},
{"Node_id":837,"weight":2.4235},
{"Node_id":838,"weight":1.6634},
{"Node_id":884,"weight":1.6883},
{"Node_id":907,"weight":3.2676},
{"Node_id":909,"weight":2.1062},
{"Node_id":910,"weight":1.5949},
{"Node_id":911,"weight":2.0705},
{"Node_id":912,"weight":5.1441},
{"Node_id":913,"weight":1.9018},
{"Node_id":914,"weight":1.5582},
{"Node_id":915,"weight":1.9477},
{"Node_id":916,"weight":3.4095},
{"Node_id":917,"weight":1.798},
{"Node_id":918,"weight":3.8132},
{"Node_id":919,"weight":5.1794},
{"Node_id":920,"weight":8.1114},
{"Node_id":921,"weight":3.5732},
{"Node_id":922,"weight":6.5699},
{"Node_id":923,"weight":1.8506},
{"Node_id":924,"weight":3.2098},
{"Node_id":925,"weight":2.1665},
{"Node_id":928,"weight":2.0959},
{"Node_id":929,"weight":3.1099},
{"Node_id":930,"weight":2.2907},
{"Node_id":931,"weight":5.2734},
{"Node_id":932,"weight":3.8372},
{"Node_id":933,"weight":1.6649},
{"Node_id":934,"weight":2.5775},
{"Node_id":935,"weight":3.0929},
{"Node_id":936,"weight":1.7036},
{"Node_id":937,"weight":2.5297},
{"Node_id":938,"weight":1.917},
{"Node_id":939,"weight":1.5416},
{"Node_id":940,"weight":2.5913},
{"Node_id":941,"weight":2.2006},
{"Node_id":942,"weight":2.2073},
{"Node_id":943,"weight":1.7346},
{"Node_id":944,"weight":1.7252},
{"Node_id":945,"weight":2.2871},
{"Node_id":946,"weight":2.375},
{"Node_id":947,"weight":1.9487},
{"Node_id":948,"weight":2.5684},
{"Node_id":949,"weight":2.4221},
{"Node_id":950,"weight":1.6523},
{"Node_id":951,"weight":2.1031},
{"Node_id":952,"weight":1.7607},
{"Node_id":953,"weight":1.4045},
{"Node_id":954,"weight":2.3321},
{"Node_id":955,"weight":3.5146},
{"Node_id":956,"weight":3.7991},
{"Node_id":957,"weight":2.5534},
{"Node_id":958,"weight":2.2028},
{"Node_id":959,"weight":1.9896},
{"Node_id":960,"weight":1.8843},
{"Node_id":961,"weight":2.8381},
{"Node_id":962,"weight":1.5076},
{"Node_id":963,"weight":2.184},
{"Node_id":964,"weight":2.0416},
{"Node_id":965,"weight":3.7579},
{"Node_id":966,"weight":1.9296},
{"Node_id":967,"weight":2.1093},
{"Node_id":968,"weight":2.7876},
{"Node_id":969,"weight":2.2657},
{"Node_id":970,"weight":3.1651},
{"Node_id":971,"weight":4.0163},
{"Node_id":972,"weight":2.0192},
{"Node_id":973,"weight":2.6678},
{"Node_id":974,"weight":2.4768},
{"Node_id":975,"weight":1.5245},
{"Node_id":976,"weight":4.7954},
{"Node_id":977,"weight":1.9896},
{"Node_id":978,"weight":2.3075},
{"Node_id":979,"weight":2.5023},
{"Node_id":980,"weight":1.421},
{"Node_id":981,"weight":1.7151},
{"Node_id":982,"weight":1.5575},
{"Node_id":983,"weight":1.9634},
{"Node_id":1004,"weight":2.5312},
{"Node_id":1026,"weight":3.1651},
{"Node_id":1042,"weight":2.0231},
{"Node_id":1057,"weight":2.6945},
{"Node_id":1058,"weight":3.6843},
{"Node_id":1059,"weight":2.6037},
{"Node_id":1074,"weight":3.6233},
{"Node_id":1075,"weight":2.5341},
{"Node_id":1076,"weight":2.6482},
{"Node_id":1077,"weight":2.2095},
{"Node_id":1078,"weight":2.2634},
{"Node_id":1079,"weight":1.653},
{"Node_id":1080,"weight":1.397},
{"Node_id":1081,"weight":2.5166},
{"Node_id":1082,"weight":1.9468},
{"Node_id":1083,"weight":2.0338},
{"Node_id":1084,"weight":1.7528},
{"Node_id":1085,"weight":1.53},
{"Node_id":1160,"weight":1.8128},
{"Node_id":1161,"weight":2.9808},
{"Node_id":1162,"weight":4.2402},
{"Node_id":1163,"weight":1.935},
{"Node_id":1164,"weight":1.6792},
{"Node_id":1165,"weight":3.2591},
{"Node_id":1166,"weight":1.6538},
{"Node_id":1167,"weight":2.1568},
{"Node_id":1168,"weight":3.1781},
{"Node_id":1169,"weight":2.881},
{"Node_id":1170,"weight":1.4848},
{"Node_id":1171,"weight":1.5793},
{"Node_id":1172,"weight":3.1833},
{"Node_id":1173,"weight":2.7857},
{"Node_id":1174,"weight":1.659},
{"Node_id":1175,"weight":1.6754},
{"Node_id":1176,"weight":1.7575},
{"Node_id":1177,"weight":2.2955},
{"Node_id":1178,"weight":2.0202},
{"Node_id":1179,"weight":2.7235},
{"Node_id":1180,"weight":2.1796},
{"Node_id":1181,"weight":2.7339},
{"Node_id":1182,"weight":3.3967},
{"Node_id":1183,"weight":2.4208},
{"Node_id":1184,"weight":1.5652},
{"Node_id":1185,"weight":2.6945},
{"Node_id":1186,"weight":4.1064},
{"Node_id":1190,"weight":1.5259},
{"Node_id":1191,"weight":2.1312},
{"Node_id":1192,"weight":1.5002},
{"Node_id":1193,"weight":6.3182},
{"Node_id":1194,"weight":2.0745},
{"Node_id":1195,"weight":1.4822},
{"Node_id":1196,"weight":1.4848},
{"Node_id":1197,"weight":2.0436},
{"Node_id":1198,"weight":1.9905},
{"Node_id":1199,"weight":2.4852},
{"Node_id":1200,"weight":1.8643},
{"Node_id":1201,"weight":3.1651},
{"Node_id":1202,"weight":3.7357},
{"Node_id":1203,"weight":1.3932},
{"Node_id":1204,"weight":1.4975},
{"Node_id":1205,"weight":1.8037},
{"Node_id":1206,"weight":1.5963},
{"Node_id":1207,"weight":2.5224},
{"Node_id":1208,"weight":3.842},
{"Node_id":1209,"weight":2.1622},
{"Node_id":1210,"weight":1.8515},
{"Node_id":1211,"weight":5.8401},
{"Node_id":1212,"weight":1.6906},
{"Node_id":1213,"weight":1.7736},
{"Node_id":1214,"weight":1.9296},
{"Node_id":1215,"weight":2.7857},
{"Node_id":1216,"weight":2.3546},
{"Node_id":1217,"weight":3.776},
{"Node_id":1218,"weight":4.0694},
{"Node_id":1219,"weight":2.4671},
{"Node_id":1220,"weight":2.173},
{"Node_id":1221,"weight":1.752},
{"Node_id":1222,"weight":2.0038},
{"Node_id":1223,"weight":1.4371},
{"Node_id":1224,"weight":2.7081},
{"Node_id":1225,"weight":1.4835},
{"Node_id":1226,"weight":1.9962},
{"Node_id":1227,"weight":2.727},
{"Node_id":1228,"weight":2.2517},
{"Node_id":1229,"weight":2.3648},
{"Node_id":1230,"weight":3.596},
{"Node_id":1231,"weight":2.6257},
{"Node_id":1232,"weight":2.4275},
{"Node_id":1233,"weight":1.9277},
{"Node_id":1234,"weight":2.3866},
{"Node_id":1235,"weight":5.3992},
{"Node_id":1236,"weight":1.4624},
{"Node_id":1237,"weight":1.5485},
{"Node_id":1238,"weight":2.3395},
{"Node_id":1239,"weight":1.8895},
{"Node_id":1240,"weight":2.4588},
{"Node_id":1241,"weight":2.2799},
{"Node_id":1242,"weight":2.8652},
{"Node_id":1243,"weight":1.5062},
{"Node_id":1244,"weight":1.4881},
{"Node_id":1245,"weight":1.5842},
{"Node_id":1246,"weight":1.4921},
{"Node_id":1247,"weight":1.8078},
{"Node_id":1248,"weight":1.776},
{"Node_id":1249,"weight":3.305},
{"Node_id":1250,"weight":2.5959},
{"Node_id":1251,"weight":1.6974},
{"Node_id":1252,"weight":2.2196},
{"Node_id":1253,"weight":1.4848},
{"Node_id":1254,"weight":2.881},
{"Node_id":1255,"weight":1.7401},
{"Node_id":1256,"weight":2.3234},
{"Node_id":1257,"weight":1.6208},
{"Node_id":1258,"weight":2.6563},
{"Node_id":1259,"weight":1.6486},
{"Node_id":1260,"weight":1.9332},
{"Node_id":1261,"weight":1.8523},
{"Node_id":1262,"weight":2.8229},
{"Node_id":1263,"weight":2.5579},
{"Node_id":1285,"weight":2.0907},
{"Node_id":1286,"weight":6.0725},
{"Node_id":1287,"weight":2.8574},
{"Node_id":1288,"weight":1.4178},
{"Node_id":1289,"weight":1.5992},
{"Node_id":1290,"weight":2.1719},
{"Node_id":1291,"weight":1.5035},
{"Node_id":1292,"weight":1.3882},
{"Node_id":1293,"weight":2.2576},
{"Node_id":1294,"weight":3.3652},
{"Node_id":1295,"weight":2.5254},
{"Node_id":1296,"weight":1.7105},
{"Node_id":1297,"weight":4.8458},
{"Node_id":1298,"weight":2.2552},
{"Node_id":1299,"weight":1.3988},
{"Node_id":1300,"weight":1.4172},
{"Node_id":1301,"weight":1.6523},
{"Node_id":1302,"weight":1.7963},
{"Node_id":1303,"weight":4.1002},
{"Node_id":1304,"weight":2.5066},
{"Node_id":1305,"weight":2.5385},
{"Node_id":1306,"weight":2.877},
{"Node_id":1307,"weight":1.9523},
{"Node_id":1308,"weight":2.5714},
{"Node_id":1309,"weight":1.4565},
{"Node_id":1310,"weight":1.744},
{"Node_id":1311,"weight":1.6732},
{"Node_id":1312,"weight":1.798},
{"Node_id":1313,"weight":1.9305},
{"Node_id":1314,"weight":1.4229},
{"Node_id":1315,"weight":1.543},
{"Node_id":1316,"weight":4.1711},
{"Node_id":1317,"weight":2.6711},
{"Node_id":1318,"weight":2.205},
{"Node_id":1319,"weight":3.1347},
{"Node_id":1320,"weight":1.4815},
{"Node_id":1321,"weight":1.752},
{"Node_id":1322,"weight":3.0252},
{"Node_id":1323,"weight":1.6368},
{"Node_id":1324,"weight":2.9593},
{"Node_id":1325,"weight":3.1964},
{"Node_id":1326,"weight":2.0565},
{"Node_id":1327,"weight":1.9296},
{"Node_id":1328,"weight":1.8136},
{"Node_id":1329,"weight":2.2242},
{"Node_id":1330,"weight":2.3571},
{"Node_id":1331,"weight":3.8038},
{"Node_id":1332,"weight":2.0938},
{"Node_id":1333,"weight":2.0745},
{"Node_id":1334,"weight":2.5123},
{"Node_id":1335,"weight":1.5786},
{"Node_id":1336,"weight":1.726},
{"Node_id":1337,"weight":1.4663},
{"Node_id":1338,"weight":2.6563},
{"Node_id":1339,"weight":1.4147},
{"Node_id":1340,"weight":2.9011},
{"Node_id":1341,"weight":5.2347},
{"Node_id":1342,"weight":3.4095},
{"Node_id":1343,"weight":3.4225},
{"Node_id":1344,"weight":1.8557},
{"Node_id":1345,"weight":2.6498},
{"Node_id":1346,"weight":2.1134},
{"Node_id":1347,"weight":2.366},
{"Node_id":1348,"weight":1.9395},
{"Node_id":1349,"weight":3.1859},
{"Node_id":1350,"weight":2.2907},
{"Node_id":1351,"weight":1.8337},
{"Node_id":1352,"weight":1.5652},
{"Node_id":1353,"weight":2.543},
{"Node_id":1354,"weight":5.8061},
{"Node_id":1355,"weight":3.6969},
{"Node_id":1356,"weight":2.1774},
{"Node_id":1357,"weight":1.4795},
{"Node_id":1358,"weight":1.3944},
{"Node_id":1359,"weight":2.3222},
{"Node_id":1360,"weight":1.8012},
{"Node_id":1361,"weight":5.2933},
{"Node_id":1364,"weight":1.5652},
{"Node_id":1365,"weight":2.5944},
{"Node_id":1366,"weight":2.0856},
{"Node_id":1367,"weight":1.5029},
{"Node_id":1368,"weight":2.8751},
{"Node_id":1369,"weight":1.5361},
{"Node_id":1370,"weight":3.2342},
{"Node_id":1371,"weight":1.9432},
{"Node_id":1372,"weight":1.639},
{"Node_id":1373,"weight":2.0436},
{"Node_id":1376,"weight":5.7105},
{"Node_id":1413,"weight":1.8834},
{"Node_id":1414,"weight":1.6657},
{"Node_id":1415,"weight":2.0918},
{"Node_id":1416,"weight":4.8588},
{"Node_id":1417,"weight":2.9257},
{"Node_id":1418,"weight":3.4323},
{"Node_id":1428,"weight":1.8756},
{"Node_id":1484,"weight":4.1982},
{"Node_id":1485,"weight":3.6392},
{"Node_id":1486,"weight":1.9727},
{"Node_id":1487,"weight":5.7414},
{"Node_id":1488,"weight":3.0929},
{"Node_id":1489,"weight":2.3609},
{"Node_id":1490,"weight":1.7113},
{"Node_id":1491,"weight":1.4268},
{"Node_id":1494,"weight":2.9896},
{"Node_id":1495,"weight":2.0938},
{"Node_id":1496,"weight":3.6718},
{"Node_id":1497,"weight":2.1124},
{"Node_id":1498,"weight":2.5519},
{"Node_id":1499,"weight":2.3445},
{"Node_id":1500,"weight":1.5527},
{"Node_id":1501,"weight":1.752},
{"Node_id":1502,"weight":2.7658},
{"Node_id":1503,"weight":1.9241},
{"Node_id":1504,"weight":1.8506},
{"Node_id":1505,"weight":2.4951},
{"Node_id":1506,"weight":3.3168},
{"Node_id":1507,"weight":1.9368},
{"Node_id":1508,"weight":2.2599},
{"Node_id":1509,"weight":1.8532},
{"Node_id":1510,"weight":2.2379},
{"Node_id":1511,"weight":1.8379},
{"Node_id":1512,"weight":3.6718},
{"Node_id":1513,"weight":1.6317},
{"Node_id":1514,"weight":3.7624},
{"Node_id":1515,"weight":1.5617},
{"Node_id":1516,"weight":1.8566},
{"Node_id":1517,"weight":1.8575},
{"Node_id":1518,"weight":1.6013},
{"Node_id":1522,"weight":2.508},
{"Node_id":1523,"weight":1.4198},
{"Node_id":1524,"weight":2.4478},
{"Node_id":1525,"weight":1.4474},
{"Node_id":1526,"weight":3.0229},
{"Node_id":1527,"weight":2.0377},
{"Node_id":1528,"weight":1.5218},
{"Node_id":1761,"weight":4.833},
{"Node_id":1762,"weight":1.5485},
{"Node_id":1763,"weight":2.3063},
{"Node_id":1764,"weight":1.8957},
{"Node_id":1767,"weight":4.1914},
{"Node_id":1768,"weight":4.3534},
{"Node_id":1769,"weight":1.6302},
{"Node_id":1770,"weight":1.8738},
{"Node_id":1771,"weight":1.5245},
{"Node_id":1772,"weight":5.0294},
{"Node_id":1773,"weight":1.5807},
{"Node_id":1774,"weight":3.8716},
{"Node_id":1775,"weight":2.2907},
{"Node_id":1776,"weight":2.6612},
{"Node_id":1777,"weight":2.2061},
{"Node_id":1778,"weight":1.5218},
{"Node_id":1779,"weight":2.2017},
{"Node_id":1780,"weight":5.3771},
{"Node_id":1781,"weight":2.3918},
{"Node_id":1782,"weight":1.5327},
{"Node_id":1783,"weight":1.5527},
{"Node_id":1784,"weight":2.2448},
{"Node_id":1928,"weight":5.2347},
{"Node_id":1929,"weight":1.9606},
{"Node_id":1930,"weight":1.7719},
{"Node_id":1931,"weight":1.4474},
{"Node_id":1932,"weight":2.4768},
{"Node_id":1943,"weight":1.7417},
{"Node_id":1944,"weight":2.9808},
{"Node_id":1947,"weight":1.4128},
{"Node_id":1948,"weight":1.5992},
{"Node_id":1949,"weight":1.6762},
{"Node_id":1950,"weight":2.0212},
{"Node_id":1951,"weight":3.0389},
{"Node_id":1952,"weight":3.3377},
{"Node_id":1997,"weight":2.6337},
{"Node_id":1998,"weight":1.7448},
{"Node_id":1999,"weight":1.6331},
{"Node_id":2000,"weight":2.0397},
{"Node_id":2001,"weight":1.7464},
{"Node_id":2002,"weight":1.9802},
{"Node_id":2003,"weight":2.027},
{"Node_id":2004,"weight":1.5828},
{"Node_id":2005,"weight":3.0504},
{"Node_id":2006,"weight":1.4281},
{"Node_id":2007,"weight":2.1557},
{"Node_id":2008,"weight":1.7881},
{"Node_id":2017,"weight":2.645},
{"Node_id":2018,"weight":1.575},
{"Node_id":2064,"weight":4.212},
{"Node_id":2065,"weight":3.5326},
{"Node_id":2066,"weight":3.248},
{"Node_id":2067,"weight":1.4526},
{"Node_id":2107,"weight":2.9917},
{"Node_id":2108,"weight":1.5779},
{"Node_id":2109,"weight":2.1503},
{"Node_id":2110,"weight":1.465},
{"Node_id":2111,"weight":1.9811},
{"Node_id":2112,"weight":1.4526},
{"Node_id":2113,"weight":1.5771},
{"Node_id":2114,"weight":1.8062},
{"Node_id":2115,"weight":2.0125},
{"Node_id":2116,"weight":5.7414},
{"Node_id":2117,"weight":4.1318},
{"Node_id":2118,"weight":2.5371},
{"Node_id":2119,"weight":2.1323},
{"Node_id":2120,"weight":1.4223},
{"Node_id":2121,"weight":4.3858},
{"Node_id":2122,"weight":4.4364},
{"Node_id":2123,"weight":1.4064},
{"Node_id":2124,"weight":1.4533},
{"Node_id":2125,"weight":1.513},
{"Node_id":2126,"weight":1.7036},
{"Node_id":2127,"weight":2.1218},
{"Node_id":2128,"weight":4.4451},
{"Node_id":2129,"weight":1.6538},
{"Node_id":2130,"weight":2.2185},
{"Node_id":2131,"weight":1.7535},
{"Node_id":2132,"weight":2.102},
{"Node_id":2133,"weight":1.397},
{"Node_id":2134,"weight":2.0685},
{"Node_id":2135,"weight":1.8851},
{"Node_id":2136,"weight":1.8379},
{"Node_id":2137,"weight":5.6515},
{"Node_id":2138,"weight":1.8992},
{"Node_id":2139,"weight":1.7939},
{"Node_id":2140,"weight":2.0125},
{"Node_id":2141,"weight":2.5594},
{"Node_id":2142,"weight":1.7244},
{"Node_id":2143,"weight":3.6969},
{"Node_id":2144,"weight":3.1703},
{"Node_id":2145,"weight":1.5184},
{"Node_id":2146,"weight":1.3869},
{"Node_id":2147,"weight":2.1829},
{"Node_id":2148,"weight":2.2196},
{"Node_id":2149,"weight":1.9597},
{"Node_id":2150,"weight":2.8477},
{"Node_id":2151,"weight":1.6694},
{"Node_id":2152,"weight":3.577},
{"Node_id":2153,"weight":2.889},
{"Node_id":2154,"weight":2.885},
{"Node_id":2155,"weight":1.5259},
{"Node_id":2156,"weight":3.8567},
{"Node_id":2157,"weight":3.3079},
{"Node_id":2158,"weight":1.8354},
{"Node_id":2159,"weight":1.7736},
{"Node_id":2160,"weight":3.714},
{"Node_id":2161,"weight":1.8371},
{"Node_id":2162,"weight":2.9808},
{"Node_id":2163,"weight":2.9614},
{"Node_id":2164,"weight":3.4934},
{"Node_id":2165,"weight":1.3882},
{"Node_id":2166,"weight":1.7623},
{"Node_id":2167,"weight":2.3711},
{"Node_id":2168,"weight":1.4313},
{"Node_id":2169,"weight":1.5527},
{"Node_id":2170,"weight":2.2599},
{"Node_id":2171,"weight":2.0029},
{"Node_id":2172,"weight":2.6596},
{"Node_id":2173,"weight":1.9359},
{"Node_id":2174,"weight":2.9381},
{"Node_id":2175,"weight":2.9174},
{"Node_id":2176,"weight":1.6171},
{"Node_id":2177,"weight":1.8103},
{"Node_id":2178,"weight":1.5334},
{"Node_id":2179,"weight":2.887},
{"Node_id":2180,"weight":1.8186},
{"Node_id":2181,"weight":1.9542},
{"Node_id":2192,"weight":1.6785},
{"Node_id":2193,"weight":3.0006},
{"Node_id":2194,"weight":2.1785},
{"Node_id":2195,"weight":3.0786},
{"Node_id":2196,"weight":3.8275},
{"Node_id":2197,"weight":1.7881},
{"Node_id":2198,"weight":3.055},
{"Node_id":2199,"weight":1.9662},
{"Node_id":2200,"weight":2.4671},
{"Node_id":2201,"weight":3.2905},
{"Node_id":2202,"weight":1.901},
{"Node_id":2203,"weight":1.9802},
{"Node_id":2204,"weight":1.9802},
{"Node_id":2205,"weight":7.8236},
{"Node_id":2209,"weight":1.6913},
{"Node_id":2210,"weight":2.645},
{"Node_id":2211,"weight":4.0163},
{"Node_id":2212,"weight":1.4915},
{"Node_id":2213,"weight":1.5347},
{"Node_id":2214,"weight":2.6531},
{"Node_id":2215,"weight":2.2611},
{"Node_id":2294,"weight":4.3454},
{"Node_id":2295,"weight":2.8248},
{"Node_id":2298,"weight":2.4994},
{"Node_id":2299,"weight":1.748},
{"Node_id":2300,"weight":1.4855},
{"Node_id":2301,"weight":2.764},
{"Node_id":2302,"weight":1.8721},
{"Node_id":2303,"weight":2.4492},
{"Node_id":2304,"weight":1.8904},
{"Node_id":2305,"weight":1.9783},
{"Node_id":2306,"weight":1.6508},
{"Node_id":2307,"weight":2.1302},
{"Node_id":2308,"weight":2.4356},
{"Node_id":2309,"weight":2.0897},
{"Node_id":2310,"weight":3.1322},
{"Node_id":2311,"weight":1.956},
{"Node_id":2312,"weight":4.5362},
{"Node_id":2313,"weight":2.8574},
{"Node_id":2316,"weight":4.6053},
{"Node_id":2317,"weight":2.7839},
{"Node_id":2318,"weight":1.5177},
{"Node_id":2319,"weight":1.414},
{"Node_id":2320,"weight":1.7496},
{"Node_id":2321,"weight":2.0318},
{"Node_id":2322,"weight":3.2424},
{"Node_id":2323,"weight":1.8756},
{"Node_id":2387,"weight":2.5371},
{"Node_id":2388,"weight":1.414},
{"Node_id":2389,"weight":2.4643},
{"Node_id":2418,"weight":1.8128},
{"Node_id":2419,"weight":1.4461},
{"Node_id":2420,"weight":2.0446},
{"Node_id":2421,"weight":2.5821},
{"Node_id":2422,"weight":3.4761},
{"Node_id":2423,"weight":1.5062},
{"Node_id":2424,"weight":2.0989},
{"Node_id":2425,"weight":2.3788},
{"Node_id":2426,"weight":1.5485},
{"Node_id":2427,"weight":4.4108},
{"Node_id":2430,"weight":1.4384},
{"Node_id":2431,"weight":2.7551},
{"Node_id":2432,"weight":1.7409},
{"Node_id":2433,"weight":2.1333},
{"Node_id":2434,"weight":1.9634},
{"Node_id":2435,"weight":1.8111},
{"Node_id":2436,"weight":2.7604},
{"Node_id":2437,"weight":1.5779},
{"Node_id":2438,"weight":4.1383},
{"Node_id":2439,"weight":1.4565},
{"Node_id":2440,"weight":3.6233},
{"Node_id":2441,"weight":1.7599},
{"Node_id":2442,"weight":2.5806},
{"Node_id":2443,"weight":1.4096},
{"Node_id":2444,"weight":3.9072},
{"Node_id":2445,"weight":1.8211},
{"Node_id":2446,"weight":2.5312},
{"Node_id":2447,"weight":1.8037},
{"Node_id":2448,"weight":2.9657},
{"Node_id":2449,"weight":2.6514},
{"Node_id":2450,"weight":1.4229},
{"Node_id":2451,"weight":2.7132},
{"Node_id":2452,"weight":1.8404},
{"Node_id":2453,"weight":1.9332},
{"Node_id":2454,"weight":2.5867},
{"Node_id":2455,"weight":1.6694},
{"Node_id":2456,"weight":4.119},
{"Node_id":2457,"weight":2.4937},
{"Node_id":2458,"weight":3.9992},
{"Node_id":2459,"weight":1.9268},
{"Node_id":2460,"weight":1.4351},
{"Node_id":2461,"weight":1.5361},
{"Node_id":2462,"weight":1.6501},
{"Node_id":2463,"weight":1.9001},
{"Node_id":2478,"weight":0.1294},
{"Node_id":2479,"weight":1.2721},
{"Node_id":2480,"weight":3.2676},
{"Node_id":2481,"weight":0.036},
{"Node_id":2482,"weight":2.8691},
{"Node_id":2487,"weight":2.7046},
{"Node_id":2488,"weight":0.5266},
{"Node_id":2489,"weight":0.49},
{"Node_id":2490,"weight":1.62},
{"Node_id":2491,"weight":2.1763},
{"Node_id":2492,"weight":0.6955},
{"Node_id":2493,"weight":2.5166},
{"Node_id":2494,"weight":5.4448},
{"Node_id":2495,"weight":1.9072},
{"Node_id":2496,"weight":0.6239},
{"Node_id":2497,"weight":0.9529},
{"Node_id":2498,"weight":1.0716},
{"Node_id":2499,"weight":0.944},
{"Node_id":2500,"weight":1.9569},
{"Node_id":2501,"weight":1.6822},
{"Node_id":2502,"weight":0.8274},
{"Node_id":2507,"weight":1.2856},
{"Node_id":2508,"weight":2.0755},
{"Node_id":2509,"weight":0.1519},
{"Node_id":2521,"weight":0.388},
{"Node_id":2522,"weight":1.2448},
{"Node_id":2526,"weight":0.7598},
{"Node_id":2528,"weight":2.498},
{"Node_id":2529,"weight":1.827},
{"Node_id":2552,"weight":4.0878},
{"Node_id":2553,"weight":1.8245},
{"Node_id":2554,"weight":2.173},
{"Node_id":2555,"weight":2.1741},
{"Node_id":2556,"weight":0.6803},
{"Node_id":2557,"weight":3.2876},
{"Node_id":2558,"weight":0.7755},
{"Node_id":2559,"weight":3.7011},
{"Node_id":2560,"weight":0.7829},
{"Node_id":2564,"weight":1.4435},
{"Node_id":2565,"weight":4.8588},
{"Node_id":2567,"weight":2.5459},
{"Node_id":2568,"weight":0.2258},
{"Node_id":2569,"weight":1.7089},
{"Node_id":2570,"weight":2.9153},
{"Node_id":2571,"weight":0.2302},
{"Node_id":2572,"weight":3.429},
{"Node_id":2575,"weight":0.3437},
{"Node_id":2576,"weight":0.2294},
{"Node_id":2579,"weight":0.9579},
{"Node_id":2582,"weight":0.3602},
{"Node_id":2583,"weight":3.6233},
{"Node_id":2584,"weight":1.6128},
{"Node_id":2585,"weight":2.1763},
{"Node_id":2586,"weight":4.8988},
{"Node_id":2587,"weight":1.7535},
{"Node_id":2588,"weight":0.6678},
{"Node_id":2589,"weight":1.0465},
{"Node_id":2590,"weight":0.8231},
{"Node_id":2609,"weight":1.4191},
{"Node_id":2610,"weight":1.1859},
{"Node_id":2615,"weight":1.6258},
{"Node_id":2616,"weight":0.3174},
{"Node_id":2619,"weight":0.9203},
{"Node_id":2620,"weight":0.9346},
{"Node_id":2621,"weight":2.5195},
{"Node_id":2622,"weight":1.0997},
{"Node_id":2623,"weight":1.08},
{"Node_id":2624,"weight":0.3293},
{"Node_id":2625,"weight":0.2055},
{"Node_id":2628,"weight":1.1698},
{"Node_id":2629,"weight":0.3756},
{"Node_id":2630,"weight":1.969},
{"Node_id":2631,"weight":0.5849},
{"Node_id":2632,"weight":0.216},
{"Node_id":2633,"weight":0.0532},
{"Node_id":2638,"weight":3.818},
{"Node_id":2639,"weight":0.2408},
{"Node_id":2640,"weight":3.7401},
{"Node_id":2641,"weight":0.9982},
{"Node_id":2642,"weight":0.4608},
{"Node_id":2643,"weight":0.2884},
{"Node_id":2644,"weight":1.5437},
{"Node_id":2645,"weight":1.1914},
{"Node_id":2646,"weight":0.7332},
{"Node_id":2647,"weight":0.9714},
{"Node_id":2648,"weight":0.9115},
{"Node_id":2649,"weight":0.4768},
{"Node_id":2650,"weight":0.2745},
{"Node_id":2651,"weight":0.9095},
{"Node_id":2652,"weight":0.1141},
{"Node_id":2653,"weight":0.1491},
{"Node_id":2654,"weight":0.4879},
{"Node_id":2657,"weight":0.1322},
{"Node_id":2658,"weight":0.5155},
{"Node_id":2779,"weight":0.6879},
{"Node_id":2780,"weight":1.8379},
{"Node_id":2781,"weight":1.2396},
{"Node_id":3555,"weight":0.9041},
{"Node_id":3556,"weight":1.3462},
{"Node_id":3557,"weight":0.4297},
{"Node_id":3559,"weight":1.8904},
{"Node_id":3561,"weight":0.7745},
{"Node_id":3562,"weight":1.2145},
{"Node_id":3563,"weight":0.9494},
{"Node_id":3564,"weight":1.39},
{"Node_id":3565,"weight":2.9896},
{"Node_id":3566,"weight":0.2282},
{"Node_id":3567,"weight":4.3694},
{"Node_id":3568,"weight":1.8878},
{"Node_id":3569,"weight":1.033},
{"Node_id":3570,"weight":2.1333},
{"Node_id":3571,"weight":0.6682},
{"Node_id":3572,"weight":0.2896},
{"Node_id":3577,"weight":0.7773},
{"Node_id":3578,"weight":1.8203},
{"Node_id":3579,"weight":3.5326},
{"Node_id":3580,"weight":1.3081},
{"Node_id":3584,"weight":0.4084},
{"Node_id":3585,"weight":0.1378},
{"Node_id":3586,"weight":1.2202},
{"Node_id":3587,"weight":2.4356},
{"Node_id":3591,"weight":1.2727},
{"Node_id":3592,"weight":0.9997},
{"Node_id":3593,"weight":0.8217},
{"Node_id":3594,"weight":1.139},
{"Node_id":3595,"weight":1.6837},
{"Node_id":3596,"weight":0.2152},
{"Node_id":3597,"weight":2.3039},
{"Node_id":3598,"weight":1.2791},
{"Node_id":3599,"weight":0.1197},
{"Node_id":3600,"weight":0.1987},
{"Node_id":3603,"weight":5.4927},
{"Node_id":3604,"weight":2.7586},
{"Node_id":3605,"weight":0.1463},
{"Node_id":3608,"weight":3.429},
{"Node_id":3609,"weight":1.1521},
{"Node_id":3610,"weight":2.3075},
{"Node_id":3611,"weight":2.6547},
{"Node_id":3612,"weight":3.0809},
{"Node_id":3613,"weight":1.4102},
{"Node_id":3616,"weight":0.7727},
{"Node_id":3621,"weight":2.7409},
{"Node_id":3622,"weight":2.4329},
{"Node_id":3623,"weight":3.6677},
{"Node_id":3624,"weight":1.7535},
{"Node_id":3625,"weight":0.9198},
{"Node_id":3626,"weight":0.6843},
{"Node_id":3627,"weight":1.3376},
{"Node_id":3630,"weight":0.4726},
{"Node_id":3631,"weight":1.2208},
{"Node_id":3632,"weight":1.901},
{"Node_id":3637,"weight":0.4604},
{"Node_id":3638,"weight":0.7713},
{"Node_id":3639,"weight":0.3789},
{"Node_id":3640,"weight":0.9494},
{"Node_id":3641,"weight":1.2236},
{"Node_id":3642,"weight":2.5836},
{"Node_id":3645,"weight":1.5561},
{"Node_id":3648,"weight":0.3417},
{"Node_id":3649,"weight":0.7662},
{"Node_id":3650,"weight":0.4938},
{"Node_id":3651,"weight":1.8236},
{"Node_id":3689,"weight":1.9615},
{"Node_id":3690,"weight":1.0906},
{"Node_id":3691,"weight":0.4583},
{"Node_id":3692,"weight":0.8731},
{"Node_id":3693,"weight":0.6745},
{"Node_id":3696,"weight":1.1703},
{"Node_id":3699,"weight":0.7487},
{"Node_id":3702,"weight":1.3004},
{"Node_id":3703,"weight":5.5957},
{"Node_id":3704,"weight":0.2039},
{"Node_id":3705,"weight":0.054},
{"Node_id":3706,"weight":0.4515},
{"Node_id":3707,"weight":1.7504},
{"Node_id":3708,"weight":1.6501},
{"Node_id":3709,"weight":1.268},
{"Node_id":3710,"weight":0.8487},
{"Node_id":3711,"weight":0.5147},
{"Node_id":3712,"weight":0.5555},
{"Node_id":3713,"weight":0.795},
{"Node_id":3714,"weight":0.9479},
{"Node_id":3717,"weight":2.6162},
{"Node_id":3718,"weight":2.4909},
{"Node_id":3719,"weight":1.5265},
{"Node_id":3720,"weight":0.3677},
{"Node_id":3721,"weight":0.725},
{"Node_id":3722,"weight":1.5008},
{"Node_id":3723,"weight":0.5177},
{"Node_id":3724,"weight":1.3046},
{"Node_id":17460,"weight":1.9214},
{"Node_id":17464,"weight":2.184},
{"Node_id":17465,"weight":3.483},
{"Node_id":17466,"weight":2.2799},
{"Node_id":17467,"weight":2.0505},
{"Node_id":17468,"weight":1.9802},
{"Node_id":17469,"weight":2.5051},
{"Node_id":17473,"weight":2.4994},
{"Node_id":17474,"weight":2.7218},
{"Node_id":17475,"weight":3.6636},
{"Node_id":17476,"weight":1.6493},
{"Node_id":17477,"weight":4.0396},
{"Node_id":17478,"weight":2.0367},
{"Node_id":17479,"weight":1.4319},
{"Node_id":17480,"weight":3.8918},
{"Node_id":17481,"weight":2.3699},
{"Node_id":17482,"weight":1.8825},
{"Node_id":17483,"weight":1.9924},
{"Node_id":17484,"weight":2.5459},
{"Node_id":17485,"weight":2.6645},
{"Node_id":17486,"weight":2.321},
{"Node_id":17487,"weight":1.6936},
{"Node_id":17488,"weight":4.1254},
{"Node_id":17491,"weight":2.1397},
{"Node_id":17492,"weight":2.4195},
{"Node_id":17493,"weight":1.4064},
{"Node_id":17494,"weight":1.8203},
{"Node_id":17495,"weight":4.1846},
{"Node_id":17502,"weight":2.7912},
{"Node_id":17507,"weight":2.9298},
{"Node_id":17508,"weight":3.7945},
{"Node_id":17512,"weight":1.5736},
{"Node_id":17513,"weight":1.9597},
{"Node_id":17514,"weight":1.9569},
{"Node_id":17515,"weight":1.4474},
{"Node_id":17516,"weight":1.9468},
{"Node_id":17517,"weight":2.0241},
{"Node_id":17538,"weight":1.4371},
{"Node_id":17539,"weight":2.4866},
{"Node_id":17540,"weight":1.7922},
{"Node_id":17541,"weight":1.5259},
{"Node_id":17542,"weight":3.2124},
{"Node_id":17543,"weight":2.5123},
{"Node_id":17544,"weight":1.832},
{"Node_id":17545,"weight":4.7357},
{"Node_id":17546,"weight":1.744},
{"Node_id":17547,"weight":1.748},
{"Node_id":17550,"weight":1.8643},
{"Node_id":17551,"weight":3.4127},
{"Node_id":17552,"weight":1.7036},
{"Node_id":17553,"weight":2.5852},
{"Node_id":17555,"weight":2.0846},
{"Node_id":17556,"weight":3.9713},
{"Node_id":17557,"weight":3.2963},
{"Node_id":17558,"weight":2.0212},
{"Node_id":17559,"weight":1.3976},
{"Node_id":17560,"weight":1.5513},
{"Node_id":17561,"weight":1.8203},
{"Node_id":17562,"weight":1.5492},
{"Node_id":17563,"weight":2.0456},
{"Node_id":17564,"weight":1.7036},
{"Node_id":17565,"weight":2.0595},
{"Node_id":17566,"weight":4.7954},
{"Node_id":17569,"weight":1.8421},
{"Node_id":17570,"weight":1.4624},
{"Node_id":17571,"weight":3.429},
{"Node_id":17572,"weight":2.764},
{"Node_id":17573,"weight":2.001},
{"Node_id":17574,"weight":1.6353},
{"Node_id":17575,"weight":1.4539},
{"Node_id":17576,"weight":4.219},
{"Node_id":17577,"weight":3.0667},
{"Node_id":17592,"weight":1.5638},
{"Node_id":17595,"weight":1.7583},
{"Node_id":17596,"weight":2.4102},
{"Node_id":17601,"weight":7.6004},
{"Node_id":17602,"weight":1.6034},
{"Node_id":17605,"weight":1.8421},
{"Node_id":17606,"weight":1.9532},
{"Node_id":17607,"weight":2.1928},
{"Node_id":17608,"weight":1.6493},
{"Node_id":17609,"weight":1.9395},
{"Node_id":17610,"weight":2.3983},
{"Node_id":17611,"weight":2.2634},
{"Node_id":17612,"weight":2.2253},
{"Node_id":17614,"weight":2.4369},
{"Node_id":17615,"weight":2.3271},
{"Node_id":17616,"weight":3.1026},
{"Node_id":17617,"weight":1.5764},
{"Node_id":17618,"weight":1.7097},
{"Node_id":17619,"weight":2.7115},
{"Node_id":17624,"weight":1.4261},
{"Node_id":17625,"weight":4.2766},
{"Node_id":17626,"weight":6.0725},
{"Node_id":17627,"weight":3.2397},
{"Node_id":17628,"weight":2.3763},
{"Node_id":17629,"weight":5.2159},
{"Node_id":17630,"weight":2.6006},
{"Node_id":17631,"weight":2.7857},
{"Node_id":17632,"weight":3.3714},
{"Node_id":17633,"weight":1.5666},
{"Node_id":17634,"weight":2.6612},
{"Node_id":17635,"weight":1.886},
{"Node_id":17636,"weight":1.866},
{"Node_id":17637,"weight":1.5327},
{"Node_id":17638,"weight":2.1218},
{"Node_id":17639,"weight":1.5123},
{"Node_id":17640,"weight":3.596},
{"Node_id":17641,"weight":1.7013},
{"Node_id":17643,"weight":2.887},
{"Node_id":17644,"weight":2.2287},
{"Node_id":17766,"weight":1.6875},
{"Node_id":17767,"weight":3.3227},
{"Node_id":17768,"weight":3.2733},
{"Node_id":18283,"weight":2.0887},
{"Node_id":18517,"weight":5.077},
{"Node_id":18518,"weight":1.4178},
{"Node_id":18519,"weight":4.1064},
{"Node_id":18520,"weight":2.0695},
{"Node_id":18522,"weight":2.2196},
{"Node_id":18524,"weight":2.0907},
{"Node_id":18525,"weight":2.9635},
{"Node_id":18526,"weight":3.9549},
{"Node_id":18527,"weight":1.4474},
{"Node_id":18528,"weight":1.7051},
{"Node_id":18529,"weight":2.3996},
{"Node_id":18530,"weight":1.7433},
{"Node_id":18531,"weight":2.1807},
{"Node_id":18532,"weight":2.3866},
{"Node_id":18533,"weight":1.3919},
{"Node_id":18534,"weight":2.0928},
{"Node_id":18539,"weight":2.0938},
{"Node_id":18540,"weight":1.9615},
{"Node_id":18541,"weight":2.0299},
{"Node_id":18542,"weight":2.3433},
{"Node_id":18544,"weight":2.5504},
{"Node_id":18546,"weight":2.5519},
{"Node_id":18547,"weight":1.8523},
{"Node_id":18548,"weight":2.3648},
{"Node_id":18552,"weight":1.4481},
{"Node_id":18553,"weight":1.4384},
{"Node_id":18554,"weight":5.2933},
{"Node_id":18555,"weight":1.4313},
{"Node_id":18556,"weight":3.3287},
{"Node_id":18557,"weight":1.9305},
{"Node_id":18558,"weight":4.8078},
{"Node_id":18559,"weight":2.5195},
{"Node_id":18560,"weight":1.3882},
{"Node_id":18561,"weight":3.2151},
{"Node_id":18562,"weight":2.3271},
{"Node_id":18564,"weight":4.6469},
{"Node_id":18565,"weight":2.2943},
{"Node_id":18566,"weight":3.4523},
{"Node_id":18567,"weight":1.4617},
{"Node_id":18569,"weight":3.0978},
{"Node_id":18570,"weight":1.6142},
{"Node_id":18571,"weight":1.3869},
{"Node_id":18572,"weight":3.0006},
{"Node_id":18573,"weight":2.8691},
{"Node_id":18574,"weight":1.7276},
{"Node_id":18575,"weight":1.3982},
{"Node_id":18577,"weight":2.0918},
{"Node_id":18582,"weight":2.7604},
{"Node_id":18583,"weight":1.7647},
{"Node_id":18584,"weight":3.4225},
{"Node_id":18585,"weight":3.1651},
{"Node_id":18586,"weight":2.6482},
{"Node_id":18587,"weight":1.6434},
{"Node_id":18588,"weight":2.6662},
{"Node_id":18590,"weight":1.8704},
{"Node_id":18591,"weight":1.4455},
{"Node_id":18592,"weight":1.452},
{"Node_id":18593,"weight":3.6677},
{"Node_id":18594,"weight":2.9722},
{"Node_id":18595,"weight":1.6405},
{"Node_id":18598,"weight":3.511},
{"Node_id":18599,"weight":1.6627},
{"Node_id":18600,"weight":3.1173},
{"Node_id":18601,"weight":2.2752},
{"Node_id":18602,"weight":1.6049},
{"Node_id":18603,"weight":1.6612},
{"Node_id":18604,"weight":2.9786},
{"Node_id":18605,"weight":1.9496},
{"Node_id":18606,"weight":1.7151},
{"Node_id":18609,"weight":1.8037},
{"Node_id":18610,"weight":1.7448},
{"Node_id":18611,"weight":1.9197},
{"Node_id":18612,"weight":2.6369},
{"Node_id":18650,"weight":2.1397},
{"Node_id":18651,"weight":1.4822},
{"Node_id":18652,"weight":3.7852},
{"Node_id":18653,"weight":1.9487},
{"Node_id":18654,"weight":2.1218},
{"Node_id":18655,"weight":2.2242},
{"Node_id":18657,"weight":5.9496},
{"Node_id":18660,"weight":2.9298},
{"Node_id":18663,"weight":4.1711},
{"Node_id":18664,"weight":2.4142},
{"Node_id":18665,"weight":2.4838},
{"Node_id":18666,"weight":2.4629},
{"Node_id":18667,"weight":3.2676},
{"Node_id":18668,"weight":4.6259},
{"Node_id":18669,"weight":4.5555},
{"Node_id":18670,"weight":1.7865},
{"Node_id":18671,"weight":1.4862},
{"Node_id":18672,"weight":1.8921},
{"Node_id":18673,"weight":1.5055},
{"Node_id":18674,"weight":1.4261},
{"Node_id":18675,"weight":1.7551},
{"Node_id":18677,"weight":5.2539},
{"Node_id":18678,"weight":1.4815},
{"Node_id":18679,"weight":1.4287},
{"Node_id":18680,"weight":1.5451},
{"Node_id":18681,"weight":1.6229},
{"Node_id":18682,"weight":4.2051},
{"Node_id":18683,"weight":2.579},
{"Node_id":18684,"weight":1.5885},
{"Node_id":18685,"weight":2.883},
{"Node_id":18688,"weight":3.4591},
{"Node_id":18689,"weight":2.5654},
{"Node_id":18692,"weight":7.8236},
{"Node_id":18702,"weight":1.5225},
{"Node_id":18703,"weight":2.2494},
{"Node_id":18704,"weight":2.5669},
{"Node_id":18705,"weight":3.2452},
{"Node_id":18706,"weight":2.8439},
{"Node_id":18707,"weight":2.3371},
{"Node_id":18708,"weight":1.3913},
{"Node_id":18709,"weight":4.3066},
{"Node_id":18710,"weight":2.7712},
{"Node_id":18711,"weight":5.077},
{"Node_id":18712,"weight":1.9386},
{"Node_id":18716,"weight":2.2425},
{"Node_id":18717,"weight":2.0144},
{"Node_id":18718,"weight":1.4955},
{"Node_id":18719,"weight":1.4364},
{"Node_id":18720,"weight":1.7639},
{"Node_id":18721,"weight":4.872},
{"Node_id":18725,"weight":2.2967},
{"Node_id":18726,"weight":1.4855},
{"Node_id":18727,"weight":3.0297},
{"Node_id":18728,"weight":1.421},
{"Node_id":18729,"weight":1.9487},
{"Node_id":18730,"weight":2.6434},
{"Node_id":18731,"weight":1.6777},
{"Node_id":18732,"weight":1.5008},
{"Node_id":18733,"weight":2.9765},
{"Node_id":18734,"weight":1.7082},
{"Node_id":18735,"weight":2.4168},
{"Node_id":18968,"weight":5.4217},
{"Node_id":18969,"weight":5.5429},
{"Node_id":18970,"weight":2.5534},
{"Node_id":18971,"weight":1.4223},
{"Node_id":18972,"weight":2.2728},
{"Node_id":18973,"weight":3.3377},
{"Node_id":19032,"weight":5.045},
{"Node_id":19033,"weight":3.8766},
{"Node_id":19034,"weight":1.719},
{"Node_id":19035,"weight":1.7354},
{"Node_id":19036,"weight":2.4768},
{"Node_id":19037,"weight":1.7198},
{"Node_id":19040,"weight":3.6076},
{"Node_id":19041,"weight":3.4523},
{"Node_id":19042,"weight":3.6273},
{"Node_id":19043,"weight":3.7401},
{"Node_id":19044,"weight":2.0338},
{"Node_id":19045,"weight":1.6906},
{"Node_id":19046,"weight":3.6718},
{"Node_id":19047,"weight":2.1418},
{"Node_id":19048,"weight":1.6419},
{"Node_id":19049,"weight":1.8549},
{"Node_id":19050,"weight":2.0212},
{"Node_id":19051,"weight":3.3808},
{"Node_id":19052,"weight":3.8469},
{"Node_id":19053,"weight":3.305},
{"Node_id":19054,"weight":1.4742},
{"Node_id":19057,"weight":1.5464},
{"Node_id":19058,"weight":2.0575},
{"Node_id":19059,"weight":1.7922},
{"Node_id":19062,"weight":4.1579},
{"Node_id":19063,"weight":1.615},
{"Node_id":19064,"weight":5.4927},
{"Node_id":19067,"weight":3.7446},
{"Node_id":19070,"weight":3.5075},
{"Node_id":19071,"weight":1.7472},
{"Node_id":19072,"weight":1.4001},
{"Node_id":19073,"weight":3.6885},
{"Node_id":19074,"weight":2.5519},
{"Node_id":19075,"weight":1.8145},
{"Node_id":19076,"weight":3.8372},
{"Node_id":19077,"weight":2.0615},
{"Node_id":19078,"weight":2.0785},
{"Node_id":19079,"weight":2.1654},
{"Node_id":19080,"weight":1.6114},
{"Node_id":19081,"weight":1.812},
{"Node_id":19082,"weight":1.9143},
{"Node_id":19083,"weight":1.7567},
{"Node_id":19084,"weight":2.1862},
{"Node_id":19085,"weight":2.1906},
{"Node_id":19086,"weight":2.7357},
{"Node_id":19087,"weight":2.9465},
{"Node_id":19088,"weight":2.1249},
{"Node_id":19089,"weight":3.6432},
{"Node_id":19090,"weight":5.1441},
{"Node_id":19091,"weight":5.2734},
{"Node_id":19092,"weight":3.0978},
{"Node_id":19093,"weight":3.8132},
{"Node_id":19094,"weight":5.045},
{"Node_id":19095,"weight":2.401},
{"Node_id":19096,"weight":2.101},
{"Node_id":19097,"weight":1.515},
{"Node_id":19100,"weight":3.0644},
{"Node_id":19101,"weight":3.0366},
{"Node_id":19102,"weight":2.3039},
{"Node_id":19103,"weight":1.7849},
{"Node_id":19104,"weight":3.0184},
{"Node_id":19105,"weight":1.886},
{"Node_id":19106,"weight":2.0038},
{"Node_id":19107,"weight":2.025},
{"Node_id":19117,"weight":1.9206},
{"Node_id":19118,"weight":2.4329},
{"Node_id":19119,"weight":3.9658},
{"Node_id":19120,"weight":2.5579},
{"Node_id":19121,"weight":2.0192},
{"Node_id":19124,"weight":2.8135},
{"Node_id":19125,"weight":2.8381},
{"Node_id":19126,"weight":2.889},
{"Node_id":19127,"weight":2.0338},
{"Node_id":19128,"weight":3.0667},
{"Node_id":19129,"weight":1.9323},
{"Node_id":19130,"weight":1.7237},
{"Node_id":19131,"weight":1.7599},
{"Node_id":19132,"weight":2.3015},
{"Node_id":19133,"weight":1.4881},
{"Node_id":19134,"weight":1.3988},
{"Node_id":19135,"weight":2.9786},
{"Node_id":19136,"weight":3.3652},
{"Node_id":19137,"weight":2.6337},
{"Node_id":19138,"weight":1.5485},
{"Node_id":19139,"weight":2.5297},
{"Node_id":19140,"weight":1.5327},
{"Node_id":19141,"weight":1.7663},
{"Node_id":19142,"weight":1.9423},
{"Node_id":19143,"weight":1.4422},
{"Node_id":19144,"weight":1.5885},
{"Node_id":19145,"weight":1.5729},
{"Node_id":19146,"weight":1.5306},
{"Node_id":19147,"weight":2.7409},
{"Node_id":19176,"weight":1.6657},
{"Node_id":19177,"weight":1.4052},
{"Node_id":19178,"weight":1.6324},
{"Node_id":19179,"weight":2.8711},
{"Node_id":19180,"weight":5.0933},
{"Node_id":19181,"weight":1.5659},
{"Node_id":19182,"weight":1.4782},
{"Node_id":19183,"weight":2.6761},
{"Node_id":19184,"weight":2.4796},
{"Node_id":19185,"weight":2.6337},
{"Node_id":19186,"weight":5.4927},
{"Node_id":19189,"weight":2.0928},
{"Node_id":19198,"weight":1.4862},
{"Node_id":19199,"weight":1.4435},
{"Node_id":19200,"weight":4.8458},
{"Node_id":19201,"weight":2.1622},
{"Node_id":19202,"weight":1.8253},
{"Node_id":19203,"weight":2.1928},
{"Node_id":19204,"weight":1.587},
{"Node_id":19205,"weight":1.656},
{"Node_id":19206,"weight":2.4684},
{"Node_id":19207,"weight":3.511},
{"Node_id":19208,"weight":1.5368},
{"Node_id":19209,"weight":1.6027},
{"Node_id":19210,"weight":1.733},
{"Node_id":19211,"weight":1.8609},
{"Node_id":19214,"weight":3.6312},
{"Node_id":19215,"weight":2.3699},
{"Node_id":19216,"weight":2.6928},
{"Node_id":19217,"weight":3.3903},
{"Node_id":19218,"weight":2.2943},
{"Node_id":19221,"weight":1.9597},
{"Node_id":19222,"weight":2.1376},
{"Node_id":19223,"weight":2.6147},
{"Node_id":19224,"weight":2.0485},
{"Node_id":19225,"weight":1.8438},
{"Node_id":19226,"weight":2.97},
{"Node_id":19227,"weight":4.1513},
{"Node_id":19228,"weight":2.9031},
{"Node_id":19229,"weight":1.5197},
{"Node_id":19230,"weight":3.4356},
{"Node_id":19231,"weight":4.4538},
{"Node_id":19232,"weight":3.2507},
{"Node_id":19233,"weight":1.4775},
{"Node_id":19234,"weight":3.6595},
{"Node_id":19235,"weight":1.4769},
{"Node_id":19236,"weight":4.7832},
{"Node_id":19237,"weight":1.8354},
{"Node_id":19238,"weight":2.7857},
{"Node_id":19239,"weight":3.3468},
{"Node_id":19240,"weight":4.284},
{"Node_id":19241,"weight":1.8643},
{"Node_id":19242,"weight":2.1354},
{"Node_id":19243,"weight":1.8153},
{"Node_id":19246,"weight":2.5882},
{"Node_id":19247,"weight":2.1774},
{"Node_id":19248,"weight":4.0049},
{"Node_id":19249,"weight":2.9444},
{"Node_id":19250,"weight":2.6466},
{"Node_id":19251,"weight":2.1796},
{"Node_id":19252,"weight":3.3079},
{"Node_id":19253,"weight":3.562},
{"Node_id":19254,"weight":1.6164},
{"Node_id":19255,"weight":1.9915},
{"Node_id":19256,"weight":2.4994},
{"Node_id":19257,"weight":2.6022},
{"Node_id":19258,"weight":1.5603},
{"Node_id":19259,"weight":2.2716},
{"Node_id":19260,"weight":3.3287},
{"Node_id":19261,"weight":1.7543},
{"Node_id":19262,"weight":3.3468},
{"Node_id":19263,"weight":1.9098},
{"Node_id":19264,"weight":1.8078},
{"Node_id":19265,"weight":2.4519},
{"Node_id":19266,"weight":3.3138},
{"Node_id":19267,"weight":2.6434},
{"Node_id":19268,"weight":2.9939},
{"Node_id":19269,"weight":1.8379},
{"Node_id":19270,"weight":1.7711},
{"Node_id":19271,"weight":3.0072},
{"Node_id":19272,"weight":1.5485},
{"Node_id":19273,"weight":1.4585},
{"Node_id":19274,"weight":3.1222},
{"Node_id":19275,"weight":2.1752},
{"Node_id":19276,"weight":2.6321},
{"Node_id":19277,"weight":2.7183},
{"Node_id":19278,"weight":3.5694},
{"Node_id":19279,"weight":3.1026},
{"Node_id":19280,"weight":2.4315},
{"Node_id":19281,"weight":1.4868},
{"Node_id":19282,"weight":1.6785},
{"Node_id":19283,"weight":2.2576},
{"Node_id":19284,"weight":3.1625},
{"Node_id":19285,"weight":1.827},
{"Node_id":19286,"weight":2.3814},
{"Node_id":19287,"weight":2.6761},
{"Node_id":19288,"weight":1.7988},
{"Node_id":19289,"weight":5.9118},
{"Node_id":19290,"weight":2.4342},
{"Node_id":19291,"weight":1.4461},
{"Node_id":19292,"weight":3.4356},
{"Node_id":19308,"weight":1.4982},
{"Node_id":19309,"weight":2.3827},
{"Node_id":19310,"weight":2.1514},
{"Node_id":19311,"weight":1.421},
{"Node_id":19312,"weight":4.2546},
{"Node_id":19313,"weight":2.889},
{"Node_id":19314,"weight":2.6162},
{"Node_id":19317,"weight":4.508},
{"Node_id":19320,"weight":2.6401},
{"Node_id":19323,"weight":2.1197},
{"Node_id":19324,"weight":1.9161},
{"Node_id":19360,"weight":2.4643},
{"Node_id":19361,"weight":2.1145},
{"Node_id":19362,"weight":1.7105},
{"Node_id":19363,"weight":2.1239},
{"Node_id":19364,"weight":1.8834},
{"Node_id":19365,"weight":2.7115},
{"Node_id":19366,"weight":2.3597},
{"Node_id":19367,"weight":1.6383},
{"Node_id":19368,"weight":1.4624},
{"Node_id":19369,"weight":3.6392},
{"Node_id":19370,"weight":1.7338},
{"Node_id":19371,"weight":4.3776},
{"Node_id":19372,"weight":1.7089},
{"Node_id":19373,"weight":1.4789},
{"Node_id":19374,"weight":3.2591},
{"Node_id":19375,"weight":3.3871},
{"Node_id":19376,"weight":2.9277},
{"Node_id":19377,"weight":4.5653},
{"Node_id":19378,"weight":3.2178},
{"Node_id":19379,"weight":2.321},
{"Node_id":19380,"weight":2.2073},
{"Node_id":19381,"weight":1.5779},
{"Node_id":19382,"weight":3.8085},
{"Node_id":19383,"weight":1.6186},
{"Node_id":19384,"weight":6.8113},
{"Node_id":19385,"weight":1.6179},
{"Node_id":19386,"weight":1.7377},
{"Node_id":19387,"weight":2.4588},
{"Node_id":19388,"weight":1.6478},
{"Node_id":19389,"weight":1.5231},
{"Node_id":19390,"weight":2.342},
{"Node_id":19391,"weight":1.4644},
{"Node_id":19392,"weight":2.0595},
{"Node_id":19393,"weight":2.2681},
{"Node_id":19400,"weight":3.3871},
{"Node_id":19401,"weight":1.5807},
{"Node_id":19402,"weight":2.7586},
{"Node_id":19403,"weight":2.885},
{"Node_id":19404,"weight":4.5653},
{"Node_id":19405,"weight":3.3683},
{"Node_id":19406,"weight":2.7374},
{"Node_id":19409,"weight":2.0485},
{"Node_id":19410,"weight":1.8261},
{"Node_id":19411,"weight":2.9593},
{"Node_id":19412,"weight":2.0565},
{"Node_id":19413,"weight":2.5123},
{"Node_id":19414,"weight":1.4121},
{"Node_id":19415,"weight":2.2061},
{"Node_id":19416,"weight":1.7136},
{"Node_id":19417,"weight":2.2799},
{"Node_id":19418,"weight":1.7182},
{"Node_id":19421,"weight":2.0605},
{"Node_id":19422,"weight":3.6233},
{"Node_id":19425,"weight":2.6242},
{"Node_id":19426,"weight":1.5771},
{"Node_id":19427,"weight":1.5402},
{"Node_id":19428,"weight":3.2591},
{"Node_id":19429,"weight":1.6754},
{"Node_id":19430,"weight":1.5238},
{"Node_id":19431,"weight":2.0096},
{"Node_id":19432,"weight":2.8381},
{"Node_id":19433,"weight":2.1155},
{"Node_id":19434,"weight":1.5687},
{"Node_id":19435,"weight":1.4014},
{"Node_id":19436,"weight":1.7417},
{"Node_id":19437,"weight":2.3699},
{"Node_id":19440,"weight":1.6078},
{"Node_id":19441,"weight":1.7857},
{"Node_id":19442,"weight":3.562},
{"Node_id":19443,"weight":2.8633},
{"Node_id":19447,"weight":1.9259},
{"Node_id":19448,"weight":2.6662},
{"Node_id":19449,"weight":3.5326},
{"Node_id":19450,"weight":4.0163},
{"Node_id":19451,"weight":3.226},
{"Node_id":19452,"weight":1.7051},
{"Node_id":19453,"weight":2.9113},
{"Node_id":19454,"weight":1.8913},
{"Node_id":19457,"weight":1.6085},
{"Node_id":19458,"weight":1.5999},
{"Node_id":19459,"weight":3.0738},
{"Node_id":19460,"weight":1.5878},
{"Node_id":19552,"weight":3.0117},
{"Node_id":19553,"weight":2.2907},
{"Node_id":19557,"weight":2.0038},
{"Node_id":19558,"weight":3.5398},
{"Node_id":19559,"weight":1.8379},
{"Node_id":19560,"weight":1.3907},
{"Node_id":19561,"weight":3.0786},
{"Node_id":19562,"weight":4.0049},
{"Node_id":19563,"weight":3.4969},
{"Node_id":19564,"weight":1.7841},
{"Node_id":19565,"weight":2.4966},
{"Node_id":19566,"weight":4.9126},
{"Node_id":19567,"weight":3.562},
{"Node_id":19568,"weight":4.9548},
{"Node_id":19569,"weight":4.7592},
{"Node_id":19570,"weight":2.1873},
{"Node_id":19580,"weight":3.0184},
{"Node_id":19581,"weight":1.4572},
{"Node_id":19685,"weight":2.4994},
{"Node_id":19686,"weight":5.4448},
{"Node_id":19687,"weight":1.7988},
{"Node_id":19688,"weight":1.6412},
{"Node_id":19689,"weight":1.4802},
{"Node_id":19690,"weight":1.4683},
{"Node_id":19691,"weight":4.0634},
{"Node_id":19692,"weight":2.895},
{"Node_id":19693,"weight":3.3347},
{"Node_id":19694,"weight":1.6508},
{"Node_id":19695,"weight":3.3777},
{"Node_id":19696,"weight":2.9072},
{"Node_id":19697,"weight":1.4178},
{"Node_id":19698,"weight":2.4881},
{"Node_id":19699,"weight":2.3788},
{"Node_id":19700,"weight":2.9614},
{"Node_id":19701,"weight":1.6664},
{"Node_id":19702,"weight":1.7963},
{"Node_id":19703,"weight":1.9143},
{"Node_id":19704,"weight":1.6523},
{"Node_id":19705,"weight":1.6538},
{"Node_id":19706,"weight":1.9036},
{"Node_id":19707,"weight":1.7776},
{"Node_id":19708,"weight":3.3999},
{"Node_id":19709,"weight":2.3584},
{"Node_id":19710,"weight":2.1785},
{"Node_id":19711,"weight":2.5224},
{"Node_id":19712,"weight":2.4601},
{"Node_id":19713,"weight":1.7074},
{"Node_id":19714,"weight":1.8834},
{"Node_id":19715,"weight":1.8921},
{"Node_id":19716,"weight":1.39},
{"Node_id":19717,"weight":2.2106},
{"Node_id":19718,"weight":1.9241},
{"Node_id":19719,"weight":1.6627},
{"Node_id":19720,"weight":3.0667},
{"Node_id":19721,"weight":2.0605},
{"Node_id":19722,"weight":2.2895},
{"Node_id":19723,"weight":1.43},
{"Node_id":19724,"weight":2.4698},
{"Node_id":19725,"weight":2.7694},
{"Node_id":19728,"weight":2.8305},
{"Node_id":19729,"weight":1.7825},
{"Node_id":19782,"weight":1.702}]