[{"Node_id":3393,"weight":1.9214},
{"Node_id":3397,"weight":2.184},
{"Node_id":3398,"weight":3.483},
{"Node_id":3399,"weight":2.2799},
{"Node_id":3400,"weight":2.0505},
{"Node_id":3401,"weight":1.9802},
{"Node_id":3402,"weight":2.5051},
{"Node_id":3406,"weight":2.4994},
{"Node_id":3407,"weight":2.7218},
{"Node_id":3408,"weight":3.6636},
{"Node_id":3409,"weight":1.6493},
{"Node_id":3410,"weight":4.0396},
{"Node_id":3411,"weight":2.0367},
{"Node_id":3412,"weight":1.4319},
{"Node_id":3413,"weight":3.8918},
{"Node_id":3414,"weight":2.3699},
{"Node_id":3415,"weight":1.8825},
{"Node_id":3416,"weight":1.9924},
{"Node_id":3417,"weight":2.5459},
{"Node_id":3418,"weight":2.6645},
{"Node_id":3419,"weight":2.321},
{"Node_id":3420,"weight":1.6936},
{"Node_id":3421,"weight":4.1254},
{"Node_id":3424,"weight":2.1397},
{"Node_id":3425,"weight":2.4195},
{"Node_id":3426,"weight":1.4064},
{"Node_id":3427,"weight":1.8203},
{"Node_id":3428,"weight":4.1846},
{"Node_id":3435,"weight":2.7912},
{"Node_id":3440,"weight":2.9298},
{"Node_id":3441,"weight":3.7945},
{"Node_id":3445,"weight":1.5736},
{"Node_id":3446,"weight":1.9597},
{"Node_id":3447,"weight":1.9569},
{"Node_id":3448,"weight":1.4474},
{"Node_id":3449,"weight":1.9468},
{"Node_id":3450,"weight":2.0241},
{"Node_id":3471,"weight":1.4371},
{"Node_id":3472,"weight":2.4866},
{"Node_id":3473,"weight":1.7922},
{"Node_id":3474,"weight":1.5259},
{"Node_id":3475,"weight":3.2124},
{"Node_id":3476,"weight":2.5123},
{"Node_id":3477,"weight":1.832},
{"Node_id":3478,"weight":4.7357},
{"Node_id":3479,"weight":1.744},
{"Node_id":3480,"weight":1.748},
{"Node_id":3483,"weight":1.8643},
{"Node_id":3484,"weight":3.4127},
{"Node_id":3485,"weight":1.7036},
{"Node_id":3486,"weight":2.5852},
{"Node_id":3488,"weight":2.0846},
{"Node_id":3489,"weight":3.9713},
{"Node_id":3490,"weight":3.2963},
{"Node_id":3491,"weight":2.0212},
{"Node_id":3492,"weight":1.3976},
{"Node_id":3493,"weight":1.5513},
{"Node_id":3494,"weight":1.8203},
{"Node_id":3495,"weight":1.5492},
{"Node_id":3496,"weight":2.0456},
{"Node_id":3497,"weight":1.7036},
{"Node_id":3498,"weight":2.0595},
{"Node_id":3499,"weight":4.7954},
{"Node_id":3502,"weight":1.8421},
{"Node_id":3503,"weight":1.4624},
{"Node_id":3504,"weight":3.429},
{"Node_id":3505,"weight":2.764},
{"Node_id":3506,"weight":2.001},
{"Node_id":3507,"weight":1.6353},
{"Node_id":3508,"weight":1.4539},
{"Node_id":3509,"weight":4.219},
{"Node_id":3510,"weight":3.0667},
{"Node_id":3525,"weight":1.5638},
{"Node_id":3528,"weight":1.7583},
{"Node_id":3529,"weight":2.4102},
{"Node_id":3534,"weight":7.6004},
{"Node_id":3535,"weight":1.6034},
{"Node_id":3538,"weight":1.8421},
{"Node_id":3539,"weight":1.9532},
{"Node_id":3540,"weight":2.1928},
{"Node_id":3541,"weight":1.6493},
{"Node_id":3542,"weight":1.9395},
{"Node_id":3543,"weight":2.3983},
{"Node_id":3544,"weight":2.2634},
{"Node_id":3545,"weight":2.2253},
{"Node_id":3547,"weight":2.4369},
{"Node_id":3548,"weight":2.3271},
{"Node_id":3549,"weight":3.1026},
{"Node_id":3550,"weight":1.5764},
{"Node_id":3551,"weight":1.7097},
{"Node_id":3552,"weight":2.7115},
{"Node_id":3557,"weight":1.4261},
{"Node_id":3558,"weight":4.2766},
{"Node_id":3559,"weight":6.0725},
{"Node_id":3560,"weight":3.2397},
{"Node_id":3561,"weight":2.3763},
{"Node_id":3562,"weight":5.2159},
{"Node_id":3563,"weight":2.6006},
{"Node_id":3564,"weight":2.7857},
{"Node_id":3565,"weight":3.3714},
{"Node_id":3566,"weight":1.5666},
{"Node_id":3567,"weight":2.6612},
{"Node_id":3568,"weight":1.886},
{"Node_id":3569,"weight":1.866},
{"Node_id":3570,"weight":1.5327},
{"Node_id":3571,"weight":2.1218},
{"Node_id":3572,"weight":1.5123},
{"Node_id":3573,"weight":3.596},
{"Node_id":3574,"weight":1.7013},
{"Node_id":3576,"weight":2.887},
{"Node_id":3577,"weight":2.2287},
{"Node_id":3699,"weight":1.6875},
{"Node_id":3700,"weight":3.3227},
{"Node_id":3701,"weight":3.2733},
{"Node_id":4216,"weight":2.0887},
{"Node_id":4450,"weight":5.077},
{"Node_id":4451,"weight":1.4178},
{"Node_id":4452,"weight":4.1064},
{"Node_id":4453,"weight":2.0695},
{"Node_id":4455,"weight":2.2196},
{"Node_id":4457,"weight":2.0907},
{"Node_id":4458,"weight":2.9635},
{"Node_id":4459,"weight":3.9549},
{"Node_id":4460,"weight":1.4474},
{"Node_id":4461,"weight":1.7051},
{"Node_id":4462,"weight":2.3996},
{"Node_id":4463,"weight":1.7433},
{"Node_id":4464,"weight":2.1807},
{"Node_id":4465,"weight":2.3866},
{"Node_id":4466,"weight":1.3919},
{"Node_id":4467,"weight":2.0928},
{"Node_id":4472,"weight":2.0938},
{"Node_id":4473,"weight":1.9615},
{"Node_id":4474,"weight":2.0299},
{"Node_id":4475,"weight":2.3433},
{"Node_id":4477,"weight":2.5504},
{"Node_id":4479,"weight":2.5519},
{"Node_id":4480,"weight":1.8523},
{"Node_id":4481,"weight":2.3648},
{"Node_id":4485,"weight":1.4481},
{"Node_id":4486,"weight":1.4384},
{"Node_id":4487,"weight":5.2933},
{"Node_id":4488,"weight":1.4313},
{"Node_id":4489,"weight":3.3287},
{"Node_id":4490,"weight":1.9305},
{"Node_id":4491,"weight":4.8078},
{"Node_id":4492,"weight":2.5195},
{"Node_id":4493,"weight":1.3882},
{"Node_id":4494,"weight":3.2151},
{"Node_id":4495,"weight":2.3271},
{"Node_id":4497,"weight":4.6469},
{"Node_id":4498,"weight":2.2943},
{"Node_id":4499,"weight":3.4523},
{"Node_id":4500,"weight":1.4617},
{"Node_id":4502,"weight":3.0978},
{"Node_id":4503,"weight":1.6142},
{"Node_id":4504,"weight":1.3869},
{"Node_id":4505,"weight":3.0006},
{"Node_id":4506,"weight":2.8691},
{"Node_id":4507,"weight":1.7276},
{"Node_id":4508,"weight":1.3982},
{"Node_id":4510,"weight":2.0918},
{"Node_id":4515,"weight":2.7604},
{"Node_id":4516,"weight":1.7647},
{"Node_id":4517,"weight":3.4225},
{"Node_id":4518,"weight":3.1651},
{"Node_id":4519,"weight":2.6482},
{"Node_id":4520,"weight":1.6434},
{"Node_id":4521,"weight":2.6662},
{"Node_id":4523,"weight":1.8704},
{"Node_id":4524,"weight":1.4455},
{"Node_id":4525,"weight":1.452},
{"Node_id":4526,"weight":3.6677},
{"Node_id":4527,"weight":2.9722},
{"Node_id":4528,"weight":1.6405},
{"Node_id":4531,"weight":3.511},
{"Node_id":4532,"weight":1.6627},
{"Node_id":4533,"weight":3.1173},
{"Node_id":4534,"weight":2.2752},
{"Node_id":4535,"weight":1.6049},
{"Node_id":4536,"weight":1.6612},
{"Node_id":4537,"weight":2.9786},
{"Node_id":4538,"weight":1.9496},
{"Node_id":4539,"weight":1.7151},
{"Node_id":4542,"weight":1.8037},
{"Node_id":4543,"weight":1.7448},
{"Node_id":4544,"weight":1.9197},
{"Node_id":4545,"weight":2.6369},
{"Node_id":4583,"weight":2.1397},
{"Node_id":4584,"weight":1.4822},
{"Node_id":4585,"weight":3.7852},
{"Node_id":4586,"weight":1.9487},
{"Node_id":4587,"weight":2.1218},
{"Node_id":4588,"weight":2.2242},
{"Node_id":4590,"weight":5.9496},
{"Node_id":4593,"weight":2.9298},
{"Node_id":4596,"weight":4.1711},
{"Node_id":4597,"weight":2.4142},
{"Node_id":4598,"weight":2.4838},
{"Node_id":4599,"weight":2.4629},
{"Node_id":4600,"weight":3.2676},
{"Node_id":4601,"weight":4.6259},
{"Node_id":4602,"weight":4.5555},
{"Node_id":4603,"weight":1.7865},
{"Node_id":4604,"weight":1.4862},
{"Node_id":4605,"weight":1.8921},
{"Node_id":4606,"weight":1.5055},
{"Node_id":4607,"weight":1.4261},
{"Node_id":4608,"weight":1.7551},
{"Node_id":4610,"weight":5.2539},
{"Node_id":4611,"weight":1.4815},
{"Node_id":4612,"weight":1.4287},
{"Node_id":4613,"weight":1.5451},
{"Node_id":4614,"weight":1.6229},
{"Node_id":4615,"weight":4.2051},
{"Node_id":4616,"weight":2.579},
{"Node_id":4617,"weight":1.5885},
{"Node_id":4618,"weight":2.883},
{"Node_id":4621,"weight":3.4591},
{"Node_id":4622,"weight":2.5654},
{"Node_id":4625,"weight":7.8236},
{"Node_id":4635,"weight":1.5225},
{"Node_id":4636,"weight":2.2494},
{"Node_id":4637,"weight":2.5669},
{"Node_id":4638,"weight":3.2452},
{"Node_id":4639,"weight":2.8439},
{"Node_id":4640,"weight":2.3371},
{"Node_id":4641,"weight":1.3913},
{"Node_id":4642,"weight":4.3066},
{"Node_id":4643,"weight":2.7712},
{"Node_id":4644,"weight":5.077},
{"Node_id":4645,"weight":1.9386},
{"Node_id":4649,"weight":2.2425},
{"Node_id":4650,"weight":2.0144},
{"Node_id":4651,"weight":1.4955},
{"Node_id":4652,"weight":1.4364},
{"Node_id":4653,"weight":1.7639},
{"Node_id":4654,"weight":4.872},
{"Node_id":4658,"weight":2.2967},
{"Node_id":4659,"weight":1.4855},
{"Node_id":4660,"weight":3.0297},
{"Node_id":4661,"weight":1.421},
{"Node_id":4662,"weight":1.9487},
{"Node_id":4663,"weight":2.6434},
{"Node_id":4664,"weight":1.6777},
{"Node_id":4665,"weight":1.5008},
{"Node_id":4666,"weight":2.9765},
{"Node_id":4667,"weight":1.7082},
{"Node_id":4668,"weight":2.4168},
{"Node_id":4901,"weight":5.4217},
{"Node_id":4902,"weight":5.5429},
{"Node_id":4903,"weight":2.5534},
{"Node_id":4904,"weight":1.4223},
{"Node_id":4905,"weight":2.2728},
{"Node_id":4906,"weight":3.3377},
{"Node_id":4965,"weight":5.045},
{"Node_id":4966,"weight":3.8766},
{"Node_id":4967,"weight":1.719},
{"Node_id":4968,"weight":1.7354},
{"Node_id":4969,"weight":2.4768},
{"Node_id":4970,"weight":1.7198},
{"Node_id":4973,"weight":3.6076},
{"Node_id":4974,"weight":3.4523},
{"Node_id":4975,"weight":3.6273},
{"Node_id":4976,"weight":3.7401},
{"Node_id":4977,"weight":2.0338},
{"Node_id":4978,"weight":1.6906},
{"Node_id":4979,"weight":3.6718},
{"Node_id":4980,"weight":2.1418},
{"Node_id":4981,"weight":1.6419},
{"Node_id":4982,"weight":1.8549},
{"Node_id":4983,"weight":2.0212},
{"Node_id":4984,"weight":3.3808},
{"Node_id":4985,"weight":3.8469},
{"Node_id":4986,"weight":3.305},
{"Node_id":4987,"weight":1.4742},
{"Node_id":4990,"weight":1.5464},
{"Node_id":4991,"weight":2.0575},
{"Node_id":4992,"weight":1.7922},
{"Node_id":4995,"weight":4.1579},
{"Node_id":4996,"weight":1.615},
{"Node_id":4997,"weight":5.4927},
{"Node_id":5000,"weight":3.7446},
{"Node_id":5003,"weight":3.5075},
{"Node_id":5004,"weight":1.7472},
{"Node_id":5005,"weight":1.4001},
{"Node_id":5006,"weight":3.6885},
{"Node_id":5007,"weight":2.5519},
{"Node_id":5008,"weight":1.8145},
{"Node_id":5009,"weight":3.8372},
{"Node_id":5010,"weight":2.0615},
{"Node_id":5011,"weight":2.0785},
{"Node_id":5012,"weight":2.1654},
{"Node_id":5013,"weight":1.6114},
{"Node_id":5014,"weight":1.812},
{"Node_id":5015,"weight":1.9143},
{"Node_id":5016,"weight":1.7567},
{"Node_id":5017,"weight":2.1862},
{"Node_id":5018,"weight":2.1906},
{"Node_id":5019,"weight":2.7357},
{"Node_id":5020,"weight":2.9465},
{"Node_id":5021,"weight":2.1249},
{"Node_id":5022,"weight":3.6432},
{"Node_id":5023,"weight":5.1441},
{"Node_id":5024,"weight":5.2734},
{"Node_id":5025,"weight":3.0978},
{"Node_id":5026,"weight":3.8132},
{"Node_id":5027,"weight":5.045},
{"Node_id":5028,"weight":2.401},
{"Node_id":5029,"weight":2.101},
{"Node_id":5030,"weight":1.515},
{"Node_id":5033,"weight":3.0644},
{"Node_id":5034,"weight":3.0366},
{"Node_id":5035,"weight":2.3039},
{"Node_id":5036,"weight":1.7849},
{"Node_id":5037,"weight":3.0184},
{"Node_id":5038,"weight":1.886},
{"Node_id":5039,"weight":2.0038},
{"Node_id":5040,"weight":2.025},
{"Node_id":5050,"weight":1.9206},
{"Node_id":5051,"weight":2.4329},
{"Node_id":5052,"weight":3.9658},
{"Node_id":5053,"weight":2.5579},
{"Node_id":5054,"weight":2.0192},
{"Node_id":5057,"weight":2.8135},
{"Node_id":5058,"weight":2.8381},
{"Node_id":5059,"weight":2.889},
{"Node_id":5060,"weight":2.0338},
{"Node_id":5061,"weight":3.0667},
{"Node_id":5062,"weight":1.9323},
{"Node_id":5063,"weight":1.7237},
{"Node_id":5064,"weight":1.7599},
{"Node_id":5065,"weight":2.3015},
{"Node_id":5066,"weight":1.4881},
{"Node_id":5067,"weight":1.3988},
{"Node_id":5068,"weight":2.9786},
{"Node_id":5069,"weight":3.3652},
{"Node_id":5070,"weight":2.6337},
{"Node_id":5071,"weight":1.5485},
{"Node_id":5072,"weight":2.5297},
{"Node_id":5073,"weight":1.5327},
{"Node_id":5074,"weight":1.7663},
{"Node_id":5075,"weight":1.9423},
{"Node_id":5076,"weight":1.4422},
{"Node_id":5077,"weight":1.5885},
{"Node_id":5078,"weight":1.5729},
{"Node_id":5079,"weight":1.5306},
{"Node_id":5080,"weight":2.7409},
{"Node_id":5109,"weight":1.6657},
{"Node_id":5110,"weight":1.4052},
{"Node_id":5111,"weight":1.6324},
{"Node_id":5112,"weight":2.8711},
{"Node_id":5113,"weight":5.0933},
{"Node_id":5114,"weight":1.5659},
{"Node_id":5115,"weight":1.4782},
{"Node_id":5116,"weight":2.6761},
{"Node_id":5117,"weight":2.4796},
{"Node_id":5118,"weight":2.6337},
{"Node_id":5119,"weight":5.4927},
{"Node_id":5122,"weight":2.0928},
{"Node_id":5131,"weight":1.4862},
{"Node_id":5132,"weight":1.4435},
{"Node_id":5133,"weight":4.8458},
{"Node_id":5134,"weight":2.1622},
{"Node_id":5135,"weight":1.8253},
{"Node_id":5136,"weight":2.1928},
{"Node_id":5137,"weight":1.587},
{"Node_id":5138,"weight":1.656},
{"Node_id":5139,"weight":2.4684},
{"Node_id":5140,"weight":3.511},
{"Node_id":5141,"weight":1.5368},
{"Node_id":5142,"weight":1.6027},
{"Node_id":5143,"weight":1.733},
{"Node_id":5144,"weight":1.8609},
{"Node_id":5147,"weight":3.6312},
{"Node_id":5148,"weight":2.3699},
{"Node_id":5149,"weight":2.6928},
{"Node_id":5150,"weight":3.3903},
{"Node_id":5151,"weight":2.2943},
{"Node_id":5154,"weight":1.9597},
{"Node_id":5155,"weight":2.1376},
{"Node_id":5156,"weight":2.6147},
{"Node_id":5157,"weight":2.0485},
{"Node_id":5158,"weight":1.8438},
{"Node_id":5159,"weight":2.97},
{"Node_id":5160,"weight":4.1513},
{"Node_id":5161,"weight":2.9031},
{"Node_id":5162,"weight":1.5197},
{"Node_id":5163,"weight":3.4356},
{"Node_id":5164,"weight":4.4538},
{"Node_id":5165,"weight":3.2507},
{"Node_id":5166,"weight":1.4775},
{"Node_id":5167,"weight":3.6595},
{"Node_id":5168,"weight":1.4769},
{"Node_id":5169,"weight":4.7832},
{"Node_id":5170,"weight":1.8354},
{"Node_id":5171,"weight":2.7857},
{"Node_id":5172,"weight":3.3468},
{"Node_id":5173,"weight":4.284},
{"Node_id":5174,"weight":1.8643},
{"Node_id":5175,"weight":2.1354},
{"Node_id":5176,"weight":1.8153},
{"Node_id":5179,"weight":2.5882},
{"Node_id":5180,"weight":2.1774},
{"Node_id":5181,"weight":4.0049},
{"Node_id":5182,"weight":2.9444},
{"Node_id":5183,"weight":2.6466},
{"Node_id":5184,"weight":2.1796},
{"Node_id":5185,"weight":3.3079},
{"Node_id":5186,"weight":3.562},
{"Node_id":5187,"weight":1.6164},
{"Node_id":5188,"weight":1.9915},
{"Node_id":5189,"weight":2.4994},
{"Node_id":5190,"weight":2.6022},
{"Node_id":5191,"weight":1.5603},
{"Node_id":5192,"weight":2.2716},
{"Node_id":5193,"weight":3.3287},
{"Node_id":5194,"weight":1.7543},
{"Node_id":5195,"weight":3.3468},
{"Node_id":5196,"weight":1.9098},
{"Node_id":5197,"weight":1.8078},
{"Node_id":5198,"weight":2.4519},
{"Node_id":5199,"weight":3.3138},
{"Node_id":5200,"weight":2.6434},
{"Node_id":5201,"weight":2.9939},
{"Node_id":5202,"weight":1.8379},
{"Node_id":5203,"weight":1.7711},
{"Node_id":5204,"weight":3.0072},
{"Node_id":5205,"weight":1.5485},
{"Node_id":5206,"weight":1.4585},
{"Node_id":5207,"weight":3.1222},
{"Node_id":5208,"weight":2.1752},
{"Node_id":5209,"weight":2.6321},
{"Node_id":5210,"weight":2.7183},
{"Node_id":5211,"weight":3.5694},
{"Node_id":5212,"weight":3.1026},
{"Node_id":5213,"weight":2.4315},
{"Node_id":5214,"weight":1.4868},
{"Node_id":5215,"weight":1.6785},
{"Node_id":5216,"weight":2.2576},
{"Node_id":5217,"weight":3.1625},
{"Node_id":5218,"weight":1.827},
{"Node_id":5219,"weight":2.3814},
{"Node_id":5220,"weight":2.6761},
{"Node_id":5221,"weight":1.7988},
{"Node_id":5222,"weight":5.9118},
{"Node_id":5223,"weight":2.4342},
{"Node_id":5224,"weight":1.4461},
{"Node_id":5225,"weight":3.4356},
{"Node_id":5241,"weight":1.4982},
{"Node_id":5242,"weight":2.3827},
{"Node_id":5243,"weight":2.1514},
{"Node_id":5244,"weight":1.421},
{"Node_id":5245,"weight":4.2546},
{"Node_id":5246,"weight":2.889},
{"Node_id":5247,"weight":2.6162},
{"Node_id":5250,"weight":4.508},
{"Node_id":5253,"weight":2.6401},
{"Node_id":5256,"weight":2.1197},
{"Node_id":5257,"weight":1.9161},
{"Node_id":5293,"weight":2.4643},
{"Node_id":5294,"weight":2.1145},
{"Node_id":5295,"weight":1.7105},
{"Node_id":5296,"weight":2.1239},
{"Node_id":5297,"weight":1.8834},
{"Node_id":5298,"weight":2.7115},
{"Node_id":5299,"weight":2.3597},
{"Node_id":5300,"weight":1.6383},
{"Node_id":5301,"weight":1.4624},
{"Node_id":5302,"weight":3.6392},
{"Node_id":5303,"weight":1.7338},
{"Node_id":5304,"weight":4.3776},
{"Node_id":5305,"weight":1.7089},
{"Node_id":5306,"weight":1.4789},
{"Node_id":5307,"weight":3.2591},
{"Node_id":5308,"weight":3.3871},
{"Node_id":5309,"weight":2.9277},
{"Node_id":5310,"weight":4.5653},
{"Node_id":5311,"weight":3.2178},
{"Node_id":5312,"weight":2.321},
{"Node_id":5313,"weight":2.2073},
{"Node_id":5314,"weight":1.5779},
{"Node_id":5315,"weight":3.8085},
{"Node_id":5316,"weight":1.6186},
{"Node_id":5317,"weight":6.8113},
{"Node_id":5318,"weight":1.6179},
{"Node_id":5319,"weight":1.7377},
{"Node_id":5320,"weight":2.4588},
{"Node_id":5321,"weight":1.6478},
{"Node_id":5322,"weight":1.5231},
{"Node_id":5323,"weight":2.342},
{"Node_id":5324,"weight":1.4644},
{"Node_id":5325,"weight":2.0595},
{"Node_id":5326,"weight":2.2681},
{"Node_id":5328,"weight":1.5109},
{"Node_id":5329,"weight":2.4519},
{"Node_id":5330,"weight":1.7105},
{"Node_id":5333,"weight":3.3871},
{"Node_id":5334,"weight":1.5807},
{"Node_id":5335,"weight":2.7586},
{"Node_id":5336,"weight":2.885},
{"Node_id":5337,"weight":4.5653},
{"Node_id":5338,"weight":3.3683},
{"Node_id":5339,"weight":2.7374},
{"Node_id":5342,"weight":2.0485},
{"Node_id":5343,"weight":1.8261},
{"Node_id":5344,"weight":2.9593},
{"Node_id":5345,"weight":2.0565},
{"Node_id":5346,"weight":2.5123},
{"Node_id":5347,"weight":1.4121},
{"Node_id":5348,"weight":2.2061},
{"Node_id":5349,"weight":1.7136},
{"Node_id":5350,"weight":2.2799},
{"Node_id":5351,"weight":1.7182},
{"Node_id":5354,"weight":2.0605},
{"Node_id":5355,"weight":3.6233},
{"Node_id":5358,"weight":2.6242},
{"Node_id":5359,"weight":1.5771},
{"Node_id":5360,"weight":1.5402},
{"Node_id":5361,"weight":3.2591},
{"Node_id":5362,"weight":1.6754},
{"Node_id":5363,"weight":1.5238},
{"Node_id":5364,"weight":2.0096},
{"Node_id":5365,"weight":2.8381},
{"Node_id":5366,"weight":2.1155},
{"Node_id":5367,"weight":1.5687},
{"Node_id":5368,"weight":1.4014},
{"Node_id":5369,"weight":1.7417},
{"Node_id":5370,"weight":2.3699},
{"Node_id":5373,"weight":1.6078},
{"Node_id":5374,"weight":1.7857},
{"Node_id":5375,"weight":3.562},
{"Node_id":5376,"weight":2.8633},
{"Node_id":5380,"weight":1.9259},
{"Node_id":5381,"weight":2.6662},
{"Node_id":5382,"weight":3.5326},
{"Node_id":5383,"weight":4.0163},
{"Node_id":5384,"weight":3.226},
{"Node_id":5385,"weight":1.7051},
{"Node_id":5386,"weight":2.9113},
{"Node_id":5387,"weight":1.8913},
{"Node_id":5390,"weight":1.6085},
{"Node_id":5391,"weight":1.5999},
{"Node_id":5392,"weight":3.0738},
{"Node_id":5393,"weight":1.5878},
{"Node_id":5485,"weight":3.0117},
{"Node_id":5486,"weight":2.2907},
{"Node_id":5490,"weight":2.0038},
{"Node_id":5491,"weight":3.5398},
{"Node_id":5492,"weight":1.8379},
{"Node_id":5493,"weight":1.3907},
{"Node_id":5494,"weight":3.0786},
{"Node_id":5495,"weight":4.0049},
{"Node_id":5496,"weight":3.4969},
{"Node_id":5497,"weight":1.7841},
{"Node_id":5498,"weight":2.4966},
{"Node_id":5499,"weight":4.9126},
{"Node_id":5500,"weight":3.562},
{"Node_id":5501,"weight":4.9548},
{"Node_id":5502,"weight":4.7592},
{"Node_id":5503,"weight":2.1873},
{"Node_id":5513,"weight":3.0184},
{"Node_id":5514,"weight":1.4572},
{"Node_id":5618,"weight":2.4994},
{"Node_id":5619,"weight":5.4448},
{"Node_id":5620,"weight":1.7988},
{"Node_id":5621,"weight":1.6412},
{"Node_id":5622,"weight":1.4802},
{"Node_id":5623,"weight":1.4683},
{"Node_id":5624,"weight":4.0634},
{"Node_id":5625,"weight":2.895},
{"Node_id":5626,"weight":3.3347},
{"Node_id":5627,"weight":1.6508},
{"Node_id":5628,"weight":3.3777},
{"Node_id":5629,"weight":2.9072},
{"Node_id":5630,"weight":1.4178},
{"Node_id":5631,"weight":2.4881},
{"Node_id":5632,"weight":2.3788},
{"Node_id":5633,"weight":2.9614},
{"Node_id":5634,"weight":1.6664},
{"Node_id":5635,"weight":1.7963},
{"Node_id":5636,"weight":1.9143},
{"Node_id":5637,"weight":1.6523},
{"Node_id":5638,"weight":1.6538},
{"Node_id":5639,"weight":1.9036},
{"Node_id":5640,"weight":1.7776},
{"Node_id":5641,"weight":3.3999},
{"Node_id":5642,"weight":2.3584},
{"Node_id":5643,"weight":2.1785},
{"Node_id":5644,"weight":2.5224},
{"Node_id":5645,"weight":2.4601},
{"Node_id":5646,"weight":1.7074},
{"Node_id":5647,"weight":1.8834},
{"Node_id":5648,"weight":1.8921},
{"Node_id":5649,"weight":1.39},
{"Node_id":5650,"weight":2.2106},
{"Node_id":5651,"weight":1.9241},
{"Node_id":5652,"weight":1.6627},
{"Node_id":5653,"weight":3.0667},
{"Node_id":5654,"weight":2.0605},
{"Node_id":5655,"weight":2.2895},
{"Node_id":5656,"weight":1.43},
{"Node_id":5657,"weight":2.4698},
{"Node_id":5658,"weight":2.7694},
{"Node_id":5659,"weight":1.6982},
{"Node_id":5660,"weight":2.4505},
{"Node_id":5661,"weight":2.8305},
{"Node_id":5662,"weight":1.7825},
{"Node_id":5715,"weight":1.702},
{"Node_id":5782,"weight":2.9133},
{"Node_id":5798,"weight":1.4546},
{"Node_id":5799,"weight":1.6186},
{"Node_id":5800,"weight":2.4754},
{"Node_id":5801,"weight":1.8756},
{"Node_id":5827,"weight":1.4217},
{"Node_id":5864,"weight":1.5701},
{"Node_id":5982,"weight":1.9532},
{"Node_id":6108,"weight":3.2071},
{"Node_id":6109,"weight":1.7988},
{"Node_id":6204,"weight":3.3529},
{"Node_id":6247,"weight":2.658},
{"Node_id":6262,"weight":2.5371},
{"Node_id":6263,"weight":5.9496},
{"Node_id":6290,"weight":1.5589},
{"Node_id":6291,"weight":2.7098},
{"Node_id":6407,"weight":1.7543},
{"Node_id":6408,"weight":1.9746},
{"Node_id":6481,"weight":1.4729},
{"Node_id":6503,"weight":2.4754},
{"Node_id":6504,"weight":2.4302},
{"Node_id":6544,"weight":1.7898},
{"Node_id":6545,"weight":1.7043},
{"Node_id":6546,"weight":1.6612},
{"Node_id":6547,"weight":1.8669},
{"Node_id":6548,"weight":1.6762},
{"Node_id":6549,"weight":2.2208},
{"Node_id":6550,"weight":3.0297},
{"Node_id":6551,"weight":2.4262},
{"Node_id":6552,"weight":2.4155},
{"Node_id":6553,"weight":3.2017},
{"Node_id":6554,"weight":2.4866},
{"Node_id":6555,"weight":2.9939},
{"Node_id":6556,"weight":4.4538},
{"Node_id":6557,"weight":2.1796},
{"Node_id":6558,"weight":1.8523},
{"Node_id":6559,"weight":2.0038},
{"Node_id":6560,"weight":1.9934},
{"Node_id":6561,"weight":1.5652},
{"Node_id":6562,"weight":1.6792},
{"Node_id":6563,"weight":1.561},
{"Node_id":6564,"weight":1.5892},
{"Node_id":6565,"weight":1.6006},
{"Node_id":6566,"weight":1.7377},
{"Node_id":6567,"weight":2.3321},
{"Node_id":6568,"weight":2.0202},
{"Node_id":6569,"weight":4.284},
{"Node_id":6570,"weight":3.4969},
{"Node_id":6571,"weight":1.5736},
{"Node_id":6572,"weight":1.7857},
{"Node_id":6573,"weight":2.3271},
{"Node_id":6574,"weight":1.873},
{"Node_id":6575,"weight":2.0685},
{"Node_id":6576,"weight":1.8506},
{"Node_id":6577,"weight":2.5609},
{"Node_id":6578,"weight":1.6034},
{"Node_id":6579,"weight":2.0358},
{"Node_id":6580,"weight":3.3808},
{"Node_id":6581,"weight":2.2599},
{"Node_id":6582,"weight":3.6801},
{"Node_id":6583,"weight":5.1441},
{"Node_id":6584,"weight":4.0396},
{"Node_id":6585,"weight":2.1611},
{"Node_id":6586,"weight":4.7832},
{"Node_id":6587,"weight":3.4258},
{"Node_id":6588,"weight":2.6662},
{"Node_id":6589,"weight":2.4208},
{"Node_id":6590,"weight":1.5687},
{"Node_id":6591,"weight":2.8191},
{"Node_id":6592,"weight":1.4935},
{"Node_id":6593,"weight":1.7362},
{"Node_id":6596,"weight":6.1637},
{"Node_id":6597,"weight":1.9359},
{"Node_id":6598,"weight":3.3287},
{"Node_id":6599,"weight":3.0458},
{"Node_id":6600,"weight":2.1165},
{"Node_id":6601,"weight":1.5022},
{"Node_id":6602,"weight":2.5066},
{"Node_id":6605,"weight":1.4281},
{"Node_id":6606,"weight":2.4089},
{"Node_id":6607,"weight":1.7615},
{"Node_id":6608,"weight":1.4995},
{"Node_id":6609,"weight":1.9597},
{"Node_id":6610,"weight":2.955},
{"Node_id":6613,"weight":2.4235},
{"Node_id":6614,"weight":1.6634},
{"Node_id":6660,"weight":1.6883},
{"Node_id":6683,"weight":3.2676},
{"Node_id":6685,"weight":2.1062},
{"Node_id":6686,"weight":1.5949},
{"Node_id":6687,"weight":2.0705},
{"Node_id":6688,"weight":5.1441},
{"Node_id":6689,"weight":1.9018},
{"Node_id":6690,"weight":1.5582},
{"Node_id":6691,"weight":1.9477},
{"Node_id":6692,"weight":3.4095},
{"Node_id":6693,"weight":1.798},
{"Node_id":6694,"weight":3.8132},
{"Node_id":6695,"weight":5.1794},
{"Node_id":6696,"weight":8.1114},
{"Node_id":6697,"weight":3.5732},
{"Node_id":6698,"weight":6.5699},
{"Node_id":6699,"weight":1.8506},
{"Node_id":6700,"weight":3.2098},
{"Node_id":6701,"weight":2.1665},
{"Node_id":6704,"weight":2.0959},
{"Node_id":6705,"weight":3.1099},
{"Node_id":6706,"weight":2.2907},
{"Node_id":6707,"weight":5.2734},
{"Node_id":6708,"weight":3.8372},
{"Node_id":6709,"weight":1.6649},
{"Node_id":6710,"weight":2.5775},
{"Node_id":6711,"weight":3.0929},
{"Node_id":6712,"weight":1.7036},
{"Node_id":6713,"weight":2.5297},
{"Node_id":6714,"weight":1.917},
{"Node_id":6715,"weight":1.5416},
{"Node_id":6716,"weight":2.5913},
{"Node_id":6717,"weight":2.2006},
{"Node_id":6718,"weight":2.2073},
{"Node_id":6719,"weight":1.7346},
{"Node_id":6720,"weight":1.7252},
{"Node_id":6721,"weight":2.2871},
{"Node_id":6722,"weight":2.375},
{"Node_id":6723,"weight":1.9487},
{"Node_id":6724,"weight":2.5684},
{"Node_id":6725,"weight":2.4221},
{"Node_id":6726,"weight":1.6523},
{"Node_id":6727,"weight":2.1031},
{"Node_id":6728,"weight":1.7607},
{"Node_id":6729,"weight":1.4045},
{"Node_id":6730,"weight":2.3321},
{"Node_id":6731,"weight":3.5146},
{"Node_id":6732,"weight":3.7991},
{"Node_id":6733,"weight":2.5534},
{"Node_id":6734,"weight":2.2028},
{"Node_id":6735,"weight":1.9896},
{"Node_id":6736,"weight":1.8843},
{"Node_id":6737,"weight":2.8381},
{"Node_id":6738,"weight":1.5076},
{"Node_id":6739,"weight":2.184},
{"Node_id":6740,"weight":2.0416},
{"Node_id":6741,"weight":3.7579},
{"Node_id":6742,"weight":1.9296},
{"Node_id":6743,"weight":2.1093},
{"Node_id":6744,"weight":2.7876},
{"Node_id":6745,"weight":2.2657},
{"Node_id":6746,"weight":3.1651},
{"Node_id":6747,"weight":4.0163},
{"Node_id":6748,"weight":2.0192},
{"Node_id":6749,"weight":2.6678},
{"Node_id":6750,"weight":2.4768},
{"Node_id":6751,"weight":1.5245},
{"Node_id":6752,"weight":4.7954},
{"Node_id":6753,"weight":1.9896},
{"Node_id":6754,"weight":2.3075},
{"Node_id":6755,"weight":2.5023},
{"Node_id":6756,"weight":1.421},
{"Node_id":6757,"weight":1.7151},
{"Node_id":6758,"weight":1.5575},
{"Node_id":6759,"weight":1.9634},
{"Node_id":6780,"weight":2.5312},
{"Node_id":6802,"weight":3.1651},
{"Node_id":6818,"weight":2.0231},
{"Node_id":6833,"weight":2.6945},
{"Node_id":6834,"weight":3.6843},
{"Node_id":6835,"weight":2.6037},
{"Node_id":6850,"weight":3.6233},
{"Node_id":6851,"weight":2.5341},
{"Node_id":6852,"weight":2.6482},
{"Node_id":6853,"weight":2.2095},
{"Node_id":6854,"weight":2.2634},
{"Node_id":6855,"weight":1.653},
{"Node_id":6856,"weight":1.397},
{"Node_id":6857,"weight":2.5166},
{"Node_id":6858,"weight":1.9468},
{"Node_id":6859,"weight":2.0338},
{"Node_id":6860,"weight":1.7528},
{"Node_id":6861,"weight":1.53},
{"Node_id":6936,"weight":1.8128},
{"Node_id":6937,"weight":2.9808},
{"Node_id":6938,"weight":4.2402},
{"Node_id":6939,"weight":1.935},
{"Node_id":6940,"weight":1.6792},
{"Node_id":6941,"weight":3.2591},
{"Node_id":6942,"weight":1.6538},
{"Node_id":6943,"weight":2.1568},
{"Node_id":6944,"weight":3.1781},
{"Node_id":6945,"weight":2.881},
{"Node_id":6946,"weight":1.4848},
{"Node_id":6947,"weight":1.5793},
{"Node_id":6948,"weight":3.1833},
{"Node_id":6949,"weight":2.7857},
{"Node_id":6950,"weight":1.659},
{"Node_id":6951,"weight":1.6754},
{"Node_id":6952,"weight":1.7575},
{"Node_id":6953,"weight":2.2955},
{"Node_id":6954,"weight":2.0202},
{"Node_id":6955,"weight":2.7235},
{"Node_id":6956,"weight":2.1796},
{"Node_id":6957,"weight":2.7339},
{"Node_id":6958,"weight":3.3967},
{"Node_id":6959,"weight":2.4208},
{"Node_id":6960,"weight":1.5652},
{"Node_id":6961,"weight":2.6945},
{"Node_id":6962,"weight":4.1064},
{"Node_id":6966,"weight":1.5259},
{"Node_id":6967,"weight":2.1312},
{"Node_id":6968,"weight":1.5002},
{"Node_id":6969,"weight":6.3182},
{"Node_id":6970,"weight":2.0745},
{"Node_id":6971,"weight":1.4822},
{"Node_id":6972,"weight":1.4848},
{"Node_id":6973,"weight":2.0436},
{"Node_id":6974,"weight":1.9905},
{"Node_id":6975,"weight":2.4852},
{"Node_id":6976,"weight":1.8643},
{"Node_id":6977,"weight":3.1651},
{"Node_id":6978,"weight":3.7357},
{"Node_id":6979,"weight":1.3932},
{"Node_id":6980,"weight":1.4975},
{"Node_id":6981,"weight":1.8037},
{"Node_id":6982,"weight":1.5963},
{"Node_id":6983,"weight":2.5224},
{"Node_id":6984,"weight":3.842},
{"Node_id":6985,"weight":2.1622},
{"Node_id":6986,"weight":1.8515},
{"Node_id":6987,"weight":5.8401},
{"Node_id":6988,"weight":1.6906},
{"Node_id":6989,"weight":1.7736},
{"Node_id":6990,"weight":1.9296},
{"Node_id":6991,"weight":2.7857},
{"Node_id":6992,"weight":2.3546},
{"Node_id":6993,"weight":3.776},
{"Node_id":6994,"weight":4.0694},
{"Node_id":6995,"weight":2.4671},
{"Node_id":6996,"weight":2.173},
{"Node_id":6997,"weight":1.752},
{"Node_id":6998,"weight":2.0038},
{"Node_id":6999,"weight":1.4371},
{"Node_id":7000,"weight":2.7081},
{"Node_id":7001,"weight":1.4835},
{"Node_id":7002,"weight":1.9962},
{"Node_id":7003,"weight":2.727},
{"Node_id":7004,"weight":2.2517},
{"Node_id":7005,"weight":2.3648},
{"Node_id":7006,"weight":3.596},
{"Node_id":7007,"weight":2.6257},
{"Node_id":7008,"weight":2.4275},
{"Node_id":7009,"weight":1.9277},
{"Node_id":7010,"weight":2.3866},
{"Node_id":7011,"weight":5.3992},
{"Node_id":7012,"weight":1.4624},
{"Node_id":7013,"weight":1.5485},
{"Node_id":7014,"weight":2.3395},
{"Node_id":7015,"weight":1.8895},
{"Node_id":7016,"weight":2.4588},
{"Node_id":7017,"weight":2.2799},
{"Node_id":7018,"weight":2.8652},
{"Node_id":7019,"weight":1.5062},
{"Node_id":7020,"weight":1.4881},
{"Node_id":7021,"weight":1.5842},
{"Node_id":7022,"weight":1.4921},
{"Node_id":7023,"weight":1.8078},
{"Node_id":7024,"weight":1.776},
{"Node_id":7025,"weight":3.305},
{"Node_id":7026,"weight":2.5959},
{"Node_id":7027,"weight":1.6974},
{"Node_id":7028,"weight":2.2196},
{"Node_id":7029,"weight":1.4848},
{"Node_id":7030,"weight":2.881},
{"Node_id":7031,"weight":1.7401},
{"Node_id":7032,"weight":2.3234},
{"Node_id":7033,"weight":1.6208},
{"Node_id":7034,"weight":2.6563},
{"Node_id":7035,"weight":1.6486},
{"Node_id":7036,"weight":1.9332},
{"Node_id":7037,"weight":1.8523},
{"Node_id":7038,"weight":2.8229},
{"Node_id":7039,"weight":2.5579},
{"Node_id":7061,"weight":2.0907},
{"Node_id":7062,"weight":6.0725},
{"Node_id":7063,"weight":2.8574},
{"Node_id":7064,"weight":1.4178},
{"Node_id":7065,"weight":1.5992},
{"Node_id":7066,"weight":2.1719},
{"Node_id":7067,"weight":1.5035},
{"Node_id":7068,"weight":1.3882},
{"Node_id":7069,"weight":2.2576},
{"Node_id":7070,"weight":3.3652},
{"Node_id":7071,"weight":2.5254},
{"Node_id":7072,"weight":1.7105},
{"Node_id":7073,"weight":4.8458},
{"Node_id":7074,"weight":2.2552},
{"Node_id":7075,"weight":1.3988},
{"Node_id":7076,"weight":1.4172},
{"Node_id":7077,"weight":1.6523},
{"Node_id":7078,"weight":1.7963},
{"Node_id":7079,"weight":4.1002},
{"Node_id":7080,"weight":2.5066},
{"Node_id":7081,"weight":2.5385},
{"Node_id":7082,"weight":2.877},
{"Node_id":7083,"weight":1.9523},
{"Node_id":7084,"weight":2.5714},
{"Node_id":7085,"weight":1.4565},
{"Node_id":7086,"weight":1.744},
{"Node_id":7087,"weight":1.6732},
{"Node_id":7088,"weight":1.798},
{"Node_id":7089,"weight":1.9305},
{"Node_id":7090,"weight":1.4229},
{"Node_id":7091,"weight":1.543},
{"Node_id":7092,"weight":4.1711},
{"Node_id":7093,"weight":2.6711},
{"Node_id":7094,"weight":2.205},
{"Node_id":7095,"weight":3.1347},
{"Node_id":7096,"weight":1.4815},
{"Node_id":7097,"weight":1.752},
{"Node_id":7098,"weight":3.0252},
{"Node_id":7099,"weight":1.6368},
{"Node_id":7100,"weight":2.9593},
{"Node_id":7101,"weight":3.1964},
{"Node_id":7102,"weight":2.0565},
{"Node_id":7103,"weight":1.9296},
{"Node_id":7104,"weight":1.8136},
{"Node_id":7105,"weight":2.2242},
{"Node_id":7106,"weight":2.3571},
{"Node_id":7107,"weight":3.8038},
{"Node_id":7108,"weight":2.0938},
{"Node_id":7109,"weight":2.0745},
{"Node_id":7110,"weight":2.5123},
{"Node_id":7111,"weight":1.5786},
{"Node_id":7112,"weight":1.726},
{"Node_id":7113,"weight":1.4663},
{"Node_id":7114,"weight":2.6563},
{"Node_id":7115,"weight":1.4147},
{"Node_id":7116,"weight":2.9011},
{"Node_id":7117,"weight":5.2347},
{"Node_id":7118,"weight":3.4095},
{"Node_id":7119,"weight":3.4225},
{"Node_id":7120,"weight":1.8557},
{"Node_id":7121,"weight":2.6498},
{"Node_id":7122,"weight":2.1134},
{"Node_id":7123,"weight":2.366},
{"Node_id":7124,"weight":1.9395},
{"Node_id":7125,"weight":3.1859},
{"Node_id":7126,"weight":2.2907},
{"Node_id":7127,"weight":1.8337},
{"Node_id":7128,"weight":1.5652},
{"Node_id":7129,"weight":2.543},
{"Node_id":7130,"weight":5.8061},
{"Node_id":7131,"weight":3.6969},
{"Node_id":7132,"weight":2.1774},
{"Node_id":7133,"weight":1.4795},
{"Node_id":7134,"weight":1.3944},
{"Node_id":7135,"weight":2.3222},
{"Node_id":7136,"weight":1.8012},
{"Node_id":7137,"weight":5.2933},
{"Node_id":7140,"weight":1.5652},
{"Node_id":7141,"weight":2.5944},
{"Node_id":7142,"weight":2.0856},
{"Node_id":7143,"weight":1.5029},
{"Node_id":7144,"weight":2.8751},
{"Node_id":7145,"weight":1.5361},
{"Node_id":7146,"weight":3.2342},
{"Node_id":7147,"weight":1.9432},
{"Node_id":7148,"weight":1.639},
{"Node_id":7149,"weight":2.0436},
{"Node_id":7152,"weight":5.7105},
{"Node_id":7189,"weight":1.8834},
{"Node_id":7190,"weight":1.6657},
{"Node_id":7191,"weight":2.0918},
{"Node_id":7192,"weight":4.8588},
{"Node_id":7193,"weight":2.9257},
{"Node_id":7194,"weight":3.4323},
{"Node_id":7204,"weight":1.8756},
{"Node_id":7260,"weight":4.1982},
{"Node_id":7261,"weight":3.6392},
{"Node_id":7262,"weight":1.9727},
{"Node_id":7263,"weight":5.7414},
{"Node_id":7264,"weight":3.0929},
{"Node_id":7265,"weight":2.3609},
{"Node_id":7266,"weight":1.7113},
{"Node_id":7267,"weight":1.4268},
{"Node_id":7270,"weight":2.9896},
{"Node_id":7271,"weight":2.0938},
{"Node_id":7272,"weight":3.6718},
{"Node_id":7273,"weight":2.1124},
{"Node_id":7274,"weight":2.5519},
{"Node_id":7275,"weight":2.3445},
{"Node_id":7276,"weight":1.5527},
{"Node_id":7277,"weight":1.752},
{"Node_id":7278,"weight":2.7658},
{"Node_id":7279,"weight":1.9241},
{"Node_id":7280,"weight":1.8506},
{"Node_id":7281,"weight":2.4951},
{"Node_id":7282,"weight":3.3168},
{"Node_id":7283,"weight":1.9368},
{"Node_id":7284,"weight":2.2599},
{"Node_id":7285,"weight":1.8532},
{"Node_id":7286,"weight":2.2379},
{"Node_id":7287,"weight":1.8379},
{"Node_id":7288,"weight":3.6718},
{"Node_id":7289,"weight":1.6317},
{"Node_id":7290,"weight":3.7624},
{"Node_id":7291,"weight":1.5617},
{"Node_id":7292,"weight":1.8566},
{"Node_id":7293,"weight":1.8575},
{"Node_id":7294,"weight":1.6013},
{"Node_id":7298,"weight":2.508},
{"Node_id":7299,"weight":1.4198},
{"Node_id":7300,"weight":2.4478},
{"Node_id":7301,"weight":1.4474},
{"Node_id":7302,"weight":3.0229},
{"Node_id":7303,"weight":2.0377},
{"Node_id":7304,"weight":1.5218},
{"Node_id":7537,"weight":4.833},
{"Node_id":7538,"weight":1.5485},
{"Node_id":7539,"weight":2.3063},
{"Node_id":7540,"weight":1.8957},
{"Node_id":7543,"weight":4.1914},
{"Node_id":7544,"weight":4.3534},
{"Node_id":7545,"weight":1.6302},
{"Node_id":7546,"weight":1.8738},
{"Node_id":7547,"weight":1.5245},
{"Node_id":7548,"weight":5.0294},
{"Node_id":7549,"weight":1.5807},
{"Node_id":7550,"weight":3.8716},
{"Node_id":7551,"weight":2.2907},
{"Node_id":7552,"weight":2.6612},
{"Node_id":7553,"weight":2.2061},
{"Node_id":7554,"weight":1.5218},
{"Node_id":7555,"weight":2.2017},
{"Node_id":7556,"weight":5.3771},
{"Node_id":7557,"weight":2.3918},
{"Node_id":7558,"weight":1.5327},
{"Node_id":7559,"weight":1.5527},
{"Node_id":7560,"weight":2.2448},
{"Node_id":7704,"weight":5.2347},
{"Node_id":7705,"weight":1.9606},
{"Node_id":7706,"weight":1.7719},
{"Node_id":7707,"weight":1.4474},
{"Node_id":7708,"weight":2.4768},
{"Node_id":7719,"weight":1.7417},
{"Node_id":7720,"weight":2.9808},
{"Node_id":7723,"weight":1.4128},
{"Node_id":7724,"weight":1.5992},
{"Node_id":7725,"weight":1.6762},
{"Node_id":7726,"weight":2.0212},
{"Node_id":7727,"weight":3.0389},
{"Node_id":7728,"weight":3.3377},
{"Node_id":7773,"weight":2.6337},
{"Node_id":7774,"weight":1.7448},
{"Node_id":7775,"weight":1.6331},
{"Node_id":7776,"weight":2.0397},
{"Node_id":7777,"weight":1.7464},
{"Node_id":7778,"weight":1.9802},
{"Node_id":7779,"weight":2.027},
{"Node_id":7780,"weight":1.5828},
{"Node_id":7781,"weight":3.0504},
{"Node_id":7782,"weight":1.4281},
{"Node_id":7783,"weight":2.1557},
{"Node_id":7784,"weight":1.7881},
{"Node_id":7793,"weight":2.645},
{"Node_id":7794,"weight":1.575},
{"Node_id":7840,"weight":4.212},
{"Node_id":7841,"weight":3.5326},
{"Node_id":7842,"weight":3.248},
{"Node_id":7843,"weight":1.4526},
{"Node_id":7883,"weight":2.9917},
{"Node_id":7884,"weight":1.5779},
{"Node_id":7885,"weight":2.1503},
{"Node_id":7886,"weight":1.465},
{"Node_id":7887,"weight":1.9811},
{"Node_id":7888,"weight":1.4526},
{"Node_id":7889,"weight":1.5771},
{"Node_id":7890,"weight":1.8062},
{"Node_id":7891,"weight":2.0125},
{"Node_id":7892,"weight":5.7414},
{"Node_id":7893,"weight":4.1318},
{"Node_id":7894,"weight":2.5371},
{"Node_id":7895,"weight":2.1323},
{"Node_id":7896,"weight":1.4223},
{"Node_id":7897,"weight":4.3858},
{"Node_id":7898,"weight":4.4364},
{"Node_id":7899,"weight":1.4064},
{"Node_id":7900,"weight":1.4533},
{"Node_id":7901,"weight":1.513},
{"Node_id":7902,"weight":1.7036},
{"Node_id":7903,"weight":2.1218},
{"Node_id":7904,"weight":4.4451},
{"Node_id":7905,"weight":1.6538},
{"Node_id":7906,"weight":2.2185},
{"Node_id":7907,"weight":1.7535},
{"Node_id":7908,"weight":2.102},
{"Node_id":7909,"weight":1.397},
{"Node_id":7910,"weight":2.0685},
{"Node_id":7911,"weight":1.8851},
{"Node_id":7912,"weight":1.8379},
{"Node_id":7913,"weight":5.6515},
{"Node_id":7914,"weight":1.8992},
{"Node_id":7915,"weight":1.7939},
{"Node_id":7916,"weight":2.0125},
{"Node_id":7917,"weight":2.5594},
{"Node_id":7918,"weight":1.7244},
{"Node_id":7919,"weight":3.6969},
{"Node_id":7920,"weight":3.1703},
{"Node_id":7921,"weight":1.5184},
{"Node_id":7922,"weight":1.3869},
{"Node_id":14567,"weight":2.1829},
{"Node_id":14568,"weight":2.2196},
{"Node_id":14569,"weight":1.9597},
{"Node_id":14570,"weight":2.8477},
{"Node_id":14571,"weight":1.6694},
{"Node_id":14572,"weight":3.577},
{"Node_id":14573,"weight":2.889},
{"Node_id":14574,"weight":2.885},
{"Node_id":14575,"weight":1.5259},
{"Node_id":14576,"weight":3.8567},
{"Node_id":14577,"weight":3.3079},
{"Node_id":14578,"weight":1.8354},
{"Node_id":14579,"weight":1.7736},
{"Node_id":14580,"weight":3.714},
{"Node_id":14581,"weight":1.8371},
{"Node_id":14582,"weight":2.9808},
{"Node_id":14583,"weight":2.9614},
{"Node_id":14584,"weight":3.4934},
{"Node_id":14585,"weight":1.3882},
{"Node_id":14586,"weight":1.7623},
{"Node_id":14587,"weight":2.3711},
{"Node_id":14588,"weight":1.4313},
{"Node_id":14589,"weight":1.5527},
{"Node_id":14590,"weight":2.2599},
{"Node_id":14591,"weight":2.0029},
{"Node_id":14592,"weight":2.6596},
{"Node_id":14593,"weight":1.9359},
{"Node_id":14594,"weight":2.9381},
{"Node_id":14595,"weight":2.9174},
{"Node_id":14596,"weight":1.6171},
{"Node_id":14597,"weight":1.8103},
{"Node_id":14598,"weight":1.5334},
{"Node_id":14599,"weight":2.887},
{"Node_id":14600,"weight":1.8186},
{"Node_id":14601,"weight":1.9542},
{"Node_id":14612,"weight":1.6785},
{"Node_id":14613,"weight":3.0006},
{"Node_id":14614,"weight":2.1785},
{"Node_id":14615,"weight":3.0786},
{"Node_id":14616,"weight":3.8275},
{"Node_id":14617,"weight":1.7881},
{"Node_id":14618,"weight":3.055},
{"Node_id":14619,"weight":1.9662},
{"Node_id":14620,"weight":2.4671},
{"Node_id":14621,"weight":3.2905},
{"Node_id":14622,"weight":1.901},
{"Node_id":14623,"weight":1.9802},
{"Node_id":14624,"weight":1.9802},
{"Node_id":14625,"weight":7.8236},
{"Node_id":14629,"weight":1.6913},
{"Node_id":14630,"weight":2.645},
{"Node_id":14631,"weight":4.0163},
{"Node_id":14632,"weight":1.4915},
{"Node_id":14633,"weight":1.5347},
{"Node_id":14634,"weight":2.6531},
{"Node_id":14635,"weight":2.2611},
{"Node_id":14714,"weight":4.3454},
{"Node_id":14715,"weight":2.8248},
{"Node_id":14718,"weight":2.4994},
{"Node_id":14719,"weight":1.748},
{"Node_id":14720,"weight":1.4855},
{"Node_id":14721,"weight":2.764},
{"Node_id":14722,"weight":1.8721},
{"Node_id":14723,"weight":2.4492},
{"Node_id":14724,"weight":1.8904},
{"Node_id":14725,"weight":1.9783},
{"Node_id":14726,"weight":1.6508},
{"Node_id":14727,"weight":2.1302},
{"Node_id":14728,"weight":2.4356},
{"Node_id":14729,"weight":2.0897},
{"Node_id":14730,"weight":3.1322},
{"Node_id":14731,"weight":1.956},
{"Node_id":14732,"weight":4.5362},
{"Node_id":14733,"weight":2.8574},
{"Node_id":14736,"weight":4.6053},
{"Node_id":14737,"weight":2.7839},
{"Node_id":14738,"weight":1.5177},
{"Node_id":14739,"weight":1.414},
{"Node_id":14740,"weight":1.7496},
{"Node_id":14741,"weight":2.0318},
{"Node_id":14742,"weight":3.2424},
{"Node_id":14743,"weight":1.8756},
{"Node_id":14807,"weight":2.5371},
{"Node_id":14808,"weight":1.414},
{"Node_id":14809,"weight":2.4643},
{"Node_id":14838,"weight":1.8128},
{"Node_id":14839,"weight":1.4461},
{"Node_id":14840,"weight":2.0446},
{"Node_id":14841,"weight":2.5821},
{"Node_id":14842,"weight":3.4761},
{"Node_id":14843,"weight":1.5062},
{"Node_id":14844,"weight":2.0989},
{"Node_id":14845,"weight":2.3788},
{"Node_id":14846,"weight":1.5485},
{"Node_id":14847,"weight":4.4108},
{"Node_id":14850,"weight":1.4384},
{"Node_id":14851,"weight":2.7551},
{"Node_id":14852,"weight":1.7409},
{"Node_id":14853,"weight":2.1333},
{"Node_id":14854,"weight":1.9634},
{"Node_id":14855,"weight":1.8111},
{"Node_id":14856,"weight":2.7604},
{"Node_id":14857,"weight":1.5779},
{"Node_id":14858,"weight":4.1383},
{"Node_id":14859,"weight":1.4565},
{"Node_id":14860,"weight":3.6233},
{"Node_id":14861,"weight":1.7599},
{"Node_id":14862,"weight":2.5806},
{"Node_id":14863,"weight":1.4096},
{"Node_id":14864,"weight":3.9072},
{"Node_id":14865,"weight":1.8211},
{"Node_id":14866,"weight":2.5312},
{"Node_id":14867,"weight":1.8037},
{"Node_id":14868,"weight":2.9657},
{"Node_id":14869,"weight":2.6514},
{"Node_id":14870,"weight":1.4229},
{"Node_id":14871,"weight":2.7132},
{"Node_id":14872,"weight":1.8404},
{"Node_id":14873,"weight":1.9332},
{"Node_id":14874,"weight":2.5867},
{"Node_id":14875,"weight":1.6694},
{"Node_id":14876,"weight":4.119},
{"Node_id":14877,"weight":2.4937},
{"Node_id":14878,"weight":3.9992},
{"Node_id":14879,"weight":1.9268},
{"Node_id":14880,"weight":1.4351},
{"Node_id":14881,"weight":1.5361},
{"Node_id":14882,"weight":1.6501},
{"Node_id":14883,"weight":1.9001},
{"Node_id":14898,"weight":0.1294},
{"Node_id":14899,"weight":1.2721},
{"Node_id":14900,"weight":3.2676},
{"Node_id":14901,"weight":0.036},
{"Node_id":14902,"weight":2.8691},
{"Node_id":14907,"weight":2.7046},
{"Node_id":14908,"weight":0.5266},
{"Node_id":14909,"weight":0.49},
{"Node_id":14910,"weight":1.62},
{"Node_id":14911,"weight":2.1763},
{"Node_id":14912,"weight":0.6955},
{"Node_id":14913,"weight":2.5166},
{"Node_id":14914,"weight":5.4448},
{"Node_id":14915,"weight":1.9072},
{"Node_id":14916,"weight":0.6239},
{"Node_id":14917,"weight":0.9529},
{"Node_id":14918,"weight":1.0716},
{"Node_id":14919,"weight":0.944},
{"Node_id":14920,"weight":1.9569},
{"Node_id":14921,"weight":1.6822},
{"Node_id":14922,"weight":0.8274},
{"Node_id":14927,"weight":1.2856},
{"Node_id":14928,"weight":2.0755},
{"Node_id":14929,"weight":0.1519},
{"Node_id":14941,"weight":0.388},
{"Node_id":14942,"weight":1.2448},
{"Node_id":14946,"weight":0.7598},
{"Node_id":14948,"weight":2.498},
{"Node_id":14949,"weight":1.827},
{"Node_id":14972,"weight":4.0878},
{"Node_id":14973,"weight":1.8245},
{"Node_id":14974,"weight":2.173},
{"Node_id":14975,"weight":2.1741},
{"Node_id":14976,"weight":0.6803},
{"Node_id":14977,"weight":3.2876},
{"Node_id":14978,"weight":0.7755},
{"Node_id":14979,"weight":3.7011},
{"Node_id":14980,"weight":0.7829},
{"Node_id":14984,"weight":1.4435},
{"Node_id":14985,"weight":4.8588},
{"Node_id":14987,"weight":2.5459},
{"Node_id":14988,"weight":0.2258},
{"Node_id":14989,"weight":1.7089},
{"Node_id":14990,"weight":2.9153},
{"Node_id":14991,"weight":0.2302},
{"Node_id":14992,"weight":3.429},
{"Node_id":14995,"weight":0.3437},
{"Node_id":14996,"weight":0.2294},
{"Node_id":14999,"weight":0.9579},
{"Node_id":15002,"weight":0.3602},
{"Node_id":15003,"weight":3.6233},
{"Node_id":15004,"weight":1.6128},
{"Node_id":15005,"weight":2.1763},
{"Node_id":15006,"weight":4.8988},
{"Node_id":15007,"weight":1.7535},
{"Node_id":15008,"weight":0.6678},
{"Node_id":15009,"weight":1.0465},
{"Node_id":15010,"weight":0.8231},
{"Node_id":15029,"weight":1.4191},
{"Node_id":15030,"weight":1.1859},
{"Node_id":15035,"weight":1.6258},
{"Node_id":15036,"weight":0.3174},
{"Node_id":15039,"weight":0.9203},
{"Node_id":15040,"weight":0.9346},
{"Node_id":15041,"weight":2.5195},
{"Node_id":15042,"weight":1.0997},
{"Node_id":15043,"weight":1.08},
{"Node_id":15044,"weight":0.3293},
{"Node_id":15045,"weight":0.2055},
{"Node_id":15048,"weight":1.1698},
{"Node_id":15049,"weight":0.3756},
{"Node_id":15050,"weight":1.969},
{"Node_id":15051,"weight":0.5849},
{"Node_id":15052,"weight":0.216},
{"Node_id":15053,"weight":0.0532},
{"Node_id":15058,"weight":3.818},
{"Node_id":15059,"weight":0.2408},
{"Node_id":15060,"weight":3.7401},
{"Node_id":15061,"weight":0.9982},
{"Node_id":15062,"weight":0.4608},
{"Node_id":15063,"weight":0.2884},
{"Node_id":15064,"weight":1.5437},
{"Node_id":15065,"weight":1.1914},
{"Node_id":15066,"weight":0.7332},
{"Node_id":15067,"weight":0.9714},
{"Node_id":15068,"weight":0.9115},
{"Node_id":15069,"weight":0.4768},
{"Node_id":15070,"weight":0.2745},
{"Node_id":15071,"weight":0.9095},
{"Node_id":15072,"weight":0.1141},
{"Node_id":15073,"weight":0.1491},
{"Node_id":15074,"weight":0.4879},
{"Node_id":15077,"weight":0.1322},
{"Node_id":15078,"weight":0.5155},
{"Node_id":15199,"weight":0.6879},
{"Node_id":15200,"weight":1.8379},
{"Node_id":15201,"weight":1.2396},
{"Node_id":15975,"weight":0.9041},
{"Node_id":15976,"weight":1.3462},
{"Node_id":15977,"weight":0.4297},
{"Node_id":15979,"weight":1.8904},
{"Node_id":15981,"weight":0.7745},
{"Node_id":15982,"weight":1.2145},
{"Node_id":15983,"weight":0.9494},
{"Node_id":15984,"weight":1.39},
{"Node_id":15985,"weight":2.9896},
{"Node_id":15986,"weight":0.2282},
{"Node_id":15987,"weight":4.3694},
{"Node_id":15988,"weight":1.8878},
{"Node_id":15989,"weight":1.033},
{"Node_id":15990,"weight":2.1333},
{"Node_id":15991,"weight":0.6682},
{"Node_id":15992,"weight":0.2896},
{"Node_id":15997,"weight":0.7773},
{"Node_id":15998,"weight":1.8203},
{"Node_id":15999,"weight":3.5326},
{"Node_id":16000,"weight":1.3081},
{"Node_id":16004,"weight":0.4084},
{"Node_id":16005,"weight":0.1378},
{"Node_id":16006,"weight":1.2202},
{"Node_id":16007,"weight":2.4356},
{"Node_id":16011,"weight":1.2727},
{"Node_id":16012,"weight":0.9997},
{"Node_id":16013,"weight":0.8217},
{"Node_id":16014,"weight":1.139},
{"Node_id":16015,"weight":1.6837},
{"Node_id":16016,"weight":0.2152},
{"Node_id":16017,"weight":2.3039},
{"Node_id":16018,"weight":1.2791},
{"Node_id":16019,"weight":0.1197},
{"Node_id":16020,"weight":0.1987},
{"Node_id":16023,"weight":5.4927},
{"Node_id":16024,"weight":2.7586},
{"Node_id":16025,"weight":0.1463},
{"Node_id":16028,"weight":3.429},
{"Node_id":16029,"weight":1.1521},
{"Node_id":16030,"weight":2.3075},
{"Node_id":16031,"weight":2.6547},
{"Node_id":16032,"weight":3.0809},
{"Node_id":16033,"weight":1.4102},
{"Node_id":16036,"weight":0.7727},
{"Node_id":16041,"weight":2.7409},
{"Node_id":16042,"weight":2.4329},
{"Node_id":16043,"weight":3.6677},
{"Node_id":16044,"weight":1.7535},
{"Node_id":16045,"weight":0.9198},
{"Node_id":16046,"weight":0.6843},
{"Node_id":16047,"weight":1.3376},
{"Node_id":16050,"weight":0.4726},
{"Node_id":16051,"weight":1.2208},
{"Node_id":16052,"weight":1.901},
{"Node_id":16057,"weight":0.4604},
{"Node_id":16058,"weight":0.7713},
{"Node_id":16059,"weight":0.3789},
{"Node_id":16060,"weight":0.9494},
{"Node_id":16061,"weight":1.2236},
{"Node_id":16062,"weight":2.5836},
{"Node_id":16065,"weight":1.5561},
{"Node_id":16068,"weight":0.3417},
{"Node_id":16069,"weight":0.7662},
{"Node_id":16070,"weight":0.4938},
{"Node_id":16071,"weight":1.8236},
{"Node_id":16109,"weight":1.9615},
{"Node_id":16110,"weight":1.0906},
{"Node_id":16111,"weight":0.4583},
{"Node_id":16112,"weight":0.8731},
{"Node_id":16113,"weight":0.6745},
{"Node_id":16116,"weight":1.1703},
{"Node_id":16119,"weight":0.7487},
{"Node_id":16122,"weight":1.3004},
{"Node_id":16123,"weight":5.5957},
{"Node_id":16124,"weight":0.2039},
{"Node_id":16125,"weight":0.054},
{"Node_id":16126,"weight":0.4515},
{"Node_id":16127,"weight":1.7504},
{"Node_id":16128,"weight":1.6501},
{"Node_id":16129,"weight":1.268},
{"Node_id":16130,"weight":0.8487},
{"Node_id":16131,"weight":0.5147},
{"Node_id":16132,"weight":0.5555},
{"Node_id":16133,"weight":0.795},
{"Node_id":16134,"weight":0.9479},
{"Node_id":16137,"weight":2.6162},
{"Node_id":16138,"weight":2.4909},
{"Node_id":16139,"weight":1.5265},
{"Node_id":16140,"weight":0.3677},
{"Node_id":16141,"weight":0.725},
{"Node_id":16142,"weight":1.5008},
{"Node_id":16143,"weight":0.5177},
{"Node_id":16144,"weight":1.3046}]