[{"Node_id":5532,"weight":0.19214},
{"Node_id":5536,"weight":0.2184},
{"Node_id":5537,"weight":0.3483},
{"Node_id":5538,"weight":0.22799},
{"Node_id":5539,"weight":0.20504999},
{"Node_id":5540,"weight":0.19802001},
{"Node_id":5541,"weight":0.25051},
{"Node_id":5545,"weight":0.24994},
{"Node_id":5548,"weight":0.16493},
{"Node_id":5550,"weight":0.20367},
{"Node_id":5551,"weight":0.14319},
{"Node_id":5552,"weight":0.38918},
{"Node_id":5554,"weight":0.18825},
{"Node_id":5558,"weight":0.23210001},
{"Node_id":5559,"weight":0.16936001},
{"Node_id":5562,"weight":0.24195},
{"Node_id":5564,"weight":0.18202999},
{"Node_id":5566,"weight":0.2184},
{"Node_id":5567,"weight":0.17036},
{"Node_id":5572,"weight":0.27912},
{"Node_id":5576,"weight":0.37945002},
{"Node_id":5578,"weight":0.15736},
{"Node_id":5579,"weight":0.19597},
{"Node_id":5580,"weight":0.19569},
{"Node_id":5581,"weight":0.14474},
{"Node_id":5583,"weight":0.20241001},
{"Node_id":5586,"weight":0.1686},
{"Node_id":5588,"weight":0.24866},
{"Node_id":5591,"weight":0.32124},
{"Node_id":5592,"weight":0.25123},
{"Node_id":5595,"weight":0.1744},
{"Node_id":5596,"weight":0.17480001},
{"Node_id":5597,"weight":0.20192},
{"Node_id":5598,"weight":0.20241001},
{"Node_id":5599,"weight":0.18643},
{"Node_id":5601,"weight":0.17036},
{"Node_id":5602,"weight":0.25852},
{"Node_id":5604,"weight":0.20846},
{"Node_id":5605,"weight":0.39712998},
{"Node_id":5607,"weight":0.20211999},
{"Node_id":5608,"weight":0.13976},
{"Node_id":5609,"weight":0.18202999},
{"Node_id":5610,"weight":0.15492001},
{"Node_id":5611,"weight":0.20456},
{"Node_id":5613,"weight":0.20594999},
{"Node_id":5614,"weight":0.47954002},
{"Node_id":5618,"weight":0.34289998},
{"Node_id":5620,"weight":0.20009999},
{"Node_id":5621,"weight":0.16353},
{"Node_id":5622,"weight":0.14539},
{"Node_id":5623,"weight":0.42189997},
{"Node_id":5641,"weight":0.15638},
{"Node_id":5645,"weight":0.24102001},
{"Node_id":5646,"weight":0.28574},
{"Node_id":5648,"weight":0.16034},
{"Node_id":5650,"weight":0.15259},
{"Node_id":5652,"weight":0.19532},
{"Node_id":5653,"weight":0.21928},
{"Node_id":5654,"weight":0.16493},
{"Node_id":5656,"weight":0.23982999},
{"Node_id":5660,"weight":0.24368998},
{"Node_id":5661,"weight":0.23271},
{"Node_id":5663,"weight":0.15764001},
{"Node_id":5665,"weight":0.27115},
{"Node_id":5666,"weight":0.14261},
{"Node_id":5667,"weight":0.42766},
{"Node_id":5669,"weight":0.32397002},
{"Node_id":5670,"weight":0.23763001},
{"Node_id":5671,"weight":0.52159},
{"Node_id":5672,"weight":0.26006},
{"Node_id":5675,"weight":0.15665999},
{"Node_id":5678,"weight":0.1866},
{"Node_id":5680,"weight":0.21217999},
{"Node_id":5682,"weight":0.3596},
{"Node_id":5685,"weight":0.2887},
{"Node_id":5789,"weight":0.33227},
{"Node_id":5841,"weight":0.17833},
{"Node_id":6011,"weight":0.14422},
{"Node_id":6082,"weight":0.23371},
{"Node_id":6083,"weight":0.16405},
{"Node_id":6085,"weight":0.25882},
{"Node_id":6087,"weight":0.14631},
{"Node_id":6088,"weight":0.28210002},
{"Node_id":6090,"weight":0.34323},
{"Node_id":6091,"weight":0.23087999},
{"Node_id":6092,"weight":0.21103},
{"Node_id":6094,"weight":0.23087999},
{"Node_id":6095,"weight":0.25806},
{"Node_id":6096,"weight":0.21741},
{"Node_id":6097,"weight":0.1822},
{"Node_id":6099,"weight":0.2498},
{"Node_id":6100,"weight":0.53555},
{"Node_id":6101,"weight":0.29257},
{"Node_id":6103,"weight":0.4322},
{"Node_id":6105,"weight":0.14644},
{"Node_id":6106,"weight":0.30762},
{"Node_id":6107,"weight":0.18328},
{"Node_id":6110,"weight":0.27658},
{"Node_id":6112,"weight":0.17615},
{"Node_id":6113,"weight":0.22095},
{"Node_id":6114,"weight":0.26037},
{"Node_id":6117,"weight":0.14881},
{"Node_id":6118,"weight":0.28171998},
{"Node_id":6124,"weight":0.13926001},
{"Node_id":6127,"weight":0.18652001},
{"Node_id":6136,"weight":0.20989001},
{"Node_id":6139,"weight":0.19981},
{"Node_id":6142,"weight":0.23905},
{"Node_id":6145,"weight":0.34356},
{"Node_id":6146,"weight":0.16477999},
{"Node_id":6149,"weight":0.16455999},
{"Node_id":6152,"weight":0.22483},
{"Node_id":6153,"weight":0.24491999},
{"Node_id":6154,"weight":0.16186},
{"Node_id":6160,"weight":0.1532},
{"Node_id":6161,"weight":0.2599},
{"Node_id":6162,"weight":0.14703},
{"Node_id":6166,"weight":0.24061999},
{"Node_id":6169,"weight":0.16405},
{"Node_id":6170,"weight":0.1628},
{"Node_id":6171,"weight":0.1439},
{"Node_id":6173,"weight":0.19821},
{"Node_id":6176,"weight":0.15029},
{"Node_id":6179,"weight":0.19643},
{"Node_id":6180,"weight":0.18764},
{"Node_id":6184,"weight":0.1628},
{"Node_id":6187,"weight":0.19981},
{"Node_id":6190,"weight":0.28229},
{"Node_id":6191,"weight":0.47241998},
{"Node_id":6192,"weight":0.26178},
{"Node_id":6194,"weight":0.31651002},
{"Node_id":6195,"weight":0.21807},
{"Node_id":6196,"weight":0.44538003},
{"Node_id":6199,"weight":0.26612002},
{"Node_id":6202,"weight":0.13913},
{"Node_id":6203,"weight":0.46363002},
{"Node_id":6204,"weight":0.18738},
{"Node_id":6206,"weight":0.2214},
{"Node_id":6207,"weight":0.30905002},
{"Node_id":6208,"weight":0.22471002},
{"Node_id":6212,"weight":0.19081},
{"Node_id":6215,"weight":0.34258002},
{"Node_id":6216,"weight":0.21354},
{"Node_id":6217,"weight":0.19477001},
{"Node_id":6219,"weight":0.31026},
{"Node_id":6220,"weight":0.18583},
{"Node_id":6221,"weight":0.3727},
{"Node_id":6223,"weight":0.2239},
{"Node_id":6226,"weight":0.41982},
{"Node_id":6229,"weight":0.23840001},
{"Node_id":6230,"weight":0.14716001},
{"Node_id":6231,"weight":0.15603},
{"Node_id":6233,"weight":0.3988},
{"Node_id":6234,"weight":0.20495},
{"Node_id":6235,"weight":0.22005999},
{"Node_id":6236,"weight":0.18782},
{"Node_id":6237,"weight":0.24383},
{"Node_id":6241,"weight":0.36312002},
{"Node_id":6244,"weight":0.47128},
{"Node_id":6245,"weight":0.24221},
{"Node_id":6246,"weight":0.28419},
{"Node_id":6248,"weight":0.46683997},
{"Node_id":6249,"weight":0.40163},
{"Node_id":6250,"weight":0.27802998},
{"Node_id":6251,"weight":0.21752},
{"Node_id":6252,"weight":0.14663},
{"Node_id":6257,"weight":0.20289},
{"Node_id":6260,"weight":0.46258998},
{"Node_id":6261,"weight":0.24128},
{"Node_id":6262,"weight":0.16433999},
{"Node_id":6264,"weight":0.27392},
{"Node_id":6265,"weight":0.31991},
{"Node_id":6266,"weight":0.22506002},
{"Node_id":6268,"weight":0.19542},
{"Node_id":6271,"weight":0.16657},
{"Node_id":6274,"weight":0.3749},
{"Node_id":6278,"weight":0.20504999},
{"Node_id":6279,"weight":0.14982},
{"Node_id":6281,"weight":0.1686},
{"Node_id":6282,"weight":0.30857},
{"Node_id":6283,"weight":0.42402},
{"Node_id":6285,"weight":0.27802998},
{"Node_id":6288,"weight":0.15478},
{"Node_id":6291,"weight":0.24451001},
{"Node_id":6292,"weight":0.32424},
{"Node_id":6293,"weight":0.40049},
{"Node_id":6294,"weight":0.26878},
{"Node_id":6295,"weight":0.4508},
{"Node_id":6296,"weight":0.14624},
{"Node_id":6297,"weight":0.43776003},
{"Node_id":6298,"weight":0.23408},
{"Node_id":6299,"weight":0.21113},
{"Node_id":6300,"weight":0.20515001},
{"Node_id":6301,"weight":0.17166999},
{"Node_id":6302,"weight":0.15437},
{"Node_id":6303,"weight":0.32098},
{"Node_id":6304,"weight":0.17089},
{"Node_id":6305,"weight":0.20525},
{"Node_id":6306,"weight":0.14403},
{"Node_id":6307,"weight":0.26695},
{"Node_id":6308,"weight":0.33777002},
{"Node_id":6309,"weight":0.22564001},
{"Node_id":6310,"weight":0.15197},
{"Node_id":6311,"weight":0.25654},
{"Node_id":6312,"weight":0.14281},
{"Node_id":6313,"weight":0.20887001},
{"Node_id":6318,"weight":0.20495},
{"Node_id":6319,"weight":0.39388},
{"Node_id":6322,"weight":0.18145},
{"Node_id":6325,"weight":0.18721},
{"Node_id":6329,"weight":0.21939},
{"Node_id":6333,"weight":0.33967},
{"Node_id":6337,"weight":0.14611},
{"Node_id":6342,"weight":0.15934},
{"Node_id":6348,"weight":0.27201},
{"Node_id":6355,"weight":0.14089},
{"Node_id":6357,"weight":0.20705},
{"Node_id":6358,"weight":0.18455},
{"Node_id":6360,"weight":0.15471},
{"Node_id":6363,"weight":0.44191998},
{"Node_id":6364,"weight":0.18135999},
{"Node_id":6368,"weight":0.14657},
{"Node_id":6372,"weight":0.19241},
{"Node_id":6377,"weight":0.29051},
{"Node_id":6381,"weight":0.16339001},
{"Node_id":6386,"weight":0.1628},
{"Node_id":6388,"weight":0.16056},
{"Node_id":6391,"weight":0.14716001},
{"Node_id":6396,"weight":0.41448003},
{"Node_id":6402,"weight":0.13957},
{"Node_id":6407,"weight":0.17971},
{"Node_id":6414,"weight":0.53771},
{"Node_id":6419,"weight":0.15354},
{"Node_id":6422,"weight":0.1532},
{"Node_id":6427,"weight":0.14716001},
{"Node_id":6432,"weight":0.18447},
{"Node_id":6441,"weight":0.66441},
{"Node_id":6446,"weight":0.24937001},
{"Node_id":6453,"weight":0.18489},
{"Node_id":6456,"weight":0.23148999},
{"Node_id":6461,"weight":0.33620998},
{"Node_id":6462,"weight":0.1843},
{"Node_id":6468,"weight":0.32847},
{"Node_id":6480,"weight":0.2397},
{"Node_id":6484,"weight":0.40939003},
{"Node_id":6487,"weight":0.39229},
{"Node_id":6488,"weight":0.38227},
{"Node_id":6490,"weight":0.2806},
{"Node_id":6491,"weight":0.5077},
{"Node_id":6492,"weight":0.14177999},
{"Node_id":6493,"weight":0.41064},
{"Node_id":6494,"weight":0.20695},
{"Node_id":6495,"weight":0.16085},
{"Node_id":6496,"weight":0.22196},
{"Node_id":6497,"weight":0.16027},
{"Node_id":6498,"weight":0.20907},
{"Node_id":6499,"weight":0.29635},
{"Node_id":6500,"weight":0.39549},
{"Node_id":6501,"weight":0.14474},
{"Node_id":6502,"weight":0.17051001},
{"Node_id":6503,"weight":0.23996},
{"Node_id":6504,"weight":0.17433},
{"Node_id":6505,"weight":0.21807},
{"Node_id":6506,"weight":0.23866001},
{"Node_id":6507,"weight":0.13918999},
{"Node_id":6508,"weight":0.20927998},
{"Node_id":6511,"weight":0.45751},
{"Node_id":6512,"weight":0.18481},
{"Node_id":6513,"weight":0.20938},
{"Node_id":6514,"weight":0.19615},
{"Node_id":6515,"weight":0.20299001},
{"Node_id":6516,"weight":0.23433001},
{"Node_id":6517,"weight":0.17159},
{"Node_id":6518,"weight":0.40337},
{"Node_id":6519,"weight":0.25504},
{"Node_id":6520,"weight":0.29765},
{"Node_id":6521,"weight":0.18523},
{"Node_id":6522,"weight":0.23648},
{"Node_id":6523,"weight":0.32876},
{"Node_id":6524,"weight":0.19755},
{"Node_id":6525,"weight":0.14868},
{"Node_id":6526,"weight":0.14480999},
{"Node_id":6527,"weight":0.14384},
{"Node_id":6528,"weight":0.52933},
{"Node_id":6529,"weight":0.14313},
{"Node_id":6530,"weight":0.33287},
{"Node_id":6531,"weight":0.19305},
{"Node_id":6532,"weight":0.48077998},
{"Node_id":6533,"weight":0.25195},
{"Node_id":6534,"weight":0.13882},
{"Node_id":6535,"weight":0.32151002},
{"Node_id":6536,"weight":0.23271},
{"Node_id":6537,"weight":0.16208},
{"Node_id":6538,"weight":0.46469003},
{"Node_id":6539,"weight":0.22943},
{"Node_id":6540,"weight":0.34523},
{"Node_id":6541,"weight":0.14616999},
{"Node_id":6542,"weight":0.14313},
{"Node_id":6543,"weight":0.30978},
{"Node_id":6544,"weight":0.16142},
{"Node_id":6545,"weight":0.13869},
{"Node_id":6546,"weight":0.30006},
{"Node_id":6547,"weight":0.28691},
{"Node_id":6548,"weight":0.17276},
{"Node_id":6549,"weight":0.13982001},
{"Node_id":6550,"weight":0.18868999},
{"Node_id":6551,"weight":0.20918},
{"Node_id":6552,"weight":0.27604002},
{"Node_id":6553,"weight":0.17647001},
{"Node_id":6554,"weight":0.34225},
{"Node_id":6555,"weight":0.31651002},
{"Node_id":6556,"weight":0.26482},
{"Node_id":6557,"weight":0.16433999},
{"Node_id":6558,"weight":0.26661998},
{"Node_id":6559,"weight":0.15204},
{"Node_id":6560,"weight":0.18704},
{"Node_id":6561,"weight":0.14455},
{"Node_id":6562,"weight":0.1452},
{"Node_id":6563,"weight":0.36677},
{"Node_id":6564,"weight":0.29722},
{"Node_id":6565,"weight":0.16405},
{"Node_id":6566,"weight":0.3511},
{"Node_id":6567,"weight":0.16627},
{"Node_id":6568,"weight":0.31173},
{"Node_id":6569,"weight":0.22751999},
{"Node_id":6570,"weight":0.16049},
{"Node_id":6571,"weight":0.16612001},
{"Node_id":6572,"weight":0.19496},
{"Node_id":6573,"weight":0.17151001},
{"Node_id":6574,"weight":0.18037},
{"Node_id":6575,"weight":0.17447999},
{"Node_id":6576,"weight":0.19197},
{"Node_id":6577,"weight":0.26369},
{"Node_id":6578,"weight":0.20348},
{"Node_id":6583,"weight":0.16164},
{"Node_id":6613,"weight":0.14493999},
{"Node_id":6614,"weight":0.44024},
{"Node_id":6615,"weight":0.21396999},
{"Node_id":6616,"weight":0.14822},
{"Node_id":6617,"weight":0.37852},
{"Node_id":6618,"weight":0.19487},
{"Node_id":6619,"weight":0.21217999},
{"Node_id":6620,"weight":0.22242},
{"Node_id":6621,"weight":0.19972},
{"Node_id":6622,"weight":0.59496003},
{"Node_id":6623,"weight":0.21961},
{"Node_id":6624,"weight":0.29298002},
{"Node_id":6625,"weight":0.41711003},
{"Node_id":6626,"weight":0.24142},
{"Node_id":6627,"weight":0.32676},
{"Node_id":6628,"weight":0.46258998},
{"Node_id":6629,"weight":0.45555001},
{"Node_id":6630,"weight":0.17864999},
{"Node_id":6631,"weight":0.14862},
{"Node_id":6632,"weight":0.18921},
{"Node_id":6633,"weight":0.15055},
{"Node_id":6634,"weight":0.14261},
{"Node_id":6635,"weight":0.17551},
{"Node_id":6636,"weight":0.18652001},
{"Node_id":6637,"weight":0.52539},
{"Node_id":6638,"weight":0.14287},
{"Node_id":6639,"weight":0.15450999},
{"Node_id":6640,"weight":0.16229},
{"Node_id":6641,"weight":0.42051},
{"Node_id":6642,"weight":0.2579},
{"Node_id":6643,"weight":0.15885},
{"Node_id":6644,"weight":0.28829998},
{"Node_id":6645,"weight":0.15361},
{"Node_id":6646,"weight":0.18371001},
{"Node_id":6647,"weight":0.34591},
{"Node_id":6648,"weight":0.25654},
{"Node_id":6651,"weight":0.78235996},
{"Node_id":6653,"weight":0.22185},
{"Node_id":6654,"weight":0.21503},
{"Node_id":6656,"weight":0.33999},
{"Node_id":6657,"weight":0.23136},
{"Node_id":6658,"weight":0.15849},
{"Node_id":6659,"weight":0.21206999},
{"Node_id":6660,"weight":0.15218},
{"Node_id":6661,"weight":0.24075},
{"Node_id":6663,"weight":0.29487},
{"Node_id":6664,"weight":0.15225},
{"Node_id":6665,"weight":0.22493999},
{"Node_id":6666,"weight":0.25669},
{"Node_id":6667,"weight":0.32452},
{"Node_id":6668,"weight":0.28439},
{"Node_id":6669,"weight":0.23371},
{"Node_id":6670,"weight":0.13913},
{"Node_id":6671,"weight":0.43066},
{"Node_id":6672,"weight":0.27712},
{"Node_id":6673,"weight":0.5077},
{"Node_id":6674,"weight":0.19386},
{"Node_id":6675,"weight":0.33903},
{"Node_id":6676,"weight":0.17736},
{"Node_id":6677,"weight":0.27115},
{"Node_id":6678,"weight":0.17151001},
{"Node_id":6679,"weight":0.15764001},
{"Node_id":6680,"weight":0.22425},
{"Node_id":6681,"weight":0.20144},
{"Node_id":6682,"weight":0.14954999},
{"Node_id":6683,"weight":0.14364001},
{"Node_id":6684,"weight":0.17639},
{"Node_id":6685,"weight":0.48720002},
{"Node_id":6687,"weight":0.14338},
{"Node_id":6689,"weight":0.22967},
{"Node_id":6690,"weight":0.14855},
{"Node_id":6691,"weight":0.30297},
{"Node_id":6692,"weight":0.1421},
{"Node_id":6693,"weight":0.19487},
{"Node_id":6694,"weight":0.26433998},
{"Node_id":6695,"weight":0.16777},
{"Node_id":6696,"weight":0.15008},
{"Node_id":6697,"weight":0.17082},
{"Node_id":6698,"weight":0.24168},
{"Node_id":6699,"weight":0.60725003},
{"Node_id":6700,"weight":0.26305002},
{"Node_id":6701,"weight":0.47241998},
{"Node_id":6702,"weight":0.20504999},
{"Node_id":6703,"weight":0.29174},
{"Node_id":6705,"weight":0.49989},
{"Node_id":6706,"weight":0.36513},
{"Node_id":6709,"weight":0.18387},
{"Node_id":6710,"weight":0.37357},
{"Node_id":6712,"weight":0.14468},
{"Node_id":6713,"weight":0.14351},
{"Node_id":6714,"weight":0.63754},
{"Node_id":6715,"weight":0.17059},
{"Node_id":6719,"weight":0.38968998},
{"Node_id":6720,"weight":0.24061999},
{"Node_id":6721,"weight":0.18895},
{"Node_id":6725,"weight":0.58061},
{"Node_id":6727,"weight":0.16883},
{"Node_id":6728,"weight":0.21589},
{"Node_id":6732,"weight":0.32287},
{"Node_id":6734,"weight":0.1737},
{"Node_id":6735,"weight":0.35435},
{"Node_id":6736,"weight":0.26385},
{"Node_id":6740,"weight":0.20816},
{"Node_id":6742,"weight":0.15575},
{"Node_id":6743,"weight":0.33257002},
{"Node_id":6744,"weight":0.15729001},
{"Node_id":6745,"weight":0.21939},
{"Node_id":6749,"weight":0.20585},
{"Node_id":6751,"weight":0.21524999},
{"Node_id":6752,"weight":0.53771},
{"Node_id":6754,"weight":0.3562},
{"Node_id":6755,"weight":0.36392},
{"Node_id":6759,"weight":0.27622002},
{"Node_id":6761,"weight":0.27029},
{"Node_id":6762,"weight":0.21610999},
{"Node_id":6765,"weight":0.20086},
{"Node_id":6766,"weight":0.24796},
{"Node_id":6769,"weight":0.14120999},
{"Node_id":6770,"weight":0.22955},
{"Node_id":6772,"weight":0.18531999},
{"Node_id":6773,"weight":0.19432},
{"Node_id":6776,"weight":0.22072999},
{"Node_id":6777,"weight":0.2895},
{"Node_id":6778,"weight":0.37446},
{"Node_id":6779,"weight":0.17267999},
{"Node_id":6782,"weight":0.17151001},
{"Node_id":6783,"weight":0.19106999},
{"Node_id":6784,"weight":0.22493999},
{"Node_id":6785,"weight":0.26596},
{"Node_id":6788,"weight":0.21676},
{"Node_id":6790,"weight":0.23944},
{"Node_id":6791,"weight":0.20299001},
{"Node_id":6794,"weight":0.14795001},
{"Node_id":6795,"weight":0.2881},
{"Node_id":6797,"weight":0.17417},
{"Node_id":6798,"weight":0.64362},
{"Node_id":6801,"weight":0.24614999},
{"Node_id":6804,"weight":0.16486},
{"Node_id":6805,"weight":0.14908001},
{"Node_id":6809,"weight":0.23111999},
{"Node_id":6811,"weight":0.17711},
{"Node_id":6812,"weight":0.30006},
{"Node_id":6815,"weight":0.39495},
{"Node_id":6819,"weight":0.46363002},
{"Node_id":6820,"weight":0.17074},
{"Node_id":6824,"weight":0.27427},
{"Node_id":6825,"weight":0.15582},
{"Node_id":6826,"weight":0.25549},
{"Node_id":6827,"weight":0.25037},
{"Node_id":6830,"weight":0.78235996},
{"Node_id":6834,"weight":0.1744},
{"Node_id":6835,"weight":0.21589},
{"Node_id":6836,"weight":0.44108},
{"Node_id":6840,"weight":0.24726},
{"Node_id":6842,"weight":0.1602},
{"Node_id":6843,"weight":0.19062999},
{"Node_id":6846,"weight":0.16486},
{"Node_id":6850,"weight":0.15506001},
{"Node_id":6852,"weight":0.33683},
{"Node_id":6853,"weight":0.16433999},
{"Node_id":6857,"weight":0.18472001},
{"Node_id":6859,"weight":0.24275},
{"Node_id":6860,"weight":0.2481},
{"Node_id":6863,"weight":0.19071999},
{"Node_id":6867,"weight":0.19395},
{"Node_id":6870,"weight":0.26777},
{"Node_id":6871,"weight":0.34523},
{"Node_id":6875,"weight":0.23321},
{"Node_id":6877,"weight":0.47954002},
{"Node_id":6878,"weight":0.20221},
{"Node_id":6881,"weight":0.48720002},
{"Node_id":6885,"weight":0.27201},
{"Node_id":6889,"weight":0.35922},
{"Node_id":6890,"weight":0.35472},
{"Node_id":6894,"weight":0.14995},
{"Node_id":6896,"weight":0.23710999},
{"Node_id":6897,"weight":0.48203},
{"Node_id":6900,"weight":0.29072002},
{"Node_id":6904,"weight":0.16754},
{"Node_id":6908,"weight":0.18913},
{"Node_id":6909,"weight":0.22493999},
{"Node_id":6910,"weight":0.28731},
{"Node_id":6914,"weight":0.27712},
{"Node_id":6916,"weight":0.22435999},
{"Node_id":6917,"weight":0.19821},
{"Node_id":6920,"weight":0.16627},
{"Node_id":6924,"weight":0.15416},
{"Node_id":6928,"weight":0.31372002},
{"Node_id":6929,"weight":0.1587},
{"Node_id":6931,"weight":0.54217},
{"Node_id":6932,"weight":0.55429},
{"Node_id":6933,"weight":0.25534},
{"Node_id":6934,"weight":0.14223},
{"Node_id":6935,"weight":0.22727999},
{"Node_id":6936,"weight":0.33376998},
{"Node_id":7004,"weight":0.50450003},
{"Node_id":7005,"weight":0.17354},
{"Node_id":7006,"weight":0.24768},
{"Node_id":7007,"weight":0.17198},
{"Node_id":7010,"weight":0.36076},
{"Node_id":7011,"weight":0.34523},
{"Node_id":7012,"weight":0.36273},
{"Node_id":7013,"weight":0.37401},
{"Node_id":7014,"weight":0.20337999},
{"Node_id":7015,"weight":0.16906},
{"Node_id":7016,"weight":0.36718},
{"Node_id":7017,"weight":0.21418},
{"Node_id":7018,"weight":0.16419},
{"Node_id":7019,"weight":0.18549},
{"Node_id":7020,"weight":0.20211999},
{"Node_id":7021,"weight":0.33808},
{"Node_id":7022,"weight":0.38469},
{"Node_id":7023,"weight":0.3305},
{"Node_id":7024,"weight":0.14742},
{"Node_id":7025,"weight":0.20574999},
{"Node_id":7026,"weight":0.17921999},
{"Node_id":7027,"weight":0.20058},
{"Node_id":7028,"weight":0.16709},
{"Node_id":7029,"weight":0.41579},
{"Node_id":7030,"weight":0.1615},
{"Node_id":7031,"weight":0.54927003},
{"Node_id":7032,"weight":0.17939},
{"Node_id":7033,"weight":0.23685999},
{"Node_id":7034,"weight":0.37446},
{"Node_id":7035,"weight":0.28171998},
{"Node_id":7036,"weight":0.35075},
{"Node_id":7037,"weight":0.17472},
{"Node_id":7038,"weight":0.14001},
{"Node_id":7039,"weight":0.36885},
{"Node_id":7040,"weight":0.25518999},
{"Node_id":7041,"weight":0.18145},
{"Node_id":7042,"weight":0.38371998},
{"Node_id":7043,"weight":0.20615001},
{"Node_id":7044,"weight":0.20785001},
{"Node_id":7045,"weight":0.21654001},
{"Node_id":7046,"weight":0.16114},
{"Node_id":7047,"weight":0.1812},
{"Node_id":7048,"weight":0.19143},
{"Node_id":7049,"weight":0.17567},
{"Node_id":7050,"weight":0.21861999},
{"Node_id":7051,"weight":0.21905999},
{"Node_id":7052,"weight":0.27357},
{"Node_id":7053,"weight":0.29465002},
{"Node_id":7054,"weight":0.21249},
{"Node_id":7055,"weight":0.36431998},
{"Node_id":7056,"weight":0.51441},
{"Node_id":7057,"weight":0.52734},
{"Node_id":7058,"weight":0.30978},
{"Node_id":7059,"weight":0.38132},
{"Node_id":7060,"weight":0.50450003},
{"Node_id":7061,"weight":0.2401},
{"Node_id":7062,"weight":0.21010001},
{"Node_id":7063,"weight":0.1515},
{"Node_id":7064,"weight":0.29072002},
{"Node_id":7065,"weight":0.18575},
{"Node_id":7066,"weight":0.30644},
{"Node_id":7067,"weight":0.30366},
{"Node_id":7068,"weight":0.23039},
{"Node_id":7069,"weight":0.17849},
{"Node_id":7070,"weight":0.30184},
{"Node_id":7071,"weight":0.1886},
{"Node_id":7072,"weight":0.20038},
{"Node_id":7073,"weight":0.20250002},
{"Node_id":7083,"weight":0.19206001},
{"Node_id":7084,"weight":0.24328999},
{"Node_id":7085,"weight":0.39658},
{"Node_id":7086,"weight":0.25579},
{"Node_id":7087,"weight":0.20192},
{"Node_id":7088,"weight":0.28135},
{"Node_id":7089,"weight":0.28381},
{"Node_id":7090,"weight":0.2889},
{"Node_id":7091,"weight":0.20337999},
{"Node_id":7092,"weight":0.30667},
{"Node_id":7093,"weight":0.19323},
{"Node_id":7094,"weight":0.17237},
{"Node_id":7095,"weight":0.17599},
{"Node_id":7096,"weight":0.23015001},
{"Node_id":7097,"weight":0.14881},
{"Node_id":7098,"weight":0.13988},
{"Node_id":7099,"weight":0.29786},
{"Node_id":7100,"weight":0.33652002},
{"Node_id":7101,"weight":0.26336998},
{"Node_id":7102,"weight":0.15484999},
{"Node_id":7103,"weight":0.25297},
{"Node_id":7104,"weight":0.15326999},
{"Node_id":7105,"weight":0.17662999},
{"Node_id":7106,"weight":0.19422999},
{"Node_id":7107,"weight":0.14422},
{"Node_id":7108,"weight":0.15885},
{"Node_id":7109,"weight":0.15729001},
{"Node_id":7110,"weight":0.15305999},
{"Node_id":7111,"weight":0.27409},
{"Node_id":7112,"weight":0.18012},
{"Node_id":7113,"weight":0.48588},
{"Node_id":7114,"weight":0.27218002},
{"Node_id":7115,"weight":0.30297},
{"Node_id":7116,"weight":0.32098},
{"Node_id":7117,"weight":0.15638},
{"Node_id":7118,"weight":0.15764001},
{"Node_id":7119,"weight":0.24477999},
{"Node_id":7120,"weight":0.20989001},
{"Node_id":7121,"weight":0.18886},
{"Node_id":7122,"weight":0.17736},
{"Node_id":7123,"weight":0.23259},
{"Node_id":7124,"weight":0.22379},
{"Node_id":7125,"weight":0.40221},
{"Node_id":7126,"weight":0.15771},
{"Node_id":7127,"weight":0.21134},
{"Node_id":7128,"weight":0.30229002},
{"Node_id":7129,"weight":0.39658},
{"Node_id":7130,"weight":0.17551},
{"Node_id":7131,"weight":0.15793},
{"Node_id":7132,"weight":0.26928002},
{"Node_id":7134,"weight":0.32452},
{"Node_id":7135,"weight":0.19652},
{"Node_id":7136,"weight":0.17128},
{"Node_id":7137,"weight":0.27063},
{"Node_id":7138,"weight":0.45851},
{"Node_id":7140,"weight":0.16657},
{"Node_id":7141,"weight":0.14052},
{"Node_id":7142,"weight":0.28711},
{"Node_id":7143,"weight":0.50933},
{"Node_id":7144,"weight":0.15659},
{"Node_id":7145,"weight":0.14782},
{"Node_id":7146,"weight":0.26761},
{"Node_id":7147,"weight":0.24796},
{"Node_id":7148,"weight":0.26336998},
{"Node_id":7149,"weight":0.54927003},
{"Node_id":7150,"weight":0.20927998},
{"Node_id":7151,"weight":0.14862},
{"Node_id":7152,"weight":0.14435},
{"Node_id":7153,"weight":0.48457998},
{"Node_id":7154,"weight":0.21621999},
{"Node_id":7155,"weight":0.18253},
{"Node_id":7156,"weight":0.21928},
{"Node_id":7157,"weight":0.1587},
{"Node_id":7158,"weight":0.1656},
{"Node_id":7159,"weight":0.24684},
{"Node_id":7160,"weight":0.3511},
{"Node_id":7161,"weight":0.15368},
{"Node_id":7162,"weight":0.16027},
{"Node_id":7163,"weight":0.1733},
{"Node_id":7164,"weight":0.18609},
{"Node_id":7167,"weight":0.36312002},
{"Node_id":7168,"weight":0.23699},
{"Node_id":7169,"weight":0.26928002},
{"Node_id":7170,"weight":0.33903},
{"Node_id":7171,"weight":0.22943},
{"Node_id":7174,"weight":0.19597},
{"Node_id":7175,"weight":0.21375999},
{"Node_id":7176,"weight":0.26147002},
{"Node_id":7177,"weight":0.20485},
{"Node_id":7178,"weight":0.18438},
{"Node_id":7179,"weight":0.297},
{"Node_id":7180,"weight":0.41513},
{"Node_id":7181,"weight":0.29031},
{"Node_id":7182,"weight":0.15197},
{"Node_id":7183,"weight":0.34356},
{"Node_id":7184,"weight":0.44538003},
{"Node_id":7185,"weight":0.32507},
{"Node_id":7186,"weight":0.14774999},
{"Node_id":7187,"weight":0.36595},
{"Node_id":7188,"weight":0.14769},
{"Node_id":7189,"weight":0.47831997},
{"Node_id":7190,"weight":0.18354},
{"Node_id":7191,"weight":0.27857},
{"Node_id":7192,"weight":0.33468002},
{"Node_id":7193,"weight":0.42839998},
{"Node_id":7194,"weight":0.18643},
{"Node_id":7195,"weight":0.25882},
{"Node_id":7196,"weight":0.21774001},
{"Node_id":7197,"weight":0.40049},
{"Node_id":7198,"weight":0.29444},
{"Node_id":7199,"weight":0.26466},
{"Node_id":7200,"weight":0.21796},
{"Node_id":7201,"weight":0.33078998},
{"Node_id":7202,"weight":0.3562},
{"Node_id":7203,"weight":0.16164},
{"Node_id":7204,"weight":0.19915},
{"Node_id":7205,"weight":0.24994},
{"Node_id":7206,"weight":0.26022},
{"Node_id":7207,"weight":0.15603},
{"Node_id":7208,"weight":0.22716},
{"Node_id":7209,"weight":0.33287},
{"Node_id":7210,"weight":0.17543},
{"Node_id":7211,"weight":0.33468002},
{"Node_id":7212,"weight":0.19098},
{"Node_id":7213,"weight":0.18078001},
{"Node_id":7214,"weight":0.24519},
{"Node_id":7215,"weight":0.33138},
{"Node_id":7216,"weight":0.26433998},
{"Node_id":7217,"weight":0.29939002},
{"Node_id":7218,"weight":0.18379},
{"Node_id":7219,"weight":0.17711},
{"Node_id":7220,"weight":0.30072},
{"Node_id":7221,"weight":0.15484999},
{"Node_id":7222,"weight":0.14585},
{"Node_id":7223,"weight":0.31222},
{"Node_id":7224,"weight":0.21752},
{"Node_id":7225,"weight":0.26321},
{"Node_id":7226,"weight":0.27183002},
{"Node_id":7227,"weight":0.35694},
{"Node_id":7228,"weight":0.31026},
{"Node_id":7229,"weight":0.24315},
{"Node_id":7230,"weight":0.14868},
{"Node_id":7231,"weight":0.16785},
{"Node_id":7232,"weight":0.22576001},
{"Node_id":7233,"weight":0.31625},
{"Node_id":7234,"weight":0.23814002},
{"Node_id":7235,"weight":0.26761},
{"Node_id":7236,"weight":0.17988},
{"Node_id":7237,"weight":0.59117997},
{"Node_id":7238,"weight":0.24342},
{"Node_id":7239,"weight":0.34356},
{"Node_id":7244,"weight":0.19161001},
{"Node_id":7252,"weight":0.14982},
{"Node_id":7253,"weight":0.23827},
{"Node_id":7254,"weight":0.21514001},
{"Node_id":7255,"weight":0.1421},
{"Node_id":7256,"weight":0.42546},
{"Node_id":7257,"weight":0.2889},
{"Node_id":7258,"weight":0.26162},
{"Node_id":7259,"weight":0.15899},
{"Node_id":7260,"weight":0.14941},
{"Node_id":7261,"weight":0.4508},
{"Node_id":7262,"weight":0.29984},
{"Node_id":7263,"weight":0.22084},
{"Node_id":7264,"weight":0.26401},
{"Node_id":7265,"weight":0.3105},
{"Node_id":7266,"weight":0.21145001},
{"Node_id":7267,"weight":0.21197},
{"Node_id":7268,"weight":0.19161001},
{"Node_id":7269,"weight":0.16222},
{"Node_id":7273,"weight":0.23699},
{"Node_id":7277,"weight":0.24796},
{"Node_id":7290,"weight":0.24643},
{"Node_id":7291,"weight":0.21145001},
{"Node_id":7292,"weight":0.17105},
{"Node_id":7293,"weight":0.21238999},
{"Node_id":7294,"weight":0.18834},
{"Node_id":7295,"weight":0.27115},
{"Node_id":7296,"weight":0.23596999},
{"Node_id":7297,"weight":0.16383},
{"Node_id":7298,"weight":0.14624},
{"Node_id":7299,"weight":0.36392},
{"Node_id":7300,"weight":0.17338},
{"Node_id":7301,"weight":0.43776003},
{"Node_id":7302,"weight":0.17089},
{"Node_id":7303,"weight":0.14789},
{"Node_id":7304,"weight":0.32591},
{"Node_id":7305,"weight":0.33871},
{"Node_id":7306,"weight":0.29277},
{"Node_id":7307,"weight":0.45653},
{"Node_id":7308,"weight":0.32178},
{"Node_id":7309,"weight":0.23210001},
{"Node_id":7310,"weight":0.22072999},
{"Node_id":7311,"weight":0.15779},
{"Node_id":7312,"weight":0.38085002},
{"Node_id":7313,"weight":0.16186},
{"Node_id":7314,"weight":0.68113},
{"Node_id":7315,"weight":0.16179},
{"Node_id":7316,"weight":0.17377},
{"Node_id":7317,"weight":0.24588001},
{"Node_id":7318,"weight":0.16477999},
{"Node_id":7319,"weight":0.15231},
{"Node_id":7320,"weight":0.2342},
{"Node_id":7321,"weight":0.14644},
{"Node_id":7322,"weight":0.20594999},
{"Node_id":7323,"weight":0.22681001},
{"Node_id":7325,"weight":0.27586},
{"Node_id":7326,"weight":0.45653},
{"Node_id":7327,"weight":0.33683},
{"Node_id":7328,"weight":0.27374},
{"Node_id":7329,"weight":0.20485},
{"Node_id":7330,"weight":0.18261},
{"Node_id":7331,"weight":0.29593},
{"Node_id":7332,"weight":0.20565},
{"Node_id":7333,"weight":0.25123},
{"Node_id":7334,"weight":0.14120999},
{"Node_id":7335,"weight":0.22061},
{"Node_id":7336,"weight":0.17136},
{"Node_id":7337,"weight":0.22799},
{"Node_id":7338,"weight":0.17182},
{"Node_id":7339,"weight":0.16486},
{"Node_id":7340,"weight":0.35435},
{"Node_id":7341,"weight":0.20605},
{"Node_id":7342,"weight":0.36233002},
{"Node_id":7345,"weight":0.26242},
{"Node_id":7346,"weight":0.15771},
{"Node_id":7347,"weight":0.15402},
{"Node_id":7348,"weight":0.32591},
{"Node_id":7349,"weight":0.16754},
{"Node_id":7350,"weight":0.15238},
{"Node_id":7351,"weight":0.20096},
{"Node_id":7352,"weight":0.28381},
{"Node_id":7353,"weight":0.15687},
{"Node_id":7354,"weight":0.14014},
{"Node_id":7355,"weight":0.17417},
{"Node_id":7356,"weight":0.23699},
{"Node_id":7357,"weight":0.20029},
{"Node_id":7358,"weight":0.14962},
{"Node_id":7359,"weight":0.16078},
{"Node_id":7360,"weight":0.17857},
{"Node_id":7361,"weight":0.3562},
{"Node_id":7362,"weight":0.28633},
{"Node_id":7363,"weight":0.19259},
{"Node_id":7364,"weight":0.26661998},
{"Node_id":7365,"weight":0.35325998},
{"Node_id":7366,"weight":0.40163},
{"Node_id":7367,"weight":0.3226},
{"Node_id":7368,"weight":0.17051001},
{"Node_id":7369,"weight":0.29113},
{"Node_id":7370,"weight":0.18913},
{"Node_id":7371,"weight":0.16085},
{"Node_id":7372,"weight":0.15999},
{"Node_id":7373,"weight":0.30738002},
{"Node_id":7374,"weight":0.15878001},
{"Node_id":7375,"weight":0.30117},
{"Node_id":7376,"weight":0.22907},
{"Node_id":7377,"weight":0.14868},
{"Node_id":7378,"weight":0.14396},
{"Node_id":7379,"weight":0.24437001},
{"Node_id":7380,"weight":0.20038},
{"Node_id":7381,"weight":0.35398},
{"Node_id":7382,"weight":0.18379},
{"Node_id":7383,"weight":0.30786},
{"Node_id":7384,"weight":0.40049},
{"Node_id":7385,"weight":0.34969002},
{"Node_id":7386,"weight":0.17841001},
{"Node_id":7387,"weight":0.24965999},
{"Node_id":7388,"weight":0.49126},
{"Node_id":7389,"weight":0.3562},
{"Node_id":7390,"weight":0.49548},
{"Node_id":7391,"weight":0.47592002},
{"Node_id":7392,"weight":0.21873},
{"Node_id":7393,"weight":0.14572},
{"Node_id":7402,"weight":0.17615},
{"Node_id":7408,"weight":0.21164998},
{"Node_id":7418,"weight":0.18387},
{"Node_id":7438,"weight":0.32733},
{"Node_id":7447,"weight":0.14140001},
{"Node_id":7457,"weight":0.41002002},
{"Node_id":7459,"weight":0.15231},
{"Node_id":7462,"weight":0.2885},
{"Node_id":7463,"weight":0.52539},
{"Node_id":7464,"weight":0.33808},
{"Node_id":7465,"weight":0.31173},
{"Node_id":7466,"weight":0.24142},
{"Node_id":7474,"weight":0.15842},
{"Node_id":7475,"weight":0.14742},
{"Node_id":7476,"weight":0.17671},
{"Node_id":7477,"weight":0.26547},
{"Node_id":7478,"weight":0.15055},
{"Node_id":7484,"weight":0.46683997},
{"Node_id":7487,"weight":0.14769},
{"Node_id":7488,"weight":0.30072},
{"Node_id":7489,"weight":0.26006},
{"Node_id":7490,"weight":0.16806999},
{"Node_id":7491,"weight":0.29402},
{"Node_id":7498,"weight":0.20594999},
{"Node_id":7500,"weight":0.24994},
{"Node_id":7501,"weight":0.54447997},
{"Node_id":7502,"weight":0.17988},
{"Node_id":7503,"weight":0.16411999},
{"Node_id":7504,"weight":0.14802},
{"Node_id":7505,"weight":0.14682999},
{"Node_id":7506,"weight":0.40633997},
{"Node_id":7507,"weight":0.2895},
{"Node_id":7508,"weight":0.33347002},
{"Node_id":7509,"weight":0.16508},
{"Node_id":7510,"weight":0.33777002},
{"Node_id":7511,"weight":0.29072002},
{"Node_id":7512,"weight":0.14177999},
{"Node_id":7513,"weight":0.24881001},
{"Node_id":7514,"weight":0.23787999},
{"Node_id":7515,"weight":0.29614002},
{"Node_id":7516,"weight":0.16664},
{"Node_id":7517,"weight":0.17963001},
{"Node_id":7518,"weight":0.19143},
{"Node_id":7519,"weight":0.16523},
{"Node_id":7520,"weight":0.16538},
{"Node_id":7521,"weight":0.19036},
{"Node_id":7522,"weight":0.17776},
{"Node_id":7523,"weight":0.33999},
{"Node_id":7524,"weight":0.23584001},
{"Node_id":7525,"weight":0.21785},
{"Node_id":7526,"weight":0.25224},
{"Node_id":7527,"weight":0.24600999},
{"Node_id":7528,"weight":0.17074},
{"Node_id":7529,"weight":0.18834},
{"Node_id":7530,"weight":0.18921},
{"Node_id":7531,"weight":0.139},
{"Node_id":7532,"weight":0.22106},
{"Node_id":7533,"weight":0.19241},
{"Node_id":7534,"weight":0.16627},
{"Node_id":7535,"weight":0.30667},
{"Node_id":7536,"weight":0.20605},
{"Node_id":7537,"weight":0.22895},
{"Node_id":7538,"weight":0.14299999},
{"Node_id":7539,"weight":0.24698},
{"Node_id":7540,"weight":0.27694},
{"Node_id":7541,"weight":0.28305},
{"Node_id":7542,"weight":0.17825},
{"Node_id":7544,"weight":0.18236001},
{"Node_id":7564,"weight":0.15042},
{"Node_id":7570,"weight":0.17543},
{"Node_id":7577,"weight":0.20655},
{"Node_id":7585,"weight":0.24275},
{"Node_id":7594,"weight":0.31347},
{"Node_id":7599,"weight":0.1702},
{"Node_id":7600,"weight":0.19152},
{"Node_id":7601,"weight":0.25371},
{"Node_id":7602,"weight":0.23559001},
{"Node_id":7603,"weight":0.62126005},
{"Node_id":7604,"weight":0.19849},
{"Node_id":7605,"weight":0.25137},
{"Node_id":7606,"weight":0.20846},
{"Node_id":7607,"weight":0.27357},
{"Node_id":7608,"weight":0.27081},
{"Node_id":7609,"weight":0.20269999},
{"Node_id":7610,"weight":0.19277},
{"Node_id":7611,"weight":0.17816},
{"Node_id":7612,"weight":0.22811},
{"Node_id":7613,"weight":0.14147},
{"Node_id":7614,"weight":0.32071},
{"Node_id":7615,"weight":0.35146},
{"Node_id":7616,"weight":0.15856001},
{"Node_id":7617,"weight":0.20211999},
{"Node_id":7618,"weight":0.17679},
{"Node_id":7619,"weight":0.19505},
{"Node_id":7620,"weight":0.33935001},
{"Node_id":7621,"weight":0.20086},
{"Node_id":7622,"weight":0.65008},
{"Node_id":7623,"weight":0.18294999},
{"Node_id":7624,"weight":0.21103},
{"Node_id":7625,"weight":0.22506002},
{"Node_id":7626,"weight":0.18328},
{"Node_id":7627,"weight":0.17354},
{"Node_id":7628,"weight":0.17599},
{"Node_id":7629,"weight":0.37945002},
{"Node_id":7630,"weight":0.22049999},
{"Node_id":7631,"weight":0.40221},
{"Node_id":7632,"weight":0.17939},
{"Node_id":7633,"weight":0.34969002},
{"Node_id":7634,"weight":0.19811},
{"Node_id":7635,"weight":0.16627},
{"Node_id":7636,"weight":0.26226002},
{"Node_id":7637,"weight":0.19643},
{"Node_id":7638,"weight":0.17283},
{"Node_id":7639,"weight":0.28343},
{"Node_id":7640,"weight":0.23482999},
{"Node_id":7641,"weight":0.17898001},
{"Node_id":7642,"weight":0.17768},
{"Node_id":7643,"weight":0.17559001},
{"Node_id":7644,"weight":0.25459},
{"Node_id":7645,"weight":0.34591},
{"Node_id":7646,"weight":0.14782},
{"Node_id":7647,"weight":0.24102001},
{"Node_id":7648,"weight":0.43857998},
{"Node_id":7649,"weight":0.16339001},
{"Node_id":7650,"weight":0.23222001},
{"Node_id":7651,"weight":0.29072002},
{"Node_id":7652,"weight":0.19718},
{"Node_id":7653,"weight":0.58753},
{"Node_id":7654,"weight":0.34356},
{"Node_id":7655,"weight":0.17671},
{"Node_id":7656,"weight":0.14026001},
{"Node_id":7657,"weight":0.17472},
{"Node_id":7658,"weight":0.18421},
{"Node_id":7659,"weight":0.2806},
{"Node_id":7660,"weight":0.2184},
{"Node_id":7661,"weight":0.39440998},
{"Node_id":7662,"weight":0.14774999},
{"Node_id":7663,"weight":0.15807},
{"Node_id":7664,"weight":0.2877},
{"Node_id":7665,"weight":0.19152},
{"Node_id":7666,"weight":0.29133},
{"Node_id":7667,"weight":0.14185},
{"Node_id":7668,"weight":0.21386},
{"Node_id":7669,"weight":0.29381},
{"Node_id":7670,"weight":0.28594},
{"Node_id":7671,"weight":0.2},
{"Node_id":7672,"weight":0.24396},
{"Node_id":7673,"weight":0.21482},
{"Node_id":7674,"weight":0.18782},
{"Node_id":7675,"weight":0.34289998},
{"Node_id":7676,"weight":0.2893},
{"Node_id":7677,"weight":0.14749},
{"Node_id":7678,"weight":0.16973999},
{"Node_id":7679,"weight":0.24519},
{"Node_id":7680,"weight":0.14736},
{"Node_id":7681,"weight":0.1822},
{"Node_id":7682,"weight":0.14546},
{"Node_id":7683,"weight":0.16186},
{"Node_id":7684,"weight":0.24754},
{"Node_id":7685,"weight":0.18755999},
{"Node_id":7695,"weight":0.18178001},
{"Node_id":7699,"weight":0.20125},
{"Node_id":7700,"weight":0.18278},
{"Node_id":7704,"weight":0.14908001},
{"Node_id":7710,"weight":0.16545},
{"Node_id":7714,"weight":0.14217},
{"Node_id":7715,"weight":0.17647001},
{"Node_id":7716,"weight":0.23234001},
{"Node_id":7718,"weight":0.22564001},
{"Node_id":7721,"weight":0.19134},
{"Node_id":7724,"weight":0.1733},
{"Node_id":7725,"weight":0.23533002},
{"Node_id":7730,"weight":0.21439},
{"Node_id":7736,"weight":0.14742},
{"Node_id":7739,"weight":0.17906},
{"Node_id":7743,"weight":0.25624},
{"Node_id":7750,"weight":0.22185},
{"Node_id":7751,"weight":0.15700999},
{"Node_id":7752,"weight":0.18404},
{"Node_id":7753,"weight":0.24588001},
{"Node_id":7755,"weight":0.15659},
{"Node_id":7758,"weight":0.15361},
{"Node_id":7762,"weight":0.43534002},
{"Node_id":7766,"weight":0.30667},
{"Node_id":7767,"weight":0.25445002},
{"Node_id":7771,"weight":0.16845},
{"Node_id":7773,"weight":0.17299},
{"Node_id":7777,"weight":0.50141},
{"Node_id":7779,"weight":0.18128},
{"Node_id":7780,"weight":0.18566},
{"Node_id":7784,"weight":0.32124},
{"Node_id":7786,"weight":0.34127},
{"Node_id":7787,"weight":0.15708},
{"Node_id":7788,"weight":0.19868},
{"Node_id":7792,"weight":0.23787999},
{"Node_id":7794,"weight":0.16121},
{"Node_id":7795,"weight":0.21577999},
{"Node_id":7797,"weight":0.39335},
{"Node_id":7801,"weight":0.14306},
{"Node_id":7803,"weight":0.28574},
{"Node_id":7804,"weight":0.47241998},
{"Node_id":7806,"weight":0.16891},
{"Node_id":7807,"weight":0.16186},
{"Node_id":7811,"weight":0.26466},
{"Node_id":7813,"weight":0.22704999},
{"Node_id":7814,"weight":0.3776},
{"Node_id":7816,"weight":0.15279},
{"Node_id":7817,"weight":0.27748},
{"Node_id":7818,"weight":0.22716},
{"Node_id":7822,"weight":0.18965},
{"Node_id":7824,"weight":0.32071},
{"Node_id":7825,"weight":0.41579},
{"Node_id":7827,"weight":0.21851},
{"Node_id":7828,"weight":0.24923},
{"Node_id":7829,"weight":0.1452},
{"Node_id":7830,"weight":0.21145001},
{"Node_id":7834,"weight":0.51616},
{"Node_id":7836,"weight":0.15665999},
{"Node_id":7837,"weight":0.19332},
{"Node_id":7839,"weight":0.18711999},
{"Node_id":7840,"weight":0.42619},
{"Node_id":7841,"weight":0.2145},
{"Node_id":7842,"weight":0.29549998},
{"Node_id":7843,"weight":0.43940002},
{"Node_id":7845,"weight":0.18549},
{"Node_id":7847,"weight":0.21535},
{"Node_id":7849,"weight":0.20076999},
{"Node_id":7850,"weight":0.48988},
{"Node_id":7852,"weight":0.27339},
{"Node_id":7853,"weight":0.23087999},
{"Node_id":7854,"weight":0.18029},
{"Node_id":7855,"weight":0.23160999},
{"Node_id":7857,"weight":0.14474},
{"Node_id":7861,"weight":0.37579},
{"Node_id":7863,"weight":0.26417},
{"Node_id":7864,"weight":0.35472},
{"Node_id":7866,"weight":0.16042},
{"Node_id":7867,"weight":0.16179},
{"Node_id":7868,"weight":0.16411999},
{"Node_id":7869,"weight":0.17276},
{"Node_id":7871,"weight":0.15729001},
{"Node_id":7872,"weight":0.19532},
{"Node_id":7874,"weight":0.15361},
{"Node_id":7875,"weight":0.17752},
{"Node_id":7877,"weight":0.15042},
{"Node_id":7878,"weight":0.19179},
{"Node_id":7880,"weight":0.52159},
{"Node_id":7881,"weight":0.43066},
{"Node_id":7882,"weight":0.26194},
{"Node_id":7884,"weight":0.35999},
{"Node_id":7885,"weight":0.16092},
{"Node_id":7886,"weight":0.18808},
{"Node_id":7889,"weight":0.21333},
{"Node_id":7890,"weight":0.19886},
{"Node_id":7891,"weight":0.27949},
{"Node_id":7895,"weight":0.22622001},
{"Node_id":7896,"weight":0.3356},
{"Node_id":7897,"weight":0.32761},
{"Node_id":7902,"weight":0.19098},
{"Node_id":7903,"weight":0.60299003},
{"Node_id":7904,"weight":0.17354},
{"Node_id":7910,"weight":0.25137},
{"Node_id":7911,"weight":0.18404},
{"Node_id":7912,"weight":0.23853},
{"Node_id":7920,"weight":0.44896},
{"Node_id":7921,"weight":0.15575},
{"Node_id":7929,"weight":0.21545999},
{"Node_id":7930,"weight":0.22493999},
{"Node_id":7931,"weight":0.14795001},
{"Node_id":7937,"weight":0.14461},
{"Node_id":7940,"weight":0.21092999},
{"Node_id":7941,"weight":0.39388},
{"Node_id":7942,"weight":0.15292999},
{"Node_id":7943,"weight":0.2145},
{"Node_id":7948,"weight":0.15471},
{"Node_id":7951,"weight":0.36312002},
{"Node_id":7952,"weight":0.15225},
{"Node_id":7953,"weight":0.14448},
{"Node_id":7959,"weight":0.24128},
{"Node_id":7964,"weight":0.23063},
{"Node_id":7965,"weight":0.16868},
{"Node_id":7967,"weight":0.17825},
{"Node_id":7969,"weight":0.15736},
{"Node_id":7970,"weight":0.14921},
{"Node_id":7972,"weight":0.29277},
{"Node_id":7973,"weight":0.23710999},
{"Node_id":7974,"weight":0.47128},
{"Node_id":7976,"weight":0.17315},
{"Node_id":7977,"weight":0.16056},
{"Node_id":7978,"weight":0.22704999},
{"Node_id":7979,"weight":0.19125},
{"Node_id":7981,"weight":0.22990999},
{"Node_id":7982,"weight":0.1452},
{"Node_id":7983,"weight":0.20029},
{"Node_id":7984,"weight":0.21503},
{"Node_id":7985,"weight":0.37011},
{"Node_id":7987,"weight":0.17947},
{"Node_id":7988,"weight":0.21439},
{"Node_id":7989,"weight":0.31833},
{"Node_id":7990,"weight":0.15771},
{"Node_id":7992,"weight":0.19026999},
{"Node_id":7994,"weight":0.54685},
{"Node_id":7995,"weight":0.1789},
{"Node_id":7996,"weight":0.30072},
{"Node_id":7997,"weight":0.26911},
{"Node_id":8000,"weight":0.32071},
{"Node_id":8001,"weight":0.17988},
{"Node_id":8002,"weight":0.15116},
{"Node_id":8003,"weight":0.17043},
{"Node_id":8004,"weight":0.51100004},
{"Node_id":8005,"weight":0.15463999},
{"Node_id":8007,"weight":0.48853},
{"Node_id":8008,"weight":0.14507},
{"Node_id":8009,"weight":0.20989001},
{"Node_id":8010,"weight":0.25944},
{"Node_id":8012,"weight":0.41448003},
{"Node_id":8013,"weight":0.1893},
{"Node_id":8014,"weight":0.18286},
{"Node_id":8016,"weight":0.15313},
{"Node_id":8017,"weight":0.14006999},
{"Node_id":8018,"weight":0.18652001},
{"Node_id":8019,"weight":0.28731},
{"Node_id":8021,"weight":0.17647001},
{"Node_id":8023,"weight":0.35362},
{"Node_id":8024,"weight":0.14598},
{"Node_id":8025,"weight":0.15913},
{"Node_id":8027,"weight":0.14756},
{"Node_id":8029,"weight":0.22309999},
{"Node_id":8030,"weight":0.15603},
{"Node_id":8031,"weight":0.33999},
{"Node_id":8032,"weight":0.30275},
{"Node_id":8034,"weight":0.23931},
{"Node_id":8036,"weight":0.23346},
{"Node_id":8037,"weight":0.20436001},
{"Node_id":8038,"weight":0.33683},
{"Node_id":8039,"weight":0.17276},
{"Node_id":8041,"weight":0.24505},
{"Node_id":8043,"weight":0.49126},
{"Node_id":8044,"weight":0.33777002},
{"Node_id":8045,"weight":0.19868},
{"Node_id":8046,"weight":0.15382001},
{"Node_id":8047,"weight":0.19905},
{"Node_id":8049,"weight":0.50141},
{"Node_id":8051,"weight":0.3511},
{"Node_id":8054,"weight":0.44364},
{"Node_id":8055,"weight":0.18549},
{"Node_id":8056,"weight":0.21302},
{"Node_id":8058,"weight":0.27427},
{"Node_id":8060,"weight":0.29593},
{"Node_id":8063,"weight":0.25944},
{"Node_id":8065,"weight":0.21643},
{"Node_id":8066,"weight":0.32648},
{"Node_id":8068,"weight":0.22265},
{"Node_id":8073,"weight":0.16679},
{"Node_id":8074,"weight":0.23787999},
{"Node_id":8075,"weight":0.14591},
{"Node_id":8076,"weight":0.26777},
{"Node_id":8077,"weight":0.14928},
{"Node_id":8079,"weight":0.22811},
{"Node_id":8081,"weight":0.42619},
{"Node_id":8084,"weight":0.20887001},
{"Node_id":8085,"weight":0.15499},
{"Node_id":8087,"weight":0.46155},
{"Node_id":8089,"weight":0.17914},
{"Node_id":8091,"weight":0.36312002},
{"Node_id":8093,"weight":0.18328},
{"Node_id":8096,"weight":0.19459},
{"Node_id":8097,"weight":0.30715},
{"Node_id":8099,"weight":0.28324002},
{"Node_id":8100,"weight":0.33529},
{"Node_id":8121,"weight":0.16361001},
{"Node_id":8127,"weight":0.20114999},
{"Node_id":8128,"weight":0.18764},
{"Node_id":8134,"weight":0.15326999},
{"Node_id":8142,"weight":0.33652002},
{"Node_id":8146,"weight":0.2658},
{"Node_id":8147,"weight":0.22657001},
{"Node_id":8148,"weight":0.16921},
{"Node_id":8149,"weight":0.41778},
{"Node_id":8150,"weight":0.17711},
{"Node_id":8151,"weight":0.2401},
{"Node_id":8152,"weight":0.25066},
{"Node_id":8153,"weight":0.32098},
{"Node_id":8154,"weight":0.18974},
{"Node_id":8155,"weight":0.37011},
{"Node_id":8156,"weight":0.15042},
{"Node_id":8157,"weight":0.20134},
{"Node_id":8158,"weight":0.21386},
{"Node_id":8159,"weight":0.28248},
{"Node_id":8160,"weight":0.16582},
{"Node_id":8161,"weight":0.25371},
{"Node_id":8162,"weight":0.59496003},
{"Node_id":8163,"weight":0.20407},
{"Node_id":8164,"weight":0.30343002},
{"Node_id":8165,"weight":0.17447999},
{"Node_id":8166,"weight":0.15603},
{"Node_id":8169,"weight":0.22163},
{"Node_id":8173,"weight":0.14862},
{"Node_id":8178,"weight":0.17784},
{"Node_id":8183,"weight":0.14338},
{"Node_id":8184,"weight":0.22095},
{"Node_id":8191,"weight":0.14908001},
{"Node_id":8198,"weight":0.20535},
{"Node_id":8199,"weight":0.15589},
{"Node_id":8200,"weight":0.27098},
{"Node_id":8203,"weight":0.34795},
{"Node_id":8205,"weight":0.16523},
{"Node_id":8206,"weight":0.26162},
{"Node_id":8208,"weight":0.20076999},
{"Node_id":8209,"weight":0.39936},
{"Node_id":8212,"weight":0.14063999},
{"Node_id":8213,"weight":0.15049},
{"Node_id":8217,"weight":0.15218},
{"Node_id":8218,"weight":0.13918999},
{"Node_id":8219,"weight":0.14274},
{"Node_id":8223,"weight":0.14928},
{"Node_id":8224,"weight":0.25415},
{"Node_id":8230,"weight":0.21322998},
{"Node_id":8231,"weight":0.20076999},
{"Node_id":8236,"weight":0.17447999},
{"Node_id":8238,"weight":0.48853},
{"Node_id":8239,"weight":0.29852},
{"Node_id":8244,"weight":0.44896},
{"Node_id":8245,"weight":0.14558999},
{"Node_id":8247,"weight":0.8},
{"Node_id":8248,"weight":0.21396999},
{"Node_id":8254,"weight":0.20775001},
{"Node_id":8255,"weight":0.18808},
{"Node_id":8257,"weight":0.14223},
{"Node_id":8258,"weight":0.24142},
{"Node_id":8263,"weight":0.19953},
{"Node_id":8265,"weight":0.50609004},
{"Node_id":8268,"weight":0.20855999},
{"Node_id":8269,"weight":0.21557},
{"Node_id":8280,"weight":0.92102003},
{"Node_id":8281,"weight":0.15197},
{"Node_id":8293,"weight":0.42692},
{"Node_id":8294,"weight":0.24114999},
{"Node_id":8307,"weight":0.22586998},
{"Node_id":8308,"weight":0.19188},
{"Node_id":8313,"weight":0.21861999},
{"Node_id":8320,"weight":0.28191},
{"Node_id":8322,"weight":0.17543},
{"Node_id":8323,"weight":0.19746},
{"Node_id":8333,"weight":0.19532},
{"Node_id":8335,"weight":0.20029},
{"Node_id":8336,"weight":0.20826001},
{"Node_id":8337,"weight":0.32151002},
{"Node_id":8342,"weight":0.18886},
{"Node_id":8344,"weight":0.17615},
{"Node_id":8348,"weight":0.16959},
{"Node_id":8351,"weight":0.22174},
{"Node_id":8355,"weight":0.24342},
{"Node_id":8358,"weight":0.16973999},
{"Node_id":8363,"weight":0.24248},
{"Node_id":8366,"weight":0.25897998},
{"Node_id":8372,"weight":0.16427},
{"Node_id":8375,"weight":0.21103},
{"Node_id":8378,"weight":0.27931002},
{"Node_id":8382,"weight":0.17736},
{"Node_id":8385,"weight":0.2887},
{"Node_id":8388,"weight":0.27029},
{"Node_id":8391,"weight":0.26305002},
{"Node_id":8392,"weight":0.26911},
{"Node_id":8393,"weight":0.29529},
{"Node_id":8394,"weight":0.23635001},
{"Node_id":8396,"weight":0.18755999},
{"Node_id":8400,"weight":0.23608999},
{"Node_id":8401,"weight":0.20289},
{"Node_id":8402,"weight":0.14729},
{"Node_id":8403,"weight":0.17575},
{"Node_id":8404,"weight":0.29360002},
{"Node_id":8406,"weight":0.14749},
{"Node_id":8407,"weight":0.23358},
{"Node_id":8408,"weight":0.15334001},
{"Node_id":8410,"weight":0.21429},
{"Node_id":8411,"weight":0.24396},
{"Node_id":8413,"weight":0.22811},
{"Node_id":8414,"weight":0.16208},
{"Node_id":8415,"weight":0.17906},
{"Node_id":8417,"weight":0.6264},
{"Node_id":8418,"weight":0.18029},
{"Node_id":8420,"weight":0.13982001},
{"Node_id":8422,"weight":0.25594002},
{"Node_id":8425,"weight":0.17354},
{"Node_id":8426,"weight":0.24754},
{"Node_id":8427,"weight":0.24302001},
{"Node_id":8428,"weight":0.14140001},
{"Node_id":8430,"weight":0.25283},
{"Node_id":8433,"weight":0.47473997},
{"Node_id":8437,"weight":0.35884},
{"Node_id":8442,"weight":0.23635001},
{"Node_id":8448,"weight":0.18447},
{"Node_id":8455,"weight":0.15548},
{"Node_id":8463,"weight":0.17377},
{"Node_id":8472,"weight":0.25975},
{"Node_id":8481,"weight":0.14474},
{"Node_id":8483,"weight":0.17898001},
{"Node_id":8484,"weight":0.17043},
{"Node_id":8485,"weight":0.16612001},
{"Node_id":8486,"weight":0.18669},
{"Node_id":8487,"weight":0.16762},
{"Node_id":8488,"weight":0.22207999},
{"Node_id":8489,"weight":0.30297},
{"Node_id":8490,"weight":0.24261999},
{"Node_id":8491,"weight":0.24155},
{"Node_id":8492,"weight":0.32017},
{"Node_id":8493,"weight":0.24866},
{"Node_id":8494,"weight":0.29939002},
{"Node_id":8495,"weight":0.44538003},
{"Node_id":8496,"weight":0.21796},
{"Node_id":8497,"weight":0.18523},
{"Node_id":8498,"weight":0.20038},
{"Node_id":8499,"weight":0.19934},
{"Node_id":8500,"weight":0.15652},
{"Node_id":8501,"weight":0.1561},
{"Node_id":8502,"weight":0.15892},
{"Node_id":8503,"weight":0.16006},
{"Node_id":8504,"weight":0.17377},
{"Node_id":8505,"weight":0.23321},
{"Node_id":8506,"weight":0.20202},
{"Node_id":8507,"weight":0.42839998},
{"Node_id":8508,"weight":0.34969002},
{"Node_id":8509,"weight":0.15736},
{"Node_id":8510,"weight":0.17857},
{"Node_id":8511,"weight":0.23271},
{"Node_id":8512,"weight":0.1873},
{"Node_id":8513,"weight":0.20685},
{"Node_id":8514,"weight":0.18506},
{"Node_id":8515,"weight":0.25609},
{"Node_id":8516,"weight":0.16034},
{"Node_id":8517,"weight":0.20357999},
{"Node_id":8518,"weight":0.22599001},
{"Node_id":8519,"weight":0.36800998},
{"Node_id":8520,"weight":0.51441},
{"Node_id":8521,"weight":0.40396},
{"Node_id":8522,"weight":0.21610999},
{"Node_id":8523,"weight":0.47831997},
{"Node_id":8524,"weight":0.34258002},
{"Node_id":8525,"weight":0.26661998},
{"Node_id":8526,"weight":0.24208},
{"Node_id":8527,"weight":0.15687},
{"Node_id":8528,"weight":0.28191},
{"Node_id":8529,"weight":0.14935},
{"Node_id":8530,"weight":0.17362},
{"Node_id":8531,"weight":0.17807999},
{"Node_id":8532,"weight":0.21503},
{"Node_id":8533,"weight":0.61637},
{"Node_id":8534,"weight":0.19359},
{"Node_id":8535,"weight":0.33287},
{"Node_id":8536,"weight":0.30458},
{"Node_id":8537,"weight":0.21164998},
{"Node_id":8538,"weight":0.15022},
{"Node_id":8539,"weight":0.25066},
{"Node_id":8542,"weight":0.14281},
{"Node_id":8543,"weight":0.24089},
{"Node_id":8544,"weight":0.17615},
{"Node_id":8545,"weight":0.14995},
{"Node_id":8546,"weight":0.19597},
{"Node_id":8547,"weight":0.29549998},
{"Node_id":8548,"weight":0.24235001},
{"Node_id":8549,"weight":0.16634001},
{"Node_id":8555,"weight":0.19915},
{"Node_id":8558,"weight":0.16273001},
{"Node_id":8562,"weight":0.27986},
{"Node_id":8567,"weight":0.60725003},
{"Node_id":8573,"weight":0.38275},
{"Node_id":8580,"weight":0.21302},
{"Node_id":8585,"weight":0.22128999},
{"Node_id":8586,"weight":0.1683},
{"Node_id":8587,"weight":0.33620998},
{"Node_id":8588,"weight":0.34691998},
{"Node_id":8592,"weight":0.29635},
{"Node_id":8593,"weight":0.18965},
{"Node_id":8595,"weight":0.16883},
{"Node_id":8596,"weight":0.42330998},
{"Node_id":8597,"weight":0.25474},
{"Node_id":8598,"weight":0.29113},
{"Node_id":8599,"weight":0.41711003},
{"Node_id":8600,"weight":0.28362},
{"Node_id":8601,"weight":0.14128},
{"Node_id":8602,"weight":0.16950999},
{"Node_id":8603,"weight":0.49404997},
{"Node_id":8604,"weight":0.29133},
{"Node_id":8605,"weight":0.18228},
{"Node_id":8606,"weight":0.27712},
{"Node_id":8607,"weight":0.19404},
{"Node_id":8608,"weight":0.15184},
{"Node_id":8609,"weight":0.24477999},
{"Node_id":8611,"weight":0.20397},
{"Node_id":8612,"weight":0.33871},
{"Node_id":8613,"weight":0.44278002},
{"Node_id":8614,"weight":0.29072002},
{"Node_id":8616,"weight":0.32676},
{"Node_id":8618,"weight":0.21062},
{"Node_id":8619,"weight":0.15949},
{"Node_id":8620,"weight":0.20705},
{"Node_id":8621,"weight":0.51441},
{"Node_id":8622,"weight":0.19018},
{"Node_id":8623,"weight":0.15582},
{"Node_id":8624,"weight":0.19477001},
{"Node_id":8625,"weight":0.34094998},
{"Node_id":8626,"weight":0.1798},
{"Node_id":8627,"weight":0.38132},
{"Node_id":8628,"weight":0.51794},
{"Node_id":8629,"weight":0.81113994},
{"Node_id":8630,"weight":0.35732},
{"Node_id":8631,"weight":0.65699},
{"Node_id":8632,"weight":0.18506},
{"Node_id":8633,"weight":0.32098},
{"Node_id":8634,"weight":0.21665001},
{"Node_id":8635,"weight":0.16056},
{"Node_id":8636,"weight":0.45653},
{"Node_id":8637,"weight":0.20959},
{"Node_id":8638,"weight":0.31099},
{"Node_id":8639,"weight":0.22907},
{"Node_id":8640,"weight":0.52734},
{"Node_id":8641,"weight":0.38371998},
{"Node_id":8642,"weight":0.16648999},
{"Node_id":8643,"weight":0.25775},
{"Node_id":8644,"weight":0.30929},
{"Node_id":8645,"weight":0.17036},
{"Node_id":8646,"weight":0.25297},
{"Node_id":8647,"weight":0.19170001},
{"Node_id":8648,"weight":0.15416},
{"Node_id":8649,"weight":0.25913},
{"Node_id":8650,"weight":0.22005999},
{"Node_id":8651,"weight":0.22072999},
{"Node_id":8652,"weight":0.17345999},
{"Node_id":8653,"weight":0.17252001},
{"Node_id":8654,"weight":0.22871001},
{"Node_id":8655,"weight":0.2375},
{"Node_id":8656,"weight":0.19487},
{"Node_id":8657,"weight":0.25684},
{"Node_id":8658,"weight":0.24221},
{"Node_id":8659,"weight":0.16523},
{"Node_id":8660,"weight":0.21031001},
{"Node_id":8661,"weight":0.17607},
{"Node_id":8662,"weight":0.14045},
{"Node_id":8663,"weight":0.23321},
{"Node_id":8664,"weight":0.35146},
{"Node_id":8665,"weight":0.37991},
{"Node_id":8666,"weight":0.25534},
{"Node_id":8667,"weight":0.22028},
{"Node_id":8668,"weight":0.19895999},
{"Node_id":8669,"weight":0.18843},
{"Node_id":8670,"weight":0.28381},
{"Node_id":8671,"weight":0.15076},
{"Node_id":8672,"weight":0.2184},
{"Node_id":8673,"weight":0.20416},
{"Node_id":8674,"weight":0.37579},
{"Node_id":8675,"weight":0.19296},
{"Node_id":8676,"weight":0.21092999},
{"Node_id":8677,"weight":0.27876002},
{"Node_id":8678,"weight":0.22657001},
{"Node_id":8679,"weight":0.31651002},
{"Node_id":8680,"weight":0.40163},
{"Node_id":8681,"weight":0.20192},
{"Node_id":8682,"weight":0.26678},
{"Node_id":8683,"weight":0.24768},
{"Node_id":8684,"weight":0.15245},
{"Node_id":8685,"weight":0.47954002},
{"Node_id":8686,"weight":0.19895999},
{"Node_id":8687,"weight":0.23075},
{"Node_id":8688,"weight":0.25023},
{"Node_id":8689,"weight":0.1421},
{"Node_id":8690,"weight":0.17151001},
{"Node_id":8691,"weight":0.15575},
{"Node_id":8692,"weight":0.19634},
{"Node_id":8693,"weight":0.14177999},
{"Node_id":8694,"weight":0.46469003},
{"Node_id":8695,"weight":0.19232},
{"Node_id":8697,"weight":0.27676},
{"Node_id":8698,"weight":0.51975},
{"Node_id":8699,"weight":0.23099999},
{"Node_id":8700,"weight":0.22967},
{"Node_id":8701,"weight":0.17198},
{"Node_id":8702,"weight":0.37669},
{"Node_id":8703,"weight":0.21185999},
{"Node_id":8704,"weight":0.18974},
{"Node_id":8705,"weight":0.14533},
{"Node_id":8706,"weight":0.23931},
{"Node_id":8709,"weight":0.19934},
{"Node_id":8710,"weight":0.19542},
{"Node_id":8711,"weight":0.41711003},
{"Node_id":8713,"weight":0.25312},
{"Node_id":8714,"weight":0.41002002},
{"Node_id":8715,"weight":0.52159},
{"Node_id":8716,"weight":0.28613},
{"Node_id":8717,"weight":0.15842},
{"Node_id":8719,"weight":0.17575},
{"Node_id":8720,"weight":0.14448},
{"Node_id":8721,"weight":0.29092},
{"Node_id":8722,"weight":0.21577999},
{"Node_id":8723,"weight":0.39072},
{"Node_id":8724,"weight":0.21861999},
{"Node_id":8726,"weight":0.45458},
{"Node_id":8727,"weight":0.17097},
{"Node_id":8728,"weight":0.13913},
{"Node_id":8729,"weight":0.54447997},
{"Node_id":8730,"weight":0.21071999},
{"Node_id":8731,"weight":0.17464},
{"Node_id":8732,"weight":0.27235},
{"Node_id":8733,"weight":0.3483},
{"Node_id":8734,"weight":0.36843},
{"Node_id":8735,"weight":0.23699},
{"Node_id":8738,"weight":0.31651002},
{"Node_id":8741,"weight":0.19624999},
{"Node_id":8743,"weight":0.28023},
{"Node_id":8746,"weight":0.3776},
{"Node_id":8748,"weight":0.20515001},
{"Node_id":8750,"weight":0.15561},
{"Node_id":8752,"weight":0.17841001},
{"Node_id":8753,"weight":0.14578},
{"Node_id":8754,"weight":0.20231},
{"Node_id":8755,"weight":0.15779},
{"Node_id":8756,"weight":0.37715},
{"Node_id":8758,"weight":0.1597},
{"Node_id":8759,"weight":0.17881},
{"Node_id":8760,"weight":0.2474},
{"Node_id":8761,"weight":0.5077},
{"Node_id":8762,"weight":0.20887001},
{"Node_id":8763,"weight":0.27765998},
{"Node_id":8764,"weight":0.25929},
{"Node_id":8765,"weight":0.20816},
{"Node_id":8769,"weight":0.26945},
{"Node_id":8770,"weight":0.36843},
{"Node_id":8771,"weight":0.26037},
{"Node_id":8773,"weight":0.14644},
{"Node_id":8774,"weight":0.34356},
{"Node_id":8776,"weight":0.35999},
{"Node_id":8777,"weight":0.47831997},
{"Node_id":8779,"weight":0.19441},
{"Node_id":8780,"weight":0.21396999},
{"Node_id":8781,"weight":0.43857998},
{"Node_id":8782,"weight":0.15863},
{"Node_id":8783,"weight":0.17873},
{"Node_id":8784,"weight":0.14448},
{"Node_id":8785,"weight":0.29742998},
{"Node_id":8787,"weight":0.36233002},
{"Node_id":8788,"weight":0.25341},
{"Node_id":8789,"weight":0.26482},
{"Node_id":8790,"weight":0.22095},
{"Node_id":8791,"weight":0.22634001},
{"Node_id":8792,"weight":0.1653},
{"Node_id":8793,"weight":0.1397},
{"Node_id":8794,"weight":0.25166},
{"Node_id":8795,"weight":0.19468},
{"Node_id":8796,"weight":0.20337999},
{"Node_id":8797,"weight":0.17528},
{"Node_id":8798,"weight":0.153},
{"Node_id":8803,"weight":0.38968998},
{"Node_id":8804,"weight":0.18087},
{"Node_id":8806,"weight":0.25023},
{"Node_id":8807,"weight":0.26498002},
{"Node_id":8808,"weight":0.19514},
{"Node_id":8810,"weight":0.28516},
{"Node_id":8811,"weight":0.24023},
{"Node_id":8812,"weight":0.14204},
{"Node_id":8813,"weight":0.19634},
{"Node_id":8815,"weight":0.3356},
{"Node_id":8816,"weight":0.1832},
{"Node_id":8817,"weight":0.2366},
{"Node_id":8818,"weight":0.21557},
{"Node_id":8819,"weight":0.31912},
{"Node_id":8821,"weight":0.1561},
{"Node_id":8822,"weight":0.17488},
{"Node_id":8823,"weight":0.15786001},
{"Node_id":8824,"weight":0.20585},
{"Node_id":8825,"weight":0.29808},
{"Node_id":8826,"weight":0.34899002},
{"Node_id":8827,"weight":0.16049},
{"Node_id":8828,"weight":0.20918},
{"Node_id":8829,"weight":0.26242},
{"Node_id":8830,"weight":0.26979},
{"Node_id":8831,"weight":0.2366},
{"Node_id":8832,"weight":0.1893},
{"Node_id":8833,"weight":0.35362},
{"Node_id":8836,"weight":0.20625},
{"Node_id":8837,"weight":0.15055},
{"Node_id":8838,"weight":0.25137},
{"Node_id":8839,"weight":0.27392},
{"Node_id":8840,"weight":0.15136},
{"Node_id":8841,"weight":0.30715},
{"Node_id":8844,"weight":0.24342},
{"Node_id":8845,"weight":0.14140001},
{"Node_id":8846,"weight":0.24574001},
{"Node_id":8847,"weight":0.53992},
{"Node_id":8848,"weight":0.14995},
{"Node_id":8849,"weight":0.2748},
{"Node_id":8854,"weight":0.17323},
{"Node_id":8855,"weight":0.66441},
{"Node_id":8856,"weight":0.42259997},
{"Node_id":8857,"weight":0.22506002},
{"Node_id":8858,"weight":0.15506001},
{"Node_id":8861,"weight":0.15942},
{"Node_id":8863,"weight":0.14975},
{"Node_id":8864,"weight":0.21031001},
{"Node_id":8865,"weight":0.17315},
{"Node_id":8866,"weight":0.40574002},
{"Node_id":8867,"weight":0.29215},
{"Node_id":8868,"weight":0.29808},
{"Node_id":8871,"weight":0.18652001},
{"Node_id":8872,"weight":0.37991},
{"Node_id":8873,"weight":0.18128},
{"Node_id":8874,"weight":0.29808},
{"Node_id":8875,"weight":0.42402},
{"Node_id":8876,"weight":0.1935},
{"Node_id":8877,"weight":0.32591},
{"Node_id":8878,"weight":0.16538},
{"Node_id":8879,"weight":0.21568},
{"Node_id":8880,"weight":0.31781},
{"Node_id":8881,"weight":0.2881},
{"Node_id":8882,"weight":0.14848},
{"Node_id":8883,"weight":0.15793},
{"Node_id":8884,"weight":0.31833},
{"Node_id":8885,"weight":0.27857},
{"Node_id":8886,"weight":0.16754},
{"Node_id":8887,"weight":0.17575},
{"Node_id":8888,"weight":0.22955},
{"Node_id":8889,"weight":0.20202},
{"Node_id":8890,"weight":0.27235},
{"Node_id":8891,"weight":0.21796},
{"Node_id":8892,"weight":0.27339},
{"Node_id":8893,"weight":0.33967},
{"Node_id":8894,"weight":0.24208},
{"Node_id":8895,"weight":0.15652},
{"Node_id":8896,"weight":0.41064},
{"Node_id":8900,"weight":0.15259},
{"Node_id":8901,"weight":0.21312001},
{"Node_id":8902,"weight":0.15002},
{"Node_id":8903,"weight":0.63182},
{"Node_id":8904,"weight":0.20745},
{"Node_id":8905,"weight":0.14822},
{"Node_id":8906,"weight":0.14848},
{"Node_id":8907,"weight":0.20436001},
{"Node_id":8908,"weight":0.19905},
{"Node_id":8909,"weight":0.24851999},
{"Node_id":8910,"weight":0.18643},
{"Node_id":8911,"weight":0.31651002},
{"Node_id":8912,"weight":0.37357},
{"Node_id":8913,"weight":0.13932},
{"Node_id":8914,"weight":0.14975},
{"Node_id":8915,"weight":0.18037},
{"Node_id":8916,"weight":0.15963},
{"Node_id":8917,"weight":0.25224},
{"Node_id":8918,"weight":0.3842},
{"Node_id":8919,"weight":0.21621999},
{"Node_id":8920,"weight":0.18515},
{"Node_id":8921,"weight":0.58401},
{"Node_id":8922,"weight":0.16906},
{"Node_id":8923,"weight":0.17736},
{"Node_id":8924,"weight":0.19296},
{"Node_id":8925,"weight":0.27857},
{"Node_id":8926,"weight":0.23546},
{"Node_id":8927,"weight":0.3776},
{"Node_id":8928,"weight":0.40693998},
{"Node_id":8929,"weight":0.24670999},
{"Node_id":8930,"weight":0.21730001},
{"Node_id":8931,"weight":0.1752},
{"Node_id":8932,"weight":0.20038},
{"Node_id":8933,"weight":0.14371},
{"Node_id":8934,"weight":0.27081},
{"Node_id":8935,"weight":0.14835},
{"Node_id":8936,"weight":0.19962},
{"Node_id":8937,"weight":0.2727},
{"Node_id":8938,"weight":0.22516999},
{"Node_id":8939,"weight":0.23648},
{"Node_id":8940,"weight":0.3596},
{"Node_id":8941,"weight":0.26257},
{"Node_id":8942,"weight":0.24275},
{"Node_id":8943,"weight":0.19277},
{"Node_id":8944,"weight":0.23866001},
{"Node_id":8945,"weight":0.53992},
{"Node_id":8946,"weight":0.14624},
{"Node_id":8947,"weight":0.15484999},
{"Node_id":8948,"weight":0.18895},
{"Node_id":8949,"weight":0.24588001},
{"Node_id":8950,"weight":0.22799},
{"Node_id":8951,"weight":0.28652},
{"Node_id":8952,"weight":0.15062},
{"Node_id":8953,"weight":0.14881},
{"Node_id":8954,"weight":0.15842},
{"Node_id":8955,"weight":0.14921},
{"Node_id":8956,"weight":0.18078001},
{"Node_id":8957,"weight":0.1776},
{"Node_id":8958,"weight":0.3305},
{"Node_id":8959,"weight":0.25959},
{"Node_id":8960,"weight":0.16973999},
{"Node_id":8961,"weight":0.22196},
{"Node_id":8962,"weight":0.14848},
{"Node_id":8963,"weight":0.2881},
{"Node_id":8964,"weight":0.17401001},
{"Node_id":8965,"weight":0.23234001},
{"Node_id":8966,"weight":0.16208},
{"Node_id":8967,"weight":0.26563},
{"Node_id":8968,"weight":0.16486},
{"Node_id":8969,"weight":0.19332},
{"Node_id":8970,"weight":0.18523},
{"Node_id":8971,"weight":0.26401},
{"Node_id":8972,"weight":0.15272},
{"Node_id":8973,"weight":0.15368},
{"Node_id":8974,"weight":0.48077998},
{"Node_id":8975,"weight":0.19868},
{"Node_id":8977,"weight":0.19286999},
{"Node_id":8978,"weight":0.15049},
{"Node_id":8980,"weight":0.15977},
{"Node_id":8981,"weight":0.25489},
{"Node_id":8982,"weight":0.21928},
{"Node_id":8984,"weight":0.23775999},
{"Node_id":8985,"weight":0.22799},
{"Node_id":8986,"weight":0.24368998},
{"Node_id":8987,"weight":0.30881},
{"Node_id":8989,"weight":0.20816},
{"Node_id":8990,"weight":0.27784},
{"Node_id":8992,"weight":0.20907},
{"Node_id":8993,"weight":0.60725003},
{"Node_id":8994,"weight":0.28574},
{"Node_id":8995,"weight":0.14177999},
{"Node_id":8996,"weight":0.15992},
{"Node_id":8997,"weight":0.21719},
{"Node_id":8998,"weight":0.15035},
{"Node_id":8999,"weight":0.13882},
{"Node_id":9000,"weight":0.22576001},
{"Node_id":9001,"weight":0.33652002},
{"Node_id":9002,"weight":0.25254},
{"Node_id":9003,"weight":0.17105},
{"Node_id":9004,"weight":0.48457998},
{"Node_id":9005,"weight":0.22551998},
{"Node_id":9006,"weight":0.13988},
{"Node_id":9007,"weight":0.14172},
{"Node_id":9008,"weight":0.16523},
{"Node_id":9009,"weight":0.17963001},
{"Node_id":9010,"weight":0.41002002},
{"Node_id":9011,"weight":0.25066},
{"Node_id":9012,"weight":0.25385},
{"Node_id":9013,"weight":0.2877},
{"Node_id":9014,"weight":0.19522999},
{"Node_id":9015,"weight":0.25713998},
{"Node_id":9016,"weight":0.14565},
{"Node_id":9017,"weight":0.1744},
{"Node_id":9018,"weight":0.16732},
{"Node_id":9019,"weight":0.1798},
{"Node_id":9020,"weight":0.19305},
{"Node_id":9021,"weight":0.14229},
{"Node_id":9022,"weight":0.1543},
{"Node_id":9023,"weight":0.41711003},
{"Node_id":9024,"weight":0.26711},
{"Node_id":9025,"weight":0.22049999},
{"Node_id":9026,"weight":0.31347},
{"Node_id":9027,"weight":0.14815},
{"Node_id":9028,"weight":0.1752},
{"Node_id":9029,"weight":0.30251998},
{"Node_id":9030,"weight":0.16368},
{"Node_id":9031,"weight":0.31963998},
{"Node_id":9032,"weight":0.20565},
{"Node_id":9033,"weight":0.19296},
{"Node_id":9034,"weight":0.18135999},
{"Node_id":9035,"weight":0.22242},
{"Node_id":9036,"weight":0.23571},
{"Node_id":9037,"weight":0.38038},
{"Node_id":9038,"weight":0.20938},
{"Node_id":9039,"weight":0.20745},
{"Node_id":9040,"weight":0.25123},
{"Node_id":9041,"weight":0.15786001},
{"Node_id":9042,"weight":0.1726},
{"Node_id":9043,"weight":0.14663},
{"Node_id":9044,"weight":0.26563},
{"Node_id":9045,"weight":0.14147},
{"Node_id":9046,"weight":0.29011},
{"Node_id":9047,"weight":0.52347004},
{"Node_id":9048,"weight":0.34094998},
{"Node_id":9049,"weight":0.34225},
{"Node_id":9050,"weight":0.18557},
{"Node_id":9051,"weight":0.26498002},
{"Node_id":9052,"weight":0.21134},
{"Node_id":9053,"weight":0.2366},
{"Node_id":9054,"weight":0.19395},
{"Node_id":9055,"weight":0.31859},
{"Node_id":9056,"weight":0.22907},
{"Node_id":9057,"weight":0.18337},
{"Node_id":9058,"weight":0.15652},
{"Node_id":9059,"weight":0.2543},
{"Node_id":9060,"weight":0.58061},
{"Node_id":9061,"weight":0.36969},
{"Node_id":9062,"weight":0.21774001},
{"Node_id":9063,"weight":0.14795001},
{"Node_id":9064,"weight":0.13944},
{"Node_id":9065,"weight":0.23222001},
{"Node_id":9066,"weight":0.18012},
{"Node_id":9067,"weight":0.52933},
{"Node_id":9068,"weight":0.33078998},
{"Node_id":9069,"weight":0.44278002},
{"Node_id":9070,"weight":0.15652},
{"Node_id":9071,"weight":0.25944},
{"Node_id":9072,"weight":0.20855999},
{"Node_id":9073,"weight":0.15029},
{"Node_id":9074,"weight":0.28750998},
{"Node_id":9075,"weight":0.15361},
{"Node_id":9076,"weight":0.32342},
{"Node_id":9077,"weight":0.19432},
{"Node_id":9078,"weight":0.1639},
{"Node_id":9081,"weight":0.57105},
{"Node_id":9083,"weight":0.21092999},
{"Node_id":9084,"weight":0.20019},
{"Node_id":9086,"weight":0.39124},
{"Node_id":9089,"weight":0.17841001},
{"Node_id":9093,"weight":0.25975},
{"Node_id":9096,"weight":0.21418},
{"Node_id":9098,"weight":0.19098},
{"Node_id":9101,"weight":0.14242001},
{"Node_id":9104,"weight":0.25913},
{"Node_id":9107,"weight":0.16822},
{"Node_id":9111,"weight":0.35004002},
{"Node_id":9114,"weight":0.14096001},
{"Node_id":9118,"weight":0.18834},
{"Node_id":9119,"weight":0.16657},
{"Node_id":9120,"weight":0.20918},
{"Node_id":9121,"weight":0.29257},
{"Node_id":9122,"weight":0.34323},
{"Node_id":9128,"weight":0.16258},
{"Node_id":9131,"weight":0.25913},
{"Node_id":9132,"weight":0.20154},
{"Node_id":9133,"weight":0.18755999},
{"Node_id":9161,"weight":0.15423},
{"Node_id":9168,"weight":0.25254},
{"Node_id":9169,"weight":0.18808},
{"Node_id":9176,"weight":0.28496},
{"Node_id":9177,"weight":0.18178001},
{"Node_id":9185,"weight":0.18153},
{"Node_id":9186,"weight":0.24302001},
{"Node_id":9188,"weight":0.22611001},
{"Node_id":9189,"weight":0.41982},
{"Node_id":9190,"weight":0.36392},
{"Node_id":9191,"weight":0.19727},
{"Node_id":9192,"weight":0.57413995},
{"Node_id":9193,"weight":0.30929},
{"Node_id":9194,"weight":0.23608999},
{"Node_id":9195,"weight":0.17113},
{"Node_id":9196,"weight":0.14268},
{"Node_id":9197,"weight":0.29896},
{"Node_id":9198,"weight":0.20938},
{"Node_id":9199,"weight":0.36718},
{"Node_id":9200,"weight":0.21124001},
{"Node_id":9201,"weight":0.25518999},
{"Node_id":9202,"weight":0.23445001},
{"Node_id":9203,"weight":0.15527001},
{"Node_id":9204,"weight":0.1752},
{"Node_id":9205,"weight":0.27658},
{"Node_id":9206,"weight":0.19241},
{"Node_id":9207,"weight":0.18506},
{"Node_id":9208,"weight":0.24951},
{"Node_id":9209,"weight":0.33168},
{"Node_id":9210,"weight":0.19368},
{"Node_id":9211,"weight":0.22599001},
{"Node_id":9212,"weight":0.18531999},
{"Node_id":9213,"weight":0.22379},
{"Node_id":9214,"weight":0.18379},
{"Node_id":9215,"weight":0.36718},
{"Node_id":9216,"weight":0.16317001},
{"Node_id":9217,"weight":0.37624},
{"Node_id":9218,"weight":0.15617},
{"Node_id":9219,"weight":0.18566},
{"Node_id":9220,"weight":0.18575},
{"Node_id":9221,"weight":0.16013},
{"Node_id":9223,"weight":0.32648},
{"Node_id":9225,"weight":0.25079998},
{"Node_id":9226,"weight":0.14198},
{"Node_id":9227,"weight":0.14474},
{"Node_id":9228,"weight":0.30229002},
{"Node_id":9229,"weight":0.29529},
{"Node_id":9230,"weight":0.20377},
{"Node_id":9231,"weight":0.15218},
{"Node_id":9234,"weight":0.20555},
{"Node_id":9236,"weight":0.18261},
{"Node_id":9237,"weight":0.2887},
{"Node_id":9239,"weight":0.17898001},
{"Node_id":9240,"weight":0.33999},
{"Node_id":9241,"weight":0.20545001},
{"Node_id":9243,"weight":0.20927998},
{"Node_id":9244,"weight":0.20105},
{"Node_id":9245,"weight":0.15582},
{"Node_id":9248,"weight":0.26466},
{"Node_id":9249,"weight":0.14134},
{"Node_id":9250,"weight":0.18186},
{"Node_id":9254,"weight":0.35922},
{"Node_id":9255,"weight":0.18371001},
{"Node_id":9256,"weight":0.25564},
{"Node_id":9259,"weight":0.14293},
{"Node_id":9261,"weight":0.22028},
{"Node_id":9262,"weight":0.32905},
{"Node_id":9263,"weight":0.37357},
{"Node_id":9266,"weight":0.16368},
{"Node_id":9267,"weight":0.19188},
{"Node_id":9269,"weight":0.50450003},
{"Node_id":9270,"weight":0.33168},
{"Node_id":9271,"weight":0.25356},
{"Node_id":9274,"weight":0.38817},
{"Node_id":9275,"weight":0.27839},
{"Node_id":9278,"weight":0.19395},
{"Node_id":9279,"weight":0.14915},
{"Node_id":9280,"weight":0.16936001},
{"Node_id":9283,"weight":0.33745998},
{"Node_id":9284,"weight":0.33871},
{"Node_id":9288,"weight":0.18843},
{"Node_id":9289,"weight":0.14500001},
{"Node_id":9290,"weight":0.22847},
{"Node_id":9293,"weight":0.14442},
{"Node_id":9294,"weight":0.29381},
{"Node_id":9299,"weight":0.19662},
{"Node_id":9300,"weight":0.16324},
{"Node_id":9301,"weight":0.17456},
{"Node_id":9304,"weight":0.16717},
{"Node_id":9305,"weight":0.15927},
{"Node_id":9311,"weight":0.31963998},
{"Node_id":9312,"weight":0.15068999},
{"Node_id":9313,"weight":0.22219},
{"Node_id":9316,"weight":0.23027},
{"Node_id":9317,"weight":0.34063},
{"Node_id":9327,"weight":0.15942},
{"Node_id":9329,"weight":0.24895},
{"Node_id":9336,"weight":0.14500001},
{"Node_id":9341,"weight":0.1656},
{"Node_id":9344,"weight":0.21503},
{"Node_id":9347,"weight":0.14703},
{"Node_id":9350,"weight":0.31148},
{"Node_id":9351,"weight":0.14045},
{"Node_id":9354,"weight":0.15715},
{"Node_id":9357,"weight":0.15771},
{"Node_id":9359,"weight":0.21092999},
{"Node_id":9362,"weight":0.32847},
{"Node_id":9365,"weight":0.18211},
{"Node_id":9367,"weight":0.18992},
{"Node_id":9371,"weight":0.15863},
{"Node_id":9374,"weight":0.14789},
{"Node_id":9376,"weight":0.15541},
{"Node_id":9381,"weight":0.23905},
{"Node_id":9384,"weight":0.22859001},
{"Node_id":9386,"weight":0.41002002},
{"Node_id":9390,"weight":0.14261},
{"Node_id":9391,"weight":0.1628},
{"Node_id":9392,"weight":0.16739},
{"Node_id":9394,"weight":0.16806999},
{"Node_id":9395,"weight":0.14591},
{"Node_id":9397,"weight":0.22344},
{"Node_id":9404,"weight":0.1854},
{"Node_id":9407,"weight":0.23027},
{"Node_id":9409,"weight":0.18617001},
{"Node_id":9414,"weight":0.25094},
{"Node_id":9417,"weight":0.28535},
{"Node_id":9420,"weight":0.15382001},
{"Node_id":9422,"weight":0.1812},
{"Node_id":9427,"weight":0.2401},
{"Node_id":9428,"weight":0.68113},
{"Node_id":9431,"weight":0.22265},
{"Node_id":9432,"weight":0.15450999},
{"Node_id":9434,"weight":0.25474},
{"Node_id":9436,"weight":0.14948},
{"Node_id":9441,"weight":0.43857998},
{"Node_id":9442,"weight":0.43614},
{"Node_id":9443,"weight":0.31807},
{"Node_id":9449,"weight":0.18128},
{"Node_id":9451,"weight":0.29174},
{"Node_id":9456,"weight":0.36352},
{"Node_id":9458,"weight":0.19395},
{"Node_id":9462,"weight":0.23710999},
{"Node_id":9463,"weight":0.40221},
{"Node_id":9465,"weight":0.41127},
{"Node_id":9467,"weight":0.20615001},
{"Node_id":9472,"weight":0.39549},
{"Node_id":9478,"weight":0.48330003},
{"Node_id":9479,"weight":0.15484999},
{"Node_id":9480,"weight":0.23063},
{"Node_id":9481,"weight":0.18957},
{"Node_id":9482,"weight":0.18044999},
{"Node_id":9483,"weight":0.31422},
{"Node_id":9484,"weight":0.41914},
{"Node_id":9485,"weight":0.43534002},
{"Node_id":9486,"weight":0.16302},
{"Node_id":9487,"weight":0.18738},
{"Node_id":9488,"weight":0.15245},
{"Node_id":9489,"weight":0.50294},
{"Node_id":9490,"weight":0.15807},
{"Node_id":9491,"weight":0.38716},
{"Node_id":9492,"weight":0.22907},
{"Node_id":9493,"weight":0.26612002},
{"Node_id":9494,"weight":0.22061},
{"Node_id":9495,"weight":0.15218},
{"Node_id":9496,"weight":0.22016999},
{"Node_id":9497,"weight":0.53771},
{"Node_id":9498,"weight":0.23918},
{"Node_id":9499,"weight":0.15326999},
{"Node_id":9500,"weight":0.15527001},
{"Node_id":9501,"weight":0.22448},
{"Node_id":9502,"weight":0.21752},
{"Node_id":9503,"weight":0.30953},
{"Node_id":9505,"weight":0.31651002},
{"Node_id":9506,"weight":0.168},
{"Node_id":9508,"weight":0.18103},
{"Node_id":9512,"weight":0.23458},
{"Node_id":9516,"weight":0.41778},
{"Node_id":9517,"weight":0.21155},
{"Node_id":9522,"weight":0.48457998},
{"Node_id":9523,"weight":0.27218002},
{"Node_id":9527,"weight":0.15828},
{"Node_id":9528,"weight":0.20685},
{"Node_id":9529,"weight":0.42051},
{"Node_id":9530,"weight":0.27218002},
{"Node_id":9534,"weight":0.29742998},
{"Node_id":9535,"weight":0.24155},
{"Node_id":9536,"weight":0.53343},
{"Node_id":9537,"weight":0.15416},
{"Node_id":9538,"weight":0.26861},
{"Node_id":9542,"weight":0.8517},
{"Node_id":9543,"weight":0.30095},
{"Node_id":9544,"weight":0.20416},
{"Node_id":9545,"weight":0.19838999},
{"Node_id":9546,"weight":0.15561},
{"Node_id":9547,"weight":0.17971},
{"Node_id":9551,"weight":0.2474},
{"Node_id":9552,"weight":0.17662999},
{"Node_id":9553,"weight":0.30857},
{"Node_id":9554,"weight":0.14921},
{"Node_id":9555,"weight":0.17671},
{"Node_id":9556,"weight":0.44024},
{"Node_id":9557,"weight":0.19652},
{"Node_id":9561,"weight":0.17097},
{"Node_id":9562,"weight":0.16142},
{"Node_id":9563,"weight":0.21972},
{"Node_id":9564,"weight":0.26678},
{"Node_id":9565,"weight":0.14026001},
{"Node_id":9566,"weight":0.22764},
{"Node_id":9567,"weight":0.2342},
{"Node_id":9569,"weight":0.23724},
{"Node_id":9571,"weight":0.21197},
{"Node_id":9572,"weight":0.15347001},
{"Node_id":9573,"weight":0.3279},
{"Node_id":9574,"weight":0.18515},
{"Node_id":9575,"weight":0.15177},
{"Node_id":9576,"weight":0.2401},
{"Node_id":9577,"weight":0.32205},
{"Node_id":9578,"weight":0.41254002},
{"Node_id":9583,"weight":0.15197},
{"Node_id":9584,"weight":0.17825},
{"Node_id":9585,"weight":0.32818002},
{"Node_id":9586,"weight":0.23853},
{"Node_id":9587,"weight":0.17074},
{"Node_id":9588,"weight":0.14299999},
{"Node_id":9590,"weight":0.31912},
{"Node_id":9594,"weight":0.17841001},
{"Node_id":9595,"weight":0.14422},
{"Node_id":9596,"weight":0.28191},
{"Node_id":9597,"weight":0.31833},
{"Node_id":9598,"weight":0.33168},
{"Node_id":9599,"weight":0.25066},
{"Node_id":9600,"weight":0.24881001},
{"Node_id":9602,"weight":0.16244},
{"Node_id":9603,"weight":0.19532},
{"Node_id":9607,"weight":0.13894},
{"Node_id":9608,"weight":0.15444},
{"Node_id":9609,"weight":0.22230001},
{"Node_id":9610,"weight":0.23222001},
{"Node_id":9611,"weight":0.33197},
{"Node_id":9612,"weight":0.22739999},
{"Node_id":9613,"weight":0.24356},
{"Node_id":9615,"weight":0.1822},
{"Node_id":9616,"weight":0.18583},
{"Node_id":9617,"weight":0.24221},
{"Node_id":9621,"weight":0.32314},
{"Node_id":9622,"weight":0.17151001},
{"Node_id":9623,"weight":0.27063},
{"Node_id":9624,"weight":0.39282},
{"Node_id":9625,"weight":0.19934},
{"Node_id":9626,"weight":0.14377001},
{"Node_id":9627,"weight":0.20836},
{"Node_id":9629,"weight":0.17089},
{"Node_id":9630,"weight":0.17276},
{"Node_id":9631,"weight":0.55429},
{"Node_id":9632,"weight":0.14371},
{"Node_id":9636,"weight":0.52159},
{"Node_id":9637,"weight":0.49989},
{"Node_id":9638,"weight":0.46052998},
{"Node_id":9639,"weight":0.1712},
{"Node_id":9640,"weight":0.15389},
{"Node_id":9641,"weight":0.54217},
{"Node_id":9642,"weight":0.17906},
{"Node_id":9644,"weight":0.17198},
{"Node_id":9645,"weight":0.15326999},
{"Node_id":9646,"weight":0.32619},
{"Node_id":9648,"weight":0.52347004},
{"Node_id":9649,"weight":0.19606},
{"Node_id":9650,"weight":0.17719},
{"Node_id":9651,"weight":0.14474},
{"Node_id":9652,"weight":0.24768},
{"Node_id":9662,"weight":0.18395999},
{"Node_id":9663,"weight":0.17417},
{"Node_id":9664,"weight":0.29808},
{"Node_id":9665,"weight":0.43534002},
{"Node_id":9666,"weight":0.22528999},
{"Node_id":9667,"weight":0.14128},
{"Node_id":9668,"weight":0.15992},
{"Node_id":9669,"weight":0.16762},
{"Node_id":9670,"weight":0.20211999},
{"Node_id":9671,"weight":0.30389},
{"Node_id":9672,"weight":0.33376998},
{"Node_id":9673,"weight":0.21577999},
{"Node_id":9674,"weight":0.25684},
{"Node_id":9675,"weight":0.31222},
{"Node_id":9676,"weight":0.40939003},
{"Node_id":9677,"weight":0.25913},
{"Node_id":9679,"weight":0.19792},
{"Node_id":9680,"weight":0.20948},
{"Node_id":9682,"weight":0.29113},
{"Node_id":9683,"weight":0.19699},
{"Node_id":9684,"weight":0.19953},
{"Node_id":9685,"weight":0.22196},
{"Node_id":9686,"weight":0.37401},
{"Node_id":9687,"weight":0.17639},
{"Node_id":9688,"weight":0.15265},
{"Node_id":9689,"weight":0.36038},
{"Node_id":9691,"weight":0.15963},
{"Node_id":9692,"weight":0.23111999},
{"Node_id":9693,"weight":0.31522998},
{"Node_id":9694,"weight":0.26433998},
{"Node_id":9695,"weight":0.23710999},
{"Node_id":9697,"weight":0.26194},
{"Node_id":9698,"weight":0.13995},
{"Node_id":9699,"weight":0.17401001},
{"Node_id":9700,"weight":0.29765},
{"Node_id":9701,"weight":0.20685},
{"Node_id":9702,"weight":0.14644},
{"Node_id":9704,"weight":0.16208},
{"Node_id":9705,"weight":0.139},
{"Node_id":9706,"weight":0.19597},
{"Node_id":9707,"weight":0.25836},
{"Node_id":9708,"weight":0.14019999},
{"Node_id":9709,"weight":0.21082},
{"Node_id":9710,"weight":0.55956995},
{"Node_id":9711,"weight":0.18515},
{"Node_id":9712,"weight":0.14928},
{"Node_id":9713,"weight":0.21343999},
{"Node_id":9714,"weight":0.24181001},
{"Node_id":9715,"weight":0.21884},
{"Node_id":9716,"weight":0.21},
{"Node_id":9718,"weight":0.26336998},
{"Node_id":9719,"weight":0.17447999},
{"Node_id":9720,"weight":0.16331},
{"Node_id":9721,"weight":0.20397},
{"Node_id":9722,"weight":0.17464},
{"Node_id":9723,"weight":0.19802001},
{"Node_id":9724,"weight":0.20269999},
{"Node_id":9725,"weight":0.15828},
{"Node_id":9726,"weight":0.14281},
{"Node_id":9727,"weight":0.21557},
{"Node_id":9728,"weight":0.17881},
{"Node_id":9734,"weight":0.16575},
{"Node_id":9737,"weight":0.32342},
{"Node_id":9738,"weight":0.2645},
{"Node_id":9739,"weight":0.1575},
{"Node_id":9740,"weight":0.21884},
{"Node_id":9741,"weight":0.33317},
{"Node_id":9742,"weight":0.15089001},
{"Node_id":9743,"weight":0.32044},
{"Node_id":9744,"weight":0.17005},
{"Node_id":9745,"weight":0.19505},
{"Node_id":9746,"weight":0.2658},
{"Node_id":9747,"weight":0.17703},
{"Node_id":9748,"weight":0.29257},
{"Node_id":9749,"weight":0.15368},
{"Node_id":9750,"weight":0.27445},
{"Node_id":9751,"weight":0.19962},
{"Node_id":9752,"weight":0.34094998},
{"Node_id":9753,"weight":0.14578},
{"Node_id":9754,"weight":0.23099999},
{"Node_id":9755,"weight":0.24951},
{"Node_id":9756,"weight":0.14468},
{"Node_id":9757,"weight":0.20231},
{"Node_id":9758,"weight":0.23445001},
{"Node_id":9759,"weight":0.49989},
{"Node_id":9760,"weight":0.14631},
{"Node_id":9761,"weight":0.55956995},
{"Node_id":9762,"weight":0.17503999},
{"Node_id":9763,"weight":0.15513},
{"Node_id":9764,"weight":0.15764001},
{"Node_id":9765,"weight":0.24049},
{"Node_id":9766,"weight":0.44896},
{"Node_id":9767,"weight":0.38567},
{"Node_id":9768,"weight":0.15708},
{"Node_id":9770,"weight":0.38616},
{"Node_id":9771,"weight":0.1513},
{"Node_id":9772,"weight":0.54447997},
{"Node_id":9774,"weight":0.14076999},
{"Node_id":9775,"weight":0.60725003},
{"Node_id":9776,"weight":0.16868},
{"Node_id":9777,"weight":0.14229},
{"Node_id":9778,"weight":0.29423},
{"Node_id":9779,"weight":0.17784},
{"Node_id":9780,"weight":0.20585},
{"Node_id":9781,"weight":0.18506},
{"Node_id":9782,"weight":0.19634},
{"Node_id":9783,"weight":0.1702},
{"Node_id":9784,"weight":0.19588},
{"Node_id":9785,"weight":0.42119998},
{"Node_id":9786,"weight":0.35325998},
{"Node_id":9787,"weight":0.32479998},
{"Node_id":9788,"weight":0.14526},
{"Node_id":9789,"weight":0.14565},
{"Node_id":9790,"weight":0.21092999},
{"Node_id":9791,"weight":0.49840003},
{"Node_id":9792,"weight":0.31075},
{"Node_id":9794,"weight":0.61637},
{"Node_id":9795,"weight":0.20241001},
{"Node_id":9796,"weight":0.19143},
{"Node_id":9797,"weight":0.23271},
{"Node_id":9798,"weight":0.29678},
{"Node_id":9799,"weight":0.22692999},
{"Node_id":9800,"weight":0.36352},
{"Node_id":9801,"weight":0.35253},
{"Node_id":9803,"weight":0.31549},
{"Node_id":9804,"weight":0.34623998},
{"Node_id":9806,"weight":0.3305},
{"Node_id":9807,"weight":0.29917},
{"Node_id":9808,"weight":0.15779},
{"Node_id":9809,"weight":0.21503},
{"Node_id":9810,"weight":0.1465},
{"Node_id":9811,"weight":0.19811},
{"Node_id":9812,"weight":0.14526},
{"Node_id":9813,"weight":0.15771},
{"Node_id":9814,"weight":0.18062},
{"Node_id":9815,"weight":0.20125},
{"Node_id":9816,"weight":0.57413995},
{"Node_id":9817,"weight":0.41318002},
{"Node_id":9818,"weight":0.25371},
{"Node_id":9819,"weight":0.21322998},
{"Node_id":9820,"weight":0.14223},
{"Node_id":9821,"weight":0.43857998},
{"Node_id":9822,"weight":0.44364},
{"Node_id":9823,"weight":0.14063999},
{"Node_id":9824,"weight":0.14533},
{"Node_id":9825,"weight":0.1513},
{"Node_id":9826,"weight":0.17036},
{"Node_id":9827,"weight":0.21217999},
{"Node_id":9828,"weight":0.44450998},
{"Node_id":9829,"weight":0.16538},
{"Node_id":9830,"weight":0.22185},
{"Node_id":9831,"weight":0.17535},
{"Node_id":9832,"weight":0.2102},
{"Node_id":9833,"weight":0.1397},
{"Node_id":9834,"weight":0.18851},
{"Node_id":9835,"weight":0.18379},
{"Node_id":9836,"weight":0.56515},
{"Node_id":9837,"weight":0.18992},
{"Node_id":9838,"weight":0.17939},
{"Node_id":9839,"weight":0.20125},
{"Node_id":9840,"weight":0.25594002},
{"Node_id":9841,"weight":0.17244},
{"Node_id":9842,"weight":0.36969},
{"Node_id":9843,"weight":0.31703},
{"Node_id":9844,"weight":0.15184},
{"Node_id":9845,"weight":0.13869},
{"Node_id":9846,"weight":0.21829},
{"Node_id":9847,"weight":0.28477},
{"Node_id":9848,"weight":0.16694},
{"Node_id":9849,"weight":0.3577},
{"Node_id":9850,"weight":0.2889},
{"Node_id":9851,"weight":0.2885},
{"Node_id":9852,"weight":0.15259},
{"Node_id":9853,"weight":0.38567},
{"Node_id":9854,"weight":0.33078998},
{"Node_id":9855,"weight":0.18354},
{"Node_id":9856,"weight":0.17736},
{"Node_id":9857,"weight":0.3714},
{"Node_id":9858,"weight":0.18371001},
{"Node_id":9859,"weight":0.29808},
{"Node_id":9860,"weight":0.29614002},
{"Node_id":9861,"weight":0.34934002},
{"Node_id":9862,"weight":0.13882},
{"Node_id":9863,"weight":0.17623},
{"Node_id":9864,"weight":0.23710999},
{"Node_id":9865,"weight":0.14313},
{"Node_id":9866,"weight":0.15527001},
{"Node_id":9867,"weight":0.22599001},
{"Node_id":9868,"weight":0.20029},
{"Node_id":9869,"weight":0.26596},
{"Node_id":9870,"weight":0.19359},
{"Node_id":9871,"weight":0.29381},
{"Node_id":9872,"weight":0.29174},
{"Node_id":9873,"weight":0.16171},
{"Node_id":9874,"weight":0.18103},
{"Node_id":9875,"weight":0.15334001},
{"Node_id":9876,"weight":0.2887},
{"Node_id":9877,"weight":0.18186},
{"Node_id":9878,"weight":0.19542},
{"Node_id":9884,"weight":0.15779},
{"Node_id":9886,"weight":0.22276},
{"Node_id":9887,"weight":0.50933},
{"Node_id":9888,"weight":0.23584001},
{"Node_id":9889,"weight":0.16785},
{"Node_id":9890,"weight":0.30006},
{"Node_id":9891,"weight":0.21785},
{"Node_id":9892,"weight":0.30786},
{"Node_id":9893,"weight":0.38275},
{"Node_id":9894,"weight":0.17881},
{"Node_id":9895,"weight":0.3055},
{"Node_id":9896,"weight":0.19662},
{"Node_id":9897,"weight":0.24670999},
{"Node_id":9898,"weight":0.32905},
{"Node_id":9899,"weight":0.1901},
{"Node_id":9900,"weight":0.19802001},
{"Node_id":9901,"weight":0.19802001},
{"Node_id":9902,"weight":0.78235996},
{"Node_id":9903,"weight":0.52734},
{"Node_id":9904,"weight":0.18021},
{"Node_id":9905,"weight":0.16913},
{"Node_id":9906,"weight":0.2645},
{"Node_id":9907,"weight":0.40163},
{"Node_id":9908,"weight":0.14915},
{"Node_id":9909,"weight":0.15347001},
{"Node_id":9910,"weight":0.26531},
{"Node_id":9911,"weight":0.22611001},
{"Node_id":9917,"weight":0.29508},
{"Node_id":9920,"weight":0.19624999},
{"Node_id":9921,"weight":0.34456},
{"Node_id":9924,"weight":0.14120999},
{"Node_id":9925,"weight":0.27569002},
{"Node_id":9926,"weight":0.51100004},
{"Node_id":9929,"weight":0.23309},
{"Node_id":9930,"weight":0.14468},
{"Node_id":9931,"weight":0.48588},
{"Node_id":9932,"weight":0.21217999},
{"Node_id":9935,"weight":0.25327},
{"Node_id":9936,"weight":0.15286},
{"Node_id":9937,"weight":0.21708},
{"Node_id":9938,"weight":0.17792},
{"Node_id":9939,"weight":0.15835},
{"Node_id":9942,"weight":0.20574999},
{"Node_id":9943,"weight":0.19662},
{"Node_id":9944,"weight":0.14249},
{"Node_id":9945,"weight":0.19071999},
{"Node_id":9946,"weight":0.18635},
{"Node_id":9947,"weight":0.27183002},
{"Node_id":9950,"weight":0.21665001},
{"Node_id":9951,"weight":0.23944},
{"Node_id":9952,"weight":0.18447},
{"Node_id":9953,"weight":0.61170995},
{"Node_id":9954,"weight":0.25564},
{"Node_id":9955,"weight":0.17662999},
{"Node_id":9956,"weight":0.19962},
{"Node_id":9960,"weight":0.20989001},
{"Node_id":9961,"weight":0.31222},
{"Node_id":9962,"weight":0.23736998},
{"Node_id":9964,"weight":0.36352},
{"Node_id":9965,"weight":0.52539},
{"Node_id":9966,"weight":0.28613},
{"Node_id":9969,"weight":0.26894},
{"Node_id":9970,"weight":0.16215},
{"Node_id":9971,"weight":0.21796},
{"Node_id":9972,"weight":0.26962},
{"Node_id":9973,"weight":0.22611001},
{"Node_id":9974,"weight":0.15368},
{"Node_id":9975,"weight":0.15211001},
{"Node_id":9976,"weight":0.1789},
{"Node_id":9977,"weight":0.22185},
{"Node_id":9980,"weight":0.16157},
{"Node_id":9981,"weight":0.40455},
{"Node_id":9982,"weight":0.29174},
{"Node_id":9983,"weight":0.24519},
{"Node_id":9984,"weight":0.35075},
{"Node_id":9985,"weight":0.15225},
{"Node_id":9986,"weight":0.19953},
{"Node_id":9987,"weight":0.2214},
{"Node_id":9988,"weight":0.21312001},
{"Node_id":9989,"weight":0.21568},
{"Node_id":9990,"weight":0.43453997},
{"Node_id":9991,"weight":0.28248},
{"Node_id":9994,"weight":0.24994},
{"Node_id":9995,"weight":0.17480001},
{"Node_id":9996,"weight":0.14855},
{"Node_id":9997,"weight":0.2764},
{"Node_id":9998,"weight":0.18721},
{"Node_id":9999,"weight":0.24491999},
{"Node_id":10000,"weight":0.18904},
{"Node_id":10001,"weight":0.19782999},
{"Node_id":10002,"weight":0.16508},
{"Node_id":10003,"weight":0.21302},
{"Node_id":10004,"weight":0.24356},
{"Node_id":10005,"weight":0.20897},
{"Node_id":10006,"weight":0.31322},
{"Node_id":10007,"weight":0.1956},
{"Node_id":10008,"weight":0.45362002},
{"Node_id":10009,"weight":0.28574},
{"Node_id":10010,"weight":0.1925},
{"Node_id":10011,"weight":0.32314},
{"Node_id":10012,"weight":0.46052998},
{"Node_id":10013,"weight":0.27839},
{"Node_id":10014,"weight":0.15177},
{"Node_id":10015,"weight":0.14140001},
{"Node_id":10016,"weight":0.17496},
{"Node_id":10017,"weight":0.20318},
{"Node_id":10018,"weight":0.32424},
{"Node_id":10019,"weight":0.18755999},
{"Node_id":10021,"weight":0.15534},
{"Node_id":10022,"weight":0.20806},
{"Node_id":10047,"weight":0.24656999},
{"Node_id":10054,"weight":0.17671},
{"Node_id":10062,"weight":0.15068999},
{"Node_id":10071,"weight":0.18455},
{"Node_id":10074,"weight":0.14442},
{"Node_id":10077,"weight":0.25518999},
{"Node_id":10078,"weight":0.16346},
{"Node_id":10079,"weight":0.28343},
{"Node_id":10081,"weight":0.8517},
{"Node_id":10084,"weight":0.16508},
{"Node_id":10087,"weight":0.25371},
{"Node_id":10088,"weight":0.14140001},
{"Node_id":10089,"weight":0.24643},
{"Node_id":10090,"weight":0.18278},
{"Node_id":10091,"weight":0.25867},
{"Node_id":10092,"weight":0.32992},
{"Node_id":10093,"weight":0.25137},
{"Node_id":10094,"weight":0.15700999},
{"Node_id":10095,"weight":0.44191998},
{"Node_id":10096,"weight":0.14287},
{"Node_id":10097,"weight":0.25836},
{"Node_id":10098,"weight":0.14422},
{"Node_id":10099,"weight":0.24712},
{"Node_id":10100,"weight":0.36154002},
{"Node_id":10101,"weight":0.14749},
{"Node_id":10102,"weight":0.21545999},
{"Node_id":10103,"weight":0.2727},
{"Node_id":10104,"weight":0.28750998},
{"Node_id":10105,"weight":0.39604002},
{"Node_id":10106,"weight":0.22704999},
{"Node_id":10107,"weight":0.36352},
{"Node_id":10108,"weight":0.17662999},
{"Node_id":10109,"weight":0.17082},
{"Node_id":10110,"weight":0.18515},
{"Node_id":10111,"weight":0.34865},
{"Node_id":10112,"weight":0.16027},
{"Node_id":10113,"weight":0.34865},
{"Node_id":10114,"weight":0.19026999},
{"Node_id":10115,"weight":0.30620998},
{"Node_id":10116,"weight":0.16092},
{"Node_id":10117,"weight":0.20897},
{"Node_id":10118,"weight":0.18128},
{"Node_id":10119,"weight":0.14461},
{"Node_id":10120,"weight":0.20446},
{"Node_id":10121,"weight":0.25821},
{"Node_id":10122,"weight":0.34761},
{"Node_id":10123,"weight":0.15062},
{"Node_id":10124,"weight":0.20989001},
{"Node_id":10125,"weight":0.23787999},
{"Node_id":10126,"weight":0.15484999},
{"Node_id":10127,"weight":0.44108},
{"Node_id":10128,"weight":0.16950999},
{"Node_id":10129,"weight":0.18270001},
{"Node_id":10130,"weight":0.14384},
{"Node_id":10131,"weight":0.27551},
{"Node_id":10132,"weight":0.17409},
{"Node_id":10133,"weight":0.21333},
{"Node_id":10134,"weight":0.19634},
{"Node_id":10135,"weight":0.27604002},
{"Node_id":10136,"weight":0.15779},
{"Node_id":10137,"weight":0.41382998},
{"Node_id":10138,"weight":0.14565},
{"Node_id":10139,"weight":0.36233002},
{"Node_id":10140,"weight":0.17599},
{"Node_id":10141,"weight":0.25806},
{"Node_id":10142,"weight":0.14096001},
{"Node_id":10143,"weight":0.39072},
{"Node_id":10144,"weight":0.18211},
{"Node_id":10145,"weight":0.25312},
{"Node_id":10146,"weight":0.29657},
{"Node_id":10147,"weight":0.26514},
{"Node_id":10148,"weight":0.14229},
{"Node_id":10149,"weight":0.27132002},
{"Node_id":10150,"weight":0.18404},
{"Node_id":10151,"weight":0.19332},
{"Node_id":10152,"weight":0.41189998},
{"Node_id":10153,"weight":0.24937001},
{"Node_id":10154,"weight":0.39992002},
{"Node_id":10155,"weight":0.19268},
{"Node_id":10156,"weight":0.14351},
{"Node_id":10157,"weight":0.15361},
{"Node_id":10158,"weight":0.16501},
{"Node_id":10159,"weight":0.19001},
{"Node_id":10160,"weight":0.37401},
{"Node_id":10161,"weight":0.14293},
{"Node_id":10162,"weight":0.21961},
{"Node_id":10163,"weight":0.27876002},
{"Node_id":10166,"weight":0.13995},
{"Node_id":10170,"weight":0.25283},
{"Node_id":10175,"weight":0.18161},
{"Node_id":10181,"weight":0.01294},
{"Node_id":10182,"weight":0.12720999},
{"Node_id":10183,"weight":0.32676},
{"Node_id":10184,"weight":0.0036},
{"Node_id":10185,"weight":0.28691},
{"Node_id":10190,"weight":0.27046},
{"Node_id":10193,"weight":0.162},
{"Node_id":10195,"weight":0.06955},
{"Node_id":10196,"weight":0.25166},
{"Node_id":10197,"weight":0.54447997},
{"Node_id":10199,"weight":0.06239},
{"Node_id":10203,"weight":0.19569},
{"Node_id":10204,"weight":0.16822},
{"Node_id":10209,"weight":0.20755},
{"Node_id":10211,"weight":0.04084},
{"Node_id":10212,"weight":0.23185},
{"Node_id":18796,"weight":0.24712},
{"Node_id":18800,"weight":0.124479994},
{"Node_id":18801,"weight":0.00853},
{"Node_id":18802,"weight":0.07598},
{"Node_id":18804,"weight":0.2498},
{"Node_id":18805,"weight":0.18270001},
{"Node_id":18807,"weight":0.19377},
{"Node_id":18812,"weight":0.40878},
{"Node_id":18815,"weight":0.21741},
{"Node_id":18816,"weight":0.06803},
{"Node_id":18819,"weight":0.37011},
{"Node_id":18820,"weight":0.07829},
{"Node_id":18821,"weight":0.11931},
{"Node_id":18822,"weight":0.05702},
{"Node_id":18823,"weight":0.12027},
{"Node_id":18825,"weight":0.48588},
{"Node_id":18828,"weight":0.02258},
{"Node_id":18829,"weight":0.17089},
{"Node_id":18831,"weight":0.02302},
{"Node_id":18832,"weight":0.34289998},
{"Node_id":18833,"weight":0.20377},
{"Node_id":18834,"weight":0.034369998},
{"Node_id":18835,"weight":0.022939999},
{"Node_id":18838,"weight":0.09579},
{"Node_id":18842,"weight":0.16128},
{"Node_id":18844,"weight":0.48988},
{"Node_id":18845,"weight":0.17535},
{"Node_id":18846,"weight":0.06678},
{"Node_id":18847,"weight":0.10465},
{"Node_id":18868,"weight":0.11859},
{"Node_id":18869,"weight":0.16973999},
{"Node_id":18871,"weight":0.031740002},
{"Node_id":18875,"weight":0.09346},
{"Node_id":18876,"weight":0.25195},
{"Node_id":18877,"weight":0.109969996},
{"Node_id":18879,"weight":0.032929998},
{"Node_id":18883,"weight":0.11698},
{"Node_id":18884,"weight":0.03756},
{"Node_id":18886,"weight":0.05849},
{"Node_id":18888,"weight":0.00532},
{"Node_id":18889,"weight":0.3818},
{"Node_id":18890,"weight":0.024079999},
{"Node_id":18892,"weight":0.09982},
{"Node_id":18893,"weight":0.04608},
{"Node_id":18894,"weight":0.02884},
{"Node_id":18895,"weight":0.15437},
{"Node_id":18898,"weight":0.09714},
{"Node_id":18901,"weight":0.02745},
{"Node_id":18903,"weight":0.01141},
{"Node_id":18905,"weight":0.04879},
{"Node_id":18908,"weight":0.01322},
{"Node_id":19011,"weight":0.18379},
{"Node_id":19034,"weight":0.04507},
{"Node_id":19109,"weight":0.109749995}]